#! /Users/chimdileeze/.apio/packages/tools-oss-cad-suite/bin/vvp
:ivl_version "13.0 (devel)" "(s20221226-321-gd22bb3d25)";
:ivl_delay_selection "TYPICAL";
:vpi_time_precision - 12;
:vpi_module "/Users/chimdileeze/.apio/packages/tools-oss-cad-suite/lib/ivl/system.vpi";
:vpi_module "/Users/chimdileeze/.apio/packages/tools-oss-cad-suite/lib/ivl/vhdl_sys.vpi";
:vpi_module "/Users/chimdileeze/.apio/packages/tools-oss-cad-suite/lib/ivl/vhdl_textio.vpi";
:vpi_module "/Users/chimdileeze/.apio/packages/tools-oss-cad-suite/lib/ivl/v2005_math.vpi";
:vpi_module "/Users/chimdileeze/.apio/packages/tools-oss-cad-suite/lib/ivl/va_math.vpi";
S_0x7f925d60b3d0 .scope module, "ICESTORM_LC" "ICESTORM_LC" 2 2136;
 .timescale -12 -12;
    .port_info 0 /INPUT 1 "I0";
    .port_info 1 /INPUT 1 "I1";
    .port_info 2 /INPUT 1 "I2";
    .port_info 3 /INPUT 1 "I3";
    .port_info 4 /INPUT 1 "CIN";
    .port_info 5 /INPUT 1 "CLK";
    .port_info 6 /INPUT 1 "CEN";
    .port_info 7 /INPUT 1 "SR";
    .port_info 8 /OUTPUT 1 "LO";
    .port_info 9 /OUTPUT 1 "O";
    .port_info 10 /OUTPUT 1 "COUT";
P_0x7f925d616050 .param/l "ASYNC_SR" 0 2 2148, C4<0>;
P_0x7f925d616090 .param/l "CARRY_ENABLE" 0 2 2145, C4<0>;
P_0x7f925d6160d0 .param/l "CIN_CONST" 0 2 2150, C4<0>;
P_0x7f925d616110 .param/l "CIN_SET" 0 2 2151, C4<0>;
P_0x7f925d616150 .param/l "DFF_ENABLE" 0 2 2146, C4<0>;
P_0x7f925d616190 .param/l "LUT_INIT" 0 2 2142, C4<0000000000000000>;
P_0x7f925d6161d0 .param/l "NEG_CLK" 0 2 2144, C4<0>;
P_0x7f925d616210 .param/l "SET_NORESET" 0 2 2147, C4<0>;
o0x7f925d742068 .functor BUFZ 1, C4<z>; HiZ drive
L_0x7f925d668680 .functor BUFZ 1, o0x7f925d742068, C4<0>, C4<0>, C4<0>;
L_0x7f925d669200 .functor BUFZ 1, L_0x7f925d668eb0, C4<0>, C4<0>, C4<0>;
o0x7f925d742098 .functor BUFZ 1, C4<z>; HiZ drive
L_0x7f925d773290 .functor BUFT 1, C4<0>, C4<0>, C4<0>, C4<0>;
L_0x7f925d6692b0 .functor XOR 1, o0x7f925d742098, L_0x7f925d773290, C4<0>, C4<0>;
L_0x7f925d669360 .functor BUFZ 1, L_0x7f925d668eb0, C4<0>, C4<0>, C4<0>;
o0x7f925d742008 .functor BUFZ 1, C4<z>; HiZ drive
v0x7f925d627990_0 .net "CEN", 0 0, o0x7f925d742008;  0 drivers
v0x7f925d6374e0_0 .net "CEN_pu", 0 0, L_0x7f925d668520;  1 drivers
v0x7f925d637580_0 .net "CIN", 0 0, o0x7f925d742068;  0 drivers
v0x7f925d637610_0 .net "CLK", 0 0, o0x7f925d742098;  0 drivers
L_0x7f925d7731b8 .functor BUFT 1, C4<x>, C4<0>, C4<0>, C4<0>;
v0x7f925d6376b0_0 .net "COUT", 0 0, L_0x7f925d7731b8;  1 drivers
o0x7f925d7420f8 .functor BUFZ 1, C4<z>; HiZ drive
v0x7f925d637790_0 .net "I0", 0 0, o0x7f925d7420f8;  0 drivers
v0x7f925d637830_0 .net "I0_pd", 0 0, L_0x7f925d667900;  1 drivers
o0x7f925d742158 .functor BUFZ 1, C4<z>; HiZ drive
v0x7f925d6378d0_0 .net "I1", 0 0, o0x7f925d742158;  0 drivers
v0x7f925d637970_0 .net "I1_pd", 0 0, L_0x7f925d667b40;  1 drivers
o0x7f925d7421b8 .functor BUFZ 1, C4<z>; HiZ drive
v0x7f925d637a80_0 .net "I2", 0 0, o0x7f925d7421b8;  0 drivers
v0x7f925d637b10_0 .net "I2_pd", 0 0, L_0x7f925d667db0;  1 drivers
o0x7f925d742218 .functor BUFZ 1, C4<z>; HiZ drive
v0x7f925d637bb0_0 .net "I3", 0 0, o0x7f925d742218;  0 drivers
v0x7f925d637c50_0 .net "I3_pd", 0 0, L_0x7f925d668030;  1 drivers
v0x7f925d637cf0_0 .net "LO", 0 0, L_0x7f925d669200;  1 drivers
v0x7f925d637d90_0 .net "O", 0 0, L_0x7f925d669360;  1 drivers
o0x7f925d7422d8 .functor BUFZ 1, C4<z>; HiZ drive
v0x7f925d637e30_0 .net "SR", 0 0, o0x7f925d7422d8;  0 drivers
v0x7f925d637ed0_0 .net "SR_pd", 0 0, L_0x7f925d6682a0;  1 drivers
o0x7f925d742338 .functor BUFZ 1, C4<z>; HiZ drive
; Elide local net with no drivers, v0x7f925d638060_0 name=_ivl_0
v0x7f925d6380f0_0 .net *"_ivl_10", 0 0, L_0x7f925d667a80;  1 drivers
L_0x7f925d773050 .functor BUFT 1, C4<0>, C4<0>, C4<0>, C4<0>;
v0x7f925d638180_0 .net/2u *"_ivl_12", 0 0, L_0x7f925d773050;  1 drivers
o0x7f925d7423c8 .functor BUFZ 1, C4<z>; HiZ drive
; Elide local net with no drivers, v0x7f925d638230_0 name=_ivl_16
v0x7f925d6382e0_0 .net *"_ivl_18", 0 0, L_0x7f925d667cc0;  1 drivers
v0x7f925d638380_0 .net *"_ivl_2", 0 0, L_0x7f925d667840;  1 drivers
L_0x7f925d773098 .functor BUFT 1, C4<0>, C4<0>, C4<0>, C4<0>;
v0x7f925d638420_0 .net/2u *"_ivl_20", 0 0, L_0x7f925d773098;  1 drivers
o0x7f925d742488 .functor BUFZ 1, C4<z>; HiZ drive
; Elide local net with no drivers, v0x7f925d6384d0_0 name=_ivl_24
v0x7f925d638580_0 .net *"_ivl_26", 0 0, L_0x7f925d667f30;  1 drivers
L_0x7f925d7730e0 .functor BUFT 1, C4<0>, C4<0>, C4<0>, C4<0>;
v0x7f925d638620_0 .net/2u *"_ivl_28", 0 0, L_0x7f925d7730e0;  1 drivers
o0x7f925d742518 .functor BUFZ 1, C4<z>; HiZ drive
; Elide local net with no drivers, v0x7f925d6386d0_0 name=_ivl_32
v0x7f925d638780_0 .net *"_ivl_34", 0 0, L_0x7f925d668190;  1 drivers
L_0x7f925d773128 .functor BUFT 1, C4<0>, C4<0>, C4<0>, C4<0>;
v0x7f925d638820_0 .net/2u *"_ivl_36", 0 0, L_0x7f925d773128;  1 drivers
L_0x7f925d773008 .functor BUFT 1, C4<0>, C4<0>, C4<0>, C4<0>;
v0x7f925d6388d0_0 .net/2u *"_ivl_4", 0 0, L_0x7f925d773008;  1 drivers
o0x7f925d7425d8 .functor BUFZ 1, C4<z>; HiZ drive
; Elide local net with no drivers, v0x7f925d638980_0 name=_ivl_40
v0x7f925d638a30_0 .net *"_ivl_42", 0 0, L_0x7f925d668400;  1 drivers
L_0x7f925d773170 .functor BUFT 1, C4<1>, C4<0>, C4<0>, C4<0>;
v0x7f925d637f70_0 .net/2u *"_ivl_44", 0 0, L_0x7f925d773170;  1 drivers
L_0x7f925d773200 .functor BUFT 1, C4<00000000>, C4<0>, C4<0>, C4<0>;
v0x7f925d638cc0_0 .net/2u *"_ivl_52", 7 0, L_0x7f925d773200;  1 drivers
L_0x7f925d773248 .functor BUFT 1, C4<00000000>, C4<0>, C4<0>, C4<0>;
v0x7f925d638d50_0 .net/2u *"_ivl_54", 7 0, L_0x7f925d773248;  1 drivers
v0x7f925d638de0_0 .net *"_ivl_59", 3 0, L_0x7f925d668920;  1 drivers
v0x7f925d638e90_0 .net *"_ivl_61", 3 0, L_0x7f925d668a00;  1 drivers
v0x7f925d638f40_0 .net *"_ivl_65", 1 0, L_0x7f925d668c40;  1 drivers
v0x7f925d638ff0_0 .net *"_ivl_67", 1 0, L_0x7f925d668d70;  1 drivers
v0x7f925d6390a0_0 .net *"_ivl_71", 0 0, L_0x7f925d668f50;  1 drivers
v0x7f925d639150_0 .net *"_ivl_73", 0 0, L_0x7f925d668ff0;  1 drivers
v0x7f925d639200_0 .net/2u *"_ivl_78", 0 0, L_0x7f925d773290;  1 drivers
o0x7f925d742818 .functor BUFZ 1, C4<z>; HiZ drive
; Elide local net with no drivers, v0x7f925d6392b0_0 name=_ivl_8
v0x7f925d639360_0 .net "lut_o", 0 0, L_0x7f925d668eb0;  1 drivers
v0x7f925d639400_0 .net "lut_s1", 1 0, L_0x7f925d668e10;  1 drivers
v0x7f925d6394b0_0 .net "lut_s2", 3 0, L_0x7f925d668b20;  1 drivers
v0x7f925d639560_0 .net "lut_s3", 7 0, L_0x7f925d668790;  1 drivers
v0x7f925d639610_0 .net "mux_cin", 0 0, L_0x7f925d668680;  1 drivers
v0x7f925d6396b0_0 .var "o_reg", 0 0;
v0x7f925d639750_0 .var "o_reg_async", 0 0;
v0x7f925d6397f0_0 .net "polarized_clk", 0 0, L_0x7f925d6692b0;  1 drivers
E_0x7f925d614d80 .event posedge, v0x7f925d637ed0_0, v0x7f925d6397f0_0;
E_0x7f925d614a60 .event posedge, v0x7f925d6397f0_0;
L_0x7f925d667840 .cmp/eeq 1, o0x7f925d7420f8, o0x7f925d742338;
L_0x7f925d667900 .functor MUXZ 1, o0x7f925d7420f8, L_0x7f925d773008, L_0x7f925d667840, C4<>;
L_0x7f925d667a80 .cmp/eeq 1, o0x7f925d742158, o0x7f925d742818;
L_0x7f925d667b40 .functor MUXZ 1, o0x7f925d742158, L_0x7f925d773050, L_0x7f925d667a80, C4<>;
L_0x7f925d667cc0 .cmp/eeq 1, o0x7f925d7421b8, o0x7f925d7423c8;
L_0x7f925d667db0 .functor MUXZ 1, o0x7f925d7421b8, L_0x7f925d773098, L_0x7f925d667cc0, C4<>;
L_0x7f925d667f30 .cmp/eeq 1, o0x7f925d742218, o0x7f925d742488;
L_0x7f925d668030 .functor MUXZ 1, o0x7f925d742218, L_0x7f925d7730e0, L_0x7f925d667f30, C4<>;
L_0x7f925d668190 .cmp/eeq 1, o0x7f925d7422d8, o0x7f925d742518;
L_0x7f925d6682a0 .functor MUXZ 1, o0x7f925d7422d8, L_0x7f925d773128, L_0x7f925d668190, C4<>;
L_0x7f925d668400 .cmp/eeq 1, o0x7f925d742008, o0x7f925d7425d8;
L_0x7f925d668520 .functor MUXZ 1, o0x7f925d742008, L_0x7f925d773170, L_0x7f925d668400, C4<>;
L_0x7f925d668790 .functor MUXZ 8, L_0x7f925d773248, L_0x7f925d773200, L_0x7f925d668030, C4<>;
L_0x7f925d668920 .part L_0x7f925d668790, 4, 4;
L_0x7f925d668a00 .part L_0x7f925d668790, 0, 4;
L_0x7f925d668b20 .functor MUXZ 4, L_0x7f925d668a00, L_0x7f925d668920, L_0x7f925d667db0, C4<>;
L_0x7f925d668c40 .part L_0x7f925d668b20, 2, 2;
L_0x7f925d668d70 .part L_0x7f925d668b20, 0, 2;
L_0x7f925d668e10 .functor MUXZ 2, L_0x7f925d668d70, L_0x7f925d668c40, L_0x7f925d667b40, C4<>;
L_0x7f925d668f50 .part L_0x7f925d668e10, 1, 1;
L_0x7f925d668ff0 .part L_0x7f925d668e10, 0, 1;
L_0x7f925d668eb0 .functor MUXZ 1, L_0x7f925d668ff0, L_0x7f925d668f50, L_0x7f925d667900, C4<>;
S_0x7f925d616510 .scope module, "ICESTORM_RAM" "ICESTORM_RAM" 2 3167;
 .timescale -12 -12;
    .port_info 0 /OUTPUT 1 "RDATA_15";
    .port_info 1 /OUTPUT 1 "RDATA_14";
    .port_info 2 /OUTPUT 1 "RDATA_13";
    .port_info 3 /OUTPUT 1 "RDATA_12";
    .port_info 4 /OUTPUT 1 "RDATA_11";
    .port_info 5 /OUTPUT 1 "RDATA_10";
    .port_info 6 /OUTPUT 1 "RDATA_9";
    .port_info 7 /OUTPUT 1 "RDATA_8";
    .port_info 8 /OUTPUT 1 "RDATA_7";
    .port_info 9 /OUTPUT 1 "RDATA_6";
    .port_info 10 /OUTPUT 1 "RDATA_5";
    .port_info 11 /OUTPUT 1 "RDATA_4";
    .port_info 12 /OUTPUT 1 "RDATA_3";
    .port_info 13 /OUTPUT 1 "RDATA_2";
    .port_info 14 /OUTPUT 1 "RDATA_1";
    .port_info 15 /OUTPUT 1 "RDATA_0";
    .port_info 16 /INPUT 1 "RCLK";
    .port_info 17 /INPUT 1 "RCLKE";
    .port_info 18 /INPUT 1 "RE";
    .port_info 19 /INPUT 1 "RADDR_10";
    .port_info 20 /INPUT 1 "RADDR_9";
    .port_info 21 /INPUT 1 "RADDR_8";
    .port_info 22 /INPUT 1 "RADDR_7";
    .port_info 23 /INPUT 1 "RADDR_6";
    .port_info 24 /INPUT 1 "RADDR_5";
    .port_info 25 /INPUT 1 "RADDR_4";
    .port_info 26 /INPUT 1 "RADDR_3";
    .port_info 27 /INPUT 1 "RADDR_2";
    .port_info 28 /INPUT 1 "RADDR_1";
    .port_info 29 /INPUT 1 "RADDR_0";
    .port_info 30 /INPUT 1 "WCLK";
    .port_info 31 /INPUT 1 "WCLKE";
    .port_info 32 /INPUT 1 "WE";
    .port_info 33 /INPUT 1 "WADDR_10";
    .port_info 34 /INPUT 1 "WADDR_9";
    .port_info 35 /INPUT 1 "WADDR_8";
    .port_info 36 /INPUT 1 "WADDR_7";
    .port_info 37 /INPUT 1 "WADDR_6";
    .port_info 38 /INPUT 1 "WADDR_5";
    .port_info 39 /INPUT 1 "WADDR_4";
    .port_info 40 /INPUT 1 "WADDR_3";
    .port_info 41 /INPUT 1 "WADDR_2";
    .port_info 42 /INPUT 1 "WADDR_1";
    .port_info 43 /INPUT 1 "WADDR_0";
    .port_info 44 /INPUT 1 "MASK_15";
    .port_info 45 /INPUT 1 "MASK_14";
    .port_info 46 /INPUT 1 "MASK_13";
    .port_info 47 /INPUT 1 "MASK_12";
    .port_info 48 /INPUT 1 "MASK_11";
    .port_info 49 /INPUT 1 "MASK_10";
    .port_info 50 /INPUT 1 "MASK_9";
    .port_info 51 /INPUT 1 "MASK_8";
    .port_info 52 /INPUT 1 "MASK_7";
    .port_info 53 /INPUT 1 "MASK_6";
    .port_info 54 /INPUT 1 "MASK_5";
    .port_info 55 /INPUT 1 "MASK_4";
    .port_info 56 /INPUT 1 "MASK_3";
    .port_info 57 /INPUT 1 "MASK_2";
    .port_info 58 /INPUT 1 "MASK_1";
    .port_info 59 /INPUT 1 "MASK_0";
    .port_info 60 /INPUT 1 "WDATA_15";
    .port_info 61 /INPUT 1 "WDATA_14";
    .port_info 62 /INPUT 1 "WDATA_13";
    .port_info 63 /INPUT 1 "WDATA_12";
    .port_info 64 /INPUT 1 "WDATA_11";
    .port_info 65 /INPUT 1 "WDATA_10";
    .port_info 66 /INPUT 1 "WDATA_9";
    .port_info 67 /INPUT 1 "WDATA_8";
    .port_info 68 /INPUT 1 "WDATA_7";
    .port_info 69 /INPUT 1 "WDATA_6";
    .port_info 70 /INPUT 1 "WDATA_5";
    .port_info 71 /INPUT 1 "WDATA_4";
    .port_info 72 /INPUT 1 "WDATA_3";
    .port_info 73 /INPUT 1 "WDATA_2";
    .port_info 74 /INPUT 1 "WDATA_1";
    .port_info 75 /INPUT 1 "WDATA_0";
P_0x7f925e80a200 .param/l "INIT_0" 0 2 3182, C4<0000000000000000000000000000000000000000000000000000000000000000000000000000000000000000000000000000000000000000000000000000000000000000000000000000000000000000000000000000000000000000000000000000000000000000000000000000000000000000000000000000000000000000>;
P_0x7f925e80a240 .param/l "INIT_1" 0 2 3183, C4<0000000000000000000000000000000000000000000000000000000000000000000000000000000000000000000000000000000000000000000000000000000000000000000000000000000000000000000000000000000000000000000000000000000000000000000000000000000000000000000000000000000000000000>;
P_0x7f925e80a280 .param/l "INIT_2" 0 2 3184, C4<0000000000000000000000000000000000000000000000000000000000000000000000000000000000000000000000000000000000000000000000000000000000000000000000000000000000000000000000000000000000000000000000000000000000000000000000000000000000000000000000000000000000000000>;
P_0x7f925e80a2c0 .param/l "INIT_3" 0 2 3185, C4<0000000000000000000000000000000000000000000000000000000000000000000000000000000000000000000000000000000000000000000000000000000000000000000000000000000000000000000000000000000000000000000000000000000000000000000000000000000000000000000000000000000000000000>;
P_0x7f925e80a300 .param/l "INIT_4" 0 2 3186, C4<0000000000000000000000000000000000000000000000000000000000000000000000000000000000000000000000000000000000000000000000000000000000000000000000000000000000000000000000000000000000000000000000000000000000000000000000000000000000000000000000000000000000000000>;
P_0x7f925e80a340 .param/l "INIT_5" 0 2 3187, C4<0000000000000000000000000000000000000000000000000000000000000000000000000000000000000000000000000000000000000000000000000000000000000000000000000000000000000000000000000000000000000000000000000000000000000000000000000000000000000000000000000000000000000000>;
P_0x7f925e80a380 .param/l "INIT_6" 0 2 3188, C4<0000000000000000000000000000000000000000000000000000000000000000000000000000000000000000000000000000000000000000000000000000000000000000000000000000000000000000000000000000000000000000000000000000000000000000000000000000000000000000000000000000000000000000>;
P_0x7f925e80a3c0 .param/l "INIT_7" 0 2 3189, C4<0000000000000000000000000000000000000000000000000000000000000000000000000000000000000000000000000000000000000000000000000000000000000000000000000000000000000000000000000000000000000000000000000000000000000000000000000000000000000000000000000000000000000000>;
P_0x7f925e80a400 .param/l "INIT_8" 0 2 3190, C4<0000000000000000000000000000000000000000000000000000000000000000000000000000000000000000000000000000000000000000000000000000000000000000000000000000000000000000000000000000000000000000000000000000000000000000000000000000000000000000000000000000000000000000>;
P_0x7f925e80a440 .param/l "INIT_9" 0 2 3191, C4<0000000000000000000000000000000000000000000000000000000000000000000000000000000000000000000000000000000000000000000000000000000000000000000000000000000000000000000000000000000000000000000000000000000000000000000000000000000000000000000000000000000000000000>;
P_0x7f925e80a480 .param/l "INIT_A" 0 2 3192, C4<0000000000000000000000000000000000000000000000000000000000000000000000000000000000000000000000000000000000000000000000000000000000000000000000000000000000000000000000000000000000000000000000000000000000000000000000000000000000000000000000000000000000000000>;
P_0x7f925e80a4c0 .param/l "INIT_B" 0 2 3193, C4<0000000000000000000000000000000000000000000000000000000000000000000000000000000000000000000000000000000000000000000000000000000000000000000000000000000000000000000000000000000000000000000000000000000000000000000000000000000000000000000000000000000000000000>;
P_0x7f925e80a500 .param/l "INIT_C" 0 2 3194, C4<0000000000000000000000000000000000000000000000000000000000000000000000000000000000000000000000000000000000000000000000000000000000000000000000000000000000000000000000000000000000000000000000000000000000000000000000000000000000000000000000000000000000000000>;
P_0x7f925e80a540 .param/l "INIT_D" 0 2 3195, C4<0000000000000000000000000000000000000000000000000000000000000000000000000000000000000000000000000000000000000000000000000000000000000000000000000000000000000000000000000000000000000000000000000000000000000000000000000000000000000000000000000000000000000000>;
P_0x7f925e80a580 .param/l "INIT_E" 0 2 3196, C4<0000000000000000000000000000000000000000000000000000000000000000000000000000000000000000000000000000000000000000000000000000000000000000000000000000000000000000000000000000000000000000000000000000000000000000000000000000000000000000000000000000000000000000>;
P_0x7f925e80a5c0 .param/l "INIT_F" 0 2 3197, C4<0000000000000000000000000000000000000000000000000000000000000000000000000000000000000000000000000000000000000000000000000000000000000000000000000000000000000000000000000000000000000000000000000000000000000000000000000000000000000000000000000000000000000000>;
P_0x7f925e80a600 .param/l "NEG_CLK_R" 0 2 3179, C4<0>;
P_0x7f925e80a640 .param/l "NEG_CLK_W" 0 2 3180, C4<0>;
P_0x7f925e80a680 .param/l "READ_MODE" 0 2 3177, +C4<00000000000000000000000000000000>;
P_0x7f925e80a6c0 .param/l "WRITE_MODE" 0 2 3176, +C4<00000000000000000000000000000000>;
L_0x7f925d773320 .functor BUFT 1, C4<0>, C4<0>, C4<0>, C4<0>;
L_0x7f925d66a0a0 .functor XOR 1, L_0x7f925d66a510, L_0x7f925d773320, C4<0>, C4<0>;
L_0x7f925d773368 .functor BUFT 1, C4<0>, C4<0>, C4<0>, C4<0>;
L_0x7f925d66b0f0 .functor XOR 1, L_0x7f925d66b680, L_0x7f925d773368, C4<0>, C4<0>;
o0x7f925d7431a8 .functor BUFZ 1, C4<z>; HiZ drive
v0x7f925d63cc50_0 .net "MASK_0", 0 0, o0x7f925d7431a8;  0 drivers
o0x7f925d7431d8 .functor BUFZ 1, C4<z>; HiZ drive
v0x7f925d63cd00_0 .net "MASK_1", 0 0, o0x7f925d7431d8;  0 drivers
o0x7f925d743208 .functor BUFZ 1, C4<z>; HiZ drive
v0x7f925d63cda0_0 .net "MASK_10", 0 0, o0x7f925d743208;  0 drivers
o0x7f925d743238 .functor BUFZ 1, C4<z>; HiZ drive
v0x7f925d63ce50_0 .net "MASK_11", 0 0, o0x7f925d743238;  0 drivers
o0x7f925d743268 .functor BUFZ 1, C4<z>; HiZ drive
v0x7f925d63cef0_0 .net "MASK_12", 0 0, o0x7f925d743268;  0 drivers
o0x7f925d743298 .functor BUFZ 1, C4<z>; HiZ drive
v0x7f925d63cfd0_0 .net "MASK_13", 0 0, o0x7f925d743298;  0 drivers
o0x7f925d7432c8 .functor BUFZ 1, C4<z>; HiZ drive
v0x7f925d63d070_0 .net "MASK_14", 0 0, o0x7f925d7432c8;  0 drivers
o0x7f925d7432f8 .functor BUFZ 1, C4<z>; HiZ drive
v0x7f925d63d110_0 .net "MASK_15", 0 0, o0x7f925d7432f8;  0 drivers
o0x7f925d743328 .functor BUFZ 1, C4<z>; HiZ drive
v0x7f925d63d1b0_0 .net "MASK_2", 0 0, o0x7f925d743328;  0 drivers
o0x7f925d743358 .functor BUFZ 1, C4<z>; HiZ drive
v0x7f925d63d2c0_0 .net "MASK_3", 0 0, o0x7f925d743358;  0 drivers
o0x7f925d743388 .functor BUFZ 1, C4<z>; HiZ drive
v0x7f925d63d350_0 .net "MASK_4", 0 0, o0x7f925d743388;  0 drivers
o0x7f925d7433b8 .functor BUFZ 1, C4<z>; HiZ drive
v0x7f925d63d3f0_0 .net "MASK_5", 0 0, o0x7f925d7433b8;  0 drivers
o0x7f925d7433e8 .functor BUFZ 1, C4<z>; HiZ drive
v0x7f925d63d490_0 .net "MASK_6", 0 0, o0x7f925d7433e8;  0 drivers
o0x7f925d743418 .functor BUFZ 1, C4<z>; HiZ drive
v0x7f925d63d530_0 .net "MASK_7", 0 0, o0x7f925d743418;  0 drivers
o0x7f925d743448 .functor BUFZ 1, C4<z>; HiZ drive
v0x7f925d63d5d0_0 .net "MASK_8", 0 0, o0x7f925d743448;  0 drivers
o0x7f925d743478 .functor BUFZ 1, C4<z>; HiZ drive
v0x7f925d63d670_0 .net "MASK_9", 0 0, o0x7f925d743478;  0 drivers
o0x7f925d7434a8 .functor BUFZ 1, C4<z>; HiZ drive
v0x7f925d63d710_0 .net "RADDR_0", 0 0, o0x7f925d7434a8;  0 drivers
o0x7f925d7434d8 .functor BUFZ 1, C4<z>; HiZ drive
v0x7f925d63d8a0_0 .net "RADDR_1", 0 0, o0x7f925d7434d8;  0 drivers
o0x7f925d743508 .functor BUFZ 1, C4<z>; HiZ drive
v0x7f925d63d930_0 .net "RADDR_10", 0 0, o0x7f925d743508;  0 drivers
o0x7f925d743538 .functor BUFZ 1, C4<z>; HiZ drive
v0x7f925d63d9c0_0 .net "RADDR_2", 0 0, o0x7f925d743538;  0 drivers
o0x7f925d743568 .functor BUFZ 1, C4<z>; HiZ drive
v0x7f925d63da50_0 .net "RADDR_3", 0 0, o0x7f925d743568;  0 drivers
o0x7f925d743598 .functor BUFZ 1, C4<z>; HiZ drive
v0x7f925d63daf0_0 .net "RADDR_4", 0 0, o0x7f925d743598;  0 drivers
o0x7f925d7435c8 .functor BUFZ 1, C4<z>; HiZ drive
v0x7f925d63db90_0 .net "RADDR_5", 0 0, o0x7f925d7435c8;  0 drivers
o0x7f925d7435f8 .functor BUFZ 1, C4<z>; HiZ drive
v0x7f925d63dc30_0 .net "RADDR_6", 0 0, o0x7f925d7435f8;  0 drivers
o0x7f925d743628 .functor BUFZ 1, C4<z>; HiZ drive
v0x7f925d63dcd0_0 .net "RADDR_7", 0 0, o0x7f925d743628;  0 drivers
o0x7f925d743658 .functor BUFZ 1, C4<z>; HiZ drive
v0x7f925d63dd70_0 .net "RADDR_8", 0 0, o0x7f925d743658;  0 drivers
o0x7f925d743688 .functor BUFZ 1, C4<z>; HiZ drive
v0x7f925d63de10_0 .net "RADDR_9", 0 0, o0x7f925d743688;  0 drivers
o0x7f925d7436b8 .functor BUFZ 1, C4<z>; HiZ drive
v0x7f925d63deb0_0 .net "RCLK", 0 0, o0x7f925d7436b8;  0 drivers
o0x7f925d7436e8 .functor BUFZ 1, C4<z>; HiZ drive
v0x7f925d63df50_0 .net "RCLKE", 0 0, o0x7f925d7436e8;  0 drivers
v0x7f925d63dff0_0 .net "RDATA_0", 0 0, L_0x7f925d66a470;  1 drivers
v0x7f925d63e090_0 .net "RDATA_1", 0 0, L_0x7f925d66a1d0;  1 drivers
v0x7f925d63e130_0 .net "RDATA_10", 0 0, L_0x7f925d669a00;  1 drivers
v0x7f925d63e1d0_0 .net "RDATA_11", 0 0, L_0x7f925d669960;  1 drivers
v0x7f925d63d7b0_0 .net "RDATA_12", 0 0, L_0x7f925d6698c0;  1 drivers
v0x7f925d63e460_0 .net "RDATA_13", 0 0, L_0x7f925d669780;  1 drivers
v0x7f925d63e4f0_0 .net "RDATA_14", 0 0, L_0x7f925d6696e0;  1 drivers
v0x7f925d63e580_0 .net "RDATA_15", 0 0, L_0x7f925d6695e0;  1 drivers
v0x7f925d63e610_0 .net "RDATA_2", 0 0, L_0x7f925d66a110;  1 drivers
v0x7f925d63e6a0_0 .net "RDATA_3", 0 0, L_0x7f925d669fe0;  1 drivers
v0x7f925d63e730_0 .net "RDATA_4", 0 0, L_0x7f925d669f40;  1 drivers
v0x7f925d63e7d0_0 .net "RDATA_5", 0 0, L_0x7f925d669ea0;  1 drivers
v0x7f925d63e870_0 .net "RDATA_6", 0 0, L_0x7f925d669e00;  1 drivers
v0x7f925d63e910_0 .net "RDATA_7", 0 0, L_0x7f925d669d60;  1 drivers
v0x7f925d63e9b0_0 .net "RDATA_8", 0 0, L_0x7f925d669cc0;  1 drivers
v0x7f925d63ea50_0 .net "RDATA_9", 0 0, L_0x7f925d669ac0;  1 drivers
o0x7f925d743a18 .functor BUFZ 1, C4<z>; HiZ drive
v0x7f925d63eaf0_0 .net "RE", 0 0, o0x7f925d743a18;  0 drivers
o0x7f925d743a48 .functor BUFZ 1, C4<z>; HiZ drive
v0x7f925d63eb90_0 .net "WADDR_0", 0 0, o0x7f925d743a48;  0 drivers
o0x7f925d743a78 .functor BUFZ 1, C4<z>; HiZ drive
v0x7f925d63ec30_0 .net "WADDR_1", 0 0, o0x7f925d743a78;  0 drivers
o0x7f925d743aa8 .functor BUFZ 1, C4<z>; HiZ drive
v0x7f925d63ecd0_0 .net "WADDR_10", 0 0, o0x7f925d743aa8;  0 drivers
o0x7f925d743ad8 .functor BUFZ 1, C4<z>; HiZ drive
v0x7f925d63ed70_0 .net "WADDR_2", 0 0, o0x7f925d743ad8;  0 drivers
o0x7f925d743b08 .functor BUFZ 1, C4<z>; HiZ drive
v0x7f925d63ee10_0 .net "WADDR_3", 0 0, o0x7f925d743b08;  0 drivers
o0x7f925d743b38 .functor BUFZ 1, C4<z>; HiZ drive
v0x7f925d63eeb0_0 .net "WADDR_4", 0 0, o0x7f925d743b38;  0 drivers
o0x7f925d743b68 .functor BUFZ 1, C4<z>; HiZ drive
v0x7f925d63ef50_0 .net "WADDR_5", 0 0, o0x7f925d743b68;  0 drivers
o0x7f925d743b98 .functor BUFZ 1, C4<z>; HiZ drive
v0x7f925d63eff0_0 .net "WADDR_6", 0 0, o0x7f925d743b98;  0 drivers
o0x7f925d743bc8 .functor BUFZ 1, C4<z>; HiZ drive
v0x7f925d63f090_0 .net "WADDR_7", 0 0, o0x7f925d743bc8;  0 drivers
o0x7f925d743bf8 .functor BUFZ 1, C4<z>; HiZ drive
v0x7f925d63f130_0 .net "WADDR_8", 0 0, o0x7f925d743bf8;  0 drivers
o0x7f925d743c28 .functor BUFZ 1, C4<z>; HiZ drive
v0x7f925d63f1d0_0 .net "WADDR_9", 0 0, o0x7f925d743c28;  0 drivers
o0x7f925d743c58 .functor BUFZ 1, C4<z>; HiZ drive
v0x7f925d63f270_0 .net "WCLK", 0 0, o0x7f925d743c58;  0 drivers
o0x7f925d743c88 .functor BUFZ 1, C4<z>; HiZ drive
v0x7f925d63f310_0 .net "WCLKE", 0 0, o0x7f925d743c88;  0 drivers
o0x7f925d743cb8 .functor BUFZ 1, C4<z>; HiZ drive
v0x7f925d63f3b0_0 .net "WDATA_0", 0 0, o0x7f925d743cb8;  0 drivers
o0x7f925d743ce8 .functor BUFZ 1, C4<z>; HiZ drive
v0x7f925d63f450_0 .net "WDATA_1", 0 0, o0x7f925d743ce8;  0 drivers
o0x7f925d743d18 .functor BUFZ 1, C4<z>; HiZ drive
v0x7f925d63f4f0_0 .net "WDATA_10", 0 0, o0x7f925d743d18;  0 drivers
o0x7f925d743d48 .functor BUFZ 1, C4<z>; HiZ drive
v0x7f925d63f590_0 .net "WDATA_11", 0 0, o0x7f925d743d48;  0 drivers
o0x7f925d743d78 .functor BUFZ 1, C4<z>; HiZ drive
v0x7f925d63f630_0 .net "WDATA_12", 0 0, o0x7f925d743d78;  0 drivers
o0x7f925d743da8 .functor BUFZ 1, C4<z>; HiZ drive
v0x7f925d63f6d0_0 .net "WDATA_13", 0 0, o0x7f925d743da8;  0 drivers
o0x7f925d743dd8 .functor BUFZ 1, C4<z>; HiZ drive
v0x7f925d63e270_0 .net "WDATA_14", 0 0, o0x7f925d743dd8;  0 drivers
o0x7f925d743e08 .functor BUFZ 1, C4<z>; HiZ drive
v0x7f925d63e310_0 .net "WDATA_15", 0 0, o0x7f925d743e08;  0 drivers
o0x7f925d743e38 .functor BUFZ 1, C4<z>; HiZ drive
v0x7f925d63e3b0_0 .net "WDATA_2", 0 0, o0x7f925d743e38;  0 drivers
o0x7f925d743e68 .functor BUFZ 1, C4<z>; HiZ drive
v0x7f925d63f760_0 .net "WDATA_3", 0 0, o0x7f925d743e68;  0 drivers
o0x7f925d743e98 .functor BUFZ 1, C4<z>; HiZ drive
v0x7f925d63f7f0_0 .net "WDATA_4", 0 0, o0x7f925d743e98;  0 drivers
o0x7f925d743ec8 .functor BUFZ 1, C4<z>; HiZ drive
v0x7f925d63f890_0 .net "WDATA_5", 0 0, o0x7f925d743ec8;  0 drivers
o0x7f925d743ef8 .functor BUFZ 1, C4<z>; HiZ drive
v0x7f925d63f930_0 .net "WDATA_6", 0 0, o0x7f925d743ef8;  0 drivers
o0x7f925d743f28 .functor BUFZ 1, C4<z>; HiZ drive
v0x7f925d63f9d0_0 .net "WDATA_7", 0 0, o0x7f925d743f28;  0 drivers
o0x7f925d743f58 .functor BUFZ 1, C4<z>; HiZ drive
v0x7f925d63fa70_0 .net "WDATA_8", 0 0, o0x7f925d743f58;  0 drivers
o0x7f925d743f88 .functor BUFZ 1, C4<z>; HiZ drive
v0x7f925d63fb10_0 .net "WDATA_9", 0 0, o0x7f925d743f88;  0 drivers
o0x7f925d743fb8 .functor BUFZ 1, C4<z>; HiZ drive
v0x7f925d63fbb0_0 .net "WE", 0 0, o0x7f925d743fb8;  0 drivers
v0x7f925d63fc50_0 .net *"_ivl_100", 0 0, L_0x7f925d66cb80;  1 drivers
v0x7f925d63fd00_0 .net *"_ivl_102", 0 0, L_0x7f925d66cc40;  1 drivers
v0x7f925d63fdb0_0 .net *"_ivl_104", 0 0, L_0x7f925d66c9d0;  1 drivers
v0x7f925d63fe60_0 .net *"_ivl_106", 0 0, L_0x7f925d66cab0;  1 drivers
v0x7f925d63ff10_0 .net *"_ivl_108", 0 0, L_0x7f925d66cd20;  1 drivers
v0x7f925d63ffc0_0 .net *"_ivl_110", 0 0, L_0x7f925d66ce00;  1 drivers
v0x7f925d640070_0 .net *"_ivl_112", 0 0, L_0x7f925d66d0e0;  1 drivers
v0x7f925d640120_0 .net *"_ivl_114", 0 0, L_0x7f925d66d1c0;  1 drivers
v0x7f925d6401d0_0 .net *"_ivl_116", 0 0, L_0x7f925d66cf00;  1 drivers
v0x7f925d640280_0 .net *"_ivl_120", 0 0, L_0x7f925d66d2a0;  1 drivers
v0x7f925d640330_0 .net *"_ivl_122", 0 0, L_0x7f925d66d340;  1 drivers
v0x7f925d6403e0_0 .net *"_ivl_124", 0 0, L_0x7f925d66d3e0;  1 drivers
v0x7f925d640490_0 .net *"_ivl_126", 0 0, L_0x7f925d66db30;  1 drivers
v0x7f925d640540_0 .net *"_ivl_128", 0 0, L_0x7f925d66d920;  1 drivers
v0x7f925d6405f0_0 .net *"_ivl_130", 0 0, L_0x7f925d66d9c0;  1 drivers
v0x7f925d6406a0_0 .net *"_ivl_132", 0 0, L_0x7f925d66da60;  1 drivers
v0x7f925d640750_0 .net *"_ivl_134", 0 0, L_0x7f925d66de00;  1 drivers
v0x7f925d640800_0 .net *"_ivl_136", 0 0, L_0x7f925d66dbd0;  1 drivers
v0x7f925d6408b0_0 .net *"_ivl_138", 0 0, L_0x7f925d66dc70;  1 drivers
v0x7f925d640960_0 .net *"_ivl_140", 0 0, L_0x7f925d66dd30;  1 drivers
v0x7f925d640a10_0 .net *"_ivl_142", 0 0, L_0x7f925d66e110;  1 drivers
v0x7f925d640ac0_0 .net *"_ivl_144", 0 0, L_0x7f925d66dea0;  1 drivers
v0x7f925d640b70_0 .net *"_ivl_146", 0 0, L_0x7f925d66df80;  1 drivers
v0x7f925d640c20_0 .net *"_ivl_148", 0 0, L_0x7f925d66e460;  1 drivers
v0x7f925d640cd0_0 .net *"_ivl_150", 0 0, L_0x7f925d66e500;  1 drivers
v0x7f925d640d80_0 .net *"_ivl_18", 0 0, L_0x7f925d66a510;  1 drivers
v0x7f925d640e30_0 .net/2u *"_ivl_19", 0 0, L_0x7f925d773320;  1 drivers
v0x7f925d640ee0_0 .net *"_ivl_28", 0 0, L_0x7f925d66a850;  1 drivers
v0x7f925d640f90_0 .net *"_ivl_30", 0 0, L_0x7f925d66a910;  1 drivers
v0x7f925d641040_0 .net *"_ivl_32", 0 0, L_0x7f925d66a7b0;  1 drivers
v0x7f925d6410f0_0 .net *"_ivl_34", 0 0, L_0x7f925d66aa80;  1 drivers
v0x7f925d6411a0_0 .net *"_ivl_36", 0 0, L_0x7f925d66ac20;  1 drivers
v0x7f925d641250_0 .net *"_ivl_38", 0 0, L_0x7f925d66ace0;  1 drivers
v0x7f925d641300_0 .net *"_ivl_40", 0 0, L_0x7f925d66ae50;  1 drivers
v0x7f925d6413b0_0 .net *"_ivl_42", 0 0, L_0x7f925d66ab60;  1 drivers
v0x7f925d641460_0 .net *"_ivl_44", 0 0, L_0x7f925d66aff0;  1 drivers
v0x7f925d641510_0 .net *"_ivl_46", 0 0, L_0x7f925d66ada0;  1 drivers
v0x7f925d6415c0_0 .net *"_ivl_48", 0 0, L_0x7f925d66b1e0;  1 drivers
v0x7f925d641670_0 .net *"_ivl_52", 0 0, L_0x7f925d66b680;  1 drivers
v0x7f925d641720_0 .net/2u *"_ivl_53", 0 0, L_0x7f925d773368;  1 drivers
v0x7f925d6417d0_0 .net *"_ivl_62", 0 0, L_0x7f925d66b8d0;  1 drivers
v0x7f925d641880_0 .net *"_ivl_64", 0 0, L_0x7f925d66b7c0;  1 drivers
v0x7f925d641930_0 .net *"_ivl_66", 0 0, L_0x7f925d66ba90;  1 drivers
v0x7f925d6419e0_0 .net *"_ivl_68", 0 0, L_0x7f925d66b970;  1 drivers
v0x7f925d641a90_0 .net *"_ivl_70", 0 0, L_0x7f925d66bc60;  1 drivers
v0x7f925d641b40_0 .net *"_ivl_72", 0 0, L_0x7f925d66bb30;  1 drivers
v0x7f925d641bf0_0 .net *"_ivl_74", 0 0, L_0x7f925d66be40;  1 drivers
v0x7f925d641ca0_0 .net *"_ivl_76", 0 0, L_0x7f925d66bd00;  1 drivers
v0x7f925d641d50_0 .net *"_ivl_78", 0 0, L_0x7f925d66bda0;  1 drivers
v0x7f925d641e00_0 .net *"_ivl_80", 0 0, L_0x7f925d66bee0;  1 drivers
v0x7f925d641eb0_0 .net *"_ivl_82", 0 0, L_0x7f925d66c1d0;  1 drivers
v0x7f925d641f60_0 .net *"_ivl_86", 0 0, L_0x7f925d66c660;  1 drivers
v0x7f925d642010_0 .net *"_ivl_88", 0 0, L_0x7f925d66c270;  1 drivers
v0x7f925d6420c0_0 .net *"_ivl_90", 0 0, L_0x7f925d66c310;  1 drivers
v0x7f925d642170_0 .net *"_ivl_92", 0 0, L_0x7f925d66c890;  1 drivers
v0x7f925d642220_0 .net *"_ivl_94", 0 0, L_0x7f925d66c930;  1 drivers
v0x7f925d6422d0_0 .net *"_ivl_96", 0 0, L_0x7f925d66c700;  1 drivers
v0x7f925d642380_0 .net *"_ivl_98", 0 0, L_0x7f925d66c7a0;  1 drivers
L_0x7f925d6695e0 .part v0x7f925d63bce0_0, 15, 1;
L_0x7f925d6696e0 .part v0x7f925d63bce0_0, 14, 1;
L_0x7f925d669780 .part v0x7f925d63bce0_0, 13, 1;
L_0x7f925d6698c0 .part v0x7f925d63bce0_0, 12, 1;
L_0x7f925d669960 .part v0x7f925d63bce0_0, 11, 1;
L_0x7f925d669a00 .part v0x7f925d63bce0_0, 10, 1;
L_0x7f925d669ac0 .part v0x7f925d63bce0_0, 9, 1;
L_0x7f925d669cc0 .part v0x7f925d63bce0_0, 8, 1;
L_0x7f925d669d60 .part v0x7f925d63bce0_0, 7, 1;
L_0x7f925d669e00 .part v0x7f925d63bce0_0, 6, 1;
L_0x7f925d669ea0 .part v0x7f925d63bce0_0, 5, 1;
L_0x7f925d669f40 .part v0x7f925d63bce0_0, 4, 1;
L_0x7f925d669fe0 .part v0x7f925d63bce0_0, 3, 1;
L_0x7f925d66a110 .part v0x7f925d63bce0_0, 2, 1;
L_0x7f925d66a1d0 .part v0x7f925d63bce0_0, 1, 1;
L_0x7f925d66a470 .part v0x7f925d63bce0_0, 0, 1;
L_0x7f925d66a510 .ufunc/vec4 TD_ICESTORM_RAM.pd, 1, o0x7f925d7436b8 (v0x7f925d63c900_0) S_0x7f925d63c700;
L_0x7f925d66a630 .ufunc/vec4 TD_ICESTORM_RAM.pu, 1, o0x7f925d7436e8 (v0x7f925d63cbb0_0) S_0x7f925d63c990;
L_0x7f925d66a6d0 .ufunc/vec4 TD_ICESTORM_RAM.pd, 1, o0x7f925d743a18 (v0x7f925d63c900_0) S_0x7f925d63c700;
L_0x7f925d66a850 .ufunc/vec4 TD_ICESTORM_RAM.pd, 1, o0x7f925d743508 (v0x7f925d63c900_0) S_0x7f925d63c700;
L_0x7f925d66a910 .ufunc/vec4 TD_ICESTORM_RAM.pd, 1, o0x7f925d743688 (v0x7f925d63c900_0) S_0x7f925d63c700;
L_0x7f925d66a7b0 .ufunc/vec4 TD_ICESTORM_RAM.pd, 1, o0x7f925d743658 (v0x7f925d63c900_0) S_0x7f925d63c700;
L_0x7f925d66aa80 .ufunc/vec4 TD_ICESTORM_RAM.pd, 1, o0x7f925d743628 (v0x7f925d63c900_0) S_0x7f925d63c700;
L_0x7f925d66ac20 .ufunc/vec4 TD_ICESTORM_RAM.pd, 1, o0x7f925d7435f8 (v0x7f925d63c900_0) S_0x7f925d63c700;
L_0x7f925d66ace0 .ufunc/vec4 TD_ICESTORM_RAM.pd, 1, o0x7f925d7435c8 (v0x7f925d63c900_0) S_0x7f925d63c700;
L_0x7f925d66ae50 .ufunc/vec4 TD_ICESTORM_RAM.pd, 1, o0x7f925d743598 (v0x7f925d63c900_0) S_0x7f925d63c700;
L_0x7f925d66ab60 .ufunc/vec4 TD_ICESTORM_RAM.pd, 1, o0x7f925d743568 (v0x7f925d63c900_0) S_0x7f925d63c700;
L_0x7f925d66aff0 .ufunc/vec4 TD_ICESTORM_RAM.pd, 1, o0x7f925d743538 (v0x7f925d63c900_0) S_0x7f925d63c700;
L_0x7f925d66ada0 .ufunc/vec4 TD_ICESTORM_RAM.pd, 1, o0x7f925d7434d8 (v0x7f925d63c900_0) S_0x7f925d63c700;
L_0x7f925d66b1e0 .ufunc/vec4 TD_ICESTORM_RAM.pd, 1, o0x7f925d7434a8 (v0x7f925d63c900_0) S_0x7f925d63c700;
LS_0x7f925d66af30_0_0 .concat [ 1 1 1 1], L_0x7f925d66b1e0, L_0x7f925d66ada0, L_0x7f925d66aff0, L_0x7f925d66ab60;
LS_0x7f925d66af30_0_4 .concat [ 1 1 1 1], L_0x7f925d66ae50, L_0x7f925d66ace0, L_0x7f925d66ac20, L_0x7f925d66aa80;
LS_0x7f925d66af30_0_8 .concat [ 1 1 1 0], L_0x7f925d66a7b0, L_0x7f925d66a910, L_0x7f925d66a850;
L_0x7f925d66af30 .concat [ 4 4 3 0], LS_0x7f925d66af30_0_0, LS_0x7f925d66af30_0_4, LS_0x7f925d66af30_0_8;
L_0x7f925d66b680 .ufunc/vec4 TD_ICESTORM_RAM.pd, 1, o0x7f925d743c58 (v0x7f925d63c900_0) S_0x7f925d63c700;
L_0x7f925d66b720 .ufunc/vec4 TD_ICESTORM_RAM.pu, 1, o0x7f925d743c88 (v0x7f925d63cbb0_0) S_0x7f925d63c990;
L_0x7f925d66b580 .ufunc/vec4 TD_ICESTORM_RAM.pd, 1, o0x7f925d743fb8 (v0x7f925d63c900_0) S_0x7f925d63c700;
L_0x7f925d66b8d0 .ufunc/vec4 TD_ICESTORM_RAM.pd, 1, o0x7f925d743aa8 (v0x7f925d63c900_0) S_0x7f925d63c700;
L_0x7f925d66b7c0 .ufunc/vec4 TD_ICESTORM_RAM.pd, 1, o0x7f925d743c28 (v0x7f925d63c900_0) S_0x7f925d63c700;
L_0x7f925d66ba90 .ufunc/vec4 TD_ICESTORM_RAM.pd, 1, o0x7f925d743bf8 (v0x7f925d63c900_0) S_0x7f925d63c700;
L_0x7f925d66b970 .ufunc/vec4 TD_ICESTORM_RAM.pd, 1, o0x7f925d743bc8 (v0x7f925d63c900_0) S_0x7f925d63c700;
L_0x7f925d66bc60 .ufunc/vec4 TD_ICESTORM_RAM.pd, 1, o0x7f925d743b98 (v0x7f925d63c900_0) S_0x7f925d63c700;
L_0x7f925d66bb30 .ufunc/vec4 TD_ICESTORM_RAM.pd, 1, o0x7f925d743b68 (v0x7f925d63c900_0) S_0x7f925d63c700;
L_0x7f925d66be40 .ufunc/vec4 TD_ICESTORM_RAM.pd, 1, o0x7f925d743b38 (v0x7f925d63c900_0) S_0x7f925d63c700;
L_0x7f925d66bd00 .ufunc/vec4 TD_ICESTORM_RAM.pd, 1, o0x7f925d743b08 (v0x7f925d63c900_0) S_0x7f925d63c700;
L_0x7f925d66bda0 .ufunc/vec4 TD_ICESTORM_RAM.pd, 1, o0x7f925d743ad8 (v0x7f925d63c900_0) S_0x7f925d63c700;
L_0x7f925d66bee0 .ufunc/vec4 TD_ICESTORM_RAM.pd, 1, o0x7f925d743a78 (v0x7f925d63c900_0) S_0x7f925d63c700;
L_0x7f925d66c1d0 .ufunc/vec4 TD_ICESTORM_RAM.pd, 1, o0x7f925d743a48 (v0x7f925d63c900_0) S_0x7f925d63c700;
LS_0x7f925d66c070_0_0 .concat [ 1 1 1 1], L_0x7f925d66c1d0, L_0x7f925d66bee0, L_0x7f925d66bda0, L_0x7f925d66bd00;
LS_0x7f925d66c070_0_4 .concat [ 1 1 1 1], L_0x7f925d66be40, L_0x7f925d66bb30, L_0x7f925d66bc60, L_0x7f925d66b970;
LS_0x7f925d66c070_0_8 .concat [ 1 1 1 0], L_0x7f925d66ba90, L_0x7f925d66b7c0, L_0x7f925d66b8d0;
L_0x7f925d66c070 .concat [ 4 4 3 0], LS_0x7f925d66c070_0_0, LS_0x7f925d66c070_0_4, LS_0x7f925d66c070_0_8;
L_0x7f925d66c660 .ufunc/vec4 TD_ICESTORM_RAM.pd, 1, o0x7f925d7432f8 (v0x7f925d63c900_0) S_0x7f925d63c700;
L_0x7f925d66c270 .ufunc/vec4 TD_ICESTORM_RAM.pd, 1, o0x7f925d7432c8 (v0x7f925d63c900_0) S_0x7f925d63c700;
L_0x7f925d66c310 .ufunc/vec4 TD_ICESTORM_RAM.pd, 1, o0x7f925d743298 (v0x7f925d63c900_0) S_0x7f925d63c700;
L_0x7f925d66c890 .ufunc/vec4 TD_ICESTORM_RAM.pd, 1, o0x7f925d743268 (v0x7f925d63c900_0) S_0x7f925d63c700;
L_0x7f925d66c930 .ufunc/vec4 TD_ICESTORM_RAM.pd, 1, o0x7f925d743238 (v0x7f925d63c900_0) S_0x7f925d63c700;
L_0x7f925d66c700 .ufunc/vec4 TD_ICESTORM_RAM.pd, 1, o0x7f925d743208 (v0x7f925d63c900_0) S_0x7f925d63c700;
L_0x7f925d66c7a0 .ufunc/vec4 TD_ICESTORM_RAM.pd, 1, o0x7f925d743478 (v0x7f925d63c900_0) S_0x7f925d63c700;
L_0x7f925d66cb80 .ufunc/vec4 TD_ICESTORM_RAM.pd, 1, o0x7f925d743448 (v0x7f925d63c900_0) S_0x7f925d63c700;
L_0x7f925d66cc40 .ufunc/vec4 TD_ICESTORM_RAM.pd, 1, o0x7f925d743418 (v0x7f925d63c900_0) S_0x7f925d63c700;
L_0x7f925d66c9d0 .ufunc/vec4 TD_ICESTORM_RAM.pd, 1, o0x7f925d7433e8 (v0x7f925d63c900_0) S_0x7f925d63c700;
L_0x7f925d66cab0 .ufunc/vec4 TD_ICESTORM_RAM.pd, 1, o0x7f925d7433b8 (v0x7f925d63c900_0) S_0x7f925d63c700;
L_0x7f925d66cd20 .ufunc/vec4 TD_ICESTORM_RAM.pd, 1, o0x7f925d743388 (v0x7f925d63c900_0) S_0x7f925d63c700;
L_0x7f925d66ce00 .ufunc/vec4 TD_ICESTORM_RAM.pd, 1, o0x7f925d743358 (v0x7f925d63c900_0) S_0x7f925d63c700;
L_0x7f925d66d0e0 .ufunc/vec4 TD_ICESTORM_RAM.pd, 1, o0x7f925d743328 (v0x7f925d63c900_0) S_0x7f925d63c700;
L_0x7f925d66d1c0 .ufunc/vec4 TD_ICESTORM_RAM.pd, 1, o0x7f925d7431d8 (v0x7f925d63c900_0) S_0x7f925d63c700;
L_0x7f925d66cf00 .ufunc/vec4 TD_ICESTORM_RAM.pd, 1, o0x7f925d7431a8 (v0x7f925d63c900_0) S_0x7f925d63c700;
LS_0x7f925d66cfe0_0_0 .concat [ 1 1 1 1], L_0x7f925d66cf00, L_0x7f925d66d1c0, L_0x7f925d66d0e0, L_0x7f925d66ce00;
LS_0x7f925d66cfe0_0_4 .concat [ 1 1 1 1], L_0x7f925d66cd20, L_0x7f925d66cab0, L_0x7f925d66c9d0, L_0x7f925d66cc40;
LS_0x7f925d66cfe0_0_8 .concat [ 1 1 1 1], L_0x7f925d66cb80, L_0x7f925d66c7a0, L_0x7f925d66c700, L_0x7f925d66c930;
LS_0x7f925d66cfe0_0_12 .concat [ 1 1 1 1], L_0x7f925d66c890, L_0x7f925d66c310, L_0x7f925d66c270, L_0x7f925d66c660;
L_0x7f925d66cfe0 .concat [ 4 4 4 4], LS_0x7f925d66cfe0_0_0, LS_0x7f925d66cfe0_0_4, LS_0x7f925d66cfe0_0_8, LS_0x7f925d66cfe0_0_12;
L_0x7f925d66d2a0 .ufunc/vec4 TD_ICESTORM_RAM.pd, 1, o0x7f925d743e08 (v0x7f925d63c900_0) S_0x7f925d63c700;
L_0x7f925d66d340 .ufunc/vec4 TD_ICESTORM_RAM.pd, 1, o0x7f925d743dd8 (v0x7f925d63c900_0) S_0x7f925d63c700;
L_0x7f925d66d3e0 .ufunc/vec4 TD_ICESTORM_RAM.pd, 1, o0x7f925d743da8 (v0x7f925d63c900_0) S_0x7f925d63c700;
L_0x7f925d66db30 .ufunc/vec4 TD_ICESTORM_RAM.pd, 1, o0x7f925d743d78 (v0x7f925d63c900_0) S_0x7f925d63c700;
L_0x7f925d66d920 .ufunc/vec4 TD_ICESTORM_RAM.pd, 1, o0x7f925d743d48 (v0x7f925d63c900_0) S_0x7f925d63c700;
L_0x7f925d66d9c0 .ufunc/vec4 TD_ICESTORM_RAM.pd, 1, o0x7f925d743d18 (v0x7f925d63c900_0) S_0x7f925d63c700;
L_0x7f925d66da60 .ufunc/vec4 TD_ICESTORM_RAM.pd, 1, o0x7f925d743f88 (v0x7f925d63c900_0) S_0x7f925d63c700;
L_0x7f925d66de00 .ufunc/vec4 TD_ICESTORM_RAM.pd, 1, o0x7f925d743f58 (v0x7f925d63c900_0) S_0x7f925d63c700;
L_0x7f925d66dbd0 .ufunc/vec4 TD_ICESTORM_RAM.pd, 1, o0x7f925d743f28 (v0x7f925d63c900_0) S_0x7f925d63c700;
L_0x7f925d66dc70 .ufunc/vec4 TD_ICESTORM_RAM.pd, 1, o0x7f925d743ef8 (v0x7f925d63c900_0) S_0x7f925d63c700;
L_0x7f925d66dd30 .ufunc/vec4 TD_ICESTORM_RAM.pd, 1, o0x7f925d743ec8 (v0x7f925d63c900_0) S_0x7f925d63c700;
L_0x7f925d66e110 .ufunc/vec4 TD_ICESTORM_RAM.pd, 1, o0x7f925d743e98 (v0x7f925d63c900_0) S_0x7f925d63c700;
L_0x7f925d66dea0 .ufunc/vec4 TD_ICESTORM_RAM.pd, 1, o0x7f925d743e68 (v0x7f925d63c900_0) S_0x7f925d63c700;
L_0x7f925d66df80 .ufunc/vec4 TD_ICESTORM_RAM.pd, 1, o0x7f925d743e38 (v0x7f925d63c900_0) S_0x7f925d63c700;
L_0x7f925d66e460 .ufunc/vec4 TD_ICESTORM_RAM.pd, 1, o0x7f925d743ce8 (v0x7f925d63c900_0) S_0x7f925d63c700;
L_0x7f925d66e500 .ufunc/vec4 TD_ICESTORM_RAM.pd, 1, o0x7f925d743cb8 (v0x7f925d63c900_0) S_0x7f925d63c700;
LS_0x7f925d66e1f0_0_0 .concat [ 1 1 1 1], L_0x7f925d66e500, L_0x7f925d66e460, L_0x7f925d66df80, L_0x7f925d66dea0;
LS_0x7f925d66e1f0_0_4 .concat [ 1 1 1 1], L_0x7f925d66e110, L_0x7f925d66dd30, L_0x7f925d66dc70, L_0x7f925d66dbd0;
LS_0x7f925d66e1f0_0_8 .concat [ 1 1 1 1], L_0x7f925d66de00, L_0x7f925d66da60, L_0x7f925d66d9c0, L_0x7f925d66d920;
LS_0x7f925d66e1f0_0_12 .concat [ 1 1 1 1], L_0x7f925d66db30, L_0x7f925d66d3e0, L_0x7f925d66d340, L_0x7f925d66d2a0;
L_0x7f925d66e1f0 .concat [ 4 4 4 4], LS_0x7f925d66e1f0_0_0, LS_0x7f925d66e1f0_0_4, LS_0x7f925d66e1f0_0_8, LS_0x7f925d66e1f0_0_12;
S_0x7f925d6399a0 .scope module, "RAM" "SB_RAM40_4K" 2 3233, 2 1487 0, S_0x7f925d616510;
 .timescale -12 -12;
    .port_info 0 /OUTPUT 16 "RDATA";
    .port_info 1 /INPUT 1 "RCLK";
    .port_info 2 /INPUT 1 "RCLKE";
    .port_info 3 /INPUT 1 "RE";
    .port_info 4 /INPUT 11 "RADDR";
    .port_info 5 /INPUT 1 "WCLK";
    .port_info 6 /INPUT 1 "WCLKE";
    .port_info 7 /INPUT 1 "WE";
    .port_info 8 /INPUT 11 "WADDR";
    .port_info 9 /INPUT 16 "MASK";
    .port_info 10 /INPUT 16 "WDATA";
P_0x7f925e80e200 .param/l "INIT_0" 0 2 1507, C4<0000000000000000000000000000000000000000000000000000000000000000000000000000000000000000000000000000000000000000000000000000000000000000000000000000000000000000000000000000000000000000000000000000000000000000000000000000000000000000000000000000000000000000>;
P_0x7f925e80e240 .param/l "INIT_1" 0 2 1508, C4<0000000000000000000000000000000000000000000000000000000000000000000000000000000000000000000000000000000000000000000000000000000000000000000000000000000000000000000000000000000000000000000000000000000000000000000000000000000000000000000000000000000000000000>;
P_0x7f925e80e280 .param/l "INIT_2" 0 2 1509, C4<0000000000000000000000000000000000000000000000000000000000000000000000000000000000000000000000000000000000000000000000000000000000000000000000000000000000000000000000000000000000000000000000000000000000000000000000000000000000000000000000000000000000000000>;
P_0x7f925e80e2c0 .param/l "INIT_3" 0 2 1510, C4<0000000000000000000000000000000000000000000000000000000000000000000000000000000000000000000000000000000000000000000000000000000000000000000000000000000000000000000000000000000000000000000000000000000000000000000000000000000000000000000000000000000000000000>;
P_0x7f925e80e300 .param/l "INIT_4" 0 2 1511, C4<0000000000000000000000000000000000000000000000000000000000000000000000000000000000000000000000000000000000000000000000000000000000000000000000000000000000000000000000000000000000000000000000000000000000000000000000000000000000000000000000000000000000000000>;
P_0x7f925e80e340 .param/l "INIT_5" 0 2 1512, C4<0000000000000000000000000000000000000000000000000000000000000000000000000000000000000000000000000000000000000000000000000000000000000000000000000000000000000000000000000000000000000000000000000000000000000000000000000000000000000000000000000000000000000000>;
P_0x7f925e80e380 .param/l "INIT_6" 0 2 1513, C4<0000000000000000000000000000000000000000000000000000000000000000000000000000000000000000000000000000000000000000000000000000000000000000000000000000000000000000000000000000000000000000000000000000000000000000000000000000000000000000000000000000000000000000>;
P_0x7f925e80e3c0 .param/l "INIT_7" 0 2 1514, C4<0000000000000000000000000000000000000000000000000000000000000000000000000000000000000000000000000000000000000000000000000000000000000000000000000000000000000000000000000000000000000000000000000000000000000000000000000000000000000000000000000000000000000000>;
P_0x7f925e80e400 .param/l "INIT_8" 0 2 1515, C4<0000000000000000000000000000000000000000000000000000000000000000000000000000000000000000000000000000000000000000000000000000000000000000000000000000000000000000000000000000000000000000000000000000000000000000000000000000000000000000000000000000000000000000>;
P_0x7f925e80e440 .param/l "INIT_9" 0 2 1516, C4<0000000000000000000000000000000000000000000000000000000000000000000000000000000000000000000000000000000000000000000000000000000000000000000000000000000000000000000000000000000000000000000000000000000000000000000000000000000000000000000000000000000000000000>;
P_0x7f925e80e480 .param/l "INIT_A" 0 2 1517, C4<0000000000000000000000000000000000000000000000000000000000000000000000000000000000000000000000000000000000000000000000000000000000000000000000000000000000000000000000000000000000000000000000000000000000000000000000000000000000000000000000000000000000000000>;
P_0x7f925e80e4c0 .param/l "INIT_B" 0 2 1518, C4<0000000000000000000000000000000000000000000000000000000000000000000000000000000000000000000000000000000000000000000000000000000000000000000000000000000000000000000000000000000000000000000000000000000000000000000000000000000000000000000000000000000000000000>;
P_0x7f925e80e500 .param/l "INIT_C" 0 2 1519, C4<0000000000000000000000000000000000000000000000000000000000000000000000000000000000000000000000000000000000000000000000000000000000000000000000000000000000000000000000000000000000000000000000000000000000000000000000000000000000000000000000000000000000000000>;
P_0x7f925e80e540 .param/l "INIT_D" 0 2 1520, C4<0000000000000000000000000000000000000000000000000000000000000000000000000000000000000000000000000000000000000000000000000000000000000000000000000000000000000000000000000000000000000000000000000000000000000000000000000000000000000000000000000000000000000000>;
P_0x7f925e80e580 .param/l "INIT_E" 0 2 1521, C4<0000000000000000000000000000000000000000000000000000000000000000000000000000000000000000000000000000000000000000000000000000000000000000000000000000000000000000000000000000000000000000000000000000000000000000000000000000000000000000000000000000000000000000>;
P_0x7f925e80e5c0 .param/l "INIT_F" 0 2 1522, C4<0000000000000000000000000000000000000000000000000000000000000000000000000000000000000000000000000000000000000000000000000000000000000000000000000000000000000000000000000000000000000000000000000000000000000000000000000000000000000000000000000000000000000000>;
P_0x7f925e80e600 .param/str "INIT_FILE" 0 2 1524, "\000";
P_0x7f925e80e640 .param/l "READ_MODE" 0 2 1505, +C4<00000000000000000000000000000000>;
P_0x7f925e80e680 .param/l "WRITE_MODE" 0 2 1504, +C4<00000000000000000000000000000000>;
v0x7f925d63b960_0 .net "MASK", 15 0, L_0x7f925d66cfe0;  1 drivers
v0x7f925d63b9f0_0 .net "RADDR", 10 0, L_0x7f925d66af30;  1 drivers
v0x7f925d63baa0_0 .net "RCLK", 0 0, L_0x7f925d66a0a0;  1 drivers
v0x7f925d63bb50_0 .net "RCLKE", 0 0, L_0x7f925d66a630;  1 drivers
v0x7f925d63bbf0_0 .net "RDATA", 15 0, v0x7f925d63bce0_0;  1 drivers
v0x7f925d63bce0_0 .var "RDATA_I", 15 0;
v0x7f925d63bd90_0 .net "RE", 0 0, L_0x7f925d66a6d0;  1 drivers
L_0x7f925d7732d8 .functor BUFT 1, C4<0000000000000000>, C4<0>, C4<0>, C4<0>;
v0x7f925d63be30_0 .net "RMASK_I", 15 0, L_0x7f925d7732d8;  1 drivers
v0x7f925d63bee0_0 .net "WADDR", 10 0, L_0x7f925d66c070;  1 drivers
v0x7f925d63bff0_0 .net "WCLK", 0 0, L_0x7f925d66b0f0;  1 drivers
v0x7f925d63c090_0 .net "WCLKE", 0 0, L_0x7f925d66b720;  1 drivers
v0x7f925d63c130_0 .net "WDATA", 15 0, L_0x7f925d66e1f0;  1 drivers
v0x7f925d63c1e0_0 .net "WDATA_I", 15 0, L_0x7f925d669480;  1 drivers
v0x7f925d63c290_0 .net "WE", 0 0, L_0x7f925d66b580;  1 drivers
v0x7f925d63c330_0 .net "WMASK_I", 15 0, L_0x7f925d6693d0;  1 drivers
v0x7f925d63c3e0_0 .var/i "i", 31 0;
v0x7f925d63c490 .array "memory", 255 0, 15 0;
E_0x7f925d63b1f0 .event posedge, v0x7f925d63baa0_0;
E_0x7f925d63b240 .event posedge, v0x7f925d63bff0_0;
S_0x7f925d63b290 .scope generate, "genblk1" "genblk1" 2 1534, 2 1534 0, S_0x7f925d6399a0;
 .timescale -12 -12;
L_0x7f925d6693d0 .functor BUFZ 16, L_0x7f925d66cfe0, C4<0000000000000000>, C4<0000000000000000>, C4<0000000000000000>;
S_0x7f925d63b460 .scope generate, "genblk2" "genblk2" 2 1555, 2 1555 0, S_0x7f925d6399a0;
 .timescale -12 -12;
S_0x7f925d63b630 .scope generate, "genblk3" "genblk3" 2 1576, 2 1576 0, S_0x7f925d6399a0;
 .timescale -12 -12;
L_0x7f925d669480 .functor BUFZ 16, L_0x7f925d66e1f0, C4<0000000000000000>, C4<0000000000000000>, C4<0000000000000000>;
S_0x7f925d63b7a0 .scope generate, "genblk4" "genblk4" 2 1595, 2 1595 0, S_0x7f925d6399a0;
 .timescale -12 -12;
S_0x7f925d63c700 .scope function.vec4.s1, "pd" "pd" 2 3200, 2 3200 0, S_0x7f925d616510;
 .timescale -12 -12;
; Variable pd is vec4 return value of scope S_0x7f925d63c700
v0x7f925d63c900_0 .var "x", 0 0;
TD_ICESTORM_RAM.pd ;
    %load/vec4 v0x7f925d63c900_0;
    %cmpi/e 0, 1, 1;
    %flag_mov 8, 6;
    %jmp/0 T_0.0, 8;
    %pushi/vec4 0, 0, 1;
    %jmp/1 T_0.1, 8;
T_0.0 ; End of true expr.
    %load/vec4 v0x7f925d63c900_0;
    %jmp/0 T_0.1, 8;
 ; End of false expr.
    %blend;
T_0.1;
    %ret/vec4 0, 0, 1;  Assign to pd (store_vec4_to_lval)
    %end;
S_0x7f925d63c990 .scope function.vec4.s1, "pu" "pu" 2 3207, 2 3207 0, S_0x7f925d616510;
 .timescale -12 -12;
; Variable pu is vec4 return value of scope S_0x7f925d63c990
v0x7f925d63cbb0_0 .var "x", 0 0;
TD_ICESTORM_RAM.pu ;
    %load/vec4 v0x7f925d63cbb0_0;
    %cmpi/e 0, 1, 1;
    %flag_mov 8, 6;
    %jmp/0 T_1.2, 8;
    %pushi/vec4 1, 0, 1;
    %jmp/1 T_1.3, 8;
T_1.2 ; End of true expr.
    %load/vec4 v0x7f925d63cbb0_0;
    %jmp/0 T_1.3, 8;
 ; End of false expr.
    %blend;
T_1.3;
    %ret/vec4 0, 0, 1;  Assign to pu (store_vec4_to_lval)
    %end;
S_0x7f925d617eb0 .scope module, "SB_CARRY" "SB_CARRY" 2 228;
 .timescale -12 -12;
    .port_info 0 /OUTPUT 1 "CO";
    .port_info 1 /INPUT 1 "I0";
    .port_info 2 /INPUT 1 "I1";
    .port_info 3 /INPUT 1 "CI";
o0x7f925d745968 .functor BUFZ 1, C4<z>; HiZ drive
o0x7f925d745998 .functor BUFZ 1, C4<z>; HiZ drive
L_0x7f925d66eb20 .functor AND 1, o0x7f925d745968, o0x7f925d745998, C4<1>, C4<1>;
L_0x7f925d66eb90 .functor OR 1, o0x7f925d745968, o0x7f925d745998, C4<0>, C4<0>;
o0x7f925d745908 .functor BUFZ 1, C4<z>; HiZ drive
L_0x7f925d66ec80 .functor AND 1, L_0x7f925d66eb90, o0x7f925d745908, C4<1>, C4<1>;
L_0x7f925d66ed30 .functor OR 1, L_0x7f925d66eb20, L_0x7f925d66ec80, C4<0>, C4<0>;
v0x7f925d617c50_0 .net "CI", 0 0, o0x7f925d745908;  0 drivers
v0x7f925d617d00_0 .net "CO", 0 0, L_0x7f925d66ed30;  1 drivers
v0x7f925d617da0_0 .net "I0", 0 0, o0x7f925d745968;  0 drivers
v0x7f925d642b50_0 .net "I1", 0 0, o0x7f925d745998;  0 drivers
v0x7f925d642be0_0 .net *"_ivl_1", 0 0, L_0x7f925d66eb20;  1 drivers
v0x7f925d642c70_0 .net *"_ivl_3", 0 0, L_0x7f925d66eb90;  1 drivers
v0x7f925d642d00_0 .net *"_ivl_5", 0 0, L_0x7f925d66ec80;  1 drivers
S_0x7f925d6180a0 .scope module, "SB_DFF" "SB_DFF" 2 265;
 .timescale -12 -12;
    .port_info 0 /OUTPUT 1 "Q";
    .port_info 1 /INPUT 1 "C";
    .port_info 2 /INPUT 1 "D";
o0x7f925d745b18 .functor BUFZ 1, C4<z>; HiZ drive
v0x7f925d642dd0_0 .net "C", 0 0, o0x7f925d745b18;  0 drivers
o0x7f925d745b48 .functor BUFZ 1, C4<z>; HiZ drive
v0x7f925d642e80_0 .net "D", 0 0, o0x7f925d745b48;  0 drivers
v0x7f925d642f20_0 .var "Q", 0 0;
E_0x7f925d642d90 .event posedge, v0x7f925d642dd0_0;
S_0x7f925d6182a0 .scope module, "SB_DFFE" "SB_DFFE" 2 303;
 .timescale -12 -12;
    .port_info 0 /OUTPUT 1 "Q";
    .port_info 1 /INPUT 1 "C";
    .port_info 2 /INPUT 1 "E";
    .port_info 3 /INPUT 1 "D";
o0x7f925d745c38 .functor BUFZ 1, C4<z>; HiZ drive
v0x7f925d643060_0 .net "C", 0 0, o0x7f925d745c38;  0 drivers
o0x7f925d745c68 .functor BUFZ 1, C4<z>; HiZ drive
v0x7f925d643110_0 .net "D", 0 0, o0x7f925d745c68;  0 drivers
o0x7f925d745c98 .functor BUFZ 1, C4<z>; HiZ drive
v0x7f925d6431b0_0 .net "E", 0 0, o0x7f925d745c98;  0 drivers
v0x7f925d643240_0 .var "Q", 0 0;
E_0x7f925d643000 .event posedge, v0x7f925d643060_0;
S_0x7f925d618520 .scope module, "SB_DFFER" "SB_DFFER" 2 653;
 .timescale -12 -12;
    .port_info 0 /OUTPUT 1 "Q";
    .port_info 1 /INPUT 1 "C";
    .port_info 2 /INPUT 1 "E";
    .port_info 3 /INPUT 1 "R";
    .port_info 4 /INPUT 1 "D";
o0x7f925d745db8 .functor BUFZ 1, C4<z>; HiZ drive
v0x7f925d6433a0_0 .net "C", 0 0, o0x7f925d745db8;  0 drivers
o0x7f925d745de8 .functor BUFZ 1, C4<z>; HiZ drive
v0x7f925d643450_0 .net "D", 0 0, o0x7f925d745de8;  0 drivers
o0x7f925d745e18 .functor BUFZ 1, C4<z>; HiZ drive
v0x7f925d6434f0_0 .net "E", 0 0, o0x7f925d745e18;  0 drivers
v0x7f925d643580_0 .var "Q", 0 0;
o0x7f925d745e78 .functor BUFZ 1, C4<z>; HiZ drive
v0x7f925d643620_0 .net "R", 0 0, o0x7f925d745e78;  0 drivers
E_0x7f925d643340 .event posedge, v0x7f925d643620_0, v0x7f925d6433a0_0;
S_0x7f925d618790 .scope module, "SB_DFFES" "SB_DFFES" 2 794;
 .timescale -12 -12;
    .port_info 0 /OUTPUT 1 "Q";
    .port_info 1 /INPUT 1 "C";
    .port_info 2 /INPUT 1 "E";
    .port_info 3 /INPUT 1 "S";
    .port_info 4 /INPUT 1 "D";
o0x7f925d745f98 .functor BUFZ 1, C4<z>; HiZ drive
v0x7f925d6437c0_0 .net "C", 0 0, o0x7f925d745f98;  0 drivers
o0x7f925d745fc8 .functor BUFZ 1, C4<z>; HiZ drive
v0x7f925d643870_0 .net "D", 0 0, o0x7f925d745fc8;  0 drivers
o0x7f925d745ff8 .functor BUFZ 1, C4<z>; HiZ drive
v0x7f925d643910_0 .net "E", 0 0, o0x7f925d745ff8;  0 drivers
v0x7f925d6439a0_0 .var "Q", 0 0;
o0x7f925d746058 .functor BUFZ 1, C4<z>; HiZ drive
v0x7f925d643a30_0 .net "S", 0 0, o0x7f925d746058;  0 drivers
E_0x7f925d643780 .event posedge, v0x7f925d643a30_0, v0x7f925d6437c0_0;
S_0x7f925d618a00 .scope module, "SB_DFFESR" "SB_DFFESR" 2 592;
 .timescale -12 -12;
    .port_info 0 /OUTPUT 1 "Q";
    .port_info 1 /INPUT 1 "C";
    .port_info 2 /INPUT 1 "E";
    .port_info 3 /INPUT 1 "R";
    .port_info 4 /INPUT 1 "D";
o0x7f925d746178 .functor BUFZ 1, C4<z>; HiZ drive
v0x7f925d643bd0_0 .net "C", 0 0, o0x7f925d746178;  0 drivers
o0x7f925d7461a8 .functor BUFZ 1, C4<z>; HiZ drive
v0x7f925d643c80_0 .net "D", 0 0, o0x7f925d7461a8;  0 drivers
o0x7f925d7461d8 .functor BUFZ 1, C4<z>; HiZ drive
v0x7f925d643d20_0 .net "E", 0 0, o0x7f925d7461d8;  0 drivers
v0x7f925d643db0_0 .var "Q", 0 0;
o0x7f925d746238 .functor BUFZ 1, C4<z>; HiZ drive
v0x7f925d643e40_0 .net "R", 0 0, o0x7f925d746238;  0 drivers
E_0x7f925d643b90 .event posedge, v0x7f925d643bd0_0;
S_0x7f925d618c70 .scope module, "SB_DFFESS" "SB_DFFESS" 2 733;
 .timescale -12 -12;
    .port_info 0 /OUTPUT 1 "Q";
    .port_info 1 /INPUT 1 "C";
    .port_info 2 /INPUT 1 "E";
    .port_info 3 /INPUT 1 "S";
    .port_info 4 /INPUT 1 "D";
o0x7f925d746358 .functor BUFZ 1, C4<z>; HiZ drive
v0x7f925d643fe0_0 .net "C", 0 0, o0x7f925d746358;  0 drivers
o0x7f925d746388 .functor BUFZ 1, C4<z>; HiZ drive
v0x7f925d644090_0 .net "D", 0 0, o0x7f925d746388;  0 drivers
o0x7f925d7463b8 .functor BUFZ 1, C4<z>; HiZ drive
v0x7f925d644130_0 .net "E", 0 0, o0x7f925d7463b8;  0 drivers
v0x7f925d6441c0_0 .var "Q", 0 0;
o0x7f925d746418 .functor BUFZ 1, C4<z>; HiZ drive
v0x7f925d644250_0 .net "S", 0 0, o0x7f925d746418;  0 drivers
E_0x7f925d643fa0 .event posedge, v0x7f925d643fe0_0;
S_0x7f925d618f60 .scope module, "SB_DFFN" "SB_DFFN" 2 876;
 .timescale -12 -12;
    .port_info 0 /OUTPUT 1 "Q";
    .port_info 1 /INPUT 1 "C";
    .port_info 2 /INPUT 1 "D";
o0x7f925d746538 .functor BUFZ 1, C4<z>; HiZ drive
v0x7f925d6443f0_0 .net "C", 0 0, o0x7f925d746538;  0 drivers
o0x7f925d746568 .functor BUFZ 1, C4<z>; HiZ drive
v0x7f925d6444a0_0 .net "D", 0 0, o0x7f925d746568;  0 drivers
v0x7f925d644540_0 .var "Q", 0 0;
E_0x7f925d6443b0 .event negedge, v0x7f925d6443f0_0;
S_0x7f925d619160 .scope module, "SB_DFFNE" "SB_DFFNE" 2 914;
 .timescale -12 -12;
    .port_info 0 /OUTPUT 1 "Q";
    .port_info 1 /INPUT 1 "C";
    .port_info 2 /INPUT 1 "E";
    .port_info 3 /INPUT 1 "D";
o0x7f925d746658 .functor BUFZ 1, C4<z>; HiZ drive
v0x7f925d644670_0 .net "C", 0 0, o0x7f925d746658;  0 drivers
o0x7f925d746688 .functor BUFZ 1, C4<z>; HiZ drive
v0x7f925d644720_0 .net "D", 0 0, o0x7f925d746688;  0 drivers
o0x7f925d7466b8 .functor BUFZ 1, C4<z>; HiZ drive
v0x7f925d6447c0_0 .net "E", 0 0, o0x7f925d7466b8;  0 drivers
v0x7f925d644850_0 .var "Q", 0 0;
E_0x7f925d644610 .event negedge, v0x7f925d644670_0;
S_0x7f925d619370 .scope module, "SB_DFFNER" "SB_DFFNER" 2 1264;
 .timescale -12 -12;
    .port_info 0 /OUTPUT 1 "Q";
    .port_info 1 /INPUT 1 "C";
    .port_info 2 /INPUT 1 "E";
    .port_info 3 /INPUT 1 "R";
    .port_info 4 /INPUT 1 "D";
o0x7f925d7467d8 .functor BUFZ 1, C4<z>; HiZ drive
v0x7f925d6449b0_0 .net "C", 0 0, o0x7f925d7467d8;  0 drivers
o0x7f925d746808 .functor BUFZ 1, C4<z>; HiZ drive
v0x7f925d644a60_0 .net "D", 0 0, o0x7f925d746808;  0 drivers
o0x7f925d746838 .functor BUFZ 1, C4<z>; HiZ drive
v0x7f925d644b00_0 .net "E", 0 0, o0x7f925d746838;  0 drivers
v0x7f925d644b90_0 .var "Q", 0 0;
o0x7f925d746898 .functor BUFZ 1, C4<z>; HiZ drive
v0x7f925d644c30_0 .net "R", 0 0, o0x7f925d746898;  0 drivers
E_0x7f925d644950/0 .event negedge, v0x7f925d6449b0_0;
E_0x7f925d644950/1 .event posedge, v0x7f925d644c30_0;
E_0x7f925d644950 .event/or E_0x7f925d644950/0, E_0x7f925d644950/1;
S_0x7f925d6195e0 .scope module, "SB_DFFNES" "SB_DFFNES" 2 1405;
 .timescale -12 -12;
    .port_info 0 /OUTPUT 1 "Q";
    .port_info 1 /INPUT 1 "C";
    .port_info 2 /INPUT 1 "E";
    .port_info 3 /INPUT 1 "S";
    .port_info 4 /INPUT 1 "D";
o0x7f925d7469b8 .functor BUFZ 1, C4<z>; HiZ drive
v0x7f925d644dd0_0 .net "C", 0 0, o0x7f925d7469b8;  0 drivers
o0x7f925d7469e8 .functor BUFZ 1, C4<z>; HiZ drive
v0x7f925d644e80_0 .net "D", 0 0, o0x7f925d7469e8;  0 drivers
o0x7f925d746a18 .functor BUFZ 1, C4<z>; HiZ drive
v0x7f925d644f20_0 .net "E", 0 0, o0x7f925d746a18;  0 drivers
v0x7f925d644fb0_0 .var "Q", 0 0;
o0x7f925d746a78 .functor BUFZ 1, C4<z>; HiZ drive
v0x7f925d645040_0 .net "S", 0 0, o0x7f925d746a78;  0 drivers
E_0x7f925d644d90/0 .event negedge, v0x7f925d644dd0_0;
E_0x7f925d644d90/1 .event posedge, v0x7f925d645040_0;
E_0x7f925d644d90 .event/or E_0x7f925d644d90/0, E_0x7f925d644d90/1;
S_0x7f925d619850 .scope module, "SB_DFFNESR" "SB_DFFNESR" 2 1203;
 .timescale -12 -12;
    .port_info 0 /OUTPUT 1 "Q";
    .port_info 1 /INPUT 1 "C";
    .port_info 2 /INPUT 1 "E";
    .port_info 3 /INPUT 1 "R";
    .port_info 4 /INPUT 1 "D";
o0x7f925d746b98 .functor BUFZ 1, C4<z>; HiZ drive
v0x7f925d6451e0_0 .net "C", 0 0, o0x7f925d746b98;  0 drivers
o0x7f925d746bc8 .functor BUFZ 1, C4<z>; HiZ drive
v0x7f925d645290_0 .net "D", 0 0, o0x7f925d746bc8;  0 drivers
o0x7f925d746bf8 .functor BUFZ 1, C4<z>; HiZ drive
v0x7f925d645330_0 .net "E", 0 0, o0x7f925d746bf8;  0 drivers
v0x7f925d6453c0_0 .var "Q", 0 0;
o0x7f925d746c58 .functor BUFZ 1, C4<z>; HiZ drive
v0x7f925d645450_0 .net "R", 0 0, o0x7f925d746c58;  0 drivers
E_0x7f925d6451a0 .event negedge, v0x7f925d6451e0_0;
S_0x7f925d619ac0 .scope module, "SB_DFFNESS" "SB_DFFNESS" 2 1344;
 .timescale -12 -12;
    .port_info 0 /OUTPUT 1 "Q";
    .port_info 1 /INPUT 1 "C";
    .port_info 2 /INPUT 1 "E";
    .port_info 3 /INPUT 1 "S";
    .port_info 4 /INPUT 1 "D";
o0x7f925d746d78 .functor BUFZ 1, C4<z>; HiZ drive
v0x7f925d6455f0_0 .net "C", 0 0, o0x7f925d746d78;  0 drivers
o0x7f925d746da8 .functor BUFZ 1, C4<z>; HiZ drive
v0x7f925d6456a0_0 .net "D", 0 0, o0x7f925d746da8;  0 drivers
o0x7f925d746dd8 .functor BUFZ 1, C4<z>; HiZ drive
v0x7f925d645740_0 .net "E", 0 0, o0x7f925d746dd8;  0 drivers
v0x7f925d6457d0_0 .var "Q", 0 0;
o0x7f925d746e38 .functor BUFZ 1, C4<z>; HiZ drive
v0x7f925d645860_0 .net "S", 0 0, o0x7f925d746e38;  0 drivers
E_0x7f925d6455b0 .event negedge, v0x7f925d6455f0_0;
S_0x7f925d619d30 .scope module, "SB_DFFNR" "SB_DFFNR" 2 1011;
 .timescale -12 -12;
    .port_info 0 /OUTPUT 1 "Q";
    .port_info 1 /INPUT 1 "C";
    .port_info 2 /INPUT 1 "R";
    .port_info 3 /INPUT 1 "D";
o0x7f925d746f58 .functor BUFZ 1, C4<z>; HiZ drive
v0x7f925d645a00_0 .net "C", 0 0, o0x7f925d746f58;  0 drivers
o0x7f925d746f88 .functor BUFZ 1, C4<z>; HiZ drive
v0x7f925d645ab0_0 .net "D", 0 0, o0x7f925d746f88;  0 drivers
v0x7f925d645b50_0 .var "Q", 0 0;
o0x7f925d746fe8 .functor BUFZ 1, C4<z>; HiZ drive
v0x7f925d645be0_0 .net "R", 0 0, o0x7f925d746fe8;  0 drivers
E_0x7f925d6459c0/0 .event negedge, v0x7f925d645a00_0;
E_0x7f925d6459c0/1 .event posedge, v0x7f925d645be0_0;
E_0x7f925d6459c0 .event/or E_0x7f925d6459c0/0, E_0x7f925d6459c0/1;
S_0x7f925d619f70 .scope module, "SB_DFFNS" "SB_DFFNS" 2 1132;
 .timescale -12 -12;
    .port_info 0 /OUTPUT 1 "Q";
    .port_info 1 /INPUT 1 "C";
    .port_info 2 /INPUT 1 "S";
    .port_info 3 /INPUT 1 "D";
o0x7f925d7470d8 .functor BUFZ 1, C4<z>; HiZ drive
v0x7f925d645d30_0 .net "C", 0 0, o0x7f925d7470d8;  0 drivers
o0x7f925d747108 .functor BUFZ 1, C4<z>; HiZ drive
v0x7f925d645de0_0 .net "D", 0 0, o0x7f925d747108;  0 drivers
v0x7f925d645e80_0 .var "Q", 0 0;
o0x7f925d747168 .functor BUFZ 1, C4<z>; HiZ drive
v0x7f925d645f10_0 .net "S", 0 0, o0x7f925d747168;  0 drivers
E_0x7f925d645cd0/0 .event negedge, v0x7f925d645d30_0;
E_0x7f925d645cd0/1 .event posedge, v0x7f925d645f10_0;
E_0x7f925d645cd0 .event/or E_0x7f925d645cd0/0, E_0x7f925d645cd0/1;
S_0x7f925d61a2b0 .scope module, "SB_DFFNSR" "SB_DFFNSR" 2 961;
 .timescale -12 -12;
    .port_info 0 /OUTPUT 1 "Q";
    .port_info 1 /INPUT 1 "C";
    .port_info 2 /INPUT 1 "R";
    .port_info 3 /INPUT 1 "D";
o0x7f925d747258 .functor BUFZ 1, C4<z>; HiZ drive
v0x7f925d646070_0 .net "C", 0 0, o0x7f925d747258;  0 drivers
o0x7f925d747288 .functor BUFZ 1, C4<z>; HiZ drive
v0x7f925d646120_0 .net "D", 0 0, o0x7f925d747288;  0 drivers
v0x7f925d6461c0_0 .var "Q", 0 0;
o0x7f925d7472e8 .functor BUFZ 1, C4<z>; HiZ drive
v0x7f925d646250_0 .net "R", 0 0, o0x7f925d7472e8;  0 drivers
E_0x7f925d646010 .event negedge, v0x7f925d646070_0;
S_0x7f925d61a4d0 .scope module, "SB_DFFNSS" "SB_DFFNSS" 2 1082;
 .timescale -12 -12;
    .port_info 0 /OUTPUT 1 "Q";
    .port_info 1 /INPUT 1 "C";
    .port_info 2 /INPUT 1 "S";
    .port_info 3 /INPUT 1 "D";
o0x7f925d7473d8 .functor BUFZ 1, C4<z>; HiZ drive
v0x7f925d6463b0_0 .net "C", 0 0, o0x7f925d7473d8;  0 drivers
o0x7f925d747408 .functor BUFZ 1, C4<z>; HiZ drive
v0x7f925d646460_0 .net "D", 0 0, o0x7f925d747408;  0 drivers
v0x7f925d646500_0 .var "Q", 0 0;
o0x7f925d747468 .functor BUFZ 1, C4<z>; HiZ drive
v0x7f925d646590_0 .net "S", 0 0, o0x7f925d747468;  0 drivers
E_0x7f925d646350 .event negedge, v0x7f925d6463b0_0;
S_0x7f925d61a6c0 .scope module, "SB_DFFR" "SB_DFFR" 2 400;
 .timescale -12 -12;
    .port_info 0 /OUTPUT 1 "Q";
    .port_info 1 /INPUT 1 "C";
    .port_info 2 /INPUT 1 "R";
    .port_info 3 /INPUT 1 "D";
o0x7f925d747558 .functor BUFZ 1, C4<z>; HiZ drive
v0x7f925d6466f0_0 .net "C", 0 0, o0x7f925d747558;  0 drivers
o0x7f925d747588 .functor BUFZ 1, C4<z>; HiZ drive
v0x7f925d6467a0_0 .net "D", 0 0, o0x7f925d747588;  0 drivers
v0x7f925d646840_0 .var "Q", 0 0;
o0x7f925d7475e8 .functor BUFZ 1, C4<z>; HiZ drive
v0x7f925d6468d0_0 .net "R", 0 0, o0x7f925d7475e8;  0 drivers
E_0x7f925d646690 .event posedge, v0x7f925d6468d0_0, v0x7f925d6466f0_0;
S_0x7f925d61a900 .scope module, "SB_DFFS" "SB_DFFS" 2 521;
 .timescale -12 -12;
    .port_info 0 /OUTPUT 1 "Q";
    .port_info 1 /INPUT 1 "C";
    .port_info 2 /INPUT 1 "S";
    .port_info 3 /INPUT 1 "D";
o0x7f925d7476d8 .functor BUFZ 1, C4<z>; HiZ drive
v0x7f925d646a30_0 .net "C", 0 0, o0x7f925d7476d8;  0 drivers
o0x7f925d747708 .functor BUFZ 1, C4<z>; HiZ drive
v0x7f925d646ae0_0 .net "D", 0 0, o0x7f925d747708;  0 drivers
v0x7f925d646b80_0 .var "Q", 0 0;
o0x7f925d747768 .functor BUFZ 1, C4<z>; HiZ drive
v0x7f925d646c10_0 .net "S", 0 0, o0x7f925d747768;  0 drivers
E_0x7f925d6469d0 .event posedge, v0x7f925d646c10_0, v0x7f925d646a30_0;
S_0x7f925d61ab40 .scope module, "SB_DFFSR" "SB_DFFSR" 2 350;
 .timescale -12 -12;
    .port_info 0 /OUTPUT 1 "Q";
    .port_info 1 /INPUT 1 "C";
    .port_info 2 /INPUT 1 "R";
    .port_info 3 /INPUT 1 "D";
o0x7f925d747858 .functor BUFZ 1, C4<z>; HiZ drive
v0x7f925d646d70_0 .net "C", 0 0, o0x7f925d747858;  0 drivers
o0x7f925d747888 .functor BUFZ 1, C4<z>; HiZ drive
v0x7f925d646e20_0 .net "D", 0 0, o0x7f925d747888;  0 drivers
v0x7f925d646ec0_0 .var "Q", 0 0;
o0x7f925d7478e8 .functor BUFZ 1, C4<z>; HiZ drive
v0x7f925d646f50_0 .net "R", 0 0, o0x7f925d7478e8;  0 drivers
E_0x7f925d646d10 .event posedge, v0x7f925d646d70_0;
S_0x7f925d61ad80 .scope module, "SB_DFFSS" "SB_DFFSS" 2 471;
 .timescale -12 -12;
    .port_info 0 /OUTPUT 1 "Q";
    .port_info 1 /INPUT 1 "C";
    .port_info 2 /INPUT 1 "S";
    .port_info 3 /INPUT 1 "D";
o0x7f925d7479d8 .functor BUFZ 1, C4<z>; HiZ drive
v0x7f925d6470b0_0 .net "C", 0 0, o0x7f925d7479d8;  0 drivers
o0x7f925d747a08 .functor BUFZ 1, C4<z>; HiZ drive
v0x7f925d647160_0 .net "D", 0 0, o0x7f925d747a08;  0 drivers
v0x7f925d647200_0 .var "Q", 0 0;
o0x7f925d747a68 .functor BUFZ 1, C4<z>; HiZ drive
v0x7f925d647290_0 .net "S", 0 0, o0x7f925d747a68;  0 drivers
E_0x7f925d647050 .event posedge, v0x7f925d6470b0_0;
S_0x7f925d61afc0 .scope module, "SB_FILTER_50NS" "SB_FILTER_50NS" 2 2856;
 .timescale -12 -12;
    .port_info 0 /INPUT 1 "FILTERIN";
    .port_info 1 /OUTPUT 1 "FILTEROUT";
o0x7f925d747b58 .functor BUFZ 1, C4<z>; HiZ drive
v0x7f925d647390_0 .net "FILTERIN", 0 0, o0x7f925d747b58;  0 drivers
o0x7f925d747b88 .functor BUFZ 1, C4<z>; HiZ drive
v0x7f925d647440_0 .net "FILTEROUT", 0 0, o0x7f925d747b88;  0 drivers
S_0x7f925d61b190 .scope module, "SB_GB" "SB_GB" 2 162;
 .timescale -12 -12;
    .port_info 0 /INPUT 1 "USER_SIGNAL_TO_GLOBAL_BUFFER";
    .port_info 1 /OUTPUT 1 "GLOBAL_BUFFER_OUTPUT";
o0x7f925d747c48 .functor BUFZ 1, C4<z>; HiZ drive
L_0x7f925d66ee20 .functor BUFZ 1, o0x7f925d747c48, C4<0>, C4<0>, C4<0>;
v0x7f925d6474f0_0 .net "GLOBAL_BUFFER_OUTPUT", 0 0, L_0x7f925d66ee20;  1 drivers
v0x7f925d647590_0 .net "USER_SIGNAL_TO_GLOBAL_BUFFER", 0 0, o0x7f925d747c48;  0 drivers
S_0x7f925d61b340 .scope module, "SB_GB_IO" "SB_GB_IO" 2 123;
 .timescale -12 -12;
    .port_info 0 /INOUT 1 "PACKAGE_PIN";
    .port_info 1 /OUTPUT 1 "GLOBAL_BUFFER_OUTPUT";
    .port_info 2 /INPUT 1 "LATCH_INPUT_VALUE";
    .port_info 3 /INPUT 1 "CLOCK_ENABLE";
    .port_info 4 /INPUT 1 "INPUT_CLK";
    .port_info 5 /INPUT 1 "OUTPUT_CLK";
    .port_info 6 /INPUT 1 "OUTPUT_ENABLE";
    .port_info 7 /INPUT 1 "D_OUT_0";
    .port_info 8 /INPUT 1 "D_OUT_1";
    .port_info 9 /OUTPUT 1 "D_IN_0";
    .port_info 10 /OUTPUT 1 "D_IN_1";
P_0x7f925d61b4b0 .param/str "IO_STANDARD" 0 2 139, "SB_LVCMOS";
P_0x7f925d61b4f0 .param/l "NEG_TRIGGER" 0 2 138, C4<0>;
P_0x7f925d61b530 .param/l "PIN_TYPE" 0 2 136, C4<000000>;
P_0x7f925d61b570 .param/l "PULLUP" 0 2 137, C4<0>;
o0x7f925d747e88 .functor BUFZ 1, C4<z>; HiZ drive
L_0x7f925d66ee90 .functor BUFZ 1, o0x7f925d747e88, C4<0>, C4<0>, C4<0>;
o0x7f925d747cd8 .functor BUFZ 1, C4<z>; HiZ drive
v0x7f925d6492b0_0 .net "CLOCK_ENABLE", 0 0, o0x7f925d747cd8;  0 drivers
v0x7f925d649340_0 .net "D_IN_0", 0 0, L_0x7f925d66f0d0;  1 drivers
v0x7f925d6493d0_0 .net "D_IN_1", 0 0, L_0x7f925d66f180;  1 drivers
o0x7f925d747d68 .functor BUFZ 1, C4<z>; HiZ drive
v0x7f925d649460_0 .net "D_OUT_0", 0 0, o0x7f925d747d68;  0 drivers
o0x7f925d747d98 .functor BUFZ 1, C4<z>; HiZ drive
v0x7f925d6494f0_0 .net "D_OUT_1", 0 0, o0x7f925d747d98;  0 drivers
v0x7f925d6495c0_0 .net "GLOBAL_BUFFER_OUTPUT", 0 0, L_0x7f925d66ee90;  1 drivers
o0x7f925d747dc8 .functor BUFZ 1, C4<z>; HiZ drive
v0x7f925d649650_0 .net "INPUT_CLK", 0 0, o0x7f925d747dc8;  0 drivers
o0x7f925d747df8 .functor BUFZ 1, C4<z>; HiZ drive
v0x7f925d6496e0_0 .net "LATCH_INPUT_VALUE", 0 0, o0x7f925d747df8;  0 drivers
o0x7f925d747e28 .functor BUFZ 1, C4<z>; HiZ drive
v0x7f925d649790_0 .net "OUTPUT_CLK", 0 0, o0x7f925d747e28;  0 drivers
o0x7f925d747e58 .functor BUFZ 1, C4<z>; HiZ drive
v0x7f925d6498c0_0 .net "OUTPUT_ENABLE", 0 0, o0x7f925d747e58;  0 drivers
v0x7f925d649950_0 .net "PACKAGE_PIN", 0 0, o0x7f925d747e88;  0 drivers
S_0x7f925d647660 .scope module, "IO" "SB_IO" 2 148, 2 17 0, S_0x7f925d61b340;
 .timescale -12 -12;
    .port_info 0 /INOUT 1 "PACKAGE_PIN";
    .port_info 1 /INPUT 1 "LATCH_INPUT_VALUE";
    .port_info 2 /INPUT 1 "CLOCK_ENABLE";
    .port_info 3 /INPUT 1 "INPUT_CLK";
    .port_info 4 /INPUT 1 "OUTPUT_CLK";
    .port_info 5 /INPUT 1 "OUTPUT_ENABLE";
    .port_info 6 /INPUT 1 "D_OUT_0";
    .port_info 7 /INPUT 1 "D_OUT_1";
    .port_info 8 /OUTPUT 1 "D_IN_0";
    .port_info 9 /OUTPUT 1 "D_IN_1";
P_0x7f925d647820 .param/str "IO_STANDARD" 0 2 32, "SB_LVCMOS";
P_0x7f925d647860 .param/l "NEG_TRIGGER" 0 2 31, C4<0>;
P_0x7f925d6478a0 .param/l "PIN_TYPE" 0 2 29, C4<000000>;
P_0x7f925d6478e0 .param/l "PULLUP" 0 2 30, C4<0>;
L_0x7f925d66f020 .functor OR 1, o0x7f925d747cd8, L_0x7f925d66ef40, C4<0>, C4<0>;
L_0x7f925d66f0d0 .functor BUFZ 1, v0x7f925d648ac0_0, C4<0>, C4<0>, C4<0>;
L_0x7f925d66f180 .functor BUFZ 1, v0x7f925d648b60_0, C4<0>, C4<0>, C4<0>;
v0x7f925d648090_0 .net "CLOCK_ENABLE", 0 0, o0x7f925d747cd8;  alias, 0 drivers
v0x7f925d648140_0 .net "D_IN_0", 0 0, L_0x7f925d66f0d0;  alias, 1 drivers
v0x7f925d6481e0_0 .net "D_IN_1", 0 0, L_0x7f925d66f180;  alias, 1 drivers
v0x7f925d648290_0 .net "D_OUT_0", 0 0, o0x7f925d747d68;  alias, 0 drivers
v0x7f925d648330_0 .net "D_OUT_1", 0 0, o0x7f925d747d98;  alias, 0 drivers
v0x7f925d648410_0 .net "INPUT_CLK", 0 0, o0x7f925d747dc8;  alias, 0 drivers
v0x7f925d6484b0_0 .net "LATCH_INPUT_VALUE", 0 0, o0x7f925d747df8;  alias, 0 drivers
v0x7f925d648550_0 .net "OUTPUT_CLK", 0 0, o0x7f925d747e28;  alias, 0 drivers
v0x7f925d6485f0_0 .net "OUTPUT_ENABLE", 0 0, o0x7f925d747e58;  alias, 0 drivers
v0x7f925d648700_0 .net "PACKAGE_PIN", 0 0, o0x7f925d747e88;  alias, 0 drivers
o0x7f925d747eb8 .functor BUFZ 1, C4<z>; HiZ drive
; Elide local net with no drivers, v0x7f925d648790_0 name=_ivl_0
v0x7f925d648840_0 .net *"_ivl_2", 0 0, L_0x7f925d66ef40;  1 drivers
v0x7f925d6488e0_0 .net "clken_pulled", 0 0, L_0x7f925d66f020;  1 drivers
v0x7f925d648980_0 .var "clken_pulled_ri", 0 0;
v0x7f925d648a20_0 .var "clken_pulled_ro", 0 0;
v0x7f925d648ac0_0 .var "din_0", 0 0;
v0x7f925d648b60_0 .var "din_1", 0 0;
v0x7f925d648cf0_0 .var "din_q_0", 0 0;
v0x7f925d648d80_0 .var "din_q_1", 0 0;
v0x7f925d648e10_0 .var "dout", 0 0;
v0x7f925d648ea0_0 .var "dout_q_0", 0 0;
v0x7f925d648f40_0 .var "dout_q_1", 0 0;
v0x7f925d648fe0_0 .var "outclk_delayed_1", 0 0;
v0x7f925d649080_0 .var "outclk_delayed_2", 0 0;
v0x7f925d649120_0 .var "outena_q", 0 0;
E_0x7f925d647c20 .event anyedge, v0x7f925d649080_0, v0x7f925d648ea0_0, v0x7f925d648f40_0;
E_0x7f925d647c60 .event anyedge, v0x7f925d648fe0_0;
E_0x7f925d647cb0 .event anyedge, v0x7f925d648550_0;
E_0x7f925d647d10 .event anyedge, v0x7f925d648cf0_0, v0x7f925d648d80_0;
L_0x7f925d66ef40 .cmp/eeq 1, o0x7f925d747cd8, o0x7f925d747eb8;
S_0x7f925d647d60 .scope generate, "genblk1" "genblk1" 2 45, 2 45 0, S_0x7f925d647660;
 .timescale -12 -12;
E_0x7f925d647f30 .event posedge, v0x7f925d648550_0;
E_0x7f925d647f90 .event negedge, v0x7f925d648550_0;
E_0x7f925d647fe0 .event negedge, v0x7f925d648410_0;
E_0x7f925d648040 .event posedge, v0x7f925d648410_0;
S_0x7f925d61b8c0 .scope module, "SB_HFOSC" "SB_HFOSC" 2 2664;
 .timescale -12 -12;
    .port_info 0 /INPUT 1 "TRIM0";
    .port_info 1 /INPUT 1 "TRIM1";
    .port_info 2 /INPUT 1 "TRIM2";
    .port_info 3 /INPUT 1 "TRIM3";
    .port_info 4 /INPUT 1 "TRIM4";
    .port_info 5 /INPUT 1 "TRIM5";
    .port_info 6 /INPUT 1 "TRIM6";
    .port_info 7 /INPUT 1 "TRIM7";
    .port_info 8 /INPUT 1 "TRIM8";
    .port_info 9 /INPUT 1 "TRIM9";
    .port_info 10 /INPUT 1 "CLKHFPU";
    .port_info 11 /INPUT 1 "CLKHFEN";
    .port_info 12 /OUTPUT 1 "CLKHF";
P_0x7f925d61ba30 .param/str "CLKHF_DIV" 0 2 2680, "0b00";
P_0x7f925d61ba70 .param/str "TRIM_EN" 0 2 2679, "0b0";
o0x7f925d7485a8 .functor BUFZ 1, C4<z>; HiZ drive
v0x7f925d649a50_0 .net "CLKHF", 0 0, o0x7f925d7485a8;  0 drivers
o0x7f925d7485d8 .functor BUFZ 1, C4<z>; HiZ drive
v0x7f925d649b00_0 .net "CLKHFEN", 0 0, o0x7f925d7485d8;  0 drivers
o0x7f925d748608 .functor BUFZ 1, C4<z>; HiZ drive
v0x7f925d649ba0_0 .net "CLKHFPU", 0 0, o0x7f925d748608;  0 drivers
o0x7f925d748638 .functor BUFZ 1, C4<z>; HiZ drive
v0x7f925d649c30_0 .net "TRIM0", 0 0, o0x7f925d748638;  0 drivers
o0x7f925d748668 .functor BUFZ 1, C4<z>; HiZ drive
v0x7f925d649cc0_0 .net "TRIM1", 0 0, o0x7f925d748668;  0 drivers
o0x7f925d748698 .functor BUFZ 1, C4<z>; HiZ drive
v0x7f925d649d90_0 .net "TRIM2", 0 0, o0x7f925d748698;  0 drivers
o0x7f925d7486c8 .functor BUFZ 1, C4<z>; HiZ drive
v0x7f925d649e20_0 .net "TRIM3", 0 0, o0x7f925d7486c8;  0 drivers
o0x7f925d7486f8 .functor BUFZ 1, C4<z>; HiZ drive
v0x7f925d649eb0_0 .net "TRIM4", 0 0, o0x7f925d7486f8;  0 drivers
o0x7f925d748728 .functor BUFZ 1, C4<z>; HiZ drive
v0x7f925d649f50_0 .net "TRIM5", 0 0, o0x7f925d748728;  0 drivers
o0x7f925d748758 .functor BUFZ 1, C4<z>; HiZ drive
v0x7f925d64a060_0 .net "TRIM6", 0 0, o0x7f925d748758;  0 drivers
o0x7f925d748788 .functor BUFZ 1, C4<z>; HiZ drive
v0x7f925d64a0f0_0 .net "TRIM7", 0 0, o0x7f925d748788;  0 drivers
o0x7f925d7487b8 .functor BUFZ 1, C4<z>; HiZ drive
v0x7f925d64a190_0 .net "TRIM8", 0 0, o0x7f925d7487b8;  0 drivers
o0x7f925d7487e8 .functor BUFZ 1, C4<z>; HiZ drive
v0x7f925d64a230_0 .net "TRIM9", 0 0, o0x7f925d7487e8;  0 drivers
S_0x7f925d61bd60 .scope module, "SB_I2C" "SB_I2C" 2 2733;
 .timescale -12 -12;
    .port_info 0 /INPUT 1 "SBCLKI";
    .port_info 1 /INPUT 1 "SBRWI";
    .port_info 2 /INPUT 1 "SBSTBI";
    .port_info 3 /INPUT 1 "SBADRI7";
    .port_info 4 /INPUT 1 "SBADRI6";
    .port_info 5 /INPUT 1 "SBADRI5";
    .port_info 6 /INPUT 1 "SBADRI4";
    .port_info 7 /INPUT 1 "SBADRI3";
    .port_info 8 /INPUT 1 "SBADRI2";
    .port_info 9 /INPUT 1 "SBADRI1";
    .port_info 10 /INPUT 1 "SBADRI0";
    .port_info 11 /INPUT 1 "SBDATI7";
    .port_info 12 /INPUT 1 "SBDATI6";
    .port_info 13 /INPUT 1 "SBDATI5";
    .port_info 14 /INPUT 1 "SBDATI4";
    .port_info 15 /INPUT 1 "SBDATI3";
    .port_info 16 /INPUT 1 "SBDATI2";
    .port_info 17 /INPUT 1 "SBDATI1";
    .port_info 18 /INPUT 1 "SBDATI0";
    .port_info 19 /INPUT 1 "SCLI";
    .port_info 20 /INPUT 1 "SDAI";
    .port_info 21 /OUTPUT 1 "SBDATO7";
    .port_info 22 /OUTPUT 1 "SBDATO6";
    .port_info 23 /OUTPUT 1 "SBDATO5";
    .port_info 24 /OUTPUT 1 "SBDATO4";
    .port_info 25 /OUTPUT 1 "SBDATO3";
    .port_info 26 /OUTPUT 1 "SBDATO2";
    .port_info 27 /OUTPUT 1 "SBDATO1";
    .port_info 28 /OUTPUT 1 "SBDATO0";
    .port_info 29 /OUTPUT 1 "SBACKO";
    .port_info 30 /OUTPUT 1 "I2CIRQ";
    .port_info 31 /OUTPUT 1 "I2CWKUP";
    .port_info 32 /OUTPUT 1 "SCLO";
    .port_info 33 /OUTPUT 1 "SCLOE";
    .port_info 34 /OUTPUT 1 "SDAO";
    .port_info 35 /OUTPUT 1 "SDAOE";
P_0x7f925d61bed0 .param/str "BUS_ADDR74" 0 2 2772, "0b0001";
P_0x7f925d61bf10 .param/str "I2C_SLAVE_INIT_ADDR" 0 2 2771, "0b1111100001";
o0x7f925d748a88 .functor BUFZ 1, C4<z>; HiZ drive
v0x7f925d64a410_0 .net "I2CIRQ", 0 0, o0x7f925d748a88;  0 drivers
o0x7f925d748ab8 .functor BUFZ 1, C4<z>; HiZ drive
v0x7f925d64a4a0_0 .net "I2CWKUP", 0 0, o0x7f925d748ab8;  0 drivers
o0x7f925d748ae8 .functor BUFZ 1, C4<z>; HiZ drive
v0x7f925d64a530_0 .net "SBACKO", 0 0, o0x7f925d748ae8;  0 drivers
o0x7f925d748b18 .functor BUFZ 1, C4<z>; HiZ drive
v0x7f925d64a5c0_0 .net "SBADRI0", 0 0, o0x7f925d748b18;  0 drivers
o0x7f925d748b48 .functor BUFZ 1, C4<z>; HiZ drive
v0x7f925d64a650_0 .net "SBADRI1", 0 0, o0x7f925d748b48;  0 drivers
o0x7f925d748b78 .functor BUFZ 1, C4<z>; HiZ drive
v0x7f925d64a6e0_0 .net "SBADRI2", 0 0, o0x7f925d748b78;  0 drivers
o0x7f925d748ba8 .functor BUFZ 1, C4<z>; HiZ drive
v0x7f925d64a780_0 .net "SBADRI3", 0 0, o0x7f925d748ba8;  0 drivers
o0x7f925d748bd8 .functor BUFZ 1, C4<z>; HiZ drive
v0x7f925d64a820_0 .net "SBADRI4", 0 0, o0x7f925d748bd8;  0 drivers
o0x7f925d748c08 .functor BUFZ 1, C4<z>; HiZ drive
v0x7f925d64a8c0_0 .net "SBADRI5", 0 0, o0x7f925d748c08;  0 drivers
o0x7f925d748c38 .functor BUFZ 1, C4<z>; HiZ drive
v0x7f925d64a9d0_0 .net "SBADRI6", 0 0, o0x7f925d748c38;  0 drivers
o0x7f925d748c68 .functor BUFZ 1, C4<z>; HiZ drive
v0x7f925d64aa60_0 .net "SBADRI7", 0 0, o0x7f925d748c68;  0 drivers
o0x7f925d748c98 .functor BUFZ 1, C4<z>; HiZ drive
v0x7f925d64ab00_0 .net "SBCLKI", 0 0, o0x7f925d748c98;  0 drivers
o0x7f925d748cc8 .functor BUFZ 1, C4<z>; HiZ drive
v0x7f925d64aba0_0 .net "SBDATI0", 0 0, o0x7f925d748cc8;  0 drivers
o0x7f925d748cf8 .functor BUFZ 1, C4<z>; HiZ drive
v0x7f925d64ac40_0 .net "SBDATI1", 0 0, o0x7f925d748cf8;  0 drivers
o0x7f925d748d28 .functor BUFZ 1, C4<z>; HiZ drive
v0x7f925d64ace0_0 .net "SBDATI2", 0 0, o0x7f925d748d28;  0 drivers
o0x7f925d748d58 .functor BUFZ 1, C4<z>; HiZ drive
v0x7f925d64ad80_0 .net "SBDATI3", 0 0, o0x7f925d748d58;  0 drivers
o0x7f925d748d88 .functor BUFZ 1, C4<z>; HiZ drive
v0x7f925d64ae20_0 .net "SBDATI4", 0 0, o0x7f925d748d88;  0 drivers
o0x7f925d748db8 .functor BUFZ 1, C4<z>; HiZ drive
v0x7f925d64afb0_0 .net "SBDATI5", 0 0, o0x7f925d748db8;  0 drivers
o0x7f925d748de8 .functor BUFZ 1, C4<z>; HiZ drive
v0x7f925d64b040_0 .net "SBDATI6", 0 0, o0x7f925d748de8;  0 drivers
o0x7f925d748e18 .functor BUFZ 1, C4<z>; HiZ drive
v0x7f925d64b0d0_0 .net "SBDATI7", 0 0, o0x7f925d748e18;  0 drivers
o0x7f925d748e48 .functor BUFZ 1, C4<z>; HiZ drive
v0x7f925d64b160_0 .net "SBDATO0", 0 0, o0x7f925d748e48;  0 drivers
o0x7f925d748e78 .functor BUFZ 1, C4<z>; HiZ drive
v0x7f925d64b200_0 .net "SBDATO1", 0 0, o0x7f925d748e78;  0 drivers
o0x7f925d748ea8 .functor BUFZ 1, C4<z>; HiZ drive
v0x7f925d64b2a0_0 .net "SBDATO2", 0 0, o0x7f925d748ea8;  0 drivers
o0x7f925d748ed8 .functor BUFZ 1, C4<z>; HiZ drive
v0x7f925d64b340_0 .net "SBDATO3", 0 0, o0x7f925d748ed8;  0 drivers
o0x7f925d748f08 .functor BUFZ 1, C4<z>; HiZ drive
v0x7f925d64b3e0_0 .net "SBDATO4", 0 0, o0x7f925d748f08;  0 drivers
o0x7f925d748f38 .functor BUFZ 1, C4<z>; HiZ drive
v0x7f925d64b480_0 .net "SBDATO5", 0 0, o0x7f925d748f38;  0 drivers
o0x7f925d748f68 .functor BUFZ 1, C4<z>; HiZ drive
v0x7f925d64b520_0 .net "SBDATO6", 0 0, o0x7f925d748f68;  0 drivers
o0x7f925d748f98 .functor BUFZ 1, C4<z>; HiZ drive
v0x7f925d64b5c0_0 .net "SBDATO7", 0 0, o0x7f925d748f98;  0 drivers
o0x7f925d748fc8 .functor BUFZ 1, C4<z>; HiZ drive
v0x7f925d64b660_0 .net "SBRWI", 0 0, o0x7f925d748fc8;  0 drivers
o0x7f925d748ff8 .functor BUFZ 1, C4<z>; HiZ drive
v0x7f925d64b700_0 .net "SBSTBI", 0 0, o0x7f925d748ff8;  0 drivers
o0x7f925d749028 .functor BUFZ 1, C4<z>; HiZ drive
v0x7f925d64b7a0_0 .net "SCLI", 0 0, o0x7f925d749028;  0 drivers
o0x7f925d749058 .functor BUFZ 1, C4<z>; HiZ drive
v0x7f925d64b840_0 .net "SCLO", 0 0, o0x7f925d749058;  0 drivers
o0x7f925d749088 .functor BUFZ 1, C4<z>; HiZ drive
v0x7f925d64b8e0_0 .net "SCLOE", 0 0, o0x7f925d749088;  0 drivers
o0x7f925d7490b8 .functor BUFZ 1, C4<z>; HiZ drive
v0x7f925d64aec0_0 .net "SDAI", 0 0, o0x7f925d7490b8;  0 drivers
o0x7f925d7490e8 .functor BUFZ 1, C4<z>; HiZ drive
v0x7f925d64bb70_0 .net "SDAO", 0 0, o0x7f925d7490e8;  0 drivers
o0x7f925d749118 .functor BUFZ 1, C4<z>; HiZ drive
v0x7f925d64bc00_0 .net "SDAOE", 0 0, o0x7f925d749118;  0 drivers
S_0x7f925d61c130 .scope module, "SB_IO_I3C" "SB_IO_I3C" 2 2862;
 .timescale -12 -12;
    .port_info 0 /INOUT 1 "PACKAGE_PIN";
    .port_info 1 /INPUT 1 "LATCH_INPUT_VALUE";
    .port_info 2 /INPUT 1 "CLOCK_ENABLE";
    .port_info 3 /INPUT 1 "INPUT_CLK";
    .port_info 4 /INPUT 1 "OUTPUT_CLK";
    .port_info 5 /INPUT 1 "OUTPUT_ENABLE";
    .port_info 6 /INPUT 1 "D_OUT_0";
    .port_info 7 /INPUT 1 "D_OUT_1";
    .port_info 8 /OUTPUT 1 "D_IN_0";
    .port_info 9 /OUTPUT 1 "D_IN_1";
    .port_info 10 /INPUT 1 "PU_ENB";
    .port_info 11 /INPUT 1 "WEAK_PU_ENB";
P_0x7f925d61c2a0 .param/str "IO_STANDARD" 0 2 2880, "SB_LVCMOS";
P_0x7f925d61c2e0 .param/l "NEG_TRIGGER" 0 2 2879, C4<0>;
P_0x7f925d61c320 .param/l "PIN_TYPE" 0 2 2876, C4<000000>;
P_0x7f925d61c360 .param/l "PULLUP" 0 2 2877, C4<0>;
P_0x7f925d61c3a0 .param/l "WEAK_PULLUP" 0 2 2878, C4<0>;
L_0x7f925d66f230 .functor BUFZ 1, v0x7f925d64cb00_0, C4<0>, C4<0>, C4<0>;
L_0x7f925d66f2a0 .functor BUFZ 1, v0x7f925d64cba0_0, C4<0>, C4<0>, C4<0>;
o0x7f925d749808 .functor BUFZ 1, C4<z>; HiZ drive
v0x7f925d64c2c0_0 .net "CLOCK_ENABLE", 0 0, o0x7f925d749808;  0 drivers
v0x7f925d64c370_0 .net "D_IN_0", 0 0, L_0x7f925d66f230;  1 drivers
v0x7f925d64c410_0 .net "D_IN_1", 0 0, L_0x7f925d66f2a0;  1 drivers
o0x7f925d749898 .functor BUFZ 1, C4<z>; HiZ drive
v0x7f925d64c4c0_0 .net "D_OUT_0", 0 0, o0x7f925d749898;  0 drivers
o0x7f925d7498c8 .functor BUFZ 1, C4<z>; HiZ drive
v0x7f925d64c560_0 .net "D_OUT_1", 0 0, o0x7f925d7498c8;  0 drivers
o0x7f925d7498f8 .functor BUFZ 1, C4<z>; HiZ drive
v0x7f925d64c640_0 .net "INPUT_CLK", 0 0, o0x7f925d7498f8;  0 drivers
o0x7f925d749928 .functor BUFZ 1, C4<z>; HiZ drive
v0x7f925d64c6e0_0 .net "LATCH_INPUT_VALUE", 0 0, o0x7f925d749928;  0 drivers
o0x7f925d749958 .functor BUFZ 1, C4<z>; HiZ drive
v0x7f925d64c780_0 .net "OUTPUT_CLK", 0 0, o0x7f925d749958;  0 drivers
o0x7f925d749988 .functor BUFZ 1, C4<z>; HiZ drive
v0x7f925d64c820_0 .net "OUTPUT_ENABLE", 0 0, o0x7f925d749988;  0 drivers
o0x7f925d7499b8 .functor BUFZ 1, C4<z>; HiZ drive
v0x7f925d64c930_0 .net "PACKAGE_PIN", 0 0, o0x7f925d7499b8;  0 drivers
o0x7f925d7499e8 .functor BUFZ 1, C4<z>; HiZ drive
v0x7f925d64c9c0_0 .net "PU_ENB", 0 0, o0x7f925d7499e8;  0 drivers
o0x7f925d749a18 .functor BUFZ 1, C4<z>; HiZ drive
v0x7f925d64ca60_0 .net "WEAK_PU_ENB", 0 0, o0x7f925d749a18;  0 drivers
v0x7f925d64cb00_0 .var "din_0", 0 0;
v0x7f925d64cba0_0 .var "din_1", 0 0;
v0x7f925d64cc40_0 .var "din_q_0", 0 0;
v0x7f925d64cce0_0 .var "din_q_1", 0 0;
v0x7f925d64cd80_0 .var "dout", 0 0;
v0x7f925d64cf10_0 .var "dout_q_0", 0 0;
v0x7f925d64cfa0_0 .var "dout_q_1", 0 0;
v0x7f925d64d030_0 .var "outclk_delayed_1", 0 0;
v0x7f925d64d0c0_0 .var "outclk_delayed_2", 0 0;
v0x7f925d64d160_0 .var "outena_q", 0 0;
E_0x7f925d61c010 .event anyedge, v0x7f925d64d0c0_0, v0x7f925d64cf10_0, v0x7f925d64cfa0_0;
E_0x7f925d61c080 .event anyedge, v0x7f925d64d030_0;
E_0x7f925d61c0d0 .event anyedge, v0x7f925d64c780_0;
E_0x7f925d64a950 .event anyedge, v0x7f925d64cc40_0, v0x7f925d64cce0_0;
S_0x7f925d64bfc0 .scope generate, "genblk1" "genblk1" 2 2888, 2 2888 0, S_0x7f925d61c130;
 .timescale -12 -12;
E_0x7f925d64c180 .event posedge, v0x7f925d64c780_0;
E_0x7f925d64c1c0 .event negedge, v0x7f925d64c780_0;
E_0x7f925d64c210 .event negedge, v0x7f925d64c640_0;
E_0x7f925d64c270 .event posedge, v0x7f925d64c640_0;
S_0x7f925d61c760 .scope module, "SB_IO_OD" "SB_IO_OD" 2 2931;
 .timescale -12 -12;
    .port_info 0 /INOUT 1 "PACKAGEPIN";
    .port_info 1 /INPUT 1 "LATCHINPUTVALUE";
    .port_info 2 /INPUT 1 "CLOCKENABLE";
    .port_info 3 /INPUT 1 "INPUTCLK";
    .port_info 4 /INPUT 1 "OUTPUTCLK";
    .port_info 5 /INPUT 1 "OUTPUTENABLE";
    .port_info 6 /INPUT 1 "DOUT1";
    .port_info 7 /INPUT 1 "DOUT0";
    .port_info 8 /OUTPUT 1 "DIN1";
    .port_info 9 /OUTPUT 1 "DIN0";
P_0x7f925d61c8d0 .param/l "NEG_TRIGGER" 0 2 2944, C4<0>;
P_0x7f925d61c910 .param/l "PIN_TYPE" 0 2 2943, C4<000000>;
L_0x7f925d66f310 .functor BUFZ 1, v0x7f925d64dde0_0, C4<0>, C4<0>, C4<0>;
L_0x7f925d66f380 .functor BUFZ 1, v0x7f925d64de80_0, C4<0>, C4<0>, C4<0>;
o0x7f925d749e68 .functor BUFZ 1, C4<z>; HiZ drive
v0x7f925d64d6e0_0 .net "CLOCKENABLE", 0 0, o0x7f925d749e68;  0 drivers
v0x7f925d64d790_0 .net "DIN0", 0 0, L_0x7f925d66f310;  1 drivers
v0x7f925d64d830_0 .net "DIN1", 0 0, L_0x7f925d66f380;  1 drivers
o0x7f925d749ef8 .functor BUFZ 1, C4<z>; HiZ drive
v0x7f925d64d8e0_0 .net "DOUT0", 0 0, o0x7f925d749ef8;  0 drivers
o0x7f925d749f28 .functor BUFZ 1, C4<z>; HiZ drive
v0x7f925d64d980_0 .net "DOUT1", 0 0, o0x7f925d749f28;  0 drivers
o0x7f925d749f58 .functor BUFZ 1, C4<z>; HiZ drive
v0x7f925d64da60_0 .net "INPUTCLK", 0 0, o0x7f925d749f58;  0 drivers
o0x7f925d749f88 .functor BUFZ 1, C4<z>; HiZ drive
v0x7f925d64db00_0 .net "LATCHINPUTVALUE", 0 0, o0x7f925d749f88;  0 drivers
o0x7f925d749fb8 .functor BUFZ 1, C4<z>; HiZ drive
v0x7f925d64dba0_0 .net "OUTPUTCLK", 0 0, o0x7f925d749fb8;  0 drivers
o0x7f925d749fe8 .functor BUFZ 1, C4<z>; HiZ drive
v0x7f925d64dc40_0 .net "OUTPUTENABLE", 0 0, o0x7f925d749fe8;  0 drivers
o0x7f925d74a018 .functor BUFZ 1, C4<z>; HiZ drive
v0x7f925d64dd50_0 .net "PACKAGEPIN", 0 0, o0x7f925d74a018;  0 drivers
v0x7f925d64dde0_0 .var "din_0", 0 0;
v0x7f925d64de80_0 .var "din_1", 0 0;
v0x7f925d64df20_0 .var "din_q_0", 0 0;
v0x7f925d64dfc0_0 .var "din_q_1", 0 0;
v0x7f925d64e060_0 .var "dout", 0 0;
v0x7f925d64e100_0 .var "dout_q_0", 0 0;
v0x7f925d64e1a0_0 .var "dout_q_1", 0 0;
v0x7f925d64e330_0 .var "outclk_delayed_1", 0 0;
v0x7f925d64e3c0_0 .var "outclk_delayed_2", 0 0;
v0x7f925d64e450_0 .var "outena_q", 0 0;
E_0x7f925d64c8b0 .event anyedge, v0x7f925d64e3c0_0, v0x7f925d64e100_0, v0x7f925d64e1a0_0;
E_0x7f925d64d320 .event anyedge, v0x7f925d64e330_0;
E_0x7f925d64d360 .event anyedge, v0x7f925d64dba0_0;
E_0x7f925d61c580 .event anyedge, v0x7f925d64df20_0, v0x7f925d64dfc0_0;
S_0x7f925d64d3c0 .scope generate, "genblk1" "genblk1" 2 2952, 2 2952 0, S_0x7f925d61c760;
 .timescale -12 -12;
E_0x7f925d64d580 .event posedge, v0x7f925d64dba0_0;
E_0x7f925d64d5e0 .event negedge, v0x7f925d64dba0_0;
E_0x7f925d64d630 .event negedge, v0x7f925d64da60_0;
E_0x7f925d64d690 .event posedge, v0x7f925d64da60_0;
S_0x7f925d61cb80 .scope module, "SB_LEDDA_IP" "SB_LEDDA_IP" 2 2830;
 .timescale -12 -12;
    .port_info 0 /INPUT 1 "LEDDCS";
    .port_info 1 /INPUT 1 "LEDDCLK";
    .port_info 2 /INPUT 1 "LEDDDAT7";
    .port_info 3 /INPUT 1 "LEDDDAT6";
    .port_info 4 /INPUT 1 "LEDDDAT5";
    .port_info 5 /INPUT 1 "LEDDDAT4";
    .port_info 6 /INPUT 1 "LEDDDAT3";
    .port_info 7 /INPUT 1 "LEDDDAT2";
    .port_info 8 /INPUT 1 "LEDDDAT1";
    .port_info 9 /INPUT 1 "LEDDDAT0";
    .port_info 10 /INPUT 1 "LEDDADDR3";
    .port_info 11 /INPUT 1 "LEDDADDR2";
    .port_info 12 /INPUT 1 "LEDDADDR1";
    .port_info 13 /INPUT 1 "LEDDADDR0";
    .port_info 14 /INPUT 1 "LEDDDEN";
    .port_info 15 /INPUT 1 "LEDDEXE";
    .port_info 16 /INPUT 1 "LEDDRST";
    .port_info 17 /OUTPUT 1 "PWMOUT0";
    .port_info 18 /OUTPUT 1 "PWMOUT1";
    .port_info 19 /OUTPUT 1 "PWMOUT2";
    .port_info 20 /OUTPUT 1 "LEDDON";
o0x7f925d74a408 .functor BUFZ 1, C4<z>; HiZ drive
v0x7f925d64e5d0_0 .net "LEDDADDR0", 0 0, o0x7f925d74a408;  0 drivers
o0x7f925d74a438 .functor BUFZ 1, C4<z>; HiZ drive
v0x7f925d64e660_0 .net "LEDDADDR1", 0 0, o0x7f925d74a438;  0 drivers
o0x7f925d74a468 .functor BUFZ 1, C4<z>; HiZ drive
v0x7f925d64e6f0_0 .net "LEDDADDR2", 0 0, o0x7f925d74a468;  0 drivers
o0x7f925d74a498 .functor BUFZ 1, C4<z>; HiZ drive
v0x7f925d64e780_0 .net "LEDDADDR3", 0 0, o0x7f925d74a498;  0 drivers
o0x7f925d74a4c8 .functor BUFZ 1, C4<z>; HiZ drive
v0x7f925d64e810_0 .net "LEDDCLK", 0 0, o0x7f925d74a4c8;  0 drivers
o0x7f925d74a4f8 .functor BUFZ 1, C4<z>; HiZ drive
v0x7f925d64e8a0_0 .net "LEDDCS", 0 0, o0x7f925d74a4f8;  0 drivers
o0x7f925d74a528 .functor BUFZ 1, C4<z>; HiZ drive
v0x7f925d64e930_0 .net "LEDDDAT0", 0 0, o0x7f925d74a528;  0 drivers
o0x7f925d74a558 .functor BUFZ 1, C4<z>; HiZ drive
v0x7f925d64e9c0_0 .net "LEDDDAT1", 0 0, o0x7f925d74a558;  0 drivers
o0x7f925d74a588 .functor BUFZ 1, C4<z>; HiZ drive
v0x7f925d64ea60_0 .net "LEDDDAT2", 0 0, o0x7f925d74a588;  0 drivers
o0x7f925d74a5b8 .functor BUFZ 1, C4<z>; HiZ drive
v0x7f925d64eb70_0 .net "LEDDDAT3", 0 0, o0x7f925d74a5b8;  0 drivers
o0x7f925d74a5e8 .functor BUFZ 1, C4<z>; HiZ drive
v0x7f925d64ec00_0 .net "LEDDDAT4", 0 0, o0x7f925d74a5e8;  0 drivers
o0x7f925d74a618 .functor BUFZ 1, C4<z>; HiZ drive
v0x7f925d64eca0_0 .net "LEDDDAT5", 0 0, o0x7f925d74a618;  0 drivers
o0x7f925d74a648 .functor BUFZ 1, C4<z>; HiZ drive
v0x7f925d64ed40_0 .net "LEDDDAT6", 0 0, o0x7f925d74a648;  0 drivers
o0x7f925d74a678 .functor BUFZ 1, C4<z>; HiZ drive
v0x7f925d64ede0_0 .net "LEDDDAT7", 0 0, o0x7f925d74a678;  0 drivers
o0x7f925d74a6a8 .functor BUFZ 1, C4<z>; HiZ drive
v0x7f925d64ee80_0 .net "LEDDDEN", 0 0, o0x7f925d74a6a8;  0 drivers
o0x7f925d74a6d8 .functor BUFZ 1, C4<z>; HiZ drive
v0x7f925d64ef20_0 .net "LEDDEXE", 0 0, o0x7f925d74a6d8;  0 drivers
o0x7f925d74a708 .functor BUFZ 1, C4<z>; HiZ drive
v0x7f925d64efc0_0 .net "LEDDON", 0 0, o0x7f925d74a708;  0 drivers
o0x7f925d74a738 .functor BUFZ 1, C4<z>; HiZ drive
v0x7f925d64f150_0 .net "LEDDRST", 0 0, o0x7f925d74a738;  0 drivers
o0x7f925d74a768 .functor BUFZ 1, C4<z>; HiZ drive
v0x7f925d64f1e0_0 .net "PWMOUT0", 0 0, o0x7f925d74a768;  0 drivers
o0x7f925d74a798 .functor BUFZ 1, C4<z>; HiZ drive
v0x7f925d64f270_0 .net "PWMOUT1", 0 0, o0x7f925d74a798;  0 drivers
o0x7f925d74a7c8 .functor BUFZ 1, C4<z>; HiZ drive
v0x7f925d64f300_0 .net "PWMOUT2", 0 0, o0x7f925d74a7c8;  0 drivers
S_0x7f925d61d050 .scope module, "SB_LED_DRV_CUR" "SB_LED_DRV_CUR" 2 2709;
 .timescale -12 -12;
    .port_info 0 /INPUT 1 "EN";
    .port_info 1 /OUTPUT 1 "LEDPU";
o0x7f925d74abe8 .functor BUFZ 1, C4<z>; HiZ drive
v0x7f925d64f5a0_0 .net "EN", 0 0, o0x7f925d74abe8;  0 drivers
o0x7f925d74ac18 .functor BUFZ 1, C4<z>; HiZ drive
v0x7f925d64f630_0 .net "LEDPU", 0 0, o0x7f925d74ac18;  0 drivers
S_0x7f925d61d220 .scope module, "SB_LFOSC" "SB_LFOSC" 2 2684;
 .timescale -12 -12;
    .port_info 0 /INPUT 1 "CLKLFPU";
    .port_info 1 /INPUT 1 "CLKLFEN";
    .port_info 2 /OUTPUT 1 "CLKLF";
o0x7f925d74aca8 .functor BUFZ 1, C4<z>; HiZ drive
v0x7f925d61cd00_0 .net "CLKLF", 0 0, o0x7f925d74aca8;  0 drivers
o0x7f925d74acd8 .functor BUFZ 1, C4<z>; HiZ drive
v0x7f925d64f6c0_0 .net "CLKLFEN", 0 0, o0x7f925d74acd8;  0 drivers
o0x7f925d74ad08 .functor BUFZ 1, C4<z>; HiZ drive
v0x7f925d64f750_0 .net "CLKLFPU", 0 0, o0x7f925d74ad08;  0 drivers
S_0x7f925d61d640 .scope module, "SB_LUT4" "SB_LUT4" 2 177;
 .timescale -12 -12;
    .port_info 0 /OUTPUT 1 "O";
    .port_info 1 /INPUT 1 "I0";
    .port_info 2 /INPUT 1 "I1";
    .port_info 3 /INPUT 1 "I2";
    .port_info 4 /INPUT 1 "I3";
P_0x7f925d61a1b0 .param/l "LUT_INIT" 0 2 184, C4<0000000000000000>;
o0x7f925d74adc8 .functor BUFZ 1, C4<z>; HiZ drive
v0x7f925d64f830_0 .net "I0", 0 0, o0x7f925d74adc8;  0 drivers
o0x7f925d74adf8 .functor BUFZ 1, C4<z>; HiZ drive
v0x7f925d64f8e0_0 .net "I1", 0 0, o0x7f925d74adf8;  0 drivers
o0x7f925d74ae28 .functor BUFZ 1, C4<z>; HiZ drive
v0x7f925d64f980_0 .net "I2", 0 0, o0x7f925d74ae28;  0 drivers
o0x7f925d74ae58 .functor BUFZ 1, C4<z>; HiZ drive
v0x7f925d64fa10_0 .net "I3", 0 0, o0x7f925d74ae58;  0 drivers
v0x7f925d64fab0_0 .net "O", 0 0, L_0x7f925d66fd70;  1 drivers
L_0x7f925d7733b0 .functor BUFT 1, C4<00000000>, C4<0>, C4<0>, C4<0>;
v0x7f925d64fb90_0 .net/2u *"_ivl_0", 7 0, L_0x7f925d7733b0;  1 drivers
v0x7f925d64fc40_0 .net *"_ivl_13", 1 0, L_0x7f925d66f890;  1 drivers
v0x7f925d64fcf0_0 .net *"_ivl_15", 1 0, L_0x7f925d66f9a0;  1 drivers
v0x7f925d64fda0_0 .net *"_ivl_19", 0 0, L_0x7f925d66fba0;  1 drivers
L_0x7f925d7733f8 .functor BUFT 1, C4<00000000>, C4<0>, C4<0>, C4<0>;
v0x7f925d64feb0_0 .net/2u *"_ivl_2", 7 0, L_0x7f925d7733f8;  1 drivers
v0x7f925d64ff60_0 .net *"_ivl_21", 0 0, L_0x7f925d66fc80;  1 drivers
v0x7f925d650010_0 .net *"_ivl_7", 3 0, L_0x7f925d66f5b0;  1 drivers
v0x7f925d6500c0_0 .net *"_ivl_9", 3 0, L_0x7f925d66f690;  1 drivers
v0x7f925d650170_0 .net "s1", 1 0, L_0x7f925d66fa40;  1 drivers
v0x7f925d650220_0 .net "s2", 3 0, L_0x7f925d66f730;  1 drivers
v0x7f925d6502d0_0 .net "s3", 7 0, L_0x7f925d66f450;  1 drivers
L_0x7f925d66f450 .functor MUXZ 8, L_0x7f925d7733f8, L_0x7f925d7733b0, o0x7f925d74ae58, C4<>;
L_0x7f925d66f5b0 .part L_0x7f925d66f450, 4, 4;
L_0x7f925d66f690 .part L_0x7f925d66f450, 0, 4;
L_0x7f925d66f730 .functor MUXZ 4, L_0x7f925d66f690, L_0x7f925d66f5b0, o0x7f925d74ae28, C4<>;
L_0x7f925d66f890 .part L_0x7f925d66f730, 2, 2;
L_0x7f925d66f9a0 .part L_0x7f925d66f730, 0, 2;
L_0x7f925d66fa40 .functor MUXZ 2, L_0x7f925d66f9a0, L_0x7f925d66f890, o0x7f925d74adf8, C4<>;
L_0x7f925d66fba0 .part L_0x7f925d66fa40, 1, 1;
L_0x7f925d66fc80 .part L_0x7f925d66fa40, 0, 1;
L_0x7f925d66fd70 .functor MUXZ 1, L_0x7f925d66fc80, L_0x7f925d66fba0, o0x7f925d74adc8, C4<>;
S_0x7f925d61d8d0 .scope module, "SB_MAC16" "SB_MAC16" 2 2996;
 .timescale -12 -12;
    .port_info 0 /INPUT 1 "CLK";
    .port_info 1 /INPUT 1 "CE";
    .port_info 2 /INPUT 16 "C";
    .port_info 3 /INPUT 16 "A";
    .port_info 4 /INPUT 16 "B";
    .port_info 5 /INPUT 16 "D";
    .port_info 6 /INPUT 1 "AHOLD";
    .port_info 7 /INPUT 1 "BHOLD";
    .port_info 8 /INPUT 1 "CHOLD";
    .port_info 9 /INPUT 1 "DHOLD";
    .port_info 10 /INPUT 1 "IRSTTOP";
    .port_info 11 /INPUT 1 "IRSTBOT";
    .port_info 12 /INPUT 1 "ORSTTOP";
    .port_info 13 /INPUT 1 "ORSTBOT";
    .port_info 14 /INPUT 1 "OLOADTOP";
    .port_info 15 /INPUT 1 "OLOADBOT";
    .port_info 16 /INPUT 1 "ADDSUBTOP";
    .port_info 17 /INPUT 1 "ADDSUBBOT";
    .port_info 18 /INPUT 1 "OHOLDTOP";
    .port_info 19 /INPUT 1 "OHOLDBOT";
    .port_info 20 /INPUT 1 "CI";
    .port_info 21 /INPUT 1 "ACCUMCI";
    .port_info 22 /INPUT 1 "SIGNEXTIN";
    .port_info 23 /OUTPUT 32 "O";
    .port_info 24 /OUTPUT 1 "CO";
    .port_info 25 /OUTPUT 1 "ACCUMCO";
    .port_info 26 /OUTPUT 1 "SIGNEXTOUT";
P_0x7f925e80bc00 .param/l "A_REG" 0 2 3011, C4<0>;
P_0x7f925e80bc40 .param/l "A_SIGNED" 0 2 3027, C4<0>;
P_0x7f925e80bc80 .param/l "BOTADDSUB_CARRYSELECT" 0 2 3025, C4<00>;
P_0x7f925e80bcc0 .param/l "BOTADDSUB_LOWERINPUT" 0 2 3023, C4<00>;
P_0x7f925e80bd00 .param/l "BOTADDSUB_UPPERINPUT" 0 2 3024, C4<0>;
P_0x7f925e80bd40 .param/l "BOTOUTPUT_SELECT" 0 2 3022, C4<00>;
P_0x7f925e80bd80 .param/l "BOT_8x8_MULT_REG" 0 2 3015, C4<0>;
P_0x7f925e80bdc0 .param/l "B_REG" 0 2 3012, C4<0>;
P_0x7f925e80be00 .param/l "B_SIGNED" 0 2 3028, C4<0>;
P_0x7f925e80be40 .param/l "C_REG" 0 2 3010, C4<0>;
P_0x7f925e80be80 .param/l "D_REG" 0 2 3013, C4<0>;
P_0x7f925e80bec0 .param/l "MODE_8x8" 0 2 3026, C4<0>;
P_0x7f925e80bf00 .param/l "NEG_TRIGGER" 0 2 3009, C4<0>;
P_0x7f925e80bf40 .param/l "PIPELINE_16x16_MULT_REG1" 0 2 3016, C4<0>;
P_0x7f925e80bf80 .param/l "PIPELINE_16x16_MULT_REG2" 0 2 3017, C4<0>;
P_0x7f925e80bfc0 .param/l "TOPADDSUB_CARRYSELECT" 0 2 3021, C4<00>;
P_0x7f925e80c000 .param/l "TOPADDSUB_LOWERINPUT" 0 2 3019, C4<00>;
P_0x7f925e80c040 .param/l "TOPADDSUB_UPPERINPUT" 0 2 3020, C4<0>;
P_0x7f925e80c080 .param/l "TOPOUTPUT_SELECT" 0 2 3018, C4<00>;
P_0x7f925e80c0c0 .param/l "TOP_8x8_MULT_REG" 0 2 3014, C4<0>;
o0x7f925d74b4b8 .functor BUFZ 1, C4<z>; HiZ drive
L_0x7f925d773440 .functor BUFT 1, C4<0>, C4<0>, C4<0>, C4<0>;
L_0x7f925d66fe50 .functor XOR 1, o0x7f925d74b4b8, L_0x7f925d773440, C4<0>, C4<0>;
o0x7f925d74b3f8 .functor BUFZ 16, C4<zzzzzzzzzzzzzzzz>; HiZ drive
L_0x7f925d66ff40 .functor BUFZ 16, o0x7f925d74b3f8, C4<0000000000000000>, C4<0000000000000000>, C4<0000000000000000>;
o0x7f925d74b1b8 .functor BUFZ 16, C4<zzzzzzzzzzzzzzzz>; HiZ drive
L_0x7f925d66ffd0 .functor BUFZ 16, o0x7f925d74b1b8, C4<0000000000000000>, C4<0000000000000000>, C4<0000000000000000>;
o0x7f925d74b338 .functor BUFZ 16, C4<zzzzzzzzzzzzzzzz>; HiZ drive
L_0x7f925d6700a0 .functor BUFZ 16, o0x7f925d74b338, C4<0000000000000000>, C4<0000000000000000>, C4<0000000000000000>;
o0x7f925d74b518 .functor BUFZ 16, C4<zzzzzzzzzzzzzzzz>; HiZ drive
L_0x7f925d670150 .functor BUFZ 16, o0x7f925d74b518, C4<0000000000000000>, C4<0000000000000000>, C4<0000000000000000>;
L_0x7f925d671090 .functor BUFZ 16, L_0x7f925d670b80, C4<0000000000000000>, C4<0000000000000000>, C4<0000000000000000>;
L_0x7f925d671420 .functor BUFZ 16, L_0x7f925d670f10, C4<0000000000000000>, C4<0000000000000000>, C4<0000000000000000>;
L_0x7f925d671510 .functor BUFZ 16, L_0x7f925d6711e0, C4<0000000000000000>, C4<0000000000000000>, C4<0000000000000000>;
L_0x7f925d6715c0 .functor BUFZ 16, L_0x7f925d671340, C4<0000000000000000>, C4<0000000000000000>, C4<0000000000000000>;
L_0x7f925d672960 .functor BUFZ 32, L_0x7f925d672720, C4<00000000000000000000000000000000>, C4<00000000000000000000000000000000>, C4<00000000000000000000000000000000>;
L_0x7f925d672630 .functor BUFZ 16, v0x7f925d655ff0_0, C4<0000000000000000>, C4<0000000000000000>, C4<0000000000000000>;
L_0x7f925d672a30 .functor BUFZ 16, L_0x7f925d66ffd0, C4<0000000000000000>, C4<0000000000000000>, C4<0000000000000000>;
L_0x7f925d6702b0 .functor XOR 17, L_0x7f925d672d70, L_0x7f925d6731f0, C4<00000000000000000>, C4<00000000000000000>;
o0x7f925d74b278 .functor BUFZ 1, C4<z>; HiZ drive
L_0x7f925d6734f0 .functor XOR 1, L_0x7f925d672b20, o0x7f925d74b278, C4<0>, C4<0>;
L_0x7f925d6732f0 .functor XOR 16, L_0x7f925d672bc0, L_0x7f925d673560, C4<0000000000000000>, C4<0000000000000000>;
L_0x7f925d673870 .functor BUFZ 16, L_0x7f925d6739d0, C4<0000000000000000>, C4<0000000000000000>, C4<0000000000000000>;
L_0x7f925d6733e0 .functor BUFZ 16, v0x7f925d6560a0_0, C4<0000000000000000>, C4<0000000000000000>, C4<0000000000000000>;
L_0x7f925d673cf0 .functor BUFZ 16, L_0x7f925d6700a0, C4<0000000000000000>, C4<0000000000000000>, C4<0000000000000000>;
L_0x7f925d674060 .functor XOR 17, L_0x7f925d673ab0, L_0x7f925d6743e0, C4<00000000000000000>, C4<00000000000000000>;
L_0x7f925d674900 .functor XOR 16, L_0x7f925d673f20, L_0x7f925d674a90, C4<0000000000000000>, C4<0000000000000000>;
L_0x7f925d674c70 .functor BUFZ 16, L_0x7f925d673de0, C4<0000000000000000>, C4<0000000000000000>, C4<0000000000000000>;
v0x7f925d650510_0 .net "A", 15 0, o0x7f925d74b1b8;  0 drivers
o0x7f925d74b1e8 .functor BUFZ 1, C4<z>; HiZ drive
v0x7f925d6505b0_0 .net "ACCUMCI", 0 0, o0x7f925d74b1e8;  0 drivers
v0x7f925d650650_0 .net "ACCUMCO", 0 0, L_0x7f925d672b20;  1 drivers
o0x7f925d74b248 .functor BUFZ 1, C4<z>; HiZ drive
v0x7f925d650700_0 .net "ADDSUBBOT", 0 0, o0x7f925d74b248;  0 drivers
v0x7f925d6507a0_0 .net "ADDSUBTOP", 0 0, o0x7f925d74b278;  0 drivers
o0x7f925d74b2a8 .functor BUFZ 1, C4<z>; HiZ drive
v0x7f925d650880_0 .net "AHOLD", 0 0, o0x7f925d74b2a8;  0 drivers
v0x7f925d650920_0 .net "Ah", 15 0, L_0x7f925d6703f0;  1 drivers
v0x7f925d6509d0_0 .net "Al", 15 0, L_0x7f925d6705b0;  1 drivers
v0x7f925d650a80_0 .net "B", 15 0, o0x7f925d74b338;  0 drivers
o0x7f925d74b368 .functor BUFZ 1, C4<z>; HiZ drive
v0x7f925d650b90_0 .net "BHOLD", 0 0, o0x7f925d74b368;  0 drivers
v0x7f925d650c30_0 .net "Bh", 15 0, L_0x7f925d670820;  1 drivers
v0x7f925d650ce0_0 .net "Bl", 15 0, L_0x7f925d670a20;  1 drivers
v0x7f925d650d90_0 .net "C", 15 0, o0x7f925d74b3f8;  0 drivers
o0x7f925d74b428 .functor BUFZ 1, C4<z>; HiZ drive
v0x7f925d650e40_0 .net "CE", 0 0, o0x7f925d74b428;  0 drivers
o0x7f925d74b458 .functor BUFZ 1, C4<z>; HiZ drive
v0x7f925d650ee0_0 .net "CHOLD", 0 0, o0x7f925d74b458;  0 drivers
o0x7f925d74b488 .functor BUFZ 1, C4<z>; HiZ drive
v0x7f925d650f80_0 .net "CI", 0 0, o0x7f925d74b488;  0 drivers
v0x7f925d651020_0 .net "CLK", 0 0, o0x7f925d74b4b8;  0 drivers
v0x7f925d6511b0_0 .net "CO", 0 0, L_0x7f925d6734f0;  1 drivers
v0x7f925d651240_0 .net "D", 15 0, o0x7f925d74b518;  0 drivers
o0x7f925d74b548 .functor BUFZ 1, C4<z>; HiZ drive
v0x7f925d6512d0_0 .net "DHOLD", 0 0, o0x7f925d74b548;  0 drivers
L_0x7f925d773998 .functor BUFT 1, C4<0>, C4<0>, C4<0>, C4<0>;
v0x7f925d651370_0 .net "HCI", 0 0, L_0x7f925d773998;  1 drivers
o0x7f925d74b5a8 .functor BUFZ 1, C4<z>; HiZ drive
v0x7f925d651410_0 .net "IRSTBOT", 0 0, o0x7f925d74b5a8;  0 drivers
o0x7f925d74b5d8 .functor BUFZ 1, C4<z>; HiZ drive
v0x7f925d6514b0_0 .net "IRSTTOP", 0 0, o0x7f925d74b5d8;  0 drivers
L_0x7f925d773ab8 .functor BUFT 1, C4<0>, C4<0>, C4<0>, C4<0>;
v0x7f925d651550_0 .net "LCI", 0 0, L_0x7f925d773ab8;  1 drivers
v0x7f925d6515f0_0 .net "LCO", 0 0, L_0x7f925d673e80;  1 drivers
v0x7f925d651690_0 .net "O", 31 0, L_0x7f925d674970;  1 drivers
o0x7f925d74b698 .functor BUFZ 1, C4<z>; HiZ drive
v0x7f925d651740_0 .net "OHOLDBOT", 0 0, o0x7f925d74b698;  0 drivers
o0x7f925d74b6c8 .functor BUFZ 1, C4<z>; HiZ drive
v0x7f925d6517e0_0 .net "OHOLDTOP", 0 0, o0x7f925d74b6c8;  0 drivers
o0x7f925d74b6f8 .functor BUFZ 1, C4<z>; HiZ drive
v0x7f925d651880_0 .net "OLOADBOT", 0 0, o0x7f925d74b6f8;  0 drivers
o0x7f925d74b728 .functor BUFZ 1, C4<z>; HiZ drive
v0x7f925d651920_0 .net "OLOADTOP", 0 0, o0x7f925d74b728;  0 drivers
o0x7f925d74b758 .functor BUFZ 1, C4<z>; HiZ drive
v0x7f925d6519c0_0 .net "ORSTBOT", 0 0, o0x7f925d74b758;  0 drivers
o0x7f925d74b788 .functor BUFZ 1, C4<z>; HiZ drive
v0x7f925d651a60_0 .net "ORSTTOP", 0 0, o0x7f925d74b788;  0 drivers
v0x7f925d651b00_0 .net "Oh", 15 0, L_0x7f925d673870;  1 drivers
v0x7f925d6510d0_0 .net "Ol", 15 0, L_0x7f925d674c70;  1 drivers
o0x7f925d74b818 .functor BUFZ 1, C4<z>; HiZ drive
v0x7f925d651d90_0 .net "SIGNEXTIN", 0 0, o0x7f925d74b818;  0 drivers
v0x7f925d651e20_0 .net "SIGNEXTOUT", 0 0, L_0x7f925d673c50;  1 drivers
v0x7f925d651eb0_0 .net "XW", 15 0, L_0x7f925d672bc0;  1 drivers
v0x7f925d651f50_0 .net "YZ", 15 0, L_0x7f925d673f20;  1 drivers
v0x7f925d652000_0 .net/2u *"_ivl_0", 0 0, L_0x7f925d773440;  1 drivers
v0x7f925d6520b0_0 .net *"_ivl_100", 31 0, L_0x7f925d6724b0;  1 drivers
L_0x7f925d773830 .functor BUFT 1, C4<0000000000000000>, C4<0>, C4<0>, C4<0>;
v0x7f925d652160_0 .net *"_ivl_103", 15 0, L_0x7f925d773830;  1 drivers
v0x7f925d652210_0 .net *"_ivl_104", 31 0, L_0x7f925d6723d0;  1 drivers
v0x7f925d6522c0_0 .net *"_ivl_106", 15 0, L_0x7f925d672550;  1 drivers
L_0x7f925d773878 .functor BUFT 1, C4<0000000000000000>, C4<0>, C4<0>, C4<0>;
v0x7f925d652370_0 .net *"_ivl_108", 15 0, L_0x7f925d773878;  1 drivers
L_0x7f925d773488 .functor BUFT 1, C4<00000000>, C4<0>, C4<0>, C4<0>;
v0x7f925d652420_0 .net/2u *"_ivl_12", 7 0, L_0x7f925d773488;  1 drivers
v0x7f925d6524d0_0 .net *"_ivl_121", 16 0, L_0x7f925d672860;  1 drivers
L_0x7f925d7738c0 .functor BUFT 1, C4<0>, C4<0>, C4<0>, C4<0>;
v0x7f925d652580_0 .net *"_ivl_124", 0 0, L_0x7f925d7738c0;  1 drivers
v0x7f925d652630_0 .net *"_ivl_125", 16 0, L_0x7f925d672d70;  1 drivers
L_0x7f925d773908 .functor BUFT 1, C4<0>, C4<0>, C4<0>, C4<0>;
v0x7f925d6526e0_0 .net *"_ivl_128", 0 0, L_0x7f925d773908;  1 drivers
v0x7f925d652790_0 .net *"_ivl_129", 15 0, L_0x7f925d672ca0;  1 drivers
v0x7f925d652840_0 .net *"_ivl_131", 16 0, L_0x7f925d6731f0;  1 drivers
L_0x7f925d773950 .functor BUFT 1, C4<0>, C4<0>, C4<0>, C4<0>;
v0x7f925d6528f0_0 .net *"_ivl_134", 0 0, L_0x7f925d773950;  1 drivers
v0x7f925d6529a0_0 .net *"_ivl_135", 16 0, L_0x7f925d6702b0;  1 drivers
v0x7f925d652a50_0 .net *"_ivl_137", 16 0, L_0x7f925d673620;  1 drivers
L_0x7f925d773bd8 .functor BUFT 1, C4<00000000000000000>, C4<0>, C4<0>, C4<0>;
v0x7f925d652b00_0 .net *"_ivl_139", 16 0, L_0x7f925d773bd8;  1 drivers
v0x7f925d652bb0_0 .net *"_ivl_143", 16 0, L_0x7f925d6736c0;  1 drivers
v0x7f925d652c60_0 .net *"_ivl_147", 15 0, L_0x7f925d673560;  1 drivers
v0x7f925d652d10_0 .net *"_ivl_149", 15 0, L_0x7f925d6732f0;  1 drivers
v0x7f925d652dc0_0 .net *"_ivl_15", 7 0, L_0x7f925d670330;  1 drivers
v0x7f925d652e70_0 .net *"_ivl_168", 16 0, L_0x7f925d673fc0;  1 drivers
L_0x7f925d7739e0 .functor BUFT 1, C4<0>, C4<0>, C4<0>, C4<0>;
v0x7f925d652f20_0 .net *"_ivl_171", 0 0, L_0x7f925d7739e0;  1 drivers
v0x7f925d652fd0_0 .net *"_ivl_172", 16 0, L_0x7f925d673ab0;  1 drivers
L_0x7f925d773a28 .functor BUFT 1, C4<0>, C4<0>, C4<0>, C4<0>;
v0x7f925d653080_0 .net *"_ivl_175", 0 0, L_0x7f925d773a28;  1 drivers
v0x7f925d653130_0 .net *"_ivl_176", 15 0, L_0x7f925d6741d0;  1 drivers
v0x7f925d6531e0_0 .net *"_ivl_178", 16 0, L_0x7f925d6743e0;  1 drivers
L_0x7f925d7734d0 .functor BUFT 1, C4<00000000>, C4<0>, C4<0>, C4<0>;
v0x7f925d651bb0_0 .net/2u *"_ivl_18", 7 0, L_0x7f925d7734d0;  1 drivers
L_0x7f925d773a70 .functor BUFT 1, C4<0>, C4<0>, C4<0>, C4<0>;
v0x7f925d651c60_0 .net *"_ivl_181", 0 0, L_0x7f925d773a70;  1 drivers
v0x7f925d653270_0 .net *"_ivl_182", 16 0, L_0x7f925d674060;  1 drivers
v0x7f925d653300_0 .net *"_ivl_184", 16 0, L_0x7f925d674110;  1 drivers
L_0x7f925d773c20 .functor BUFT 1, C4<00000000000000000>, C4<0>, C4<0>, C4<0>;
v0x7f925d653390_0 .net *"_ivl_186", 16 0, L_0x7f925d773c20;  1 drivers
v0x7f925d653420_0 .net *"_ivl_190", 16 0, L_0x7f925d6746e0;  1 drivers
v0x7f925d6534b0_0 .net *"_ivl_192", 15 0, L_0x7f925d674a90;  1 drivers
v0x7f925d653560_0 .net *"_ivl_194", 15 0, L_0x7f925d674900;  1 drivers
v0x7f925d653610_0 .net *"_ivl_21", 7 0, L_0x7f925d670510;  1 drivers
L_0x7f925d773518 .functor BUFT 1, C4<00000000>, C4<0>, C4<0>, C4<0>;
v0x7f925d6536c0_0 .net/2u *"_ivl_24", 7 0, L_0x7f925d773518;  1 drivers
v0x7f925d653770_0 .net *"_ivl_27", 7 0, L_0x7f925d670710;  1 drivers
L_0x7f925d773560 .functor BUFT 1, C4<00000000>, C4<0>, C4<0>, C4<0>;
v0x7f925d653820_0 .net/2u *"_ivl_30", 7 0, L_0x7f925d773560;  1 drivers
v0x7f925d6538d0_0 .net *"_ivl_33", 7 0, L_0x7f925d670940;  1 drivers
L_0x7f925d7735a8 .functor BUFT 1, C4<00000000>, C4<0>, C4<0>, C4<0>;
v0x7f925d653980_0 .net/2u *"_ivl_38", 7 0, L_0x7f925d7735a8;  1 drivers
v0x7f925d653a30_0 .net *"_ivl_41", 7 0, L_0x7f925d670cf0;  1 drivers
v0x7f925d653ae0_0 .net *"_ivl_42", 15 0, L_0x7f925d670d90;  1 drivers
L_0x7f925d7735f0 .functor BUFT 1, C4<00000000>, C4<0>, C4<0>, C4<0>;
v0x7f925d653b90_0 .net/2u *"_ivl_46", 7 0, L_0x7f925d7735f0;  1 drivers
v0x7f925d653c40_0 .net *"_ivl_49", 7 0, L_0x7f925d670fb0;  1 drivers
v0x7f925d653cf0_0 .net *"_ivl_50", 15 0, L_0x7f925d671100;  1 drivers
L_0x7f925d773638 .functor BUFT 1, C4<00000000>, C4<0>, C4<0>, C4<0>;
v0x7f925d653da0_0 .net/2u *"_ivl_64", 7 0, L_0x7f925d773638;  1 drivers
L_0x7f925d773680 .functor BUFT 1, C4<00000000>, C4<0>, C4<0>, C4<0>;
v0x7f925d653e50_0 .net/2u *"_ivl_68", 7 0, L_0x7f925d773680;  1 drivers
v0x7f925d653f00_0 .net *"_ivl_72", 31 0, L_0x7f925d671910;  1 drivers
L_0x7f925d7736c8 .functor BUFT 1, C4<0000000000000000>, C4<0>, C4<0>, C4<0>;
v0x7f925d653fb0_0 .net *"_ivl_75", 15 0, L_0x7f925d7736c8;  1 drivers
v0x7f925d654060_0 .net *"_ivl_76", 31 0, L_0x7f925d671ad0;  1 drivers
L_0x7f925d773710 .functor BUFT 1, C4<00000000>, C4<0>, C4<0>, C4<0>;
v0x7f925d654110_0 .net *"_ivl_79", 7 0, L_0x7f925d773710;  1 drivers
v0x7f925d6541c0_0 .net *"_ivl_80", 31 0, L_0x7f925d6719f0;  1 drivers
v0x7f925d654270_0 .net *"_ivl_82", 23 0, L_0x7f925d671b70;  1 drivers
L_0x7f925d773758 .functor BUFT 1, C4<00000000>, C4<0>, C4<0>, C4<0>;
v0x7f925d654320_0 .net *"_ivl_84", 7 0, L_0x7f925d773758;  1 drivers
v0x7f925d6543d0_0 .net *"_ivl_86", 31 0, L_0x7f925d671dc0;  1 drivers
v0x7f925d654480_0 .net *"_ivl_88", 31 0, L_0x7f925d671fc0;  1 drivers
L_0x7f925d7737a0 .functor BUFT 1, C4<00000000>, C4<0>, C4<0>, C4<0>;
v0x7f925d654530_0 .net *"_ivl_91", 7 0, L_0x7f925d7737a0;  1 drivers
v0x7f925d6545e0_0 .net *"_ivl_92", 31 0, L_0x7f925d671f00;  1 drivers
v0x7f925d654690_0 .net *"_ivl_94", 23 0, L_0x7f925d672060;  1 drivers
L_0x7f925d7737e8 .functor BUFT 1, C4<00000000>, C4<0>, C4<0>, C4<0>;
v0x7f925d654740_0 .net *"_ivl_96", 7 0, L_0x7f925d7737e8;  1 drivers
v0x7f925d6547f0_0 .net *"_ivl_98", 31 0, L_0x7f925d672290;  1 drivers
v0x7f925d6548a0_0 .net "clock", 0 0, L_0x7f925d66fe50;  1 drivers
v0x7f925d654940_0 .net "iA", 15 0, L_0x7f925d66ffd0;  1 drivers
v0x7f925d6549f0_0 .net "iB", 15 0, L_0x7f925d6700a0;  1 drivers
v0x7f925d654aa0_0 .net "iC", 15 0, L_0x7f925d66ff40;  1 drivers
v0x7f925d654b50_0 .net "iD", 15 0, L_0x7f925d670150;  1 drivers
v0x7f925d654c00_0 .net "iF", 15 0, L_0x7f925d671090;  1 drivers
v0x7f925d654cb0_0 .net "iG", 15 0, L_0x7f925d6715c0;  1 drivers
v0x7f925d654d60_0 .net "iH", 31 0, L_0x7f925d672960;  1 drivers
v0x7f925d654e10_0 .net "iJ", 15 0, L_0x7f925d671420;  1 drivers
v0x7f925d654ec0_0 .net "iJ_e", 23 0, L_0x7f925d671830;  1 drivers
v0x7f925d654f70_0 .net "iK", 15 0, L_0x7f925d671510;  1 drivers
v0x7f925d655020_0 .net "iK_e", 23 0, L_0x7f925d6716c0;  1 drivers
v0x7f925d6550d0_0 .net "iL", 31 0, L_0x7f925d672720;  1 drivers
v0x7f925d655180_0 .net "iP", 15 0, L_0x7f925d6739d0;  1 drivers
v0x7f925d655230_0 .net "iQ", 15 0, v0x7f925d655ff0_0;  1 drivers
v0x7f925d6552e0_0 .net "iR", 15 0, L_0x7f925d673de0;  1 drivers
v0x7f925d655390_0 .net "iS", 15 0, v0x7f925d6560a0_0;  1 drivers
v0x7f925d655440_0 .net "iW", 15 0, L_0x7f925d672630;  1 drivers
v0x7f925d6554f0_0 .net "iX", 15 0, L_0x7f925d672a30;  1 drivers
v0x7f925d6555a0_0 .net "iY", 15 0, L_0x7f925d6733e0;  1 drivers
v0x7f925d655650_0 .net "iZ", 15 0, L_0x7f925d673cf0;  1 drivers
v0x7f925d655700_0 .net "p_Ah_Bh", 15 0, L_0x7f925d670b80;  1 drivers
v0x7f925d6557b0_0 .net "p_Ah_Bl", 15 0, L_0x7f925d6711e0;  1 drivers
v0x7f925d655860_0 .net "p_Al_Bh", 15 0, L_0x7f925d670f10;  1 drivers
v0x7f925d655910_0 .net "p_Al_Bl", 15 0, L_0x7f925d671340;  1 drivers
v0x7f925d6559c0_0 .var "rA", 15 0;
v0x7f925d655a70_0 .var "rB", 15 0;
v0x7f925d655b20_0 .var "rC", 15 0;
v0x7f925d655bd0_0 .var "rD", 15 0;
v0x7f925d655c80_0 .var "rF", 15 0;
v0x7f925d655d30_0 .var "rG", 15 0;
v0x7f925d655de0_0 .var "rH", 31 0;
v0x7f925d655e90_0 .var "rJ", 15 0;
v0x7f925d655f40_0 .var "rK", 15 0;
v0x7f925d655ff0_0 .var "rQ", 15 0;
v0x7f925d6560a0_0 .var "rS", 15 0;
E_0x7f925d64fb40 .event posedge, v0x7f925d6519c0_0, v0x7f925d6548a0_0;
E_0x7f925d650420 .event posedge, v0x7f925d651a60_0, v0x7f925d6548a0_0;
E_0x7f925d650470 .event posedge, v0x7f925d651410_0, v0x7f925d6548a0_0;
E_0x7f925d6504d0 .event posedge, v0x7f925d6514b0_0, v0x7f925d6548a0_0;
L_0x7f925d670330 .part L_0x7f925d66ffd0, 8, 8;
L_0x7f925d6703f0 .concat [ 8 8 0 0], L_0x7f925d670330, L_0x7f925d773488;
L_0x7f925d670510 .part L_0x7f925d66ffd0, 0, 8;
L_0x7f925d6705b0 .concat [ 8 8 0 0], L_0x7f925d670510, L_0x7f925d7734d0;
L_0x7f925d670710 .part L_0x7f925d6700a0, 8, 8;
L_0x7f925d670820 .concat [ 8 8 0 0], L_0x7f925d670710, L_0x7f925d773518;
L_0x7f925d670940 .part L_0x7f925d6700a0, 0, 8;
L_0x7f925d670a20 .concat [ 8 8 0 0], L_0x7f925d670940, L_0x7f925d773560;
L_0x7f925d670b80 .arith/mult 16, L_0x7f925d6703f0, L_0x7f925d670820;
L_0x7f925d670cf0 .part L_0x7f925d6705b0, 0, 8;
L_0x7f925d670d90 .concat [ 8 8 0 0], L_0x7f925d670cf0, L_0x7f925d7735a8;
L_0x7f925d670f10 .arith/mult 16, L_0x7f925d670d90, L_0x7f925d670820;
L_0x7f925d670fb0 .part L_0x7f925d670a20, 0, 8;
L_0x7f925d671100 .concat [ 8 8 0 0], L_0x7f925d670fb0, L_0x7f925d7735f0;
L_0x7f925d6711e0 .arith/mult 16, L_0x7f925d6703f0, L_0x7f925d671100;
L_0x7f925d671340 .arith/mult 16, L_0x7f925d6705b0, L_0x7f925d670a20;
L_0x7f925d6716c0 .concat [ 16 8 0 0], L_0x7f925d671510, L_0x7f925d773638;
L_0x7f925d671830 .concat [ 16 8 0 0], L_0x7f925d671420, L_0x7f925d773680;
L_0x7f925d671910 .concat [ 16 16 0 0], L_0x7f925d6715c0, L_0x7f925d7736c8;
L_0x7f925d671ad0 .concat [ 24 8 0 0], L_0x7f925d6716c0, L_0x7f925d773710;
L_0x7f925d671b70 .part L_0x7f925d671ad0, 0, 24;
L_0x7f925d6719f0 .concat [ 8 24 0 0], L_0x7f925d773758, L_0x7f925d671b70;
L_0x7f925d671dc0 .arith/sum 32, L_0x7f925d671910, L_0x7f925d6719f0;
L_0x7f925d671fc0 .concat [ 24 8 0 0], L_0x7f925d671830, L_0x7f925d7737a0;
L_0x7f925d672060 .part L_0x7f925d671fc0, 0, 24;
L_0x7f925d671f00 .concat [ 8 24 0 0], L_0x7f925d7737e8, L_0x7f925d672060;
L_0x7f925d672290 .arith/sum 32, L_0x7f925d671dc0, L_0x7f925d671f00;
L_0x7f925d6724b0 .concat [ 16 16 0 0], L_0x7f925d671090, L_0x7f925d773830;
L_0x7f925d672550 .part L_0x7f925d6724b0, 0, 16;
L_0x7f925d6723d0 .concat [ 16 16 0 0], L_0x7f925d773878, L_0x7f925d672550;
L_0x7f925d672720 .arith/sum 32, L_0x7f925d672290, L_0x7f925d6723d0;
L_0x7f925d672b20 .part L_0x7f925d6736c0, 16, 1;
L_0x7f925d672bc0 .part L_0x7f925d6736c0, 0, 16;
L_0x7f925d672860 .concat [ 16 1 0 0], L_0x7f925d672a30, L_0x7f925d7738c0;
L_0x7f925d672d70 .concat [ 16 1 0 0], L_0x7f925d672630, L_0x7f925d773908;
LS_0x7f925d672ca0_0_0 .concat [ 1 1 1 1], o0x7f925d74b278, o0x7f925d74b278, o0x7f925d74b278, o0x7f925d74b278;
LS_0x7f925d672ca0_0_4 .concat [ 1 1 1 1], o0x7f925d74b278, o0x7f925d74b278, o0x7f925d74b278, o0x7f925d74b278;
LS_0x7f925d672ca0_0_8 .concat [ 1 1 1 1], o0x7f925d74b278, o0x7f925d74b278, o0x7f925d74b278, o0x7f925d74b278;
LS_0x7f925d672ca0_0_12 .concat [ 1 1 1 1], o0x7f925d74b278, o0x7f925d74b278, o0x7f925d74b278, o0x7f925d74b278;
L_0x7f925d672ca0 .concat [ 4 4 4 4], LS_0x7f925d672ca0_0_0, LS_0x7f925d672ca0_0_4, LS_0x7f925d672ca0_0_8, LS_0x7f925d672ca0_0_12;
L_0x7f925d6731f0 .concat [ 16 1 0 0], L_0x7f925d672ca0, L_0x7f925d773950;
L_0x7f925d673620 .arith/sum 17, L_0x7f925d672860, L_0x7f925d6702b0;
L_0x7f925d6736c0 .arith/sum 17, L_0x7f925d673620, L_0x7f925d773bd8;
LS_0x7f925d673560_0_0 .concat [ 1 1 1 1], o0x7f925d74b278, o0x7f925d74b278, o0x7f925d74b278, o0x7f925d74b278;
LS_0x7f925d673560_0_4 .concat [ 1 1 1 1], o0x7f925d74b278, o0x7f925d74b278, o0x7f925d74b278, o0x7f925d74b278;
LS_0x7f925d673560_0_8 .concat [ 1 1 1 1], o0x7f925d74b278, o0x7f925d74b278, o0x7f925d74b278, o0x7f925d74b278;
LS_0x7f925d673560_0_12 .concat [ 1 1 1 1], o0x7f925d74b278, o0x7f925d74b278, o0x7f925d74b278, o0x7f925d74b278;
L_0x7f925d673560 .concat [ 4 4 4 4], LS_0x7f925d673560_0_0, LS_0x7f925d673560_0_4, LS_0x7f925d673560_0_8, LS_0x7f925d673560_0_12;
L_0x7f925d6739d0 .functor MUXZ 16, L_0x7f925d6732f0, L_0x7f925d66ff40, o0x7f925d74b728, C4<>;
L_0x7f925d673c50 .part L_0x7f925d672a30, 15, 1;
L_0x7f925d673e80 .part L_0x7f925d6746e0, 16, 1;
L_0x7f925d673f20 .part L_0x7f925d6746e0, 0, 16;
L_0x7f925d673fc0 .concat [ 16 1 0 0], L_0x7f925d673cf0, L_0x7f925d7739e0;
L_0x7f925d673ab0 .concat [ 16 1 0 0], L_0x7f925d6733e0, L_0x7f925d773a28;
LS_0x7f925d6741d0_0_0 .concat [ 1 1 1 1], o0x7f925d74b248, o0x7f925d74b248, o0x7f925d74b248, o0x7f925d74b248;
LS_0x7f925d6741d0_0_4 .concat [ 1 1 1 1], o0x7f925d74b248, o0x7f925d74b248, o0x7f925d74b248, o0x7f925d74b248;
LS_0x7f925d6741d0_0_8 .concat [ 1 1 1 1], o0x7f925d74b248, o0x7f925d74b248, o0x7f925d74b248, o0x7f925d74b248;
LS_0x7f925d6741d0_0_12 .concat [ 1 1 1 1], o0x7f925d74b248, o0x7f925d74b248, o0x7f925d74b248, o0x7f925d74b248;
L_0x7f925d6741d0 .concat [ 4 4 4 4], LS_0x7f925d6741d0_0_0, LS_0x7f925d6741d0_0_4, LS_0x7f925d6741d0_0_8, LS_0x7f925d6741d0_0_12;
L_0x7f925d6743e0 .concat [ 16 1 0 0], L_0x7f925d6741d0, L_0x7f925d773a70;
L_0x7f925d674110 .arith/sum 17, L_0x7f925d673fc0, L_0x7f925d674060;
L_0x7f925d6746e0 .arith/sum 17, L_0x7f925d674110, L_0x7f925d773c20;
LS_0x7f925d674a90_0_0 .concat [ 1 1 1 1], o0x7f925d74b248, o0x7f925d74b248, o0x7f925d74b248, o0x7f925d74b248;
LS_0x7f925d674a90_0_4 .concat [ 1 1 1 1], o0x7f925d74b248, o0x7f925d74b248, o0x7f925d74b248, o0x7f925d74b248;
LS_0x7f925d674a90_0_8 .concat [ 1 1 1 1], o0x7f925d74b248, o0x7f925d74b248, o0x7f925d74b248, o0x7f925d74b248;
LS_0x7f925d674a90_0_12 .concat [ 1 1 1 1], o0x7f925d74b248, o0x7f925d74b248, o0x7f925d74b248, o0x7f925d74b248;
L_0x7f925d674a90 .concat [ 4 4 4 4], LS_0x7f925d674a90_0_0, LS_0x7f925d674a90_0_4, LS_0x7f925d674a90_0_8, LS_0x7f925d674a90_0_12;
L_0x7f925d673de0 .functor MUXZ 16, L_0x7f925d674900, L_0x7f925d670150, o0x7f925d74b6f8, C4<>;
L_0x7f925d674970 .concat [ 16 16 0 0], L_0x7f925d674c70, L_0x7f925d673870;
S_0x7f925d61e430 .scope module, "SB_PLL40_2F_CORE" "SB_PLL40_2F_CORE" 2 2521;
 .timescale -12 -12;
    .port_info 0 /INPUT 1 "REFERENCECLK";
    .port_info 1 /OUTPUT 1 "PLLOUTCOREA";
    .port_info 2 /OUTPUT 1 "PLLOUTGLOBALA";
    .port_info 3 /OUTPUT 1 "PLLOUTCOREB";
    .port_info 4 /OUTPUT 1 "PLLOUTGLOBALB";
    .port_info 5 /INPUT 1 "EXTFEEDBACK";
    .port_info 6 /INPUT 8 "DYNAMICDELAY";
    .port_info 7 /OUTPUT 1 "LOCK";
    .port_info 8 /INPUT 1 "BYPASS";
    .port_info 9 /INPUT 1 "RESETB";
    .port_info 10 /INPUT 1 "LATCHINPUTVALUE";
    .port_info 11 /OUTPUT 1 "SDO";
    .port_info 12 /INPUT 1 "SDI";
    .port_info 13 /INPUT 1 "SCLK";
P_0x7f925e80a800 .param/str "DELAY_ADJUSTMENT_MODE_FEEDBACK" 0 2 2538, "FIXED";
P_0x7f925e80a840 .param/str "DELAY_ADJUSTMENT_MODE_RELATIVE" 0 2 2539, "FIXED";
P_0x7f925e80a880 .param/l "DIVF" 0 2 2546, C4<0000000>;
P_0x7f925e80a8c0 .param/l "DIVQ" 0 2 2547, C4<000>;
P_0x7f925e80a900 .param/l "DIVR" 0 2 2545, C4<0000>;
P_0x7f925e80a940 .param/l "ENABLE_ICEGATE_PORTA" 0 2 2549, C4<0>;
P_0x7f925e80a980 .param/l "ENABLE_ICEGATE_PORTB" 0 2 2550, C4<0>;
P_0x7f925e80a9c0 .param/l "EXTERNAL_DIVIDE_FACTOR" 0 2 2552, +C4<00000000000000000000000000000001>;
P_0x7f925e80aa00 .param/l "FDA_FEEDBACK" 0 2 2541, C4<0000>;
P_0x7f925e80aa40 .param/l "FDA_RELATIVE" 0 2 2542, C4<0000>;
P_0x7f925e80aa80 .param/str "FEEDBACK_PATH" 0 2 2537, "SIMPLE";
P_0x7f925e80aac0 .param/l "FILTER_RANGE" 0 2 2548, C4<000>;
P_0x7f925e80ab00 .param/str "PLLOUT_SELECT_PORTA" 0 2 2543, "GENCLK";
P_0x7f925e80ab40 .param/str "PLLOUT_SELECT_PORTB" 0 2 2544, "GENCLK";
P_0x7f925e80ab80 .param/l "SHIFTREG_DIV_MODE" 0 2 2540, C4<0>;
P_0x7f925e80abc0 .param/l "TEST_MODE" 0 2 2551, C4<0>;
o0x7f925d74d048 .functor BUFZ 1, C4<z>; HiZ drive
v0x7f925d6563e0_0 .net "BYPASS", 0 0, o0x7f925d74d048;  0 drivers
o0x7f925d74d078 .functor BUFZ 8, C4<zzzzzzzz>; HiZ drive
v0x7f925d656470_0 .net "DYNAMICDELAY", 7 0, o0x7f925d74d078;  0 drivers
o0x7f925d74d0a8 .functor BUFZ 1, C4<z>; HiZ drive
v0x7f925d61dff0_0 .net "EXTFEEDBACK", 0 0, o0x7f925d74d0a8;  0 drivers
o0x7f925d74d0d8 .functor BUFZ 1, C4<z>; HiZ drive
v0x7f925d656500_0 .net "LATCHINPUTVALUE", 0 0, o0x7f925d74d0d8;  0 drivers
o0x7f925d74d108 .functor BUFZ 1, C4<z>; HiZ drive
v0x7f925d656590_0 .net "LOCK", 0 0, o0x7f925d74d108;  0 drivers
o0x7f925d74d138 .functor BUFZ 1, C4<z>; HiZ drive
v0x7f925d656620_0 .net "PLLOUTCOREA", 0 0, o0x7f925d74d138;  0 drivers
o0x7f925d74d168 .functor BUFZ 1, C4<z>; HiZ drive
v0x7f925d6566b0_0 .net "PLLOUTCOREB", 0 0, o0x7f925d74d168;  0 drivers
o0x7f925d74d198 .functor BUFZ 1, C4<z>; HiZ drive
v0x7f925d656750_0 .net "PLLOUTGLOBALA", 0 0, o0x7f925d74d198;  0 drivers
o0x7f925d74d1c8 .functor BUFZ 1, C4<z>; HiZ drive
v0x7f925d6567f0_0 .net "PLLOUTGLOBALB", 0 0, o0x7f925d74d1c8;  0 drivers
o0x7f925d74d1f8 .functor BUFZ 1, C4<z>; HiZ drive
v0x7f925d656900_0 .net "REFERENCECLK", 0 0, o0x7f925d74d1f8;  0 drivers
o0x7f925d74d228 .functor BUFZ 1, C4<z>; HiZ drive
v0x7f925d656990_0 .net "RESETB", 0 0, o0x7f925d74d228;  0 drivers
o0x7f925d74d258 .functor BUFZ 1, C4<z>; HiZ drive
v0x7f925d656a30_0 .net "SCLK", 0 0, o0x7f925d74d258;  0 drivers
o0x7f925d74d288 .functor BUFZ 1, C4<z>; HiZ drive
v0x7f925d656ad0_0 .net "SDI", 0 0, o0x7f925d74d288;  0 drivers
o0x7f925d74d2b8 .functor BUFZ 1, C4<z>; HiZ drive
v0x7f925d656b70_0 .net "SDO", 0 0, o0x7f925d74d2b8;  0 drivers
S_0x7f925d61ed00 .scope module, "SB_PLL40_2F_PAD" "SB_PLL40_2F_PAD" 2 2556;
 .timescale -12 -12;
    .port_info 0 /INPUT 1 "PACKAGEPIN";
    .port_info 1 /OUTPUT 1 "PLLOUTCOREA";
    .port_info 2 /OUTPUT 1 "PLLOUTGLOBALA";
    .port_info 3 /OUTPUT 1 "PLLOUTCOREB";
    .port_info 4 /OUTPUT 1 "PLLOUTGLOBALB";
    .port_info 5 /INPUT 1 "EXTFEEDBACK";
    .port_info 6 /INPUT 8 "DYNAMICDELAY";
    .port_info 7 /OUTPUT 1 "LOCK";
    .port_info 8 /INPUT 1 "BYPASS";
    .port_info 9 /INPUT 1 "RESETB";
    .port_info 10 /INPUT 1 "LATCHINPUTVALUE";
    .port_info 11 /OUTPUT 1 "SDO";
    .port_info 12 /INPUT 1 "SDI";
    .port_info 13 /INPUT 1 "SCLK";
P_0x7f925e80c200 .param/str "DELAY_ADJUSTMENT_MODE_FEEDBACK" 0 2 2573, "FIXED";
P_0x7f925e80c240 .param/str "DELAY_ADJUSTMENT_MODE_RELATIVE" 0 2 2574, "FIXED";
P_0x7f925e80c280 .param/l "DIVF" 0 2 2581, C4<0000000>;
P_0x7f925e80c2c0 .param/l "DIVQ" 0 2 2582, C4<000>;
P_0x7f925e80c300 .param/l "DIVR" 0 2 2580, C4<0000>;
P_0x7f925e80c340 .param/l "ENABLE_ICEGATE_PORTA" 0 2 2584, C4<0>;
P_0x7f925e80c380 .param/l "ENABLE_ICEGATE_PORTB" 0 2 2585, C4<0>;
P_0x7f925e80c3c0 .param/l "EXTERNAL_DIVIDE_FACTOR" 0 2 2587, +C4<00000000000000000000000000000001>;
P_0x7f925e80c400 .param/l "FDA_FEEDBACK" 0 2 2576, C4<0000>;
P_0x7f925e80c440 .param/l "FDA_RELATIVE" 0 2 2577, C4<0000>;
P_0x7f925e80c480 .param/str "FEEDBACK_PATH" 0 2 2572, "SIMPLE";
P_0x7f925e80c4c0 .param/l "FILTER_RANGE" 0 2 2583, C4<000>;
P_0x7f925e80c500 .param/str "PLLOUT_SELECT_PORTA" 0 2 2578, "GENCLK";
P_0x7f925e80c540 .param/str "PLLOUT_SELECT_PORTB" 0 2 2579, "GENCLK";
P_0x7f925e80c580 .param/l "SHIFTREG_DIV_MODE" 0 2 2575, C4<00>;
P_0x7f925e80c5c0 .param/l "TEST_MODE" 0 2 2586, C4<0>;
o0x7f925d74d588 .functor BUFZ 1, C4<z>; HiZ drive
v0x7f925d656d60_0 .net "BYPASS", 0 0, o0x7f925d74d588;  0 drivers
o0x7f925d74d5b8 .functor BUFZ 8, C4<zzzzzzzz>; HiZ drive
v0x7f925d656df0_0 .net "DYNAMICDELAY", 7 0, o0x7f925d74d5b8;  0 drivers
o0x7f925d74d5e8 .functor BUFZ 1, C4<z>; HiZ drive
v0x7f925d656e80_0 .net "EXTFEEDBACK", 0 0, o0x7f925d74d5e8;  0 drivers
o0x7f925d74d618 .functor BUFZ 1, C4<z>; HiZ drive
v0x7f925d656f10_0 .net "LATCHINPUTVALUE", 0 0, o0x7f925d74d618;  0 drivers
o0x7f925d74d648 .functor BUFZ 1, C4<z>; HiZ drive
v0x7f925d656fa0_0 .net "LOCK", 0 0, o0x7f925d74d648;  0 drivers
o0x7f925d74d678 .functor BUFZ 1, C4<z>; HiZ drive
v0x7f925d657040_0 .net "PACKAGEPIN", 0 0, o0x7f925d74d678;  0 drivers
o0x7f925d74d6a8 .functor BUFZ 1, C4<z>; HiZ drive
v0x7f925d6570e0_0 .net "PLLOUTCOREA", 0 0, o0x7f925d74d6a8;  0 drivers
o0x7f925d74d6d8 .functor BUFZ 1, C4<z>; HiZ drive
v0x7f925d657180_0 .net "PLLOUTCOREB", 0 0, o0x7f925d74d6d8;  0 drivers
o0x7f925d74d708 .functor BUFZ 1, C4<z>; HiZ drive
v0x7f925d657220_0 .net "PLLOUTGLOBALA", 0 0, o0x7f925d74d708;  0 drivers
o0x7f925d74d738 .functor BUFZ 1, C4<z>; HiZ drive
v0x7f925d657330_0 .net "PLLOUTGLOBALB", 0 0, o0x7f925d74d738;  0 drivers
o0x7f925d74d768 .functor BUFZ 1, C4<z>; HiZ drive
v0x7f925d6573c0_0 .net "RESETB", 0 0, o0x7f925d74d768;  0 drivers
o0x7f925d74d798 .functor BUFZ 1, C4<z>; HiZ drive
v0x7f925d657460_0 .net "SCLK", 0 0, o0x7f925d74d798;  0 drivers
o0x7f925d74d7c8 .functor BUFZ 1, C4<z>; HiZ drive
v0x7f925d657500_0 .net "SDI", 0 0, o0x7f925d74d7c8;  0 drivers
o0x7f925d74d7f8 .functor BUFZ 1, C4<z>; HiZ drive
v0x7f925d6575a0_0 .net "SDO", 0 0, o0x7f925d74d7f8;  0 drivers
S_0x7f925d61f5d0 .scope module, "SB_PLL40_2_PAD" "SB_PLL40_2_PAD" 2 2487;
 .timescale -12 -12;
    .port_info 0 /INPUT 1 "PACKAGEPIN";
    .port_info 1 /OUTPUT 1 "PLLOUTCOREA";
    .port_info 2 /OUTPUT 1 "PLLOUTGLOBALA";
    .port_info 3 /OUTPUT 1 "PLLOUTCOREB";
    .port_info 4 /OUTPUT 1 "PLLOUTGLOBALB";
    .port_info 5 /INPUT 1 "EXTFEEDBACK";
    .port_info 6 /INPUT 8 "DYNAMICDELAY";
    .port_info 7 /OUTPUT 1 "LOCK";
    .port_info 8 /INPUT 1 "BYPASS";
    .port_info 9 /INPUT 1 "RESETB";
    .port_info 10 /INPUT 1 "LATCHINPUTVALUE";
    .port_info 11 /OUTPUT 1 "SDO";
    .port_info 12 /INPUT 1 "SDI";
    .port_info 13 /INPUT 1 "SCLK";
P_0x7f925d61f740 .param/str "DELAY_ADJUSTMENT_MODE_FEEDBACK" 0 2 2504, "FIXED";
P_0x7f925d61f780 .param/str "DELAY_ADJUSTMENT_MODE_RELATIVE" 0 2 2505, "FIXED";
P_0x7f925d61f7c0 .param/l "DIVF" 0 2 2511, C4<0000000>;
P_0x7f925d61f800 .param/l "DIVQ" 0 2 2512, C4<000>;
P_0x7f925d61f840 .param/l "DIVR" 0 2 2510, C4<0000>;
P_0x7f925d61f880 .param/l "ENABLE_ICEGATE_PORTA" 0 2 2514, C4<0>;
P_0x7f925d61f8c0 .param/l "ENABLE_ICEGATE_PORTB" 0 2 2515, C4<0>;
P_0x7f925d61f900 .param/l "EXTERNAL_DIVIDE_FACTOR" 0 2 2517, +C4<00000000000000000000000000000001>;
P_0x7f925d61f940 .param/l "FDA_FEEDBACK" 0 2 2507, C4<0000>;
P_0x7f925d61f980 .param/l "FDA_RELATIVE" 0 2 2508, C4<0000>;
P_0x7f925d61f9c0 .param/str "FEEDBACK_PATH" 0 2 2503, "SIMPLE";
P_0x7f925d61fa00 .param/l "FILTER_RANGE" 0 2 2513, C4<000>;
P_0x7f925d61fa40 .param/str "PLLOUT_SELECT_PORTB" 0 2 2509, "GENCLK";
P_0x7f925d61fa80 .param/l "SHIFTREG_DIV_MODE" 0 2 2506, C4<0>;
P_0x7f925d61fac0 .param/l "TEST_MODE" 0 2 2516, C4<0>;
o0x7f925d74dac8 .functor BUFZ 1, C4<z>; HiZ drive
v0x7f925d657790_0 .net "BYPASS", 0 0, o0x7f925d74dac8;  0 drivers
o0x7f925d74daf8 .functor BUFZ 8, C4<zzzzzzzz>; HiZ drive
v0x7f925d657820_0 .net "DYNAMICDELAY", 7 0, o0x7f925d74daf8;  0 drivers
o0x7f925d74db28 .functor BUFZ 1, C4<z>; HiZ drive
v0x7f925d6578b0_0 .net "EXTFEEDBACK", 0 0, o0x7f925d74db28;  0 drivers
o0x7f925d74db58 .functor BUFZ 1, C4<z>; HiZ drive
v0x7f925d657940_0 .net "LATCHINPUTVALUE", 0 0, o0x7f925d74db58;  0 drivers
o0x7f925d74db88 .functor BUFZ 1, C4<z>; HiZ drive
v0x7f925d6579d0_0 .net "LOCK", 0 0, o0x7f925d74db88;  0 drivers
o0x7f925d74dbb8 .functor BUFZ 1, C4<z>; HiZ drive
v0x7f925d657a70_0 .net "PACKAGEPIN", 0 0, o0x7f925d74dbb8;  0 drivers
o0x7f925d74dbe8 .functor BUFZ 1, C4<z>; HiZ drive
v0x7f925d657b10_0 .net "PLLOUTCOREA", 0 0, o0x7f925d74dbe8;  0 drivers
o0x7f925d74dc18 .functor BUFZ 1, C4<z>; HiZ drive
v0x7f925d657bb0_0 .net "PLLOUTCOREB", 0 0, o0x7f925d74dc18;  0 drivers
o0x7f925d74dc48 .functor BUFZ 1, C4<z>; HiZ drive
v0x7f925d657c50_0 .net "PLLOUTGLOBALA", 0 0, o0x7f925d74dc48;  0 drivers
o0x7f925d74dc78 .functor BUFZ 1, C4<z>; HiZ drive
v0x7f925d657d60_0 .net "PLLOUTGLOBALB", 0 0, o0x7f925d74dc78;  0 drivers
o0x7f925d74dca8 .functor BUFZ 1, C4<z>; HiZ drive
v0x7f925d657df0_0 .net "RESETB", 0 0, o0x7f925d74dca8;  0 drivers
o0x7f925d74dcd8 .functor BUFZ 1, C4<z>; HiZ drive
v0x7f925d657e90_0 .net "SCLK", 0 0, o0x7f925d74dcd8;  0 drivers
o0x7f925d74dd08 .functor BUFZ 1, C4<z>; HiZ drive
v0x7f925d657f30_0 .net "SDI", 0 0, o0x7f925d74dd08;  0 drivers
o0x7f925d74dd38 .functor BUFZ 1, C4<z>; HiZ drive
v0x7f925d657fd0_0 .net "SDO", 0 0, o0x7f925d74dd38;  0 drivers
S_0x7f925d620210 .scope module, "SB_PLL40_CORE" "SB_PLL40_CORE" 2 2425;
 .timescale -12 -12;
    .port_info 0 /INPUT 1 "REFERENCECLK";
    .port_info 1 /OUTPUT 1 "PLLOUTCORE";
    .port_info 2 /OUTPUT 1 "PLLOUTGLOBAL";
    .port_info 3 /INPUT 1 "EXTFEEDBACK";
    .port_info 4 /INPUT 8 "DYNAMICDELAY";
    .port_info 5 /OUTPUT 1 "LOCK";
    .port_info 6 /INPUT 1 "BYPASS";
    .port_info 7 /INPUT 1 "RESETB";
    .port_info 8 /INPUT 1 "LATCHINPUTVALUE";
    .port_info 9 /OUTPUT 1 "SDO";
    .port_info 10 /INPUT 1 "SDI";
    .port_info 11 /INPUT 1 "SCLK";
P_0x7f925d620380 .param/str "DELAY_ADJUSTMENT_MODE_FEEDBACK" 0 2 2440, "FIXED";
P_0x7f925d6203c0 .param/str "DELAY_ADJUSTMENT_MODE_RELATIVE" 0 2 2441, "FIXED";
P_0x7f925d620400 .param/l "DIVF" 0 2 2447, C4<0000000>;
P_0x7f925d620440 .param/l "DIVQ" 0 2 2448, C4<000>;
P_0x7f925d620480 .param/l "DIVR" 0 2 2446, C4<0000>;
P_0x7f925d6204c0 .param/l "ENABLE_ICEGATE" 0 2 2450, C4<0>;
P_0x7f925d620500 .param/l "EXTERNAL_DIVIDE_FACTOR" 0 2 2452, +C4<00000000000000000000000000000001>;
P_0x7f925d620540 .param/l "FDA_FEEDBACK" 0 2 2443, C4<0000>;
P_0x7f925d620580 .param/l "FDA_RELATIVE" 0 2 2444, C4<0000>;
P_0x7f925d6205c0 .param/str "FEEDBACK_PATH" 0 2 2439, "SIMPLE";
P_0x7f925d620600 .param/l "FILTER_RANGE" 0 2 2449, C4<000>;
P_0x7f925d620640 .param/str "PLLOUT_SELECT" 0 2 2445, "GENCLK";
P_0x7f925d620680 .param/l "SHIFTREG_DIV_MODE" 0 2 2442, C4<0>;
P_0x7f925d6206c0 .param/l "TEST_MODE" 0 2 2451, C4<0>;
o0x7f925d74e008 .functor BUFZ 1, C4<z>; HiZ drive
v0x7f925d6581c0_0 .net "BYPASS", 0 0, o0x7f925d74e008;  0 drivers
o0x7f925d74e038 .functor BUFZ 8, C4<zzzzzzzz>; HiZ drive
v0x7f925d658250_0 .net "DYNAMICDELAY", 7 0, o0x7f925d74e038;  0 drivers
o0x7f925d74e068 .functor BUFZ 1, C4<z>; HiZ drive
v0x7f925d6582e0_0 .net "EXTFEEDBACK", 0 0, o0x7f925d74e068;  0 drivers
o0x7f925d74e098 .functor BUFZ 1, C4<z>; HiZ drive
v0x7f925d658370_0 .net "LATCHINPUTVALUE", 0 0, o0x7f925d74e098;  0 drivers
o0x7f925d74e0c8 .functor BUFZ 1, C4<z>; HiZ drive
v0x7f925d658400_0 .net "LOCK", 0 0, o0x7f925d74e0c8;  0 drivers
o0x7f925d74e0f8 .functor BUFZ 1, C4<z>; HiZ drive
v0x7f925d6584a0_0 .net "PLLOUTCORE", 0 0, o0x7f925d74e0f8;  0 drivers
o0x7f925d74e128 .functor BUFZ 1, C4<z>; HiZ drive
v0x7f925d658540_0 .net "PLLOUTGLOBAL", 0 0, o0x7f925d74e128;  0 drivers
o0x7f925d74e158 .functor BUFZ 1, C4<z>; HiZ drive
v0x7f925d6585e0_0 .net "REFERENCECLK", 0 0, o0x7f925d74e158;  0 drivers
o0x7f925d74e188 .functor BUFZ 1, C4<z>; HiZ drive
v0x7f925d658680_0 .net "RESETB", 0 0, o0x7f925d74e188;  0 drivers
o0x7f925d74e1b8 .functor BUFZ 1, C4<z>; HiZ drive
v0x7f925d658790_0 .net "SCLK", 0 0, o0x7f925d74e1b8;  0 drivers
o0x7f925d74e1e8 .functor BUFZ 1, C4<z>; HiZ drive
v0x7f925d658820_0 .net "SDI", 0 0, o0x7f925d74e1e8;  0 drivers
o0x7f925d74e218 .functor BUFZ 1, C4<z>; HiZ drive
v0x7f925d6588c0_0 .net "SDO", 0 0, o0x7f925d74e218;  0 drivers
S_0x7f925d620d70 .scope module, "SB_PLL40_PAD" "SB_PLL40_PAD" 2 2456;
 .timescale -12 -12;
    .port_info 0 /INPUT 1 "PACKAGEPIN";
    .port_info 1 /OUTPUT 1 "PLLOUTCORE";
    .port_info 2 /OUTPUT 1 "PLLOUTGLOBAL";
    .port_info 3 /INPUT 1 "EXTFEEDBACK";
    .port_info 4 /INPUT 8 "DYNAMICDELAY";
    .port_info 5 /OUTPUT 1 "LOCK";
    .port_info 6 /INPUT 1 "BYPASS";
    .port_info 7 /INPUT 1 "RESETB";
    .port_info 8 /INPUT 1 "LATCHINPUTVALUE";
    .port_info 9 /OUTPUT 1 "SDO";
    .port_info 10 /INPUT 1 "SDI";
    .port_info 11 /INPUT 1 "SCLK";
P_0x7f925d620ee0 .param/str "DELAY_ADJUSTMENT_MODE_FEEDBACK" 0 2 2471, "FIXED";
P_0x7f925d620f20 .param/str "DELAY_ADJUSTMENT_MODE_RELATIVE" 0 2 2472, "FIXED";
P_0x7f925d620f60 .param/l "DIVF" 0 2 2478, C4<0000000>;
P_0x7f925d620fa0 .param/l "DIVQ" 0 2 2479, C4<000>;
P_0x7f925d620fe0 .param/l "DIVR" 0 2 2477, C4<0000>;
P_0x7f925d621020 .param/l "ENABLE_ICEGATE" 0 2 2481, C4<0>;
P_0x7f925d621060 .param/l "EXTERNAL_DIVIDE_FACTOR" 0 2 2483, +C4<00000000000000000000000000000001>;
P_0x7f925d6210a0 .param/l "FDA_FEEDBACK" 0 2 2474, C4<0000>;
P_0x7f925d6210e0 .param/l "FDA_RELATIVE" 0 2 2475, C4<0000>;
P_0x7f925d621120 .param/str "FEEDBACK_PATH" 0 2 2470, "SIMPLE";
P_0x7f925d621160 .param/l "FILTER_RANGE" 0 2 2480, C4<000>;
P_0x7f925d6211a0 .param/str "PLLOUT_SELECT" 0 2 2476, "GENCLK";
P_0x7f925d6211e0 .param/l "SHIFTREG_DIV_MODE" 0 2 2473, C4<0>;
P_0x7f925d621220 .param/l "TEST_MODE" 0 2 2482, C4<0>;
o0x7f925d74e488 .functor BUFZ 1, C4<z>; HiZ drive
v0x7f925d658a80_0 .net "BYPASS", 0 0, o0x7f925d74e488;  0 drivers
o0x7f925d74e4b8 .functor BUFZ 8, C4<zzzzzzzz>; HiZ drive
v0x7f925d658b10_0 .net "DYNAMICDELAY", 7 0, o0x7f925d74e4b8;  0 drivers
o0x7f925d74e4e8 .functor BUFZ 1, C4<z>; HiZ drive
v0x7f925d658ba0_0 .net "EXTFEEDBACK", 0 0, o0x7f925d74e4e8;  0 drivers
o0x7f925d74e518 .functor BUFZ 1, C4<z>; HiZ drive
v0x7f925d658c30_0 .net "LATCHINPUTVALUE", 0 0, o0x7f925d74e518;  0 drivers
o0x7f925d74e548 .functor BUFZ 1, C4<z>; HiZ drive
v0x7f925d658cc0_0 .net "LOCK", 0 0, o0x7f925d74e548;  0 drivers
o0x7f925d74e578 .functor BUFZ 1, C4<z>; HiZ drive
v0x7f925d658d90_0 .net "PACKAGEPIN", 0 0, o0x7f925d74e578;  0 drivers
o0x7f925d74e5a8 .functor BUFZ 1, C4<z>; HiZ drive
v0x7f925d658e20_0 .net "PLLOUTCORE", 0 0, o0x7f925d74e5a8;  0 drivers
o0x7f925d74e5d8 .functor BUFZ 1, C4<z>; HiZ drive
v0x7f925d658eb0_0 .net "PLLOUTGLOBAL", 0 0, o0x7f925d74e5d8;  0 drivers
o0x7f925d74e608 .functor BUFZ 1, C4<z>; HiZ drive
v0x7f925d658f50_0 .net "RESETB", 0 0, o0x7f925d74e608;  0 drivers
o0x7f925d74e638 .functor BUFZ 1, C4<z>; HiZ drive
v0x7f925d659060_0 .net "SCLK", 0 0, o0x7f925d74e638;  0 drivers
o0x7f925d74e668 .functor BUFZ 1, C4<z>; HiZ drive
v0x7f925d6590f0_0 .net "SDI", 0 0, o0x7f925d74e668;  0 drivers
o0x7f925d74e698 .functor BUFZ 1, C4<z>; HiZ drive
v0x7f925d659190_0 .net "SDO", 0 0, o0x7f925d74e698;  0 drivers
S_0x7f925d6218d0 .scope module, "SB_RAM40_4KNR" "SB_RAM40_4KNR" 2 1726;
 .timescale -12 -12;
    .port_info 0 /OUTPUT 16 "RDATA";
    .port_info 1 /INPUT 1 "RCLKN";
    .port_info 2 /INPUT 1 "RCLKE";
    .port_info 3 /INPUT 1 "RE";
    .port_info 4 /INPUT 11 "RADDR";
    .port_info 5 /INPUT 1 "WCLK";
    .port_info 6 /INPUT 1 "WCLKE";
    .port_info 7 /INPUT 1 "WE";
    .port_info 8 /INPUT 11 "WADDR";
    .port_info 9 /INPUT 16 "MASK";
    .port_info 10 /INPUT 16 "WDATA";
P_0x7f925e80c600 .param/l "INIT_0" 0 2 1742, C4<0000000000000000000000000000000000000000000000000000000000000000000000000000000000000000000000000000000000000000000000000000000000000000000000000000000000000000000000000000000000000000000000000000000000000000000000000000000000000000000000000000000000000000>;
P_0x7f925e80c640 .param/l "INIT_1" 0 2 1743, C4<0000000000000000000000000000000000000000000000000000000000000000000000000000000000000000000000000000000000000000000000000000000000000000000000000000000000000000000000000000000000000000000000000000000000000000000000000000000000000000000000000000000000000000>;
P_0x7f925e80c680 .param/l "INIT_2" 0 2 1744, C4<0000000000000000000000000000000000000000000000000000000000000000000000000000000000000000000000000000000000000000000000000000000000000000000000000000000000000000000000000000000000000000000000000000000000000000000000000000000000000000000000000000000000000000>;
P_0x7f925e80c6c0 .param/l "INIT_3" 0 2 1745, C4<0000000000000000000000000000000000000000000000000000000000000000000000000000000000000000000000000000000000000000000000000000000000000000000000000000000000000000000000000000000000000000000000000000000000000000000000000000000000000000000000000000000000000000>;
P_0x7f925e80c700 .param/l "INIT_4" 0 2 1746, C4<0000000000000000000000000000000000000000000000000000000000000000000000000000000000000000000000000000000000000000000000000000000000000000000000000000000000000000000000000000000000000000000000000000000000000000000000000000000000000000000000000000000000000000>;
P_0x7f925e80c740 .param/l "INIT_5" 0 2 1747, C4<0000000000000000000000000000000000000000000000000000000000000000000000000000000000000000000000000000000000000000000000000000000000000000000000000000000000000000000000000000000000000000000000000000000000000000000000000000000000000000000000000000000000000000>;
P_0x7f925e80c780 .param/l "INIT_6" 0 2 1748, C4<0000000000000000000000000000000000000000000000000000000000000000000000000000000000000000000000000000000000000000000000000000000000000000000000000000000000000000000000000000000000000000000000000000000000000000000000000000000000000000000000000000000000000000>;
P_0x7f925e80c7c0 .param/l "INIT_7" 0 2 1749, C4<0000000000000000000000000000000000000000000000000000000000000000000000000000000000000000000000000000000000000000000000000000000000000000000000000000000000000000000000000000000000000000000000000000000000000000000000000000000000000000000000000000000000000000>;
P_0x7f925e80c800 .param/l "INIT_8" 0 2 1750, C4<0000000000000000000000000000000000000000000000000000000000000000000000000000000000000000000000000000000000000000000000000000000000000000000000000000000000000000000000000000000000000000000000000000000000000000000000000000000000000000000000000000000000000000>;
P_0x7f925e80c840 .param/l "INIT_9" 0 2 1751, C4<0000000000000000000000000000000000000000000000000000000000000000000000000000000000000000000000000000000000000000000000000000000000000000000000000000000000000000000000000000000000000000000000000000000000000000000000000000000000000000000000000000000000000000>;
P_0x7f925e80c880 .param/l "INIT_A" 0 2 1752, C4<0000000000000000000000000000000000000000000000000000000000000000000000000000000000000000000000000000000000000000000000000000000000000000000000000000000000000000000000000000000000000000000000000000000000000000000000000000000000000000000000000000000000000000>;
P_0x7f925e80c8c0 .param/l "INIT_B" 0 2 1753, C4<0000000000000000000000000000000000000000000000000000000000000000000000000000000000000000000000000000000000000000000000000000000000000000000000000000000000000000000000000000000000000000000000000000000000000000000000000000000000000000000000000000000000000000>;
P_0x7f925e80c900 .param/l "INIT_C" 0 2 1754, C4<0000000000000000000000000000000000000000000000000000000000000000000000000000000000000000000000000000000000000000000000000000000000000000000000000000000000000000000000000000000000000000000000000000000000000000000000000000000000000000000000000000000000000000>;
P_0x7f925e80c940 .param/l "INIT_D" 0 2 1755, C4<0000000000000000000000000000000000000000000000000000000000000000000000000000000000000000000000000000000000000000000000000000000000000000000000000000000000000000000000000000000000000000000000000000000000000000000000000000000000000000000000000000000000000000>;
P_0x7f925e80c980 .param/l "INIT_E" 0 2 1756, C4<0000000000000000000000000000000000000000000000000000000000000000000000000000000000000000000000000000000000000000000000000000000000000000000000000000000000000000000000000000000000000000000000000000000000000000000000000000000000000000000000000000000000000000>;
P_0x7f925e80c9c0 .param/l "INIT_F" 0 2 1757, C4<0000000000000000000000000000000000000000000000000000000000000000000000000000000000000000000000000000000000000000000000000000000000000000000000000000000000000000000000000000000000000000000000000000000000000000000000000000000000000000000000000000000000000000>;
P_0x7f925e80ca00 .param/str "INIT_FILE" 0 2 1759, "\000";
P_0x7f925e80ca40 .param/l "READ_MODE" 0 2 1740, +C4<00000000000000000000000000000000>;
P_0x7f925e80ca80 .param/l "WRITE_MODE" 0 2 1739, +C4<00000000000000000000000000000000>;
o0x7f925d74ee18 .functor BUFZ 1, C4<z>; HiZ drive
L_0x7f925d675080 .functor NOT 1, o0x7f925d74ee18, C4<0>, C4<0>, C4<0>;
o0x7f925d74e908 .functor BUFZ 16, C4<zzzzzzzzzzzzzzzz>; HiZ drive
v0x7f925d65c0f0_0 .net "MASK", 15 0, o0x7f925d74e908;  0 drivers
o0x7f925d74e938 .functor BUFZ 11, C4<zzzzzzzzzzz>; HiZ drive
v0x7f925d65c180_0 .net "RADDR", 10 0, o0x7f925d74e938;  0 drivers
o0x7f925d74e998 .functor BUFZ 1, C4<z>; HiZ drive
v0x7f925d65c210_0 .net "RCLKE", 0 0, o0x7f925d74e998;  0 drivers
v0x7f925d65c2a0_0 .net "RCLKN", 0 0, o0x7f925d74ee18;  0 drivers
v0x7f925d65c330_0 .net "RDATA", 15 0, L_0x7f925d675010;  1 drivers
o0x7f925d74ea28 .functor BUFZ 1, C4<z>; HiZ drive
v0x7f925d65c3c0_0 .net "RE", 0 0, o0x7f925d74ea28;  0 drivers
o0x7f925d74ea88 .functor BUFZ 11, C4<zzzzzzzzzzz>; HiZ drive
v0x7f925d65c470_0 .net "WADDR", 10 0, o0x7f925d74ea88;  0 drivers
o0x7f925d74eab8 .functor BUFZ 1, C4<z>; HiZ drive
v0x7f925d65c520_0 .net "WCLK", 0 0, o0x7f925d74eab8;  0 drivers
o0x7f925d74eae8 .functor BUFZ 1, C4<z>; HiZ drive
v0x7f925d65c5d0_0 .net "WCLKE", 0 0, o0x7f925d74eae8;  0 drivers
o0x7f925d74eb18 .functor BUFZ 16, C4<zzzzzzzzzzzzzzzz>; HiZ drive
v0x7f925d65c700_0 .net "WDATA", 15 0, o0x7f925d74eb18;  0 drivers
o0x7f925d74eb78 .functor BUFZ 1, C4<z>; HiZ drive
v0x7f925d65c790_0 .net "WE", 0 0, o0x7f925d74eb78;  0 drivers
S_0x7f925d659350 .scope module, "RAM" "SB_RAM40_4K" 2 1781, 2 1487 0, S_0x7f925d6218d0;
 .timescale -12 -12;
    .port_info 0 /OUTPUT 16 "RDATA";
    .port_info 1 /INPUT 1 "RCLK";
    .port_info 2 /INPUT 1 "RCLKE";
    .port_info 3 /INPUT 1 "RE";
    .port_info 4 /INPUT 11 "RADDR";
    .port_info 5 /INPUT 1 "WCLK";
    .port_info 6 /INPUT 1 "WCLKE";
    .port_info 7 /INPUT 1 "WE";
    .port_info 8 /INPUT 11 "WADDR";
    .port_info 9 /INPUT 16 "MASK";
    .port_info 10 /INPUT 16 "WDATA";
P_0x7f925e80f800 .param/l "INIT_0" 0 2 1507, C4<0000000000000000000000000000000000000000000000000000000000000000000000000000000000000000000000000000000000000000000000000000000000000000000000000000000000000000000000000000000000000000000000000000000000000000000000000000000000000000000000000000000000000000>;
P_0x7f925e80f840 .param/l "INIT_1" 0 2 1508, C4<0000000000000000000000000000000000000000000000000000000000000000000000000000000000000000000000000000000000000000000000000000000000000000000000000000000000000000000000000000000000000000000000000000000000000000000000000000000000000000000000000000000000000000>;
P_0x7f925e80f880 .param/l "INIT_2" 0 2 1509, C4<0000000000000000000000000000000000000000000000000000000000000000000000000000000000000000000000000000000000000000000000000000000000000000000000000000000000000000000000000000000000000000000000000000000000000000000000000000000000000000000000000000000000000000>;
P_0x7f925e80f8c0 .param/l "INIT_3" 0 2 1510, C4<0000000000000000000000000000000000000000000000000000000000000000000000000000000000000000000000000000000000000000000000000000000000000000000000000000000000000000000000000000000000000000000000000000000000000000000000000000000000000000000000000000000000000000>;
P_0x7f925e80f900 .param/l "INIT_4" 0 2 1511, C4<0000000000000000000000000000000000000000000000000000000000000000000000000000000000000000000000000000000000000000000000000000000000000000000000000000000000000000000000000000000000000000000000000000000000000000000000000000000000000000000000000000000000000000>;
P_0x7f925e80f940 .param/l "INIT_5" 0 2 1512, C4<0000000000000000000000000000000000000000000000000000000000000000000000000000000000000000000000000000000000000000000000000000000000000000000000000000000000000000000000000000000000000000000000000000000000000000000000000000000000000000000000000000000000000000>;
P_0x7f925e80f980 .param/l "INIT_6" 0 2 1513, C4<0000000000000000000000000000000000000000000000000000000000000000000000000000000000000000000000000000000000000000000000000000000000000000000000000000000000000000000000000000000000000000000000000000000000000000000000000000000000000000000000000000000000000000>;
P_0x7f925e80f9c0 .param/l "INIT_7" 0 2 1514, C4<0000000000000000000000000000000000000000000000000000000000000000000000000000000000000000000000000000000000000000000000000000000000000000000000000000000000000000000000000000000000000000000000000000000000000000000000000000000000000000000000000000000000000000>;
P_0x7f925e80fa00 .param/l "INIT_8" 0 2 1515, C4<0000000000000000000000000000000000000000000000000000000000000000000000000000000000000000000000000000000000000000000000000000000000000000000000000000000000000000000000000000000000000000000000000000000000000000000000000000000000000000000000000000000000000000>;
P_0x7f925e80fa40 .param/l "INIT_9" 0 2 1516, C4<0000000000000000000000000000000000000000000000000000000000000000000000000000000000000000000000000000000000000000000000000000000000000000000000000000000000000000000000000000000000000000000000000000000000000000000000000000000000000000000000000000000000000000>;
P_0x7f925e80fa80 .param/l "INIT_A" 0 2 1517, C4<0000000000000000000000000000000000000000000000000000000000000000000000000000000000000000000000000000000000000000000000000000000000000000000000000000000000000000000000000000000000000000000000000000000000000000000000000000000000000000000000000000000000000000>;
P_0x7f925e80fac0 .param/l "INIT_B" 0 2 1518, C4<0000000000000000000000000000000000000000000000000000000000000000000000000000000000000000000000000000000000000000000000000000000000000000000000000000000000000000000000000000000000000000000000000000000000000000000000000000000000000000000000000000000000000000>;
P_0x7f925e80fb00 .param/l "INIT_C" 0 2 1519, C4<0000000000000000000000000000000000000000000000000000000000000000000000000000000000000000000000000000000000000000000000000000000000000000000000000000000000000000000000000000000000000000000000000000000000000000000000000000000000000000000000000000000000000000>;
P_0x7f925e80fb40 .param/l "INIT_D" 0 2 1520, C4<0000000000000000000000000000000000000000000000000000000000000000000000000000000000000000000000000000000000000000000000000000000000000000000000000000000000000000000000000000000000000000000000000000000000000000000000000000000000000000000000000000000000000000>;
P_0x7f925e80fb80 .param/l "INIT_E" 0 2 1521, C4<0000000000000000000000000000000000000000000000000000000000000000000000000000000000000000000000000000000000000000000000000000000000000000000000000000000000000000000000000000000000000000000000000000000000000000000000000000000000000000000000000000000000000000>;
P_0x7f925e80fbc0 .param/l "INIT_F" 0 2 1522, C4<0000000000000000000000000000000000000000000000000000000000000000000000000000000000000000000000000000000000000000000000000000000000000000000000000000000000000000000000000000000000000000000000000000000000000000000000000000000000000000000000000000000000000000>;
P_0x7f925e80fc00 .param/str "INIT_FILE" 0 2 1524, "\000";
P_0x7f925e80fc40 .param/l "READ_MODE" 0 2 1505, +C4<00000000000000000000000000000000>;
P_0x7f925e80fc80 .param/l "WRITE_MODE" 0 2 1504, +C4<00000000000000000000000000000000>;
v0x7f925d65b350_0 .net "MASK", 15 0, o0x7f925d74e908;  alias, 0 drivers
v0x7f925d65b3e0_0 .net "RADDR", 10 0, o0x7f925d74e938;  alias, 0 drivers
v0x7f925d65b490_0 .net "RCLK", 0 0, L_0x7f925d675080;  1 drivers
v0x7f925d65b540_0 .net "RCLKE", 0 0, o0x7f925d74e998;  alias, 0 drivers
v0x7f925d65b5e0_0 .net "RDATA", 15 0, L_0x7f925d675010;  alias, 1 drivers
v0x7f925d65b6d0_0 .var "RDATA_I", 15 0;
v0x7f925d65b780_0 .net "RE", 0 0, o0x7f925d74ea28;  alias, 0 drivers
L_0x7f925d773b00 .functor BUFT 1, C4<0000000000000000>, C4<0>, C4<0>, C4<0>;
v0x7f925d65b820_0 .net "RMASK_I", 15 0, L_0x7f925d773b00;  1 drivers
v0x7f925d65b8d0_0 .net "WADDR", 10 0, o0x7f925d74ea88;  alias, 0 drivers
v0x7f925d65b9e0_0 .net "WCLK", 0 0, o0x7f925d74eab8;  alias, 0 drivers
v0x7f925d65ba80_0 .net "WCLKE", 0 0, o0x7f925d74eae8;  alias, 0 drivers
v0x7f925d65bb20_0 .net "WDATA", 15 0, o0x7f925d74eb18;  alias, 0 drivers
v0x7f925d65bbd0_0 .net "WDATA_I", 15 0, L_0x7f925d674590;  1 drivers
v0x7f925d65bc80_0 .net "WE", 0 0, o0x7f925d74eb78;  alias, 0 drivers
v0x7f925d65bd20_0 .net "WMASK_I", 15 0, L_0x7f925d6744e0;  1 drivers
v0x7f925d65bdd0_0 .var/i "i", 31 0;
v0x7f925d65be80 .array "memory", 255 0, 15 0;
E_0x7f925d65abd0 .event posedge, v0x7f925d65b490_0;
E_0x7f925d65ac30 .event posedge, v0x7f925d65b9e0_0;
S_0x7f925d65ac80 .scope generate, "genblk1" "genblk1" 2 1534, 2 1534 0, S_0x7f925d659350;
 .timescale -12 -12;
L_0x7f925d6744e0 .functor BUFZ 16, o0x7f925d74e908, C4<0000000000000000>, C4<0000000000000000>, C4<0000000000000000>;
S_0x7f925d65ae50 .scope generate, "genblk2" "genblk2" 2 1555, 2 1555 0, S_0x7f925d659350;
 .timescale -12 -12;
S_0x7f925d65b020 .scope generate, "genblk3" "genblk3" 2 1576, 2 1576 0, S_0x7f925d659350;
 .timescale -12 -12;
L_0x7f925d674590 .functor BUFZ 16, o0x7f925d74eb18, C4<0000000000000000>, C4<0000000000000000>, C4<0000000000000000>;
S_0x7f925d65b190 .scope generate, "genblk4" "genblk4" 2 1595, 2 1595 0, S_0x7f925d659350;
 .timescale -12 -12;
L_0x7f925d675010 .functor BUFZ 16, v0x7f925d65b6d0_0, C4<0000000000000000>, C4<0000000000000000>, C4<0000000000000000>;
S_0x7f925d623180 .scope module, "SB_RAM40_4KNRNW" "SB_RAM40_4KNRNW" 2 1998;
 .timescale -12 -12;
    .port_info 0 /OUTPUT 16 "RDATA";
    .port_info 1 /INPUT 1 "RCLKN";
    .port_info 2 /INPUT 1 "RCLKE";
    .port_info 3 /INPUT 1 "RE";
    .port_info 4 /INPUT 11 "RADDR";
    .port_info 5 /INPUT 1 "WCLKN";
    .port_info 6 /INPUT 1 "WCLKE";
    .port_info 7 /INPUT 1 "WE";
    .port_info 8 /INPUT 11 "WADDR";
    .port_info 9 /INPUT 16 "MASK";
    .port_info 10 /INPUT 16 "WDATA";
P_0x7f925e80d000 .param/l "INIT_0" 0 2 2014, C4<0000000000000000000000000000000000000000000000000000000000000000000000000000000000000000000000000000000000000000000000000000000000000000000000000000000000000000000000000000000000000000000000000000000000000000000000000000000000000000000000000000000000000000>;
P_0x7f925e80d040 .param/l "INIT_1" 0 2 2015, C4<0000000000000000000000000000000000000000000000000000000000000000000000000000000000000000000000000000000000000000000000000000000000000000000000000000000000000000000000000000000000000000000000000000000000000000000000000000000000000000000000000000000000000000>;
P_0x7f925e80d080 .param/l "INIT_2" 0 2 2016, C4<0000000000000000000000000000000000000000000000000000000000000000000000000000000000000000000000000000000000000000000000000000000000000000000000000000000000000000000000000000000000000000000000000000000000000000000000000000000000000000000000000000000000000000>;
P_0x7f925e80d0c0 .param/l "INIT_3" 0 2 2017, C4<0000000000000000000000000000000000000000000000000000000000000000000000000000000000000000000000000000000000000000000000000000000000000000000000000000000000000000000000000000000000000000000000000000000000000000000000000000000000000000000000000000000000000000>;
P_0x7f925e80d100 .param/l "INIT_4" 0 2 2018, C4<0000000000000000000000000000000000000000000000000000000000000000000000000000000000000000000000000000000000000000000000000000000000000000000000000000000000000000000000000000000000000000000000000000000000000000000000000000000000000000000000000000000000000000>;
P_0x7f925e80d140 .param/l "INIT_5" 0 2 2019, C4<0000000000000000000000000000000000000000000000000000000000000000000000000000000000000000000000000000000000000000000000000000000000000000000000000000000000000000000000000000000000000000000000000000000000000000000000000000000000000000000000000000000000000000>;
P_0x7f925e80d180 .param/l "INIT_6" 0 2 2020, C4<0000000000000000000000000000000000000000000000000000000000000000000000000000000000000000000000000000000000000000000000000000000000000000000000000000000000000000000000000000000000000000000000000000000000000000000000000000000000000000000000000000000000000000>;
P_0x7f925e80d1c0 .param/l "INIT_7" 0 2 2021, C4<0000000000000000000000000000000000000000000000000000000000000000000000000000000000000000000000000000000000000000000000000000000000000000000000000000000000000000000000000000000000000000000000000000000000000000000000000000000000000000000000000000000000000000>;
P_0x7f925e80d200 .param/l "INIT_8" 0 2 2022, C4<0000000000000000000000000000000000000000000000000000000000000000000000000000000000000000000000000000000000000000000000000000000000000000000000000000000000000000000000000000000000000000000000000000000000000000000000000000000000000000000000000000000000000000>;
P_0x7f925e80d240 .param/l "INIT_9" 0 2 2023, C4<0000000000000000000000000000000000000000000000000000000000000000000000000000000000000000000000000000000000000000000000000000000000000000000000000000000000000000000000000000000000000000000000000000000000000000000000000000000000000000000000000000000000000000>;
P_0x7f925e80d280 .param/l "INIT_A" 0 2 2024, C4<0000000000000000000000000000000000000000000000000000000000000000000000000000000000000000000000000000000000000000000000000000000000000000000000000000000000000000000000000000000000000000000000000000000000000000000000000000000000000000000000000000000000000000>;
P_0x7f925e80d2c0 .param/l "INIT_B" 0 2 2025, C4<0000000000000000000000000000000000000000000000000000000000000000000000000000000000000000000000000000000000000000000000000000000000000000000000000000000000000000000000000000000000000000000000000000000000000000000000000000000000000000000000000000000000000000>;
P_0x7f925e80d300 .param/l "INIT_C" 0 2 2026, C4<0000000000000000000000000000000000000000000000000000000000000000000000000000000000000000000000000000000000000000000000000000000000000000000000000000000000000000000000000000000000000000000000000000000000000000000000000000000000000000000000000000000000000000>;
P_0x7f925e80d340 .param/l "INIT_D" 0 2 2027, C4<0000000000000000000000000000000000000000000000000000000000000000000000000000000000000000000000000000000000000000000000000000000000000000000000000000000000000000000000000000000000000000000000000000000000000000000000000000000000000000000000000000000000000000>;
P_0x7f925e80d380 .param/l "INIT_E" 0 2 2028, C4<0000000000000000000000000000000000000000000000000000000000000000000000000000000000000000000000000000000000000000000000000000000000000000000000000000000000000000000000000000000000000000000000000000000000000000000000000000000000000000000000000000000000000000>;
P_0x7f925e80d3c0 .param/l "INIT_F" 0 2 2029, C4<0000000000000000000000000000000000000000000000000000000000000000000000000000000000000000000000000000000000000000000000000000000000000000000000000000000000000000000000000000000000000000000000000000000000000000000000000000000000000000000000000000000000000000>;
P_0x7f925e80d400 .param/str "INIT_FILE" 0 2 2031, "\000";
P_0x7f925e80d440 .param/l "READ_MODE" 0 2 2012, +C4<00000000000000000000000000000000>;
P_0x7f925e80d480 .param/l "WRITE_MODE" 0 2 2011, +C4<00000000000000000000000000000000>;
o0x7f925d74f568 .functor BUFZ 1, C4<z>; HiZ drive
L_0x7f925d675300 .functor NOT 1, o0x7f925d74f568, C4<0>, C4<0>, C4<0>;
o0x7f925d74f598 .functor BUFZ 1, C4<z>; HiZ drive
L_0x7f925d675370 .functor NOT 1, o0x7f925d74f598, C4<0>, C4<0>, C4<0>;
o0x7f925d74f058 .functor BUFZ 16, C4<zzzzzzzzzzzzzzzz>; HiZ drive
v0x7f925d65f6b0_0 .net "MASK", 15 0, o0x7f925d74f058;  0 drivers
o0x7f925d74f088 .functor BUFZ 11, C4<zzzzzzzzzzz>; HiZ drive
v0x7f925d65f740_0 .net "RADDR", 10 0, o0x7f925d74f088;  0 drivers
o0x7f925d74f0e8 .functor BUFZ 1, C4<z>; HiZ drive
v0x7f925d65f7d0_0 .net "RCLKE", 0 0, o0x7f925d74f0e8;  0 drivers
v0x7f925d65f860_0 .net "RCLKN", 0 0, o0x7f925d74f568;  0 drivers
v0x7f925d65f8f0_0 .net "RDATA", 15 0, L_0x7f925d675250;  1 drivers
o0x7f925d74f178 .functor BUFZ 1, C4<z>; HiZ drive
v0x7f925d65f980_0 .net "RE", 0 0, o0x7f925d74f178;  0 drivers
o0x7f925d74f1d8 .functor BUFZ 11, C4<zzzzzzzzzzz>; HiZ drive
v0x7f925d65fa30_0 .net "WADDR", 10 0, o0x7f925d74f1d8;  0 drivers
o0x7f925d74f238 .functor BUFZ 1, C4<z>; HiZ drive
v0x7f925d65fae0_0 .net "WCLKE", 0 0, o0x7f925d74f238;  0 drivers
v0x7f925d65fb90_0 .net "WCLKN", 0 0, o0x7f925d74f598;  0 drivers
o0x7f925d74f268 .functor BUFZ 16, C4<zzzzzzzzzzzzzzzz>; HiZ drive
v0x7f925d65fca0_0 .net "WDATA", 15 0, o0x7f925d74f268;  0 drivers
o0x7f925d74f2c8 .functor BUFZ 1, C4<z>; HiZ drive
v0x7f925d65fd50_0 .net "WE", 0 0, o0x7f925d74f2c8;  0 drivers
S_0x7f925d65c8d0 .scope module, "RAM" "SB_RAM40_4K" 2 2053, 2 1487 0, S_0x7f925d623180;
 .timescale -12 -12;
    .port_info 0 /OUTPUT 16 "RDATA";
    .port_info 1 /INPUT 1 "RCLK";
    .port_info 2 /INPUT 1 "RCLKE";
    .port_info 3 /INPUT 1 "RE";
    .port_info 4 /INPUT 11 "RADDR";
    .port_info 5 /INPUT 1 "WCLK";
    .port_info 6 /INPUT 1 "WCLKE";
    .port_info 7 /INPUT 1 "WE";
    .port_info 8 /INPUT 11 "WADDR";
    .port_info 9 /INPUT 16 "MASK";
    .port_info 10 /INPUT 16 "WDATA";
P_0x7f925e80fe00 .param/l "INIT_0" 0 2 1507, C4<0000000000000000000000000000000000000000000000000000000000000000000000000000000000000000000000000000000000000000000000000000000000000000000000000000000000000000000000000000000000000000000000000000000000000000000000000000000000000000000000000000000000000000>;
P_0x7f925e80fe40 .param/l "INIT_1" 0 2 1508, C4<0000000000000000000000000000000000000000000000000000000000000000000000000000000000000000000000000000000000000000000000000000000000000000000000000000000000000000000000000000000000000000000000000000000000000000000000000000000000000000000000000000000000000000>;
P_0x7f925e80fe80 .param/l "INIT_2" 0 2 1509, C4<0000000000000000000000000000000000000000000000000000000000000000000000000000000000000000000000000000000000000000000000000000000000000000000000000000000000000000000000000000000000000000000000000000000000000000000000000000000000000000000000000000000000000000>;
P_0x7f925e80fec0 .param/l "INIT_3" 0 2 1510, C4<0000000000000000000000000000000000000000000000000000000000000000000000000000000000000000000000000000000000000000000000000000000000000000000000000000000000000000000000000000000000000000000000000000000000000000000000000000000000000000000000000000000000000000>;
P_0x7f925e80ff00 .param/l "INIT_4" 0 2 1511, C4<0000000000000000000000000000000000000000000000000000000000000000000000000000000000000000000000000000000000000000000000000000000000000000000000000000000000000000000000000000000000000000000000000000000000000000000000000000000000000000000000000000000000000000>;
P_0x7f925e80ff40 .param/l "INIT_5" 0 2 1512, C4<0000000000000000000000000000000000000000000000000000000000000000000000000000000000000000000000000000000000000000000000000000000000000000000000000000000000000000000000000000000000000000000000000000000000000000000000000000000000000000000000000000000000000000>;
P_0x7f925e80ff80 .param/l "INIT_6" 0 2 1513, C4<0000000000000000000000000000000000000000000000000000000000000000000000000000000000000000000000000000000000000000000000000000000000000000000000000000000000000000000000000000000000000000000000000000000000000000000000000000000000000000000000000000000000000000>;
P_0x7f925e80ffc0 .param/l "INIT_7" 0 2 1514, C4<0000000000000000000000000000000000000000000000000000000000000000000000000000000000000000000000000000000000000000000000000000000000000000000000000000000000000000000000000000000000000000000000000000000000000000000000000000000000000000000000000000000000000000>;
P_0x7f925e810000 .param/l "INIT_8" 0 2 1515, C4<0000000000000000000000000000000000000000000000000000000000000000000000000000000000000000000000000000000000000000000000000000000000000000000000000000000000000000000000000000000000000000000000000000000000000000000000000000000000000000000000000000000000000000>;
P_0x7f925e810040 .param/l "INIT_9" 0 2 1516, C4<0000000000000000000000000000000000000000000000000000000000000000000000000000000000000000000000000000000000000000000000000000000000000000000000000000000000000000000000000000000000000000000000000000000000000000000000000000000000000000000000000000000000000000>;
P_0x7f925e810080 .param/l "INIT_A" 0 2 1517, C4<0000000000000000000000000000000000000000000000000000000000000000000000000000000000000000000000000000000000000000000000000000000000000000000000000000000000000000000000000000000000000000000000000000000000000000000000000000000000000000000000000000000000000000>;
P_0x7f925e8100c0 .param/l "INIT_B" 0 2 1518, C4<0000000000000000000000000000000000000000000000000000000000000000000000000000000000000000000000000000000000000000000000000000000000000000000000000000000000000000000000000000000000000000000000000000000000000000000000000000000000000000000000000000000000000000>;
P_0x7f925e810100 .param/l "INIT_C" 0 2 1519, C4<0000000000000000000000000000000000000000000000000000000000000000000000000000000000000000000000000000000000000000000000000000000000000000000000000000000000000000000000000000000000000000000000000000000000000000000000000000000000000000000000000000000000000000>;
P_0x7f925e810140 .param/l "INIT_D" 0 2 1520, C4<0000000000000000000000000000000000000000000000000000000000000000000000000000000000000000000000000000000000000000000000000000000000000000000000000000000000000000000000000000000000000000000000000000000000000000000000000000000000000000000000000000000000000000>;
P_0x7f925e810180 .param/l "INIT_E" 0 2 1521, C4<0000000000000000000000000000000000000000000000000000000000000000000000000000000000000000000000000000000000000000000000000000000000000000000000000000000000000000000000000000000000000000000000000000000000000000000000000000000000000000000000000000000000000000>;
P_0x7f925e8101c0 .param/l "INIT_F" 0 2 1522, C4<0000000000000000000000000000000000000000000000000000000000000000000000000000000000000000000000000000000000000000000000000000000000000000000000000000000000000000000000000000000000000000000000000000000000000000000000000000000000000000000000000000000000000000>;
P_0x7f925e810200 .param/str "INIT_FILE" 0 2 1524, "\000";
P_0x7f925e810240 .param/l "READ_MODE" 0 2 1505, +C4<00000000000000000000000000000000>;
P_0x7f925e810280 .param/l "WRITE_MODE" 0 2 1504, +C4<00000000000000000000000000000000>;
v0x7f925d65e910_0 .net "MASK", 15 0, o0x7f925d74f058;  alias, 0 drivers
v0x7f925d65e9a0_0 .net "RADDR", 10 0, o0x7f925d74f088;  alias, 0 drivers
v0x7f925d65ea50_0 .net "RCLK", 0 0, L_0x7f925d675300;  1 drivers
v0x7f925d65eb00_0 .net "RCLKE", 0 0, o0x7f925d74f0e8;  alias, 0 drivers
v0x7f925d65eba0_0 .net "RDATA", 15 0, L_0x7f925d675250;  alias, 1 drivers
v0x7f925d65ec90_0 .var "RDATA_I", 15 0;
v0x7f925d65ed40_0 .net "RE", 0 0, o0x7f925d74f178;  alias, 0 drivers
L_0x7f925d773b48 .functor BUFT 1, C4<0000000000000000>, C4<0>, C4<0>, C4<0>;
v0x7f925d65ede0_0 .net "RMASK_I", 15 0, L_0x7f925d773b48;  1 drivers
v0x7f925d65ee90_0 .net "WADDR", 10 0, o0x7f925d74f1d8;  alias, 0 drivers
v0x7f925d65efa0_0 .net "WCLK", 0 0, L_0x7f925d675370;  1 drivers
v0x7f925d65f040_0 .net "WCLKE", 0 0, o0x7f925d74f238;  alias, 0 drivers
v0x7f925d65f0e0_0 .net "WDATA", 15 0, o0x7f925d74f268;  alias, 0 drivers
v0x7f925d65f190_0 .net "WDATA_I", 15 0, L_0x7f925d6751a0;  1 drivers
v0x7f925d65f240_0 .net "WE", 0 0, o0x7f925d74f2c8;  alias, 0 drivers
v0x7f925d65f2e0_0 .net "WMASK_I", 15 0, L_0x7f925d6750f0;  1 drivers
v0x7f925d65f390_0 .var/i "i", 31 0;
v0x7f925d65f440 .array "memory", 255 0, 15 0;
E_0x7f925d65e190 .event posedge, v0x7f925d65ea50_0;
E_0x7f925d65e1f0 .event posedge, v0x7f925d65efa0_0;
S_0x7f925d65e240 .scope generate, "genblk1" "genblk1" 2 1534, 2 1534 0, S_0x7f925d65c8d0;
 .timescale -12 -12;
L_0x7f925d6750f0 .functor BUFZ 16, o0x7f925d74f058, C4<0000000000000000>, C4<0000000000000000>, C4<0000000000000000>;
S_0x7f925d65e410 .scope generate, "genblk2" "genblk2" 2 1555, 2 1555 0, S_0x7f925d65c8d0;
 .timescale -12 -12;
S_0x7f925d65e5e0 .scope generate, "genblk3" "genblk3" 2 1576, 2 1576 0, S_0x7f925d65c8d0;
 .timescale -12 -12;
L_0x7f925d6751a0 .functor BUFZ 16, o0x7f925d74f268, C4<0000000000000000>, C4<0000000000000000>, C4<0000000000000000>;
S_0x7f925d65e750 .scope generate, "genblk4" "genblk4" 2 1595, 2 1595 0, S_0x7f925d65c8d0;
 .timescale -12 -12;
L_0x7f925d675250 .functor BUFZ 16, v0x7f925d65ec90_0, C4<0000000000000000>, C4<0000000000000000>, C4<0000000000000000>;
S_0x7f925d6249c0 .scope module, "SB_RAM40_4KNW" "SB_RAM40_4KNW" 2 1862;
 .timescale -12 -12;
    .port_info 0 /OUTPUT 16 "RDATA";
    .port_info 1 /INPUT 1 "RCLK";
    .port_info 2 /INPUT 1 "RCLKE";
    .port_info 3 /INPUT 1 "RE";
    .port_info 4 /INPUT 11 "RADDR";
    .port_info 5 /INPUT 1 "WCLKN";
    .port_info 6 /INPUT 1 "WCLKE";
    .port_info 7 /INPUT 1 "WE";
    .port_info 8 /INPUT 11 "WADDR";
    .port_info 9 /INPUT 16 "MASK";
    .port_info 10 /INPUT 16 "WDATA";
P_0x7f925e80d600 .param/l "INIT_0" 0 2 1878, C4<0000000000000000000000000000000000000000000000000000000000000000000000000000000000000000000000000000000000000000000000000000000000000000000000000000000000000000000000000000000000000000000000000000000000000000000000000000000000000000000000000000000000000000>;
P_0x7f925e80d640 .param/l "INIT_1" 0 2 1879, C4<0000000000000000000000000000000000000000000000000000000000000000000000000000000000000000000000000000000000000000000000000000000000000000000000000000000000000000000000000000000000000000000000000000000000000000000000000000000000000000000000000000000000000000>;
P_0x7f925e80d680 .param/l "INIT_2" 0 2 1880, C4<0000000000000000000000000000000000000000000000000000000000000000000000000000000000000000000000000000000000000000000000000000000000000000000000000000000000000000000000000000000000000000000000000000000000000000000000000000000000000000000000000000000000000000>;
P_0x7f925e80d6c0 .param/l "INIT_3" 0 2 1881, C4<0000000000000000000000000000000000000000000000000000000000000000000000000000000000000000000000000000000000000000000000000000000000000000000000000000000000000000000000000000000000000000000000000000000000000000000000000000000000000000000000000000000000000000>;
P_0x7f925e80d700 .param/l "INIT_4" 0 2 1882, C4<0000000000000000000000000000000000000000000000000000000000000000000000000000000000000000000000000000000000000000000000000000000000000000000000000000000000000000000000000000000000000000000000000000000000000000000000000000000000000000000000000000000000000000>;
P_0x7f925e80d740 .param/l "INIT_5" 0 2 1883, C4<0000000000000000000000000000000000000000000000000000000000000000000000000000000000000000000000000000000000000000000000000000000000000000000000000000000000000000000000000000000000000000000000000000000000000000000000000000000000000000000000000000000000000000>;
P_0x7f925e80d780 .param/l "INIT_6" 0 2 1884, C4<0000000000000000000000000000000000000000000000000000000000000000000000000000000000000000000000000000000000000000000000000000000000000000000000000000000000000000000000000000000000000000000000000000000000000000000000000000000000000000000000000000000000000000>;
P_0x7f925e80d7c0 .param/l "INIT_7" 0 2 1885, C4<0000000000000000000000000000000000000000000000000000000000000000000000000000000000000000000000000000000000000000000000000000000000000000000000000000000000000000000000000000000000000000000000000000000000000000000000000000000000000000000000000000000000000000>;
P_0x7f925e80d800 .param/l "INIT_8" 0 2 1886, C4<0000000000000000000000000000000000000000000000000000000000000000000000000000000000000000000000000000000000000000000000000000000000000000000000000000000000000000000000000000000000000000000000000000000000000000000000000000000000000000000000000000000000000000>;
P_0x7f925e80d840 .param/l "INIT_9" 0 2 1887, C4<0000000000000000000000000000000000000000000000000000000000000000000000000000000000000000000000000000000000000000000000000000000000000000000000000000000000000000000000000000000000000000000000000000000000000000000000000000000000000000000000000000000000000000>;
P_0x7f925e80d880 .param/l "INIT_A" 0 2 1888, C4<0000000000000000000000000000000000000000000000000000000000000000000000000000000000000000000000000000000000000000000000000000000000000000000000000000000000000000000000000000000000000000000000000000000000000000000000000000000000000000000000000000000000000000>;
P_0x7f925e80d8c0 .param/l "INIT_B" 0 2 1889, C4<0000000000000000000000000000000000000000000000000000000000000000000000000000000000000000000000000000000000000000000000000000000000000000000000000000000000000000000000000000000000000000000000000000000000000000000000000000000000000000000000000000000000000000>;
P_0x7f925e80d900 .param/l "INIT_C" 0 2 1890, C4<0000000000000000000000000000000000000000000000000000000000000000000000000000000000000000000000000000000000000000000000000000000000000000000000000000000000000000000000000000000000000000000000000000000000000000000000000000000000000000000000000000000000000000>;
P_0x7f925e80d940 .param/l "INIT_D" 0 2 1891, C4<0000000000000000000000000000000000000000000000000000000000000000000000000000000000000000000000000000000000000000000000000000000000000000000000000000000000000000000000000000000000000000000000000000000000000000000000000000000000000000000000000000000000000000>;
P_0x7f925e80d980 .param/l "INIT_E" 0 2 1892, C4<0000000000000000000000000000000000000000000000000000000000000000000000000000000000000000000000000000000000000000000000000000000000000000000000000000000000000000000000000000000000000000000000000000000000000000000000000000000000000000000000000000000000000000>;
P_0x7f925e80d9c0 .param/l "INIT_F" 0 2 1893, C4<0000000000000000000000000000000000000000000000000000000000000000000000000000000000000000000000000000000000000000000000000000000000000000000000000000000000000000000000000000000000000000000000000000000000000000000000000000000000000000000000000000000000000000>;
P_0x7f925e80da00 .param/str "INIT_FILE" 0 2 1895, "\000";
P_0x7f925e80da40 .param/l "READ_MODE" 0 2 1876, +C4<00000000000000000000000000000000>;
P_0x7f925e80da80 .param/l "WRITE_MODE" 0 2 1875, +C4<00000000000000000000000000000000>;
o0x7f925d74fce8 .functor BUFZ 1, C4<z>; HiZ drive
L_0x7f925d675650 .functor NOT 1, o0x7f925d74fce8, C4<0>, C4<0>, C4<0>;
o0x7f925d74f7d8 .functor BUFZ 16, C4<zzzzzzzzzzzzzzzz>; HiZ drive
v0x7f925d662c70_0 .net "MASK", 15 0, o0x7f925d74f7d8;  0 drivers
o0x7f925d74f808 .functor BUFZ 11, C4<zzzzzzzzzzz>; HiZ drive
v0x7f925d662d00_0 .net "RADDR", 10 0, o0x7f925d74f808;  0 drivers
o0x7f925d74f838 .functor BUFZ 1, C4<z>; HiZ drive
v0x7f925d662d90_0 .net "RCLK", 0 0, o0x7f925d74f838;  0 drivers
o0x7f925d74f868 .functor BUFZ 1, C4<z>; HiZ drive
v0x7f925d662e20_0 .net "RCLKE", 0 0, o0x7f925d74f868;  0 drivers
v0x7f925d662eb0_0 .net "RDATA", 15 0, L_0x7f925d6755a0;  1 drivers
o0x7f925d74f8f8 .functor BUFZ 1, C4<z>; HiZ drive
v0x7f925d662f80_0 .net "RE", 0 0, o0x7f925d74f8f8;  0 drivers
o0x7f925d74f958 .functor BUFZ 11, C4<zzzzzzzzzzz>; HiZ drive
v0x7f925d663010_0 .net "WADDR", 10 0, o0x7f925d74f958;  0 drivers
o0x7f925d74f9b8 .functor BUFZ 1, C4<z>; HiZ drive
v0x7f925d6630a0_0 .net "WCLKE", 0 0, o0x7f925d74f9b8;  0 drivers
v0x7f925d663150_0 .net "WCLKN", 0 0, o0x7f925d74fce8;  0 drivers
o0x7f925d74f9e8 .functor BUFZ 16, C4<zzzzzzzzzzzzzzzz>; HiZ drive
v0x7f925d663260_0 .net "WDATA", 15 0, o0x7f925d74f9e8;  0 drivers
o0x7f925d74fa48 .functor BUFZ 1, C4<z>; HiZ drive
v0x7f925d663310_0 .net "WE", 0 0, o0x7f925d74fa48;  0 drivers
S_0x7f925d65fe90 .scope module, "RAM" "SB_RAM40_4K" 2 1917, 2 1487 0, S_0x7f925d6249c0;
 .timescale -12 -12;
    .port_info 0 /OUTPUT 16 "RDATA";
    .port_info 1 /INPUT 1 "RCLK";
    .port_info 2 /INPUT 1 "RCLKE";
    .port_info 3 /INPUT 1 "RE";
    .port_info 4 /INPUT 11 "RADDR";
    .port_info 5 /INPUT 1 "WCLK";
    .port_info 6 /INPUT 1 "WCLKE";
    .port_info 7 /INPUT 1 "WE";
    .port_info 8 /INPUT 11 "WADDR";
    .port_info 9 /INPUT 16 "MASK";
    .port_info 10 /INPUT 16 "WDATA";
P_0x7f925e810400 .param/l "INIT_0" 0 2 1507, C4<0000000000000000000000000000000000000000000000000000000000000000000000000000000000000000000000000000000000000000000000000000000000000000000000000000000000000000000000000000000000000000000000000000000000000000000000000000000000000000000000000000000000000000>;
P_0x7f925e810440 .param/l "INIT_1" 0 2 1508, C4<0000000000000000000000000000000000000000000000000000000000000000000000000000000000000000000000000000000000000000000000000000000000000000000000000000000000000000000000000000000000000000000000000000000000000000000000000000000000000000000000000000000000000000>;
P_0x7f925e810480 .param/l "INIT_2" 0 2 1509, C4<0000000000000000000000000000000000000000000000000000000000000000000000000000000000000000000000000000000000000000000000000000000000000000000000000000000000000000000000000000000000000000000000000000000000000000000000000000000000000000000000000000000000000000>;
P_0x7f925e8104c0 .param/l "INIT_3" 0 2 1510, C4<0000000000000000000000000000000000000000000000000000000000000000000000000000000000000000000000000000000000000000000000000000000000000000000000000000000000000000000000000000000000000000000000000000000000000000000000000000000000000000000000000000000000000000>;
P_0x7f925e810500 .param/l "INIT_4" 0 2 1511, C4<0000000000000000000000000000000000000000000000000000000000000000000000000000000000000000000000000000000000000000000000000000000000000000000000000000000000000000000000000000000000000000000000000000000000000000000000000000000000000000000000000000000000000000>;
P_0x7f925e810540 .param/l "INIT_5" 0 2 1512, C4<0000000000000000000000000000000000000000000000000000000000000000000000000000000000000000000000000000000000000000000000000000000000000000000000000000000000000000000000000000000000000000000000000000000000000000000000000000000000000000000000000000000000000000>;
P_0x7f925e810580 .param/l "INIT_6" 0 2 1513, C4<0000000000000000000000000000000000000000000000000000000000000000000000000000000000000000000000000000000000000000000000000000000000000000000000000000000000000000000000000000000000000000000000000000000000000000000000000000000000000000000000000000000000000000>;
P_0x7f925e8105c0 .param/l "INIT_7" 0 2 1514, C4<0000000000000000000000000000000000000000000000000000000000000000000000000000000000000000000000000000000000000000000000000000000000000000000000000000000000000000000000000000000000000000000000000000000000000000000000000000000000000000000000000000000000000000>;
P_0x7f925e810600 .param/l "INIT_8" 0 2 1515, C4<0000000000000000000000000000000000000000000000000000000000000000000000000000000000000000000000000000000000000000000000000000000000000000000000000000000000000000000000000000000000000000000000000000000000000000000000000000000000000000000000000000000000000000>;
P_0x7f925e810640 .param/l "INIT_9" 0 2 1516, C4<0000000000000000000000000000000000000000000000000000000000000000000000000000000000000000000000000000000000000000000000000000000000000000000000000000000000000000000000000000000000000000000000000000000000000000000000000000000000000000000000000000000000000000>;
P_0x7f925e810680 .param/l "INIT_A" 0 2 1517, C4<0000000000000000000000000000000000000000000000000000000000000000000000000000000000000000000000000000000000000000000000000000000000000000000000000000000000000000000000000000000000000000000000000000000000000000000000000000000000000000000000000000000000000000>;
P_0x7f925e8106c0 .param/l "INIT_B" 0 2 1518, C4<0000000000000000000000000000000000000000000000000000000000000000000000000000000000000000000000000000000000000000000000000000000000000000000000000000000000000000000000000000000000000000000000000000000000000000000000000000000000000000000000000000000000000000>;
P_0x7f925e810700 .param/l "INIT_C" 0 2 1519, C4<0000000000000000000000000000000000000000000000000000000000000000000000000000000000000000000000000000000000000000000000000000000000000000000000000000000000000000000000000000000000000000000000000000000000000000000000000000000000000000000000000000000000000000>;
P_0x7f925e810740 .param/l "INIT_D" 0 2 1520, C4<0000000000000000000000000000000000000000000000000000000000000000000000000000000000000000000000000000000000000000000000000000000000000000000000000000000000000000000000000000000000000000000000000000000000000000000000000000000000000000000000000000000000000000>;
P_0x7f925e810780 .param/l "INIT_E" 0 2 1521, C4<0000000000000000000000000000000000000000000000000000000000000000000000000000000000000000000000000000000000000000000000000000000000000000000000000000000000000000000000000000000000000000000000000000000000000000000000000000000000000000000000000000000000000000>;
P_0x7f925e8107c0 .param/l "INIT_F" 0 2 1522, C4<0000000000000000000000000000000000000000000000000000000000000000000000000000000000000000000000000000000000000000000000000000000000000000000000000000000000000000000000000000000000000000000000000000000000000000000000000000000000000000000000000000000000000000>;
P_0x7f925e810800 .param/str "INIT_FILE" 0 2 1524, "\000";
P_0x7f925e810840 .param/l "READ_MODE" 0 2 1505, +C4<00000000000000000000000000000000>;
P_0x7f925e810880 .param/l "WRITE_MODE" 0 2 1504, +C4<00000000000000000000000000000000>;
v0x7f925d661ed0_0 .net "MASK", 15 0, o0x7f925d74f7d8;  alias, 0 drivers
v0x7f925d661f60_0 .net "RADDR", 10 0, o0x7f925d74f808;  alias, 0 drivers
v0x7f925d662010_0 .net "RCLK", 0 0, o0x7f925d74f838;  alias, 0 drivers
v0x7f925d6620c0_0 .net "RCLKE", 0 0, o0x7f925d74f868;  alias, 0 drivers
v0x7f925d662160_0 .net "RDATA", 15 0, L_0x7f925d6755a0;  alias, 1 drivers
v0x7f925d662250_0 .var "RDATA_I", 15 0;
v0x7f925d662300_0 .net "RE", 0 0, o0x7f925d74f8f8;  alias, 0 drivers
L_0x7f925d773b90 .functor BUFT 1, C4<0000000000000000>, C4<0>, C4<0>, C4<0>;
v0x7f925d6623a0_0 .net "RMASK_I", 15 0, L_0x7f925d773b90;  1 drivers
v0x7f925d662450_0 .net "WADDR", 10 0, o0x7f925d74f958;  alias, 0 drivers
v0x7f925d662560_0 .net "WCLK", 0 0, L_0x7f925d675650;  1 drivers
v0x7f925d662600_0 .net "WCLKE", 0 0, o0x7f925d74f9b8;  alias, 0 drivers
v0x7f925d6626a0_0 .net "WDATA", 15 0, o0x7f925d74f9e8;  alias, 0 drivers
v0x7f925d662750_0 .net "WDATA_I", 15 0, L_0x7f925d6754d0;  1 drivers
v0x7f925d662800_0 .net "WE", 0 0, o0x7f925d74fa48;  alias, 0 drivers
v0x7f925d6628a0_0 .net "WMASK_I", 15 0, L_0x7f925d675400;  1 drivers
v0x7f925d662950_0 .var/i "i", 31 0;
v0x7f925d662a00 .array "memory", 255 0, 15 0;
E_0x7f925d661750 .event posedge, v0x7f925d662010_0;
E_0x7f925d6617b0 .event posedge, v0x7f925d662560_0;
S_0x7f925d661800 .scope generate, "genblk1" "genblk1" 2 1534, 2 1534 0, S_0x7f925d65fe90;
 .timescale -12 -12;
L_0x7f925d675400 .functor BUFZ 16, o0x7f925d74f7d8, C4<0000000000000000>, C4<0000000000000000>, C4<0000000000000000>;
S_0x7f925d6619d0 .scope generate, "genblk2" "genblk2" 2 1555, 2 1555 0, S_0x7f925d65fe90;
 .timescale -12 -12;
S_0x7f925d661ba0 .scope generate, "genblk3" "genblk3" 2 1576, 2 1576 0, S_0x7f925d65fe90;
 .timescale -12 -12;
L_0x7f925d6754d0 .functor BUFZ 16, o0x7f925d74f9e8, C4<0000000000000000>, C4<0000000000000000>, C4<0000000000000000>;
S_0x7f925d661d10 .scope generate, "genblk4" "genblk4" 2 1595, 2 1595 0, S_0x7f925d65fe90;
 .timescale -12 -12;
L_0x7f925d6755a0 .functor BUFZ 16, v0x7f925d662250_0, C4<0000000000000000>, C4<0000000000000000>, C4<0000000000000000>;
S_0x7f925d626200 .scope module, "SB_RGBA_DRV" "SB_RGBA_DRV" 2 2692;
 .timescale -12 -12;
    .port_info 0 /INPUT 1 "CURREN";
    .port_info 1 /INPUT 1 "RGBLEDEN";
    .port_info 2 /INPUT 1 "RGB0PWM";
    .port_info 3 /INPUT 1 "RGB1PWM";
    .port_info 4 /INPUT 1 "RGB2PWM";
    .port_info 5 /OUTPUT 1 "RGB0";
    .port_info 6 /OUTPUT 1 "RGB1";
    .port_info 7 /OUTPUT 1 "RGB2";
P_0x7f925d626370 .param/str "CURRENT_MODE" 0 2 2702, "0b0";
P_0x7f925d6263b0 .param/str "RGB0_CURRENT" 0 2 2703, "0b000000";
P_0x7f925d6263f0 .param/str "RGB1_CURRENT" 0 2 2704, "0b000000";
P_0x7f925d626430 .param/str "RGB2_CURRENT" 0 2 2705, "0b000000";
o0x7f925d74ff28 .functor BUFZ 1, C4<z>; HiZ drive
v0x7f925d663450_0 .net "CURREN", 0 0, o0x7f925d74ff28;  0 drivers
o0x7f925d74ff58 .functor BUFZ 1, C4<z>; HiZ drive
v0x7f925d663500_0 .net "RGB0", 0 0, o0x7f925d74ff58;  0 drivers
o0x7f925d74ff88 .functor BUFZ 1, C4<z>; HiZ drive
v0x7f925d6635a0_0 .net "RGB0PWM", 0 0, o0x7f925d74ff88;  0 drivers
o0x7f925d74ffb8 .functor BUFZ 1, C4<z>; HiZ drive
v0x7f925d663630_0 .net "RGB1", 0 0, o0x7f925d74ffb8;  0 drivers
o0x7f925d74ffe8 .functor BUFZ 1, C4<z>; HiZ drive
v0x7f925d6636c0_0 .net "RGB1PWM", 0 0, o0x7f925d74ffe8;  0 drivers
o0x7f925d750018 .functor BUFZ 1, C4<z>; HiZ drive
v0x7f925d663790_0 .net "RGB2", 0 0, o0x7f925d750018;  0 drivers
o0x7f925d750048 .functor BUFZ 1, C4<z>; HiZ drive
v0x7f925d663820_0 .net "RGB2PWM", 0 0, o0x7f925d750048;  0 drivers
o0x7f925d750078 .functor BUFZ 1, C4<z>; HiZ drive
v0x7f925d6638b0_0 .net "RGBLEDEN", 0 0, o0x7f925d750078;  0 drivers
S_0x7f925d6266e0 .scope module, "SB_RGB_DRV" "SB_RGB_DRV" 2 2716;
 .timescale -12 -12;
    .port_info 0 /INPUT 1 "RGBLEDEN";
    .port_info 1 /INPUT 1 "RGB0PWM";
    .port_info 2 /INPUT 1 "RGB1PWM";
    .port_info 3 /INPUT 1 "RGB2PWM";
    .port_info 4 /INPUT 1 "RGBPU";
    .port_info 5 /OUTPUT 1 "RGB0";
    .port_info 6 /OUTPUT 1 "RGB1";
    .port_info 7 /OUTPUT 1 "RGB2";
P_0x7f925d626850 .param/str "CURRENT_MODE" 0 2 2726, "0b0";
P_0x7f925d626890 .param/str "RGB0_CURRENT" 0 2 2727, "0b000000";
P_0x7f925d6268d0 .param/str "RGB1_CURRENT" 0 2 2728, "0b000000";
P_0x7f925d626910 .param/str "RGB2_CURRENT" 0 2 2729, "0b000000";
o0x7f925d750228 .functor BUFZ 1, C4<z>; HiZ drive
v0x7f925d663a10_0 .net "RGB0", 0 0, o0x7f925d750228;  0 drivers
o0x7f925d750258 .functor BUFZ 1, C4<z>; HiZ drive
v0x7f925d663aa0_0 .net "RGB0PWM", 0 0, o0x7f925d750258;  0 drivers
o0x7f925d750288 .functor BUFZ 1, C4<z>; HiZ drive
v0x7f925d663b40_0 .net "RGB1", 0 0, o0x7f925d750288;  0 drivers
o0x7f925d7502b8 .functor BUFZ 1, C4<z>; HiZ drive
v0x7f925d663bd0_0 .net "RGB1PWM", 0 0, o0x7f925d7502b8;  0 drivers
o0x7f925d7502e8 .functor BUFZ 1, C4<z>; HiZ drive
v0x7f925d663c60_0 .net "RGB2", 0 0, o0x7f925d7502e8;  0 drivers
o0x7f925d750318 .functor BUFZ 1, C4<z>; HiZ drive
v0x7f925d663d30_0 .net "RGB2PWM", 0 0, o0x7f925d750318;  0 drivers
o0x7f925d750348 .functor BUFZ 1, C4<z>; HiZ drive
v0x7f925d663dd0_0 .net "RGBLEDEN", 0 0, o0x7f925d750348;  0 drivers
o0x7f925d750378 .functor BUFZ 1, C4<z>; HiZ drive
v0x7f925d663e70_0 .net "RGBPU", 0 0, o0x7f925d750378;  0 drivers
S_0x7f925d626bb0 .scope module, "SB_SPI" "SB_SPI" 2 2776;
 .timescale -12 -12;
    .port_info 0 /INPUT 1 "SBCLKI";
    .port_info 1 /INPUT 1 "SBRWI";
    .port_info 2 /INPUT 1 "SBSTBI";
    .port_info 3 /INPUT 1 "SBADRI7";
    .port_info 4 /INPUT 1 "SBADRI6";
    .port_info 5 /INPUT 1 "SBADRI5";
    .port_info 6 /INPUT 1 "SBADRI4";
    .port_info 7 /INPUT 1 "SBADRI3";
    .port_info 8 /INPUT 1 "SBADRI2";
    .port_info 9 /INPUT 1 "SBADRI1";
    .port_info 10 /INPUT 1 "SBADRI0";
    .port_info 11 /INPUT 1 "SBDATI7";
    .port_info 12 /INPUT 1 "SBDATI6";
    .port_info 13 /INPUT 1 "SBDATI5";
    .port_info 14 /INPUT 1 "SBDATI4";
    .port_info 15 /INPUT 1 "SBDATI3";
    .port_info 16 /INPUT 1 "SBDATI2";
    .port_info 17 /INPUT 1 "SBDATI1";
    .port_info 18 /INPUT 1 "SBDATI0";
    .port_info 19 /INPUT 1 "MI";
    .port_info 20 /INPUT 1 "SI";
    .port_info 21 /INPUT 1 "SCKI";
    .port_info 22 /INPUT 1 "SCSNI";
    .port_info 23 /OUTPUT 1 "SBDATO7";
    .port_info 24 /OUTPUT 1 "SBDATO6";
    .port_info 25 /OUTPUT 1 "SBDATO5";
    .port_info 26 /OUTPUT 1 "SBDATO4";
    .port_info 27 /OUTPUT 1 "SBDATO3";
    .port_info 28 /OUTPUT 1 "SBDATO2";
    .port_info 29 /OUTPUT 1 "SBDATO1";
    .port_info 30 /OUTPUT 1 "SBDATO0";
    .port_info 31 /OUTPUT 1 "SBACKO";
    .port_info 32 /OUTPUT 1 "SPIIRQ";
    .port_info 33 /OUTPUT 1 "SPIWKUP";
    .port_info 34 /OUTPUT 1 "SO";
    .port_info 35 /OUTPUT 1 "SOE";
    .port_info 36 /OUTPUT 1 "MO";
    .port_info 37 /OUTPUT 1 "MOE";
    .port_info 38 /OUTPUT 1 "SCKO";
    .port_info 39 /OUTPUT 1 "SCKOE";
    .port_info 40 /OUTPUT 1 "MCSNO3";
    .port_info 41 /OUTPUT 1 "MCSNO2";
    .port_info 42 /OUTPUT 1 "MCSNO1";
    .port_info 43 /OUTPUT 1 "MCSNO0";
    .port_info 44 /OUTPUT 1 "MCSNOE3";
    .port_info 45 /OUTPUT 1 "MCSNOE2";
    .port_info 46 /OUTPUT 1 "MCSNOE1";
    .port_info 47 /OUTPUT 1 "MCSNOE0";
P_0x7f925d626d20 .param/str "BUS_ADDR74" 0 2 2826, "0b0000";
o0x7f925d750528 .functor BUFZ 1, C4<z>; HiZ drive
v0x7f925d663fd0_0 .net "MCSNO0", 0 0, o0x7f925d750528;  0 drivers
o0x7f925d750558 .functor BUFZ 1, C4<z>; HiZ drive
v0x7f925d664060_0 .net "MCSNO1", 0 0, o0x7f925d750558;  0 drivers
o0x7f925d750588 .functor BUFZ 1, C4<z>; HiZ drive
v0x7f925d664100_0 .net "MCSNO2", 0 0, o0x7f925d750588;  0 drivers
o0x7f925d7505b8 .functor BUFZ 1, C4<z>; HiZ drive
v0x7f925d664190_0 .net "MCSNO3", 0 0, o0x7f925d7505b8;  0 drivers
o0x7f925d7505e8 .functor BUFZ 1, C4<z>; HiZ drive
v0x7f925d664220_0 .net "MCSNOE0", 0 0, o0x7f925d7505e8;  0 drivers
o0x7f925d750618 .functor BUFZ 1, C4<z>; HiZ drive
v0x7f925d6642f0_0 .net "MCSNOE1", 0 0, o0x7f925d750618;  0 drivers
o0x7f925d750648 .functor BUFZ 1, C4<z>; HiZ drive
v0x7f925d664390_0 .net "MCSNOE2", 0 0, o0x7f925d750648;  0 drivers
o0x7f925d750678 .functor BUFZ 1, C4<z>; HiZ drive
v0x7f925d664430_0 .net "MCSNOE3", 0 0, o0x7f925d750678;  0 drivers
o0x7f925d7506a8 .functor BUFZ 1, C4<z>; HiZ drive
v0x7f925d6644d0_0 .net "MI", 0 0, o0x7f925d7506a8;  0 drivers
o0x7f925d7506d8 .functor BUFZ 1, C4<z>; HiZ drive
v0x7f925d6645e0_0 .net "MO", 0 0, o0x7f925d7506d8;  0 drivers
o0x7f925d750708 .functor BUFZ 1, C4<z>; HiZ drive
v0x7f925d664670_0 .net "MOE", 0 0, o0x7f925d750708;  0 drivers
o0x7f925d750738 .functor BUFZ 1, C4<z>; HiZ drive
v0x7f925d664710_0 .net "SBACKO", 0 0, o0x7f925d750738;  0 drivers
o0x7f925d750768 .functor BUFZ 1, C4<z>; HiZ drive
v0x7f925d6647b0_0 .net "SBADRI0", 0 0, o0x7f925d750768;  0 drivers
o0x7f925d750798 .functor BUFZ 1, C4<z>; HiZ drive
v0x7f925d664850_0 .net "SBADRI1", 0 0, o0x7f925d750798;  0 drivers
o0x7f925d7507c8 .functor BUFZ 1, C4<z>; HiZ drive
v0x7f925d6648f0_0 .net "SBADRI2", 0 0, o0x7f925d7507c8;  0 drivers
o0x7f925d7507f8 .functor BUFZ 1, C4<z>; HiZ drive
v0x7f925d664990_0 .net "SBADRI3", 0 0, o0x7f925d7507f8;  0 drivers
o0x7f925d750828 .functor BUFZ 1, C4<z>; HiZ drive
v0x7f925d664a30_0 .net "SBADRI4", 0 0, o0x7f925d750828;  0 drivers
o0x7f925d750858 .functor BUFZ 1, C4<z>; HiZ drive
v0x7f925d664bc0_0 .net "SBADRI5", 0 0, o0x7f925d750858;  0 drivers
o0x7f925d750888 .functor BUFZ 1, C4<z>; HiZ drive
v0x7f925d664c50_0 .net "SBADRI6", 0 0, o0x7f925d750888;  0 drivers
o0x7f925d7508b8 .functor BUFZ 1, C4<z>; HiZ drive
v0x7f925d664ce0_0 .net "SBADRI7", 0 0, o0x7f925d7508b8;  0 drivers
o0x7f925d7508e8 .functor BUFZ 1, C4<z>; HiZ drive
v0x7f925d664d70_0 .net "SBCLKI", 0 0, o0x7f925d7508e8;  0 drivers
o0x7f925d750918 .functor BUFZ 1, C4<z>; HiZ drive
v0x7f925d664e10_0 .net "SBDATI0", 0 0, o0x7f925d750918;  0 drivers
o0x7f925d750948 .functor BUFZ 1, C4<z>; HiZ drive
v0x7f925d664eb0_0 .net "SBDATI1", 0 0, o0x7f925d750948;  0 drivers
o0x7f925d750978 .functor BUFZ 1, C4<z>; HiZ drive
v0x7f925d664f50_0 .net "SBDATI2", 0 0, o0x7f925d750978;  0 drivers
o0x7f925d7509a8 .functor BUFZ 1, C4<z>; HiZ drive
v0x7f925d664ff0_0 .net "SBDATI3", 0 0, o0x7f925d7509a8;  0 drivers
o0x7f925d7509d8 .functor BUFZ 1, C4<z>; HiZ drive
v0x7f925d665090_0 .net "SBDATI4", 0 0, o0x7f925d7509d8;  0 drivers
o0x7f925d750a08 .functor BUFZ 1, C4<z>; HiZ drive
v0x7f925d665130_0 .net "SBDATI5", 0 0, o0x7f925d750a08;  0 drivers
o0x7f925d750a38 .functor BUFZ 1, C4<z>; HiZ drive
v0x7f925d6651d0_0 .net "SBDATI6", 0 0, o0x7f925d750a38;  0 drivers
o0x7f925d750a68 .functor BUFZ 1, C4<z>; HiZ drive
v0x7f925d665270_0 .net "SBDATI7", 0 0, o0x7f925d750a68;  0 drivers
o0x7f925d750a98 .functor BUFZ 1, C4<z>; HiZ drive
v0x7f925d665310_0 .net "SBDATO0", 0 0, o0x7f925d750a98;  0 drivers
o0x7f925d750ac8 .functor BUFZ 1, C4<z>; HiZ drive
v0x7f925d6653b0_0 .net "SBDATO1", 0 0, o0x7f925d750ac8;  0 drivers
o0x7f925d750af8 .functor BUFZ 1, C4<z>; HiZ drive
v0x7f925d665450_0 .net "SBDATO2", 0 0, o0x7f925d750af8;  0 drivers
o0x7f925d750b28 .functor BUFZ 1, C4<z>; HiZ drive
v0x7f925d6654f0_0 .net "SBDATO3", 0 0, o0x7f925d750b28;  0 drivers
o0x7f925d750b58 .functor BUFZ 1, C4<z>; HiZ drive
v0x7f925d664ad0_0 .net "SBDATO4", 0 0, o0x7f925d750b58;  0 drivers
o0x7f925d750b88 .functor BUFZ 1, C4<z>; HiZ drive
v0x7f925d665780_0 .net "SBDATO5", 0 0, o0x7f925d750b88;  0 drivers
o0x7f925d750bb8 .functor BUFZ 1, C4<z>; HiZ drive
v0x7f925d665810_0 .net "SBDATO6", 0 0, o0x7f925d750bb8;  0 drivers
o0x7f925d750be8 .functor BUFZ 1, C4<z>; HiZ drive
v0x7f925d6658a0_0 .net "SBDATO7", 0 0, o0x7f925d750be8;  0 drivers
o0x7f925d750c18 .functor BUFZ 1, C4<z>; HiZ drive
v0x7f925d665930_0 .net "SBRWI", 0 0, o0x7f925d750c18;  0 drivers
o0x7f925d750c48 .functor BUFZ 1, C4<z>; HiZ drive
v0x7f925d6659c0_0 .net "SBSTBI", 0 0, o0x7f925d750c48;  0 drivers
o0x7f925d750c78 .functor BUFZ 1, C4<z>; HiZ drive
v0x7f925d665a50_0 .net "SCKI", 0 0, o0x7f925d750c78;  0 drivers
o0x7f925d750ca8 .functor BUFZ 1, C4<z>; HiZ drive
v0x7f925d665af0_0 .net "SCKO", 0 0, o0x7f925d750ca8;  0 drivers
o0x7f925d750cd8 .functor BUFZ 1, C4<z>; HiZ drive
v0x7f925d665b90_0 .net "SCKOE", 0 0, o0x7f925d750cd8;  0 drivers
o0x7f925d750d08 .functor BUFZ 1, C4<z>; HiZ drive
v0x7f925d665c30_0 .net "SCSNI", 0 0, o0x7f925d750d08;  0 drivers
o0x7f925d750d38 .functor BUFZ 1, C4<z>; HiZ drive
v0x7f925d665cd0_0 .net "SI", 0 0, o0x7f925d750d38;  0 drivers
o0x7f925d750d68 .functor BUFZ 1, C4<z>; HiZ drive
v0x7f925d665d70_0 .net "SO", 0 0, o0x7f925d750d68;  0 drivers
o0x7f925d750d98 .functor BUFZ 1, C4<z>; HiZ drive
v0x7f925d665e10_0 .net "SOE", 0 0, o0x7f925d750d98;  0 drivers
o0x7f925d750dc8 .functor BUFZ 1, C4<z>; HiZ drive
v0x7f925d665eb0_0 .net "SPIIRQ", 0 0, o0x7f925d750dc8;  0 drivers
o0x7f925d750df8 .functor BUFZ 1, C4<z>; HiZ drive
v0x7f925d665f50_0 .net "SPIWKUP", 0 0, o0x7f925d750df8;  0 drivers
S_0x7f925d626f50 .scope module, "SB_SPRAM256KA" "SB_SPRAM256KA" 2 2600;
 .timescale -12 -12;
    .port_info 0 /INPUT 14 "ADDRESS";
    .port_info 1 /INPUT 16 "DATAIN";
    .port_info 2 /INPUT 4 "MASKWREN";
    .port_info 3 /INPUT 1 "WREN";
    .port_info 4 /INPUT 1 "CHIPSELECT";
    .port_info 5 /INPUT 1 "CLOCK";
    .port_info 6 /INPUT 1 "STANDBY";
    .port_info 7 /INPUT 1 "SLEEP";
    .port_info 8 /INPUT 1 "POWEROFF";
    .port_info 9 /OUTPUT 16 "DATAOUT";
o0x7f925d751878 .functor BUFZ 1, C4<z>; HiZ drive
L_0x7f925d6757c0 .functor OR 1, o0x7f925d751878, L_0x7f925d6756e0, C4<0>, C4<0>;
o0x7f925d751728 .functor BUFZ 14, C4<zzzzzzzzzzzzzz>; HiZ drive
v0x7f925d626e80_0 .net "ADDRESS", 13 0, o0x7f925d751728;  0 drivers
o0x7f925d751758 .functor BUFZ 1, C4<z>; HiZ drive
v0x7f925d666470_0 .net "CHIPSELECT", 0 0, o0x7f925d751758;  0 drivers
o0x7f925d751788 .functor BUFZ 1, C4<z>; HiZ drive
v0x7f925d666500_0 .net "CLOCK", 0 0, o0x7f925d751788;  0 drivers
o0x7f925d7517b8 .functor BUFZ 16, C4<zzzzzzzzzzzzzzzz>; HiZ drive
v0x7f925d666590_0 .net "DATAIN", 15 0, o0x7f925d7517b8;  0 drivers
v0x7f925d666620_0 .var "DATAOUT", 15 0;
o0x7f925d751818 .functor BUFZ 4, C4<zzzz>; HiZ drive
v0x7f925d6666d0_0 .net "MASKWREN", 3 0, o0x7f925d751818;  0 drivers
o0x7f925d751848 .functor BUFZ 1, C4<z>; HiZ drive
v0x7f925d666780_0 .net "POWEROFF", 0 0, o0x7f925d751848;  0 drivers
v0x7f925d666820_0 .net "SLEEP", 0 0, o0x7f925d751878;  0 drivers
o0x7f925d7518a8 .functor BUFZ 1, C4<z>; HiZ drive
v0x7f925d6668c0_0 .net "STANDBY", 0 0, o0x7f925d7518a8;  0 drivers
o0x7f925d7518d8 .functor BUFZ 1, C4<z>; HiZ drive
v0x7f925d6669d0_0 .net "WREN", 0 0, o0x7f925d7518d8;  0 drivers
v0x7f925d666a60_0 .net *"_ivl_1", 0 0, L_0x7f925d6756e0;  1 drivers
v0x7f925d666b00_0 .var/i "i", 31 0;
v0x7f925d666bb0 .array "mem", 16383 0, 15 0;
v0x7f925d666c50_0 .net "off", 0 0, L_0x7f925d6757c0;  1 drivers
E_0x7f925d626dd0 .event posedge, v0x7f925d666c50_0, v0x7f925d666500_0;
E_0x7f925d626e30 .event negedge, v0x7f925d666780_0;
L_0x7f925d6756e0 .reduce/nor o0x7f925d751848;
S_0x7f925d627250 .scope module, "SB_WARMBOOT" "SB_WARMBOOT" 2 2593;
 .timescale -12 -12;
    .port_info 0 /INPUT 1 "BOOT";
    .port_info 1 /INPUT 1 "S1";
    .port_info 2 /INPUT 1 "S0";
o0x7f925d751b78 .functor BUFZ 1, C4<z>; HiZ drive
v0x7f925d666de0_0 .net "BOOT", 0 0, o0x7f925d751b78;  0 drivers
o0x7f925d751ba8 .functor BUFZ 1, C4<z>; HiZ drive
v0x7f925d666e70_0 .net "S0", 0 0, o0x7f925d751ba8;  0 drivers
o0x7f925d751bd8 .functor BUFZ 1, C4<z>; HiZ drive
v0x7f925d666f00_0 .net "S1", 0 0, o0x7f925d751bd8;  0 drivers
S_0x7f925d627470 .scope module, "fsm_moore" "fsm_moore" 3 1;
 .timescale -12 -12;
    .port_info 0 /OUTPUT 4 "led";
    .port_info 1 /OUTPUT 1 "led_4";
    .port_info 2 /INPUT 1 "clk";
    .port_info 3 /INPUT 1 "go_btn";
    .port_info 4 /INPUT 1 "rst_btn";
P_0x7f925d6275e0 .param/l "CLK_MAX" 1 3 19, C4<000101101110001101100000>;
P_0x7f925d627620 .param/l "LED_MAX" 1 3 18, C4<1111>;
P_0x7f925d627660 .param/l "STATE_COUNTING" 1 3 16, C4<01>;
P_0x7f925d6276a0 .param/l "STATE_DONE" 1 3 17, C4<10>;
P_0x7f925d6276e0 .param/l "STATE_IDLE" 1 3 15, C4<00>;
o0x7f925d751c98 .functor BUFZ 1, C4<z>; HiZ drive
v0x7f925d667090_0 .net "clk", 0 0, o0x7f925d751c98;  0 drivers
v0x7f925d667140_0 .var "clk_count", 23 0;
v0x7f925d6671f0_0 .var "div_clk", 0 0;
v0x7f925d6672a0_0 .net "go", 0 0, L_0x7f925d675990;  1 drivers
o0x7f925d751d58 .functor BUFZ 1, C4<z>; HiZ drive
v0x7f925d667340_0 .net "go_btn", 0 0, o0x7f925d751d58;  0 drivers
v0x7f925d667420_0 .var "led", 3 0;
v0x7f925d6674d0_0 .var "led_4", 0 0;
v0x7f925d667570_0 .net "rst", 0 0, L_0x7f925d6758d0;  1 drivers
o0x7f925d751e18 .functor BUFZ 1, C4<z>; HiZ drive
v0x7f925d667610_0 .net "rst_btn", 0 0, o0x7f925d751e18;  0 drivers
v0x7f925d667720_0 .var "state", 1 0;
E_0x7f925d666fa0 .event anyedge, v0x7f925d667720_0;
E_0x7f925d667000 .event posedge, v0x7f925d667570_0, v0x7f925d6671f0_0;
E_0x7f925d667050 .event posedge, v0x7f925d667570_0, v0x7f925d667090_0;
L_0x7f925d6758d0 .reduce/nor o0x7f925d751e18;
L_0x7f925d675990 .reduce/nor o0x7f925d751d58;
    .scope S_0x7f925d60b3d0;
T_2 ;
    %pushi/vec4 0, 0, 1;
    %store/vec4 v0x7f925d6396b0_0, 0, 1;
    %pushi/vec4 0, 0, 1;
    %store/vec4 v0x7f925d639750_0, 0, 1;
    %end;
    .thread T_2;
    .scope S_0x7f925d60b3d0;
T_3 ;
    %wait E_0x7f925d614a60;
    %load/vec4 v0x7f925d6374e0_0;
    %flag_set/vec4 8;
    %jmp/0xz  T_3.0, 8;
    %load/vec4 v0x7f925d637ed0_0;
    %flag_set/vec4 8;
    %jmp/0 T_3.2, 8;
    %pushi/vec4 0, 0, 1;
    %jmp/1 T_3.3, 8;
T_3.2 ; End of true expr.
    %load/vec4 v0x7f925d639360_0;
    %jmp/0 T_3.3, 8;
 ; End of false expr.
    %blend;
T_3.3;
    %assign/vec4 v0x7f925d6396b0_0, 0;
T_3.0 ;
    %jmp T_3;
    .thread T_3;
    .scope S_0x7f925d60b3d0;
T_4 ;
    %wait E_0x7f925d614d80;
    %load/vec4 v0x7f925d637ed0_0;
    %flag_set/vec4 8;
    %jmp/0xz  T_4.0, 8;
    %pushi/vec4 0, 0, 1;
    %assign/vec4 v0x7f925d639750_0, 0;
    %jmp T_4.1;
T_4.0 ;
    %load/vec4 v0x7f925d6374e0_0;
    %flag_set/vec4 8;
    %jmp/0xz  T_4.2, 8;
    %load/vec4 v0x7f925d639360_0;
    %assign/vec4 v0x7f925d639750_0, 0;
T_4.2 ;
T_4.1 ;
    %jmp T_4;
    .thread T_4;
    .scope S_0x7f925d6399a0;
T_5 ;
    %pushi/vec4 0, 0, 32;
    %store/vec4 v0x7f925d63c3e0_0, 0, 32;
T_5.0 ; Top of for-loop 
    %load/vec4 v0x7f925d63c3e0_0;
    %cmpi/s 16, 0, 32;
    %jmp/0xz T_5.1, 5;
    %pushi/vec4 0, 0, 256;
    %load/vec4 v0x7f925d63c3e0_0;
    %muli 16, 0, 32;
    %part/s 16;
    %pushi/vec4 0, 0, 32;
    %load/vec4 v0x7f925d63c3e0_0;
    %add;
    %ix/vec4/s 4;
    %store/vec4a v0x7f925d63c490, 4, 0;
    %pushi/vec4 0, 0, 256;
    %load/vec4 v0x7f925d63c3e0_0;
    %muli 16, 0, 32;
    %part/s 16;
    %pushi/vec4 16, 0, 32;
    %load/vec4 v0x7f925d63c3e0_0;
    %add;
    %ix/vec4/s 4;
    %store/vec4a v0x7f925d63c490, 4, 0;
    %pushi/vec4 0, 0, 256;
    %load/vec4 v0x7f925d63c3e0_0;
    %muli 16, 0, 32;
    %part/s 16;
    %pushi/vec4 32, 0, 32;
    %load/vec4 v0x7f925d63c3e0_0;
    %add;
    %ix/vec4/s 4;
    %store/vec4a v0x7f925d63c490, 4, 0;
    %pushi/vec4 0, 0, 256;
    %load/vec4 v0x7f925d63c3e0_0;
    %muli 16, 0, 32;
    %part/s 16;
    %pushi/vec4 48, 0, 32;
    %load/vec4 v0x7f925d63c3e0_0;
    %add;
    %ix/vec4/s 4;
    %store/vec4a v0x7f925d63c490, 4, 0;
    %pushi/vec4 0, 0, 256;
    %load/vec4 v0x7f925d63c3e0_0;
    %muli 16, 0, 32;
    %part/s 16;
    %pushi/vec4 64, 0, 32;
    %load/vec4 v0x7f925d63c3e0_0;
    %add;
    %ix/vec4/s 4;
    %store/vec4a v0x7f925d63c490, 4, 0;
    %pushi/vec4 0, 0, 256;
    %load/vec4 v0x7f925d63c3e0_0;
    %muli 16, 0, 32;
    %part/s 16;
    %pushi/vec4 80, 0, 32;
    %load/vec4 v0x7f925d63c3e0_0;
    %add;
    %ix/vec4/s 4;
    %store/vec4a v0x7f925d63c490, 4, 0;
    %pushi/vec4 0, 0, 256;
    %load/vec4 v0x7f925d63c3e0_0;
    %muli 16, 0, 32;
    %part/s 16;
    %pushi/vec4 96, 0, 32;
    %load/vec4 v0x7f925d63c3e0_0;
    %add;
    %ix/vec4/s 4;
    %store/vec4a v0x7f925d63c490, 4, 0;
    %pushi/vec4 0, 0, 256;
    %load/vec4 v0x7f925d63c3e0_0;
    %muli 16, 0, 32;
    %part/s 16;
    %pushi/vec4 112, 0, 32;
    %load/vec4 v0x7f925d63c3e0_0;
    %add;
    %ix/vec4/s 4;
    %store/vec4a v0x7f925d63c490, 4, 0;
    %pushi/vec4 0, 0, 256;
    %load/vec4 v0x7f925d63c3e0_0;
    %muli 16, 0, 32;
    %part/s 16;
    %pushi/vec4 128, 0, 32;
    %load/vec4 v0x7f925d63c3e0_0;
    %add;
    %ix/vec4/s 4;
    %store/vec4a v0x7f925d63c490, 4, 0;
    %pushi/vec4 0, 0, 256;
    %load/vec4 v0x7f925d63c3e0_0;
    %muli 16, 0, 32;
    %part/s 16;
    %pushi/vec4 144, 0, 32;
    %load/vec4 v0x7f925d63c3e0_0;
    %add;
    %ix/vec4/s 4;
    %store/vec4a v0x7f925d63c490, 4, 0;
    %pushi/vec4 0, 0, 256;
    %load/vec4 v0x7f925d63c3e0_0;
    %muli 16, 0, 32;
    %part/s 16;
    %pushi/vec4 160, 0, 32;
    %load/vec4 v0x7f925d63c3e0_0;
    %add;
    %ix/vec4/s 4;
    %store/vec4a v0x7f925d63c490, 4, 0;
    %pushi/vec4 0, 0, 256;
    %load/vec4 v0x7f925d63c3e0_0;
    %muli 16, 0, 32;
    %part/s 16;
    %pushi/vec4 176, 0, 32;
    %load/vec4 v0x7f925d63c3e0_0;
    %add;
    %ix/vec4/s 4;
    %store/vec4a v0x7f925d63c490, 4, 0;
    %pushi/vec4 0, 0, 256;
    %load/vec4 v0x7f925d63c3e0_0;
    %muli 16, 0, 32;
    %part/s 16;
    %pushi/vec4 192, 0, 32;
    %load/vec4 v0x7f925d63c3e0_0;
    %add;
    %ix/vec4/s 4;
    %store/vec4a v0x7f925d63c490, 4, 0;
    %pushi/vec4 0, 0, 256;
    %load/vec4 v0x7f925d63c3e0_0;
    %muli 16, 0, 32;
    %part/s 16;
    %pushi/vec4 208, 0, 32;
    %load/vec4 v0x7f925d63c3e0_0;
    %add;
    %ix/vec4/s 4;
    %store/vec4a v0x7f925d63c490, 4, 0;
    %pushi/vec4 0, 0, 256;
    %load/vec4 v0x7f925d63c3e0_0;
    %muli 16, 0, 32;
    %part/s 16;
    %pushi/vec4 224, 0, 32;
    %load/vec4 v0x7f925d63c3e0_0;
    %add;
    %ix/vec4/s 4;
    %store/vec4a v0x7f925d63c490, 4, 0;
    %pushi/vec4 0, 0, 256;
    %load/vec4 v0x7f925d63c3e0_0;
    %muli 16, 0, 32;
    %part/s 16;
    %pushi/vec4 240, 0, 32;
    %load/vec4 v0x7f925d63c3e0_0;
    %add;
    %ix/vec4/s 4;
    %store/vec4a v0x7f925d63c490, 4, 0;
T_5.2 ; for-loop step statement
    %load/vec4 v0x7f925d63c3e0_0;
    %addi 1, 0, 32;
    %store/vec4 v0x7f925d63c3e0_0, 0, 32;
    %jmp T_5.0;
T_5.1 ; for-loop exit label
    %end;
    .thread T_5;
    .scope S_0x7f925d6399a0;
T_6 ;
    %wait E_0x7f925d63b240;
    %load/vec4 v0x7f925d63c290_0;
    %flag_set/vec4 9;
    %flag_get/vec4 9;
    %jmp/0 T_6.2, 9;
    %load/vec4 v0x7f925d63c090_0;
    %and;
T_6.2;
    %flag_set/vec4 8;
    %jmp/0xz  T_6.0, 8;
    %load/vec4 v0x7f925d63c330_0;
    %parti/s 1, 0, 2;
    %nor/r;
    %flag_set/vec4 8;
    %jmp/0xz  T_6.3, 8;
    %load/vec4 v0x7f925d63c1e0_0;
    %parti/s 1, 0, 2;
    %load/vec4 v0x7f925d63bee0_0;
    %parti/s 8, 0, 2;
    %pad/u 10;
    %ix/vec4 3;
    %ix/load 4, 0, 0; Constant delay
    %assign/vec4/a/d v0x7f925d63c490, 0, 4;
T_6.3 ;
    %load/vec4 v0x7f925d63c330_0;
    %parti/s 1, 1, 2;
    %nor/r;
    %flag_set/vec4 8;
    %jmp/0xz  T_6.5, 8;
    %load/vec4 v0x7f925d63c1e0_0;
    %parti/s 1, 1, 2;
    %load/vec4 v0x7f925d63bee0_0;
    %parti/s 8, 0, 2;
    %pad/u 10;
    %ix/vec4 3;
    %ix/load 4, 1, 0; part off
    %ix/load 5, 0, 0; Constant delay
    %assign/vec4/a/d v0x7f925d63c490, 4, 5;
T_6.5 ;
    %load/vec4 v0x7f925d63c330_0;
    %parti/s 1, 2, 3;
    %nor/r;
    %flag_set/vec4 8;
    %jmp/0xz  T_6.7, 8;
    %load/vec4 v0x7f925d63c1e0_0;
    %parti/s 1, 2, 3;
    %load/vec4 v0x7f925d63bee0_0;
    %parti/s 8, 0, 2;
    %pad/u 10;
    %ix/vec4 3;
    %ix/load 4, 2, 0; part off
    %ix/load 5, 0, 0; Constant delay
    %assign/vec4/a/d v0x7f925d63c490, 4, 5;
T_6.7 ;
    %load/vec4 v0x7f925d63c330_0;
    %parti/s 1, 3, 3;
    %nor/r;
    %flag_set/vec4 8;
    %jmp/0xz  T_6.9, 8;
    %load/vec4 v0x7f925d63c1e0_0;
    %parti/s 1, 3, 3;
    %load/vec4 v0x7f925d63bee0_0;
    %parti/s 8, 0, 2;
    %pad/u 10;
    %ix/vec4 3;
    %ix/load 4, 3, 0; part off
    %ix/load 5, 0, 0; Constant delay
    %assign/vec4/a/d v0x7f925d63c490, 4, 5;
T_6.9 ;
    %load/vec4 v0x7f925d63c330_0;
    %parti/s 1, 4, 4;
    %nor/r;
    %flag_set/vec4 8;
    %jmp/0xz  T_6.11, 8;
    %load/vec4 v0x7f925d63c1e0_0;
    %parti/s 1, 4, 4;
    %load/vec4 v0x7f925d63bee0_0;
    %parti/s 8, 0, 2;
    %pad/u 10;
    %ix/vec4 3;
    %ix/load 4, 4, 0; part off
    %ix/load 5, 0, 0; Constant delay
    %assign/vec4/a/d v0x7f925d63c490, 4, 5;
T_6.11 ;
    %load/vec4 v0x7f925d63c330_0;
    %parti/s 1, 5, 4;
    %nor/r;
    %flag_set/vec4 8;
    %jmp/0xz  T_6.13, 8;
    %load/vec4 v0x7f925d63c1e0_0;
    %parti/s 1, 5, 4;
    %load/vec4 v0x7f925d63bee0_0;
    %parti/s 8, 0, 2;
    %pad/u 10;
    %ix/vec4 3;
    %ix/load 4, 5, 0; part off
    %ix/load 5, 0, 0; Constant delay
    %assign/vec4/a/d v0x7f925d63c490, 4, 5;
T_6.13 ;
    %load/vec4 v0x7f925d63c330_0;
    %parti/s 1, 6, 4;
    %nor/r;
    %flag_set/vec4 8;
    %jmp/0xz  T_6.15, 8;
    %load/vec4 v0x7f925d63c1e0_0;
    %parti/s 1, 6, 4;
    %load/vec4 v0x7f925d63bee0_0;
    %parti/s 8, 0, 2;
    %pad/u 10;
    %ix/vec4 3;
    %ix/load 4, 6, 0; part off
    %ix/load 5, 0, 0; Constant delay
    %assign/vec4/a/d v0x7f925d63c490, 4, 5;
T_6.15 ;
    %load/vec4 v0x7f925d63c330_0;
    %parti/s 1, 7, 4;
    %nor/r;
    %flag_set/vec4 8;
    %jmp/0xz  T_6.17, 8;
    %load/vec4 v0x7f925d63c1e0_0;
    %parti/s 1, 7, 4;
    %load/vec4 v0x7f925d63bee0_0;
    %parti/s 8, 0, 2;
    %pad/u 10;
    %ix/vec4 3;
    %ix/load 4, 7, 0; part off
    %ix/load 5, 0, 0; Constant delay
    %assign/vec4/a/d v0x7f925d63c490, 4, 5;
T_6.17 ;
    %load/vec4 v0x7f925d63c330_0;
    %parti/s 1, 8, 5;
    %nor/r;
    %flag_set/vec4 8;
    %jmp/0xz  T_6.19, 8;
    %load/vec4 v0x7f925d63c1e0_0;
    %parti/s 1, 8, 5;
    %load/vec4 v0x7f925d63bee0_0;
    %parti/s 8, 0, 2;
    %pad/u 10;
    %ix/vec4 3;
    %ix/load 4, 8, 0; part off
    %ix/load 5, 0, 0; Constant delay
    %assign/vec4/a/d v0x7f925d63c490, 4, 5;
T_6.19 ;
    %load/vec4 v0x7f925d63c330_0;
    %parti/s 1, 9, 5;
    %nor/r;
    %flag_set/vec4 8;
    %jmp/0xz  T_6.21, 8;
    %load/vec4 v0x7f925d63c1e0_0;
    %parti/s 1, 9, 5;
    %load/vec4 v0x7f925d63bee0_0;
    %parti/s 8, 0, 2;
    %pad/u 10;
    %ix/vec4 3;
    %ix/load 4, 9, 0; part off
    %ix/load 5, 0, 0; Constant delay
    %assign/vec4/a/d v0x7f925d63c490, 4, 5;
T_6.21 ;
    %load/vec4 v0x7f925d63c330_0;
    %parti/s 1, 10, 5;
    %nor/r;
    %flag_set/vec4 8;
    %jmp/0xz  T_6.23, 8;
    %load/vec4 v0x7f925d63c1e0_0;
    %parti/s 1, 10, 5;
    %load/vec4 v0x7f925d63bee0_0;
    %parti/s 8, 0, 2;
    %pad/u 10;
    %ix/vec4 3;
    %ix/load 4, 10, 0; part off
    %ix/load 5, 0, 0; Constant delay
    %assign/vec4/a/d v0x7f925d63c490, 4, 5;
T_6.23 ;
    %load/vec4 v0x7f925d63c330_0;
    %parti/s 1, 11, 5;
    %nor/r;
    %flag_set/vec4 8;
    %jmp/0xz  T_6.25, 8;
    %load/vec4 v0x7f925d63c1e0_0;
    %parti/s 1, 11, 5;
    %load/vec4 v0x7f925d63bee0_0;
    %parti/s 8, 0, 2;
    %pad/u 10;
    %ix/vec4 3;
    %ix/load 4, 11, 0; part off
    %ix/load 5, 0, 0; Constant delay
    %assign/vec4/a/d v0x7f925d63c490, 4, 5;
T_6.25 ;
    %load/vec4 v0x7f925d63c330_0;
    %parti/s 1, 12, 5;
    %nor/r;
    %flag_set/vec4 8;
    %jmp/0xz  T_6.27, 8;
    %load/vec4 v0x7f925d63c1e0_0;
    %parti/s 1, 12, 5;
    %load/vec4 v0x7f925d63bee0_0;
    %parti/s 8, 0, 2;
    %pad/u 10;
    %ix/vec4 3;
    %ix/load 4, 12, 0; part off
    %ix/load 5, 0, 0; Constant delay
    %assign/vec4/a/d v0x7f925d63c490, 4, 5;
T_6.27 ;
    %load/vec4 v0x7f925d63c330_0;
    %parti/s 1, 13, 5;
    %nor/r;
    %flag_set/vec4 8;
    %jmp/0xz  T_6.29, 8;
    %load/vec4 v0x7f925d63c1e0_0;
    %parti/s 1, 13, 5;
    %load/vec4 v0x7f925d63bee0_0;
    %parti/s 8, 0, 2;
    %pad/u 10;
    %ix/vec4 3;
    %ix/load 4, 13, 0; part off
    %ix/load 5, 0, 0; Constant delay
    %assign/vec4/a/d v0x7f925d63c490, 4, 5;
T_6.29 ;
    %load/vec4 v0x7f925d63c330_0;
    %parti/s 1, 14, 5;
    %nor/r;
    %flag_set/vec4 8;
    %jmp/0xz  T_6.31, 8;
    %load/vec4 v0x7f925d63c1e0_0;
    %parti/s 1, 14, 5;
    %load/vec4 v0x7f925d63bee0_0;
    %parti/s 8, 0, 2;
    %pad/u 10;
    %ix/vec4 3;
    %ix/load 4, 14, 0; part off
    %ix/load 5, 0, 0; Constant delay
    %assign/vec4/a/d v0x7f925d63c490, 4, 5;
T_6.31 ;
    %load/vec4 v0x7f925d63c330_0;
    %parti/s 1, 15, 5;
    %nor/r;
    %flag_set/vec4 8;
    %jmp/0xz  T_6.33, 8;
    %load/vec4 v0x7f925d63c1e0_0;
    %parti/s 1, 15, 5;
    %load/vec4 v0x7f925d63bee0_0;
    %parti/s 8, 0, 2;
    %pad/u 10;
    %ix/vec4 3;
    %ix/load 4, 15, 0; part off
    %ix/load 5, 0, 0; Constant delay
    %assign/vec4/a/d v0x7f925d63c490, 4, 5;
T_6.33 ;
T_6.0 ;
    %jmp T_6;
    .thread T_6;
    .scope S_0x7f925d6399a0;
T_7 ;
    %wait E_0x7f925d63b1f0;
    %load/vec4 v0x7f925d63bd90_0;
    %flag_set/vec4 9;
    %flag_get/vec4 9;
    %jmp/0 T_7.2, 9;
    %load/vec4 v0x7f925d63bb50_0;
    %and;
T_7.2;
    %flag_set/vec4 8;
    %jmp/0xz  T_7.0, 8;
    %load/vec4 v0x7f925d63b9f0_0;
    %parti/s 8, 0, 2;
    %pad/u 10;
    %ix/vec4 4;
    %load/vec4a v0x7f925d63c490, 4;
    %load/vec4 v0x7f925d63be30_0;
    %inv;
    %and;
    %assign/vec4 v0x7f925d63bce0_0, 0;
T_7.0 ;
    %jmp T_7;
    .thread T_7;
    .scope S_0x7f925d6180a0;
T_8 ;
    %pushi/vec4 0, 0, 1;
    %store/vec4 v0x7f925d642f20_0, 0, 1;
    %end;
    .thread T_8;
    .scope S_0x7f925d6180a0;
T_9 ;
    %wait E_0x7f925d642d90;
    %load/vec4 v0x7f925d642e80_0;
    %assign/vec4 v0x7f925d642f20_0, 0;
    %jmp T_9;
    .thread T_9;
    .scope S_0x7f925d6182a0;
T_10 ;
    %pushi/vec4 0, 0, 1;
    %store/vec4 v0x7f925d643240_0, 0, 1;
    %end;
    .thread T_10;
    .scope S_0x7f925d6182a0;
T_11 ;
    %wait E_0x7f925d643000;
    %load/vec4 v0x7f925d6431b0_0;
    %flag_set/vec4 8;
    %jmp/0xz  T_11.0, 8;
    %load/vec4 v0x7f925d643110_0;
    %assign/vec4 v0x7f925d643240_0, 0;
T_11.0 ;
    %jmp T_11;
    .thread T_11;
    .scope S_0x7f925d618520;
T_12 ;
    %pushi/vec4 0, 0, 1;
    %store/vec4 v0x7f925d643580_0, 0, 1;
    %end;
    .thread T_12;
    .scope S_0x7f925d618520;
T_13 ;
    %wait E_0x7f925d643340;
    %load/vec4 v0x7f925d643620_0;
    %flag_set/vec4 8;
    %jmp/0xz  T_13.0, 8;
    %pushi/vec4 0, 0, 1;
    %assign/vec4 v0x7f925d643580_0, 0;
    %jmp T_13.1;
T_13.0 ;
    %load/vec4 v0x7f925d6434f0_0;
    %flag_set/vec4 8;
    %jmp/0xz  T_13.2, 8;
    %load/vec4 v0x7f925d643450_0;
    %assign/vec4 v0x7f925d643580_0, 0;
T_13.2 ;
T_13.1 ;
    %jmp T_13;
    .thread T_13;
    .scope S_0x7f925d618790;
T_14 ;
    %pushi/vec4 0, 0, 1;
    %store/vec4 v0x7f925d6439a0_0, 0, 1;
    %end;
    .thread T_14;
    .scope S_0x7f925d618790;
T_15 ;
    %wait E_0x7f925d643780;
    %load/vec4 v0x7f925d643a30_0;
    %flag_set/vec4 8;
    %jmp/0xz  T_15.0, 8;
    %pushi/vec4 1, 0, 1;
    %assign/vec4 v0x7f925d6439a0_0, 0;
    %jmp T_15.1;
T_15.0 ;
    %load/vec4 v0x7f925d643910_0;
    %flag_set/vec4 8;
    %jmp/0xz  T_15.2, 8;
    %load/vec4 v0x7f925d643870_0;
    %assign/vec4 v0x7f925d6439a0_0, 0;
T_15.2 ;
T_15.1 ;
    %jmp T_15;
    .thread T_15;
    .scope S_0x7f925d618a00;
T_16 ;
    %pushi/vec4 0, 0, 1;
    %store/vec4 v0x7f925d643db0_0, 0, 1;
    %end;
    .thread T_16;
    .scope S_0x7f925d618a00;
T_17 ;
    %wait E_0x7f925d643b90;
    %load/vec4 v0x7f925d643d20_0;
    %flag_set/vec4 8;
    %jmp/0xz  T_17.0, 8;
    %load/vec4 v0x7f925d643e40_0;
    %flag_set/vec4 8;
    %jmp/0xz  T_17.2, 8;
    %pushi/vec4 0, 0, 1;
    %assign/vec4 v0x7f925d643db0_0, 0;
    %jmp T_17.3;
T_17.2 ;
    %load/vec4 v0x7f925d643c80_0;
    %assign/vec4 v0x7f925d643db0_0, 0;
T_17.3 ;
T_17.0 ;
    %jmp T_17;
    .thread T_17;
    .scope S_0x7f925d618c70;
T_18 ;
    %pushi/vec4 0, 0, 1;
    %store/vec4 v0x7f925d6441c0_0, 0, 1;
    %end;
    .thread T_18;
    .scope S_0x7f925d618c70;
T_19 ;
    %wait E_0x7f925d643fa0;
    %load/vec4 v0x7f925d644130_0;
    %flag_set/vec4 8;
    %jmp/0xz  T_19.0, 8;
    %load/vec4 v0x7f925d644250_0;
    %flag_set/vec4 8;
    %jmp/0xz  T_19.2, 8;
    %pushi/vec4 1, 0, 1;
    %assign/vec4 v0x7f925d6441c0_0, 0;
    %jmp T_19.3;
T_19.2 ;
    %load/vec4 v0x7f925d644090_0;
    %assign/vec4 v0x7f925d6441c0_0, 0;
T_19.3 ;
T_19.0 ;
    %jmp T_19;
    .thread T_19;
    .scope S_0x7f925d618f60;
T_20 ;
    %pushi/vec4 0, 0, 1;
    %store/vec4 v0x7f925d644540_0, 0, 1;
    %end;
    .thread T_20;
    .scope S_0x7f925d618f60;
T_21 ;
    %wait E_0x7f925d6443b0;
    %load/vec4 v0x7f925d6444a0_0;
    %assign/vec4 v0x7f925d644540_0, 0;
    %jmp T_21;
    .thread T_21;
    .scope S_0x7f925d619160;
T_22 ;
    %pushi/vec4 0, 0, 1;
    %store/vec4 v0x7f925d644850_0, 0, 1;
    %end;
    .thread T_22;
    .scope S_0x7f925d619160;
T_23 ;
    %wait E_0x7f925d644610;
    %load/vec4 v0x7f925d6447c0_0;
    %flag_set/vec4 8;
    %jmp/0xz  T_23.0, 8;
    %load/vec4 v0x7f925d644720_0;
    %assign/vec4 v0x7f925d644850_0, 0;
T_23.0 ;
    %jmp T_23;
    .thread T_23;
    .scope S_0x7f925d619370;
T_24 ;
    %pushi/vec4 0, 0, 1;
    %store/vec4 v0x7f925d644b90_0, 0, 1;
    %end;
    .thread T_24;
    .scope S_0x7f925d619370;
T_25 ;
    %wait E_0x7f925d644950;
    %load/vec4 v0x7f925d644c30_0;
    %flag_set/vec4 8;
    %jmp/0xz  T_25.0, 8;
    %pushi/vec4 0, 0, 1;
    %assign/vec4 v0x7f925d644b90_0, 0;
    %jmp T_25.1;
T_25.0 ;
    %load/vec4 v0x7f925d644b00_0;
    %flag_set/vec4 8;
    %jmp/0xz  T_25.2, 8;
    %load/vec4 v0x7f925d644a60_0;
    %assign/vec4 v0x7f925d644b90_0, 0;
T_25.2 ;
T_25.1 ;
    %jmp T_25;
    .thread T_25;
    .scope S_0x7f925d6195e0;
T_26 ;
    %pushi/vec4 0, 0, 1;
    %store/vec4 v0x7f925d644fb0_0, 0, 1;
    %end;
    .thread T_26;
    .scope S_0x7f925d6195e0;
T_27 ;
    %wait E_0x7f925d644d90;
    %load/vec4 v0x7f925d645040_0;
    %flag_set/vec4 8;
    %jmp/0xz  T_27.0, 8;
    %pushi/vec4 1, 0, 1;
    %assign/vec4 v0x7f925d644fb0_0, 0;
    %jmp T_27.1;
T_27.0 ;
    %load/vec4 v0x7f925d644f20_0;
    %flag_set/vec4 8;
    %jmp/0xz  T_27.2, 8;
    %load/vec4 v0x7f925d644e80_0;
    %assign/vec4 v0x7f925d644fb0_0, 0;
T_27.2 ;
T_27.1 ;
    %jmp T_27;
    .thread T_27;
    .scope S_0x7f925d619850;
T_28 ;
    %pushi/vec4 0, 0, 1;
    %store/vec4 v0x7f925d6453c0_0, 0, 1;
    %end;
    .thread T_28;
    .scope S_0x7f925d619850;
T_29 ;
    %wait E_0x7f925d6451a0;
    %load/vec4 v0x7f925d645330_0;
    %flag_set/vec4 8;
    %jmp/0xz  T_29.0, 8;
    %load/vec4 v0x7f925d645450_0;
    %flag_set/vec4 8;
    %jmp/0xz  T_29.2, 8;
    %pushi/vec4 0, 0, 1;
    %assign/vec4 v0x7f925d6453c0_0, 0;
    %jmp T_29.3;
T_29.2 ;
    %load/vec4 v0x7f925d645290_0;
    %assign/vec4 v0x7f925d6453c0_0, 0;
T_29.3 ;
T_29.0 ;
    %jmp T_29;
    .thread T_29;
    .scope S_0x7f925d619ac0;
T_30 ;
    %pushi/vec4 0, 0, 1;
    %store/vec4 v0x7f925d6457d0_0, 0, 1;
    %end;
    .thread T_30;
    .scope S_0x7f925d619ac0;
T_31 ;
    %wait E_0x7f925d6455b0;
    %load/vec4 v0x7f925d645740_0;
    %flag_set/vec4 8;
    %jmp/0xz  T_31.0, 8;
    %load/vec4 v0x7f925d645860_0;
    %flag_set/vec4 8;
    %jmp/0xz  T_31.2, 8;
    %pushi/vec4 1, 0, 1;
    %assign/vec4 v0x7f925d6457d0_0, 0;
    %jmp T_31.3;
T_31.2 ;
    %load/vec4 v0x7f925d6456a0_0;
    %assign/vec4 v0x7f925d6457d0_0, 0;
T_31.3 ;
T_31.0 ;
    %jmp T_31;
    .thread T_31;
    .scope S_0x7f925d619d30;
T_32 ;
    %pushi/vec4 0, 0, 1;
    %store/vec4 v0x7f925d645b50_0, 0, 1;
    %end;
    .thread T_32;
    .scope S_0x7f925d619d30;
T_33 ;
    %wait E_0x7f925d6459c0;
    %load/vec4 v0x7f925d645be0_0;
    %flag_set/vec4 8;
    %jmp/0xz  T_33.0, 8;
    %pushi/vec4 0, 0, 1;
    %assign/vec4 v0x7f925d645b50_0, 0;
    %jmp T_33.1;
T_33.0 ;
    %load/vec4 v0x7f925d645ab0_0;
    %assign/vec4 v0x7f925d645b50_0, 0;
T_33.1 ;
    %jmp T_33;
    .thread T_33;
    .scope S_0x7f925d619f70;
T_34 ;
    %pushi/vec4 0, 0, 1;
    %store/vec4 v0x7f925d645e80_0, 0, 1;
    %end;
    .thread T_34;
    .scope S_0x7f925d619f70;
T_35 ;
    %wait E_0x7f925d645cd0;
    %load/vec4 v0x7f925d645f10_0;
    %flag_set/vec4 8;
    %jmp/0xz  T_35.0, 8;
    %pushi/vec4 1, 0, 1;
    %assign/vec4 v0x7f925d645e80_0, 0;
    %jmp T_35.1;
T_35.0 ;
    %load/vec4 v0x7f925d645de0_0;
    %assign/vec4 v0x7f925d645e80_0, 0;
T_35.1 ;
    %jmp T_35;
    .thread T_35;
    .scope S_0x7f925d61a2b0;
T_36 ;
    %pushi/vec4 0, 0, 1;
    %store/vec4 v0x7f925d6461c0_0, 0, 1;
    %end;
    .thread T_36;
    .scope S_0x7f925d61a2b0;
T_37 ;
    %wait E_0x7f925d646010;
    %load/vec4 v0x7f925d646250_0;
    %flag_set/vec4 8;
    %jmp/0xz  T_37.0, 8;
    %pushi/vec4 0, 0, 1;
    %assign/vec4 v0x7f925d6461c0_0, 0;
    %jmp T_37.1;
T_37.0 ;
    %load/vec4 v0x7f925d646120_0;
    %assign/vec4 v0x7f925d6461c0_0, 0;
T_37.1 ;
    %jmp T_37;
    .thread T_37;
    .scope S_0x7f925d61a4d0;
T_38 ;
    %pushi/vec4 0, 0, 1;
    %store/vec4 v0x7f925d646500_0, 0, 1;
    %end;
    .thread T_38;
    .scope S_0x7f925d61a4d0;
T_39 ;
    %wait E_0x7f925d646350;
    %load/vec4 v0x7f925d646590_0;
    %flag_set/vec4 8;
    %jmp/0xz  T_39.0, 8;
    %pushi/vec4 1, 0, 1;
    %assign/vec4 v0x7f925d646500_0, 0;
    %jmp T_39.1;
T_39.0 ;
    %load/vec4 v0x7f925d646460_0;
    %assign/vec4 v0x7f925d646500_0, 0;
T_39.1 ;
    %jmp T_39;
    .thread T_39;
    .scope S_0x7f925d61a6c0;
T_40 ;
    %pushi/vec4 0, 0, 1;
    %store/vec4 v0x7f925d646840_0, 0, 1;
    %end;
    .thread T_40;
    .scope S_0x7f925d61a6c0;
T_41 ;
    %wait E_0x7f925d646690;
    %load/vec4 v0x7f925d6468d0_0;
    %flag_set/vec4 8;
    %jmp/0xz  T_41.0, 8;
    %pushi/vec4 0, 0, 1;
    %assign/vec4 v0x7f925d646840_0, 0;
    %jmp T_41.1;
T_41.0 ;
    %load/vec4 v0x7f925d6467a0_0;
    %assign/vec4 v0x7f925d646840_0, 0;
T_41.1 ;
    %jmp T_41;
    .thread T_41;
    .scope S_0x7f925d61a900;
T_42 ;
    %pushi/vec4 0, 0, 1;
    %store/vec4 v0x7f925d646b80_0, 0, 1;
    %end;
    .thread T_42;
    .scope S_0x7f925d61a900;
T_43 ;
    %wait E_0x7f925d6469d0;
    %load/vec4 v0x7f925d646c10_0;
    %flag_set/vec4 8;
    %jmp/0xz  T_43.0, 8;
    %pushi/vec4 1, 0, 1;
    %assign/vec4 v0x7f925d646b80_0, 0;
    %jmp T_43.1;
T_43.0 ;
    %load/vec4 v0x7f925d646ae0_0;
    %assign/vec4 v0x7f925d646b80_0, 0;
T_43.1 ;
    %jmp T_43;
    .thread T_43;
    .scope S_0x7f925d61ab40;
T_44 ;
    %pushi/vec4 0, 0, 1;
    %store/vec4 v0x7f925d646ec0_0, 0, 1;
    %end;
    .thread T_44;
    .scope S_0x7f925d61ab40;
T_45 ;
    %wait E_0x7f925d646d10;
    %load/vec4 v0x7f925d646f50_0;
    %flag_set/vec4 8;
    %jmp/0xz  T_45.0, 8;
    %pushi/vec4 0, 0, 1;
    %assign/vec4 v0x7f925d646ec0_0, 0;
    %jmp T_45.1;
T_45.0 ;
    %load/vec4 v0x7f925d646e20_0;
    %assign/vec4 v0x7f925d646ec0_0, 0;
T_45.1 ;
    %jmp T_45;
    .thread T_45;
    .scope S_0x7f925d61ad80;
T_46 ;
    %pushi/vec4 0, 0, 1;
    %store/vec4 v0x7f925d647200_0, 0, 1;
    %end;
    .thread T_46;
    .scope S_0x7f925d61ad80;
T_47 ;
    %wait E_0x7f925d647050;
    %load/vec4 v0x7f925d647290_0;
    %flag_set/vec4 8;
    %jmp/0xz  T_47.0, 8;
    %pushi/vec4 1, 0, 1;
    %assign/vec4 v0x7f925d647200_0, 0;
    %jmp T_47.1;
T_47.0 ;
    %load/vec4 v0x7f925d647160_0;
    %assign/vec4 v0x7f925d647200_0, 0;
T_47.1 ;
    %jmp T_47;
    .thread T_47;
    .scope S_0x7f925d647d60;
T_48 ;
    %wait E_0x7f925d648040;
    %load/vec4 v0x7f925d6488e0_0;
    %assign/vec4 v0x7f925d648980_0, 0;
    %jmp T_48;
    .thread T_48;
    .scope S_0x7f925d647d60;
T_49 ;
    %wait E_0x7f925d648040;
    %load/vec4 v0x7f925d6488e0_0;
    %flag_set/vec4 8;
    %jmp/0xz  T_49.0, 8;
    %load/vec4 v0x7f925d648700_0;
    %assign/vec4 v0x7f925d648cf0_0, 0;
T_49.0 ;
    %jmp T_49;
    .thread T_49;
    .scope S_0x7f925d647d60;
T_50 ;
    %wait E_0x7f925d647fe0;
    %load/vec4 v0x7f925d648980_0;
    %flag_set/vec4 8;
    %jmp/0xz  T_50.0, 8;
    %load/vec4 v0x7f925d648700_0;
    %assign/vec4 v0x7f925d648d80_0, 0;
T_50.0 ;
    %jmp T_50;
    .thread T_50;
    .scope S_0x7f925d647d60;
T_51 ;
    %wait E_0x7f925d647f30;
    %load/vec4 v0x7f925d6488e0_0;
    %assign/vec4 v0x7f925d648a20_0, 0;
    %jmp T_51;
    .thread T_51;
    .scope S_0x7f925d647d60;
T_52 ;
    %wait E_0x7f925d647f30;
    %load/vec4 v0x7f925d6488e0_0;
    %flag_set/vec4 8;
    %jmp/0xz  T_52.0, 8;
    %load/vec4 v0x7f925d648290_0;
    %assign/vec4 v0x7f925d648ea0_0, 0;
T_52.0 ;
    %jmp T_52;
    .thread T_52;
    .scope S_0x7f925d647d60;
T_53 ;
    %wait E_0x7f925d647f90;
    %load/vec4 v0x7f925d648a20_0;
    %flag_set/vec4 8;
    %jmp/0xz  T_53.0, 8;
    %load/vec4 v0x7f925d648330_0;
    %assign/vec4 v0x7f925d648f40_0, 0;
T_53.0 ;
    %jmp T_53;
    .thread T_53;
    .scope S_0x7f925d647d60;
T_54 ;
    %wait E_0x7f925d647f30;
    %load/vec4 v0x7f925d6488e0_0;
    %flag_set/vec4 8;
    %jmp/0xz  T_54.0, 8;
    %load/vec4 v0x7f925d6485f0_0;
    %assign/vec4 v0x7f925d649120_0, 0;
T_54.0 ;
    %jmp T_54;
    .thread T_54;
    .scope S_0x7f925d647660;
T_55 ;
    %wait E_0x7f925d647d10;
    %load/vec4 v0x7f925d648cf0_0;
    %store/vec4 v0x7f925d648ac0_0, 0, 1;
    %load/vec4 v0x7f925d648d80_0;
    %store/vec4 v0x7f925d648b60_0, 0, 1;
    %jmp T_55;
    .thread T_55, $push;
    .scope S_0x7f925d647660;
T_56 ;
    %wait E_0x7f925d647cb0;
    %load/vec4 v0x7f925d648550_0;
    %assign/vec4 v0x7f925d648fe0_0, 0;
    %jmp T_56;
    .thread T_56, $push;
    .scope S_0x7f925d647660;
T_57 ;
    %wait E_0x7f925d647c60;
    %load/vec4 v0x7f925d648fe0_0;
    %assign/vec4 v0x7f925d649080_0, 0;
    %jmp T_57;
    .thread T_57, $push;
    .scope S_0x7f925d647660;
T_58 ;
    %wait E_0x7f925d647c20;
    %load/vec4 v0x7f925d649080_0;
    %pushi/vec4 0, 0, 1;
    %xor;
    %flag_set/vec4 8;
    %jmp/1 T_58.2, 8;
    %pushi/vec4 0, 0, 1;
    %flag_set/vec4 9;
    %flag_or 8, 9;
T_58.2;
    %jmp/0 T_58.0, 8;
    %load/vec4 v0x7f925d648ea0_0;
    %jmp/1 T_58.1, 8;
T_58.0 ; End of true expr.
    %load/vec4 v0x7f925d648f40_0;
    %jmp/0 T_58.1, 8;
 ; End of false expr.
    %blend;
T_58.1;
    %store/vec4 v0x7f925d648e10_0, 0, 1;
    %jmp T_58;
    .thread T_58, $push;
    .scope S_0x7f925d64bfc0;
T_59 ;
    %wait E_0x7f925d64c270;
    %load/vec4 v0x7f925d64c2c0_0;
    %flag_set/vec4 8;
    %jmp/0xz  T_59.0, 8;
    %load/vec4 v0x7f925d64c930_0;
    %assign/vec4 v0x7f925d64cc40_0, 0;
T_59.0 ;
    %jmp T_59;
    .thread T_59;
    .scope S_0x7f925d64bfc0;
T_60 ;
    %wait E_0x7f925d64c210;
    %load/vec4 v0x7f925d64c2c0_0;
    %flag_set/vec4 8;
    %jmp/0xz  T_60.0, 8;
    %load/vec4 v0x7f925d64c930_0;
    %assign/vec4 v0x7f925d64cce0_0, 0;
T_60.0 ;
    %jmp T_60;
    .thread T_60;
    .scope S_0x7f925d64bfc0;
T_61 ;
    %wait E_0x7f925d64c180;
    %load/vec4 v0x7f925d64c2c0_0;
    %flag_set/vec4 8;
    %jmp/0xz  T_61.0, 8;
    %load/vec4 v0x7f925d64c4c0_0;
    %assign/vec4 v0x7f925d64cf10_0, 0;
T_61.0 ;
    %jmp T_61;
    .thread T_61;
    .scope S_0x7f925d64bfc0;
T_62 ;
    %wait E_0x7f925d64c1c0;
    %load/vec4 v0x7f925d64c2c0_0;
    %flag_set/vec4 8;
    %jmp/0xz  T_62.0, 8;
    %load/vec4 v0x7f925d64c560_0;
    %assign/vec4 v0x7f925d64cfa0_0, 0;
T_62.0 ;
    %jmp T_62;
    .thread T_62;
    .scope S_0x7f925d64bfc0;
T_63 ;
    %wait E_0x7f925d64c180;
    %load/vec4 v0x7f925d64c2c0_0;
    %flag_set/vec4 8;
    %jmp/0xz  T_63.0, 8;
    %load/vec4 v0x7f925d64c820_0;
    %assign/vec4 v0x7f925d64d160_0, 0;
T_63.0 ;
    %jmp T_63;
    .thread T_63;
    .scope S_0x7f925d61c130;
T_64 ;
    %wait E_0x7f925d64a950;
    %load/vec4 v0x7f925d64cc40_0;
    %store/vec4 v0x7f925d64cb00_0, 0, 1;
    %load/vec4 v0x7f925d64cce0_0;
    %store/vec4 v0x7f925d64cba0_0, 0, 1;
    %jmp T_64;
    .thread T_64, $push;
    .scope S_0x7f925d61c130;
T_65 ;
    %wait E_0x7f925d61c0d0;
    %load/vec4 v0x7f925d64c780_0;
    %assign/vec4 v0x7f925d64d030_0, 0;
    %jmp T_65;
    .thread T_65, $push;
    .scope S_0x7f925d61c130;
T_66 ;
    %wait E_0x7f925d61c080;
    %load/vec4 v0x7f925d64d030_0;
    %assign/vec4 v0x7f925d64d0c0_0, 0;
    %jmp T_66;
    .thread T_66, $push;
    .scope S_0x7f925d61c130;
T_67 ;
    %wait E_0x7f925d61c010;
    %load/vec4 v0x7f925d64d0c0_0;
    %pushi/vec4 0, 0, 1;
    %xor;
    %flag_set/vec4 8;
    %jmp/1 T_67.2, 8;
    %pushi/vec4 0, 0, 1;
    %flag_set/vec4 9;
    %flag_or 8, 9;
T_67.2;
    %jmp/0 T_67.0, 8;
    %load/vec4 v0x7f925d64cf10_0;
    %jmp/1 T_67.1, 8;
T_67.0 ; End of true expr.
    %load/vec4 v0x7f925d64cfa0_0;
    %jmp/0 T_67.1, 8;
 ; End of false expr.
    %blend;
T_67.1;
    %store/vec4 v0x7f925d64cd80_0, 0, 1;
    %jmp T_67;
    .thread T_67, $push;
    .scope S_0x7f925d64d3c0;
T_68 ;
    %wait E_0x7f925d64d690;
    %load/vec4 v0x7f925d64d6e0_0;
    %flag_set/vec4 8;
    %jmp/0xz  T_68.0, 8;
    %load/vec4 v0x7f925d64dd50_0;
    %assign/vec4 v0x7f925d64df20_0, 0;
T_68.0 ;
    %jmp T_68;
    .thread T_68;
    .scope S_0x7f925d64d3c0;
T_69 ;
    %wait E_0x7f925d64d630;
    %load/vec4 v0x7f925d64d6e0_0;
    %flag_set/vec4 8;
    %jmp/0xz  T_69.0, 8;
    %load/vec4 v0x7f925d64dd50_0;
    %assign/vec4 v0x7f925d64dfc0_0, 0;
T_69.0 ;
    %jmp T_69;
    .thread T_69;
    .scope S_0x7f925d64d3c0;
T_70 ;
    %wait E_0x7f925d64d580;
    %load/vec4 v0x7f925d64d6e0_0;
    %flag_set/vec4 8;
    %jmp/0xz  T_70.0, 8;
    %load/vec4 v0x7f925d64d8e0_0;
    %assign/vec4 v0x7f925d64e100_0, 0;
T_70.0 ;
    %jmp T_70;
    .thread T_70;
    .scope S_0x7f925d64d3c0;
T_71 ;
    %wait E_0x7f925d64d5e0;
    %load/vec4 v0x7f925d64d6e0_0;
    %flag_set/vec4 8;
    %jmp/0xz  T_71.0, 8;
    %load/vec4 v0x7f925d64d980_0;
    %assign/vec4 v0x7f925d64e1a0_0, 0;
T_71.0 ;
    %jmp T_71;
    .thread T_71;
    .scope S_0x7f925d64d3c0;
T_72 ;
    %wait E_0x7f925d64d580;
    %load/vec4 v0x7f925d64d6e0_0;
    %flag_set/vec4 8;
    %jmp/0xz  T_72.0, 8;
    %load/vec4 v0x7f925d64dc40_0;
    %assign/vec4 v0x7f925d64e450_0, 0;
T_72.0 ;
    %jmp T_72;
    .thread T_72;
    .scope S_0x7f925d61c760;
T_73 ;
    %wait E_0x7f925d61c580;
    %load/vec4 v0x7f925d64df20_0;
    %store/vec4 v0x7f925d64dde0_0, 0, 1;
    %load/vec4 v0x7f925d64dfc0_0;
    %store/vec4 v0x7f925d64de80_0, 0, 1;
    %jmp T_73;
    .thread T_73, $push;
    .scope S_0x7f925d61c760;
T_74 ;
    %wait E_0x7f925d64d360;
    %load/vec4 v0x7f925d64dba0_0;
    %assign/vec4 v0x7f925d64e330_0, 0;
    %jmp T_74;
    .thread T_74, $push;
    .scope S_0x7f925d61c760;
T_75 ;
    %wait E_0x7f925d64d320;
    %load/vec4 v0x7f925d64e330_0;
    %assign/vec4 v0x7f925d64e3c0_0, 0;
    %jmp T_75;
    .thread T_75, $push;
    .scope S_0x7f925d61c760;
T_76 ;
    %wait E_0x7f925d64c8b0;
    %load/vec4 v0x7f925d64e3c0_0;
    %pushi/vec4 0, 0, 1;
    %xor;
    %flag_set/vec4 8;
    %jmp/1 T_76.2, 8;
    %pushi/vec4 0, 0, 1;
    %flag_set/vec4 9;
    %flag_or 8, 9;
T_76.2;
    %jmp/0 T_76.0, 8;
    %load/vec4 v0x7f925d64e100_0;
    %jmp/1 T_76.1, 8;
T_76.0 ; End of true expr.
    %load/vec4 v0x7f925d64e1a0_0;
    %jmp/0 T_76.1, 8;
 ; End of false expr.
    %blend;
T_76.1;
    %store/vec4 v0x7f925d64e060_0, 0, 1;
    %jmp T_76;
    .thread T_76, $push;
    .scope S_0x7f925d61d8d0;
T_77 ;
    %wait E_0x7f925d6504d0;
    %load/vec4 v0x7f925d6514b0_0;
    %flag_set/vec4 8;
    %jmp/0xz  T_77.0, 8;
    %pushi/vec4 0, 0, 16;
    %assign/vec4 v0x7f925d655b20_0, 0;
    %pushi/vec4 0, 0, 16;
    %assign/vec4 v0x7f925d6559c0_0, 0;
    %jmp T_77.1;
T_77.0 ;
    %load/vec4 v0x7f925d650e40_0;
    %flag_set/vec4 8;
    %jmp/0xz  T_77.2, 8;
    %load/vec4 v0x7f925d650ee0_0;
    %nor/r;
    %flag_set/vec4 8;
    %jmp/0xz  T_77.4, 8;
    %load/vec4 v0x7f925d650d90_0;
    %assign/vec4 v0x7f925d655b20_0, 0;
T_77.4 ;
    %load/vec4 v0x7f925d650880_0;
    %nor/r;
    %flag_set/vec4 8;
    %jmp/0xz  T_77.6, 8;
    %load/vec4 v0x7f925d650510_0;
    %assign/vec4 v0x7f925d6559c0_0, 0;
T_77.6 ;
T_77.2 ;
T_77.1 ;
    %jmp T_77;
    .thread T_77;
    .scope S_0x7f925d61d8d0;
T_78 ;
    %wait E_0x7f925d650470;
    %load/vec4 v0x7f925d651410_0;
    %flag_set/vec4 8;
    %jmp/0xz  T_78.0, 8;
    %pushi/vec4 0, 0, 16;
    %assign/vec4 v0x7f925d655a70_0, 0;
    %pushi/vec4 0, 0, 16;
    %assign/vec4 v0x7f925d655bd0_0, 0;
    %jmp T_78.1;
T_78.0 ;
    %load/vec4 v0x7f925d650e40_0;
    %flag_set/vec4 8;
    %jmp/0xz  T_78.2, 8;
    %load/vec4 v0x7f925d650b90_0;
    %nor/r;
    %flag_set/vec4 8;
    %jmp/0xz  T_78.4, 8;
    %load/vec4 v0x7f925d650a80_0;
    %assign/vec4 v0x7f925d655a70_0, 0;
T_78.4 ;
    %load/vec4 v0x7f925d6512d0_0;
    %nor/r;
    %flag_set/vec4 8;
    %jmp/0xz  T_78.6, 8;
    %load/vec4 v0x7f925d651240_0;
    %assign/vec4 v0x7f925d655bd0_0, 0;
T_78.6 ;
T_78.2 ;
T_78.1 ;
    %jmp T_78;
    .thread T_78;
    .scope S_0x7f925d61d8d0;
T_79 ;
    %wait E_0x7f925d6504d0;
    %load/vec4 v0x7f925d6514b0_0;
    %flag_set/vec4 8;
    %jmp/0xz  T_79.0, 8;
    %pushi/vec4 0, 0, 16;
    %assign/vec4 v0x7f925d655c80_0, 0;
    %pushi/vec4 0, 0, 16;
    %assign/vec4 v0x7f925d655e90_0, 0;
    %jmp T_79.1;
T_79.0 ;
    %load/vec4 v0x7f925d650e40_0;
    %flag_set/vec4 8;
    %jmp/0xz  T_79.2, 8;
    %load/vec4 v0x7f925d655700_0;
    %assign/vec4 v0x7f925d655c80_0, 0;
    %load/vec4 v0x7f925d655860_0;
    %assign/vec4 v0x7f925d655e90_0, 0;
T_79.2 ;
T_79.1 ;
    %jmp T_79;
    .thread T_79;
    .scope S_0x7f925d61d8d0;
T_80 ;
    %wait E_0x7f925d650470;
    %load/vec4 v0x7f925d651410_0;
    %flag_set/vec4 8;
    %jmp/0xz  T_80.0, 8;
    %pushi/vec4 0, 0, 16;
    %assign/vec4 v0x7f925d655f40_0, 0;
    %pushi/vec4 0, 0, 16;
    %assign/vec4 v0x7f925d655d30_0, 0;
    %jmp T_80.1;
T_80.0 ;
    %load/vec4 v0x7f925d650e40_0;
    %flag_set/vec4 8;
    %jmp/0xz  T_80.2, 8;
    %load/vec4 v0x7f925d6557b0_0;
    %assign/vec4 v0x7f925d655f40_0, 0;
    %load/vec4 v0x7f925d655910_0;
    %assign/vec4 v0x7f925d655d30_0, 0;
T_80.2 ;
T_80.1 ;
    %jmp T_80;
    .thread T_80;
    .scope S_0x7f925d61d8d0;
T_81 ;
    %wait E_0x7f925d650470;
    %load/vec4 v0x7f925d651410_0;
    %flag_set/vec4 8;
    %jmp/0xz  T_81.0, 8;
    %pushi/vec4 0, 0, 32;
    %assign/vec4 v0x7f925d655de0_0, 0;
    %jmp T_81.1;
T_81.0 ;
    %load/vec4 v0x7f925d650e40_0;
    %flag_set/vec4 8;
    %jmp/0xz  T_81.2, 8;
    %load/vec4 v0x7f925d6550d0_0;
    %assign/vec4 v0x7f925d655de0_0, 0;
T_81.2 ;
T_81.1 ;
    %jmp T_81;
    .thread T_81;
    .scope S_0x7f925d61d8d0;
T_82 ;
    %wait E_0x7f925d650420;
    %load/vec4 v0x7f925d651a60_0;
    %flag_set/vec4 8;
    %jmp/0xz  T_82.0, 8;
    %pushi/vec4 0, 0, 16;
    %assign/vec4 v0x7f925d655ff0_0, 0;
    %jmp T_82.1;
T_82.0 ;
    %load/vec4 v0x7f925d650e40_0;
    %flag_set/vec4 8;
    %jmp/0xz  T_82.2, 8;
    %load/vec4 v0x7f925d6517e0_0;
    %nor/r;
    %flag_set/vec4 8;
    %jmp/0xz  T_82.4, 8;
    %load/vec4 v0x7f925d655180_0;
    %assign/vec4 v0x7f925d655ff0_0, 0;
T_82.4 ;
T_82.2 ;
T_82.1 ;
    %jmp T_82;
    .thread T_82;
    .scope S_0x7f925d61d8d0;
T_83 ;
    %wait E_0x7f925d64fb40;
    %load/vec4 v0x7f925d6519c0_0;
    %flag_set/vec4 8;
    %jmp/0xz  T_83.0, 8;
    %pushi/vec4 0, 0, 16;
    %assign/vec4 v0x7f925d6560a0_0, 0;
    %jmp T_83.1;
T_83.0 ;
    %load/vec4 v0x7f925d650e40_0;
    %flag_set/vec4 8;
    %jmp/0xz  T_83.2, 8;
    %load/vec4 v0x7f925d651740_0;
    %nor/r;
    %flag_set/vec4 8;
    %jmp/0xz  T_83.4, 8;
    %load/vec4 v0x7f925d6552e0_0;
    %assign/vec4 v0x7f925d6560a0_0, 0;
T_83.4 ;
T_83.2 ;
T_83.1 ;
    %jmp T_83;
    .thread T_83;
    .scope S_0x7f925d659350;
T_84 ;
    %pushi/vec4 0, 0, 32;
    %store/vec4 v0x7f925d65bdd0_0, 0, 32;
T_84.0 ; Top of for-loop 
    %load/vec4 v0x7f925d65bdd0_0;
    %cmpi/s 16, 0, 32;
    %jmp/0xz T_84.1, 5;
    %pushi/vec4 0, 0, 256;
    %load/vec4 v0x7f925d65bdd0_0;
    %muli 16, 0, 32;
    %part/s 16;
    %pushi/vec4 0, 0, 32;
    %load/vec4 v0x7f925d65bdd0_0;
    %add;
    %ix/vec4/s 4;
    %store/vec4a v0x7f925d65be80, 4, 0;
    %pushi/vec4 0, 0, 256;
    %load/vec4 v0x7f925d65bdd0_0;
    %muli 16, 0, 32;
    %part/s 16;
    %pushi/vec4 16, 0, 32;
    %load/vec4 v0x7f925d65bdd0_0;
    %add;
    %ix/vec4/s 4;
    %store/vec4a v0x7f925d65be80, 4, 0;
    %pushi/vec4 0, 0, 256;
    %load/vec4 v0x7f925d65bdd0_0;
    %muli 16, 0, 32;
    %part/s 16;
    %pushi/vec4 32, 0, 32;
    %load/vec4 v0x7f925d65bdd0_0;
    %add;
    %ix/vec4/s 4;
    %store/vec4a v0x7f925d65be80, 4, 0;
    %pushi/vec4 0, 0, 256;
    %load/vec4 v0x7f925d65bdd0_0;
    %muli 16, 0, 32;
    %part/s 16;
    %pushi/vec4 48, 0, 32;
    %load/vec4 v0x7f925d65bdd0_0;
    %add;
    %ix/vec4/s 4;
    %store/vec4a v0x7f925d65be80, 4, 0;
    %pushi/vec4 0, 0, 256;
    %load/vec4 v0x7f925d65bdd0_0;
    %muli 16, 0, 32;
    %part/s 16;
    %pushi/vec4 64, 0, 32;
    %load/vec4 v0x7f925d65bdd0_0;
    %add;
    %ix/vec4/s 4;
    %store/vec4a v0x7f925d65be80, 4, 0;
    %pushi/vec4 0, 0, 256;
    %load/vec4 v0x7f925d65bdd0_0;
    %muli 16, 0, 32;
    %part/s 16;
    %pushi/vec4 80, 0, 32;
    %load/vec4 v0x7f925d65bdd0_0;
    %add;
    %ix/vec4/s 4;
    %store/vec4a v0x7f925d65be80, 4, 0;
    %pushi/vec4 0, 0, 256;
    %load/vec4 v0x7f925d65bdd0_0;
    %muli 16, 0, 32;
    %part/s 16;
    %pushi/vec4 96, 0, 32;
    %load/vec4 v0x7f925d65bdd0_0;
    %add;
    %ix/vec4/s 4;
    %store/vec4a v0x7f925d65be80, 4, 0;
    %pushi/vec4 0, 0, 256;
    %load/vec4 v0x7f925d65bdd0_0;
    %muli 16, 0, 32;
    %part/s 16;
    %pushi/vec4 112, 0, 32;
    %load/vec4 v0x7f925d65bdd0_0;
    %add;
    %ix/vec4/s 4;
    %store/vec4a v0x7f925d65be80, 4, 0;
    %pushi/vec4 0, 0, 256;
    %load/vec4 v0x7f925d65bdd0_0;
    %muli 16, 0, 32;
    %part/s 16;
    %pushi/vec4 128, 0, 32;
    %load/vec4 v0x7f925d65bdd0_0;
    %add;
    %ix/vec4/s 4;
    %store/vec4a v0x7f925d65be80, 4, 0;
    %pushi/vec4 0, 0, 256;
    %load/vec4 v0x7f925d65bdd0_0;
    %muli 16, 0, 32;
    %part/s 16;
    %pushi/vec4 144, 0, 32;
    %load/vec4 v0x7f925d65bdd0_0;
    %add;
    %ix/vec4/s 4;
    %store/vec4a v0x7f925d65be80, 4, 0;
    %pushi/vec4 0, 0, 256;
    %load/vec4 v0x7f925d65bdd0_0;
    %muli 16, 0, 32;
    %part/s 16;
    %pushi/vec4 160, 0, 32;
    %load/vec4 v0x7f925d65bdd0_0;
    %add;
    %ix/vec4/s 4;
    %store/vec4a v0x7f925d65be80, 4, 0;
    %pushi/vec4 0, 0, 256;
    %load/vec4 v0x7f925d65bdd0_0;
    %muli 16, 0, 32;
    %part/s 16;
    %pushi/vec4 176, 0, 32;
    %load/vec4 v0x7f925d65bdd0_0;
    %add;
    %ix/vec4/s 4;
    %store/vec4a v0x7f925d65be80, 4, 0;
    %pushi/vec4 0, 0, 256;
    %load/vec4 v0x7f925d65bdd0_0;
    %muli 16, 0, 32;
    %part/s 16;
    %pushi/vec4 192, 0, 32;
    %load/vec4 v0x7f925d65bdd0_0;
    %add;
    %ix/vec4/s 4;
    %store/vec4a v0x7f925d65be80, 4, 0;
    %pushi/vec4 0, 0, 256;
    %load/vec4 v0x7f925d65bdd0_0;
    %muli 16, 0, 32;
    %part/s 16;
    %pushi/vec4 208, 0, 32;
    %load/vec4 v0x7f925d65bdd0_0;
    %add;
    %ix/vec4/s 4;
    %store/vec4a v0x7f925d65be80, 4, 0;
    %pushi/vec4 0, 0, 256;
    %load/vec4 v0x7f925d65bdd0_0;
    %muli 16, 0, 32;
    %part/s 16;
    %pushi/vec4 224, 0, 32;
    %load/vec4 v0x7f925d65bdd0_0;
    %add;
    %ix/vec4/s 4;
    %store/vec4a v0x7f925d65be80, 4, 0;
    %pushi/vec4 0, 0, 256;
    %load/vec4 v0x7f925d65bdd0_0;
    %muli 16, 0, 32;
    %part/s 16;
    %pushi/vec4 240, 0, 32;
    %load/vec4 v0x7f925d65bdd0_0;
    %add;
    %ix/vec4/s 4;
    %store/vec4a v0x7f925d65be80, 4, 0;
T_84.2 ; for-loop step statement
    %load/vec4 v0x7f925d65bdd0_0;
    %addi 1, 0, 32;
    %store/vec4 v0x7f925d65bdd0_0, 0, 32;
    %jmp T_84.0;
T_84.1 ; for-loop exit label
    %end;
    .thread T_84;
    .scope S_0x7f925d659350;
T_85 ;
    %wait E_0x7f925d65ac30;
    %load/vec4 v0x7f925d65bc80_0;
    %flag_set/vec4 9;
    %flag_get/vec4 9;
    %jmp/0 T_85.2, 9;
    %load/vec4 v0x7f925d65ba80_0;
    %and;
T_85.2;
    %flag_set/vec4 8;
    %jmp/0xz  T_85.0, 8;
    %load/vec4 v0x7f925d65bd20_0;
    %parti/s 1, 0, 2;
    %nor/r;
    %flag_set/vec4 8;
    %jmp/0xz  T_85.3, 8;
    %load/vec4 v0x7f925d65bbd0_0;
    %parti/s 1, 0, 2;
    %load/vec4 v0x7f925d65b8d0_0;
    %parti/s 8, 0, 2;
    %pad/u 10;
    %ix/vec4 3;
    %ix/load 4, 0, 0; Constant delay
    %assign/vec4/a/d v0x7f925d65be80, 0, 4;
T_85.3 ;
    %load/vec4 v0x7f925d65bd20_0;
    %parti/s 1, 1, 2;
    %nor/r;
    %flag_set/vec4 8;
    %jmp/0xz  T_85.5, 8;
    %load/vec4 v0x7f925d65bbd0_0;
    %parti/s 1, 1, 2;
    %load/vec4 v0x7f925d65b8d0_0;
    %parti/s 8, 0, 2;
    %pad/u 10;
    %ix/vec4 3;
    %ix/load 4, 1, 0; part off
    %ix/load 5, 0, 0; Constant delay
    %assign/vec4/a/d v0x7f925d65be80, 4, 5;
T_85.5 ;
    %load/vec4 v0x7f925d65bd20_0;
    %parti/s 1, 2, 3;
    %nor/r;
    %flag_set/vec4 8;
    %jmp/0xz  T_85.7, 8;
    %load/vec4 v0x7f925d65bbd0_0;
    %parti/s 1, 2, 3;
    %load/vec4 v0x7f925d65b8d0_0;
    %parti/s 8, 0, 2;
    %pad/u 10;
    %ix/vec4 3;
    %ix/load 4, 2, 0; part off
    %ix/load 5, 0, 0; Constant delay
    %assign/vec4/a/d v0x7f925d65be80, 4, 5;
T_85.7 ;
    %load/vec4 v0x7f925d65bd20_0;
    %parti/s 1, 3, 3;
    %nor/r;
    %flag_set/vec4 8;
    %jmp/0xz  T_85.9, 8;
    %load/vec4 v0x7f925d65bbd0_0;
    %parti/s 1, 3, 3;
    %load/vec4 v0x7f925d65b8d0_0;
    %parti/s 8, 0, 2;
    %pad/u 10;
    %ix/vec4 3;
    %ix/load 4, 3, 0; part off
    %ix/load 5, 0, 0; Constant delay
    %assign/vec4/a/d v0x7f925d65be80, 4, 5;
T_85.9 ;
    %load/vec4 v0x7f925d65bd20_0;
    %parti/s 1, 4, 4;
    %nor/r;
    %flag_set/vec4 8;
    %jmp/0xz  T_85.11, 8;
    %load/vec4 v0x7f925d65bbd0_0;
    %parti/s 1, 4, 4;
    %load/vec4 v0x7f925d65b8d0_0;
    %parti/s 8, 0, 2;
    %pad/u 10;
    %ix/vec4 3;
    %ix/load 4, 4, 0; part off
    %ix/load 5, 0, 0; Constant delay
    %assign/vec4/a/d v0x7f925d65be80, 4, 5;
T_85.11 ;
    %load/vec4 v0x7f925d65bd20_0;
    %parti/s 1, 5, 4;
    %nor/r;
    %flag_set/vec4 8;
    %jmp/0xz  T_85.13, 8;
    %load/vec4 v0x7f925d65bbd0_0;
    %parti/s 1, 5, 4;
    %load/vec4 v0x7f925d65b8d0_0;
    %parti/s 8, 0, 2;
    %pad/u 10;
    %ix/vec4 3;
    %ix/load 4, 5, 0; part off
    %ix/load 5, 0, 0; Constant delay
    %assign/vec4/a/d v0x7f925d65be80, 4, 5;
T_85.13 ;
    %load/vec4 v0x7f925d65bd20_0;
    %parti/s 1, 6, 4;
    %nor/r;
    %flag_set/vec4 8;
    %jmp/0xz  T_85.15, 8;
    %load/vec4 v0x7f925d65bbd0_0;
    %parti/s 1, 6, 4;
    %load/vec4 v0x7f925d65b8d0_0;
    %parti/s 8, 0, 2;
    %pad/u 10;
    %ix/vec4 3;
    %ix/load 4, 6, 0; part off
    %ix/load 5, 0, 0; Constant delay
    %assign/vec4/a/d v0x7f925d65be80, 4, 5;
T_85.15 ;
    %load/vec4 v0x7f925d65bd20_0;
    %parti/s 1, 7, 4;
    %nor/r;
    %flag_set/vec4 8;
    %jmp/0xz  T_85.17, 8;
    %load/vec4 v0x7f925d65bbd0_0;
    %parti/s 1, 7, 4;
    %load/vec4 v0x7f925d65b8d0_0;
    %parti/s 8, 0, 2;
    %pad/u 10;
    %ix/vec4 3;
    %ix/load 4, 7, 0; part off
    %ix/load 5, 0, 0; Constant delay
    %assign/vec4/a/d v0x7f925d65be80, 4, 5;
T_85.17 ;
    %load/vec4 v0x7f925d65bd20_0;
    %parti/s 1, 8, 5;
    %nor/r;
    %flag_set/vec4 8;
    %jmp/0xz  T_85.19, 8;
    %load/vec4 v0x7f925d65bbd0_0;
    %parti/s 1, 8, 5;
    %load/vec4 v0x7f925d65b8d0_0;
    %parti/s 8, 0, 2;
    %pad/u 10;
    %ix/vec4 3;
    %ix/load 4, 8, 0; part off
    %ix/load 5, 0, 0; Constant delay
    %assign/vec4/a/d v0x7f925d65be80, 4, 5;
T_85.19 ;
    %load/vec4 v0x7f925d65bd20_0;
    %parti/s 1, 9, 5;
    %nor/r;
    %flag_set/vec4 8;
    %jmp/0xz  T_85.21, 8;
    %load/vec4 v0x7f925d65bbd0_0;
    %parti/s 1, 9, 5;
    %load/vec4 v0x7f925d65b8d0_0;
    %parti/s 8, 0, 2;
    %pad/u 10;
    %ix/vec4 3;
    %ix/load 4, 9, 0; part off
    %ix/load 5, 0, 0; Constant delay
    %assign/vec4/a/d v0x7f925d65be80, 4, 5;
T_85.21 ;
    %load/vec4 v0x7f925d65bd20_0;
    %parti/s 1, 10, 5;
    %nor/r;
    %flag_set/vec4 8;
    %jmp/0xz  T_85.23, 8;
    %load/vec4 v0x7f925d65bbd0_0;
    %parti/s 1, 10, 5;
    %load/vec4 v0x7f925d65b8d0_0;
    %parti/s 8, 0, 2;
    %pad/u 10;
    %ix/vec4 3;
    %ix/load 4, 10, 0; part off
    %ix/load 5, 0, 0; Constant delay
    %assign/vec4/a/d v0x7f925d65be80, 4, 5;
T_85.23 ;
    %load/vec4 v0x7f925d65bd20_0;
    %parti/s 1, 11, 5;
    %nor/r;
    %flag_set/vec4 8;
    %jmp/0xz  T_85.25, 8;
    %load/vec4 v0x7f925d65bbd0_0;
    %parti/s 1, 11, 5;
    %load/vec4 v0x7f925d65b8d0_0;
    %parti/s 8, 0, 2;
    %pad/u 10;
    %ix/vec4 3;
    %ix/load 4, 11, 0; part off
    %ix/load 5, 0, 0; Constant delay
    %assign/vec4/a/d v0x7f925d65be80, 4, 5;
T_85.25 ;
    %load/vec4 v0x7f925d65bd20_0;
    %parti/s 1, 12, 5;
    %nor/r;
    %flag_set/vec4 8;
    %jmp/0xz  T_85.27, 8;
    %load/vec4 v0x7f925d65bbd0_0;
    %parti/s 1, 12, 5;
    %load/vec4 v0x7f925d65b8d0_0;
    %parti/s 8, 0, 2;
    %pad/u 10;
    %ix/vec4 3;
    %ix/load 4, 12, 0; part off
    %ix/load 5, 0, 0; Constant delay
    %assign/vec4/a/d v0x7f925d65be80, 4, 5;
T_85.27 ;
    %load/vec4 v0x7f925d65bd20_0;
    %parti/s 1, 13, 5;
    %nor/r;
    %flag_set/vec4 8;
    %jmp/0xz  T_85.29, 8;
    %load/vec4 v0x7f925d65bbd0_0;
    %parti/s 1, 13, 5;
    %load/vec4 v0x7f925d65b8d0_0;
    %parti/s 8, 0, 2;
    %pad/u 10;
    %ix/vec4 3;
    %ix/load 4, 13, 0; part off
    %ix/load 5, 0, 0; Constant delay
    %assign/vec4/a/d v0x7f925d65be80, 4, 5;
T_85.29 ;
    %load/vec4 v0x7f925d65bd20_0;
    %parti/s 1, 14, 5;
    %nor/r;
    %flag_set/vec4 8;
    %jmp/0xz  T_85.31, 8;
    %load/vec4 v0x7f925d65bbd0_0;
    %parti/s 1, 14, 5;
    %load/vec4 v0x7f925d65b8d0_0;
    %parti/s 8, 0, 2;
    %pad/u 10;
    %ix/vec4 3;
    %ix/load 4, 14, 0; part off
    %ix/load 5, 0, 0; Constant delay
    %assign/vec4/a/d v0x7f925d65be80, 4, 5;
T_85.31 ;
    %load/vec4 v0x7f925d65bd20_0;
    %parti/s 1, 15, 5;
    %nor/r;
    %flag_set/vec4 8;
    %jmp/0xz  T_85.33, 8;
    %load/vec4 v0x7f925d65bbd0_0;
    %parti/s 1, 15, 5;
    %load/vec4 v0x7f925d65b8d0_0;
    %parti/s 8, 0, 2;
    %pad/u 10;
    %ix/vec4 3;
    %ix/load 4, 15, 0; part off
    %ix/load 5, 0, 0; Constant delay
    %assign/vec4/a/d v0x7f925d65be80, 4, 5;
T_85.33 ;
T_85.0 ;
    %jmp T_85;
    .thread T_85;
    .scope S_0x7f925d659350;
T_86 ;
    %wait E_0x7f925d65abd0;
    %load/vec4 v0x7f925d65b780_0;
    %flag_set/vec4 9;
    %flag_get/vec4 9;
    %jmp/0 T_86.2, 9;
    %load/vec4 v0x7f925d65b540_0;
    %and;
T_86.2;
    %flag_set/vec4 8;
    %jmp/0xz  T_86.0, 8;
    %load/vec4 v0x7f925d65b3e0_0;
    %parti/s 8, 0, 2;
    %pad/u 10;
    %ix/vec4 4;
    %load/vec4a v0x7f925d65be80, 4;
    %load/vec4 v0x7f925d65b820_0;
    %inv;
    %and;
    %assign/vec4 v0x7f925d65b6d0_0, 0;
T_86.0 ;
    %jmp T_86;
    .thread T_86;
    .scope S_0x7f925d65c8d0;
T_87 ;
    %pushi/vec4 0, 0, 32;
    %store/vec4 v0x7f925d65f390_0, 0, 32;
T_87.0 ; Top of for-loop 
    %load/vec4 v0x7f925d65f390_0;
    %cmpi/s 16, 0, 32;
    %jmp/0xz T_87.1, 5;
    %pushi/vec4 0, 0, 256;
    %load/vec4 v0x7f925d65f390_0;
    %muli 16, 0, 32;
    %part/s 16;
    %pushi/vec4 0, 0, 32;
    %load/vec4 v0x7f925d65f390_0;
    %add;
    %ix/vec4/s 4;
    %store/vec4a v0x7f925d65f440, 4, 0;
    %pushi/vec4 0, 0, 256;
    %load/vec4 v0x7f925d65f390_0;
    %muli 16, 0, 32;
    %part/s 16;
    %pushi/vec4 16, 0, 32;
    %load/vec4 v0x7f925d65f390_0;
    %add;
    %ix/vec4/s 4;
    %store/vec4a v0x7f925d65f440, 4, 0;
    %pushi/vec4 0, 0, 256;
    %load/vec4 v0x7f925d65f390_0;
    %muli 16, 0, 32;
    %part/s 16;
    %pushi/vec4 32, 0, 32;
    %load/vec4 v0x7f925d65f390_0;
    %add;
    %ix/vec4/s 4;
    %store/vec4a v0x7f925d65f440, 4, 0;
    %pushi/vec4 0, 0, 256;
    %load/vec4 v0x7f925d65f390_0;
    %muli 16, 0, 32;
    %part/s 16;
    %pushi/vec4 48, 0, 32;
    %load/vec4 v0x7f925d65f390_0;
    %add;
    %ix/vec4/s 4;
    %store/vec4a v0x7f925d65f440, 4, 0;
    %pushi/vec4 0, 0, 256;
    %load/vec4 v0x7f925d65f390_0;
    %muli 16, 0, 32;
    %part/s 16;
    %pushi/vec4 64, 0, 32;
    %load/vec4 v0x7f925d65f390_0;
    %add;
    %ix/vec4/s 4;
    %store/vec4a v0x7f925d65f440, 4, 0;
    %pushi/vec4 0, 0, 256;
    %load/vec4 v0x7f925d65f390_0;
    %muli 16, 0, 32;
    %part/s 16;
    %pushi/vec4 80, 0, 32;
    %load/vec4 v0x7f925d65f390_0;
    %add;
    %ix/vec4/s 4;
    %store/vec4a v0x7f925d65f440, 4, 0;
    %pushi/vec4 0, 0, 256;
    %load/vec4 v0x7f925d65f390_0;
    %muli 16, 0, 32;
    %part/s 16;
    %pushi/vec4 96, 0, 32;
    %load/vec4 v0x7f925d65f390_0;
    %add;
    %ix/vec4/s 4;
    %store/vec4a v0x7f925d65f440, 4, 0;
    %pushi/vec4 0, 0, 256;
    %load/vec4 v0x7f925d65f390_0;
    %muli 16, 0, 32;
    %part/s 16;
    %pushi/vec4 112, 0, 32;
    %load/vec4 v0x7f925d65f390_0;
    %add;
    %ix/vec4/s 4;
    %store/vec4a v0x7f925d65f440, 4, 0;
    %pushi/vec4 0, 0, 256;
    %load/vec4 v0x7f925d65f390_0;
    %muli 16, 0, 32;
    %part/s 16;
    %pushi/vec4 128, 0, 32;
    %load/vec4 v0x7f925d65f390_0;
    %add;
    %ix/vec4/s 4;
    %store/vec4a v0x7f925d65f440, 4, 0;
    %pushi/vec4 0, 0, 256;
    %load/vec4 v0x7f925d65f390_0;
    %muli 16, 0, 32;
    %part/s 16;
    %pushi/vec4 144, 0, 32;
    %load/vec4 v0x7f925d65f390_0;
    %add;
    %ix/vec4/s 4;
    %store/vec4a v0x7f925d65f440, 4, 0;
    %pushi/vec4 0, 0, 256;
    %load/vec4 v0x7f925d65f390_0;
    %muli 16, 0, 32;
    %part/s 16;
    %pushi/vec4 160, 0, 32;
    %load/vec4 v0x7f925d65f390_0;
    %add;
    %ix/vec4/s 4;
    %store/vec4a v0x7f925d65f440, 4, 0;
    %pushi/vec4 0, 0, 256;
    %load/vec4 v0x7f925d65f390_0;
    %muli 16, 0, 32;
    %part/s 16;
    %pushi/vec4 176, 0, 32;
    %load/vec4 v0x7f925d65f390_0;
    %add;
    %ix/vec4/s 4;
    %store/vec4a v0x7f925d65f440, 4, 0;
    %pushi/vec4 0, 0, 256;
    %load/vec4 v0x7f925d65f390_0;
    %muli 16, 0, 32;
    %part/s 16;
    %pushi/vec4 192, 0, 32;
    %load/vec4 v0x7f925d65f390_0;
    %add;
    %ix/vec4/s 4;
    %store/vec4a v0x7f925d65f440, 4, 0;
    %pushi/vec4 0, 0, 256;
    %load/vec4 v0x7f925d65f390_0;
    %muli 16, 0, 32;
    %part/s 16;
    %pushi/vec4 208, 0, 32;
    %load/vec4 v0x7f925d65f390_0;
    %add;
    %ix/vec4/s 4;
    %store/vec4a v0x7f925d65f440, 4, 0;
    %pushi/vec4 0, 0, 256;
    %load/vec4 v0x7f925d65f390_0;
    %muli 16, 0, 32;
    %part/s 16;
    %pushi/vec4 224, 0, 32;
    %load/vec4 v0x7f925d65f390_0;
    %add;
    %ix/vec4/s 4;
    %store/vec4a v0x7f925d65f440, 4, 0;
    %pushi/vec4 0, 0, 256;
    %load/vec4 v0x7f925d65f390_0;
    %muli 16, 0, 32;
    %part/s 16;
    %pushi/vec4 240, 0, 32;
    %load/vec4 v0x7f925d65f390_0;
    %add;
    %ix/vec4/s 4;
    %store/vec4a v0x7f925d65f440, 4, 0;
T_87.2 ; for-loop step statement
    %load/vec4 v0x7f925d65f390_0;
    %addi 1, 0, 32;
    %store/vec4 v0x7f925d65f390_0, 0, 32;
    %jmp T_87.0;
T_87.1 ; for-loop exit label
    %end;
    .thread T_87;
    .scope S_0x7f925d65c8d0;
T_88 ;
    %wait E_0x7f925d65e1f0;
    %load/vec4 v0x7f925d65f240_0;
    %flag_set/vec4 9;
    %flag_get/vec4 9;
    %jmp/0 T_88.2, 9;
    %load/vec4 v0x7f925d65f040_0;
    %and;
T_88.2;
    %flag_set/vec4 8;
    %jmp/0xz  T_88.0, 8;
    %load/vec4 v0x7f925d65f2e0_0;
    %parti/s 1, 0, 2;
    %nor/r;
    %flag_set/vec4 8;
    %jmp/0xz  T_88.3, 8;
    %load/vec4 v0x7f925d65f190_0;
    %parti/s 1, 0, 2;
    %load/vec4 v0x7f925d65ee90_0;
    %parti/s 8, 0, 2;
    %pad/u 10;
    %ix/vec4 3;
    %ix/load 4, 0, 0; Constant delay
    %assign/vec4/a/d v0x7f925d65f440, 0, 4;
T_88.3 ;
    %load/vec4 v0x7f925d65f2e0_0;
    %parti/s 1, 1, 2;
    %nor/r;
    %flag_set/vec4 8;
    %jmp/0xz  T_88.5, 8;
    %load/vec4 v0x7f925d65f190_0;
    %parti/s 1, 1, 2;
    %load/vec4 v0x7f925d65ee90_0;
    %parti/s 8, 0, 2;
    %pad/u 10;
    %ix/vec4 3;
    %ix/load 4, 1, 0; part off
    %ix/load 5, 0, 0; Constant delay
    %assign/vec4/a/d v0x7f925d65f440, 4, 5;
T_88.5 ;
    %load/vec4 v0x7f925d65f2e0_0;
    %parti/s 1, 2, 3;
    %nor/r;
    %flag_set/vec4 8;
    %jmp/0xz  T_88.7, 8;
    %load/vec4 v0x7f925d65f190_0;
    %parti/s 1, 2, 3;
    %load/vec4 v0x7f925d65ee90_0;
    %parti/s 8, 0, 2;
    %pad/u 10;
    %ix/vec4 3;
    %ix/load 4, 2, 0; part off
    %ix/load 5, 0, 0; Constant delay
    %assign/vec4/a/d v0x7f925d65f440, 4, 5;
T_88.7 ;
    %load/vec4 v0x7f925d65f2e0_0;
    %parti/s 1, 3, 3;
    %nor/r;
    %flag_set/vec4 8;
    %jmp/0xz  T_88.9, 8;
    %load/vec4 v0x7f925d65f190_0;
    %parti/s 1, 3, 3;
    %load/vec4 v0x7f925d65ee90_0;
    %parti/s 8, 0, 2;
    %pad/u 10;
    %ix/vec4 3;
    %ix/load 4, 3, 0; part off
    %ix/load 5, 0, 0; Constant delay
    %assign/vec4/a/d v0x7f925d65f440, 4, 5;
T_88.9 ;
    %load/vec4 v0x7f925d65f2e0_0;
    %parti/s 1, 4, 4;
    %nor/r;
    %flag_set/vec4 8;
    %jmp/0xz  T_88.11, 8;
    %load/vec4 v0x7f925d65f190_0;
    %parti/s 1, 4, 4;
    %load/vec4 v0x7f925d65ee90_0;
    %parti/s 8, 0, 2;
    %pad/u 10;
    %ix/vec4 3;
    %ix/load 4, 4, 0; part off
    %ix/load 5, 0, 0; Constant delay
    %assign/vec4/a/d v0x7f925d65f440, 4, 5;
T_88.11 ;
    %load/vec4 v0x7f925d65f2e0_0;
    %parti/s 1, 5, 4;
    %nor/r;
    %flag_set/vec4 8;
    %jmp/0xz  T_88.13, 8;
    %load/vec4 v0x7f925d65f190_0;
    %parti/s 1, 5, 4;
    %load/vec4 v0x7f925d65ee90_0;
    %parti/s 8, 0, 2;
    %pad/u 10;
    %ix/vec4 3;
    %ix/load 4, 5, 0; part off
    %ix/load 5, 0, 0; Constant delay
    %assign/vec4/a/d v0x7f925d65f440, 4, 5;
T_88.13 ;
    %load/vec4 v0x7f925d65f2e0_0;
    %parti/s 1, 6, 4;
    %nor/r;
    %flag_set/vec4 8;
    %jmp/0xz  T_88.15, 8;
    %load/vec4 v0x7f925d65f190_0;
    %parti/s 1, 6, 4;
    %load/vec4 v0x7f925d65ee90_0;
    %parti/s 8, 0, 2;
    %pad/u 10;
    %ix/vec4 3;
    %ix/load 4, 6, 0; part off
    %ix/load 5, 0, 0; Constant delay
    %assign/vec4/a/d v0x7f925d65f440, 4, 5;
T_88.15 ;
    %load/vec4 v0x7f925d65f2e0_0;
    %parti/s 1, 7, 4;
    %nor/r;
    %flag_set/vec4 8;
    %jmp/0xz  T_88.17, 8;
    %load/vec4 v0x7f925d65f190_0;
    %parti/s 1, 7, 4;
    %load/vec4 v0x7f925d65ee90_0;
    %parti/s 8, 0, 2;
    %pad/u 10;
    %ix/vec4 3;
    %ix/load 4, 7, 0; part off
    %ix/load 5, 0, 0; Constant delay
    %assign/vec4/a/d v0x7f925d65f440, 4, 5;
T_88.17 ;
    %load/vec4 v0x7f925d65f2e0_0;
    %parti/s 1, 8, 5;
    %nor/r;
    %flag_set/vec4 8;
    %jmp/0xz  T_88.19, 8;
    %load/vec4 v0x7f925d65f190_0;
    %parti/s 1, 8, 5;
    %load/vec4 v0x7f925d65ee90_0;
    %parti/s 8, 0, 2;
    %pad/u 10;
    %ix/vec4 3;
    %ix/load 4, 8, 0; part off
    %ix/load 5, 0, 0; Constant delay
    %assign/vec4/a/d v0x7f925d65f440, 4, 5;
T_88.19 ;
    %load/vec4 v0x7f925d65f2e0_0;
    %parti/s 1, 9, 5;
    %nor/r;
    %flag_set/vec4 8;
    %jmp/0xz  T_88.21, 8;
    %load/vec4 v0x7f925d65f190_0;
    %parti/s 1, 9, 5;
    %load/vec4 v0x7f925d65ee90_0;
    %parti/s 8, 0, 2;
    %pad/u 10;
    %ix/vec4 3;
    %ix/load 4, 9, 0; part off
    %ix/load 5, 0, 0; Constant delay
    %assign/vec4/a/d v0x7f925d65f440, 4, 5;
T_88.21 ;
    %load/vec4 v0x7f925d65f2e0_0;
    %parti/s 1, 10, 5;
    %nor/r;
    %flag_set/vec4 8;
    %jmp/0xz  T_88.23, 8;
    %load/vec4 v0x7f925d65f190_0;
    %parti/s 1, 10, 5;
    %load/vec4 v0x7f925d65ee90_0;
    %parti/s 8, 0, 2;
    %pad/u 10;
    %ix/vec4 3;
    %ix/load 4, 10, 0; part off
    %ix/load 5, 0, 0; Constant delay
    %assign/vec4/a/d v0x7f925d65f440, 4, 5;
T_88.23 ;
    %load/vec4 v0x7f925d65f2e0_0;
    %parti/s 1, 11, 5;
    %nor/r;
    %flag_set/vec4 8;
    %jmp/0xz  T_88.25, 8;
    %load/vec4 v0x7f925d65f190_0;
    %parti/s 1, 11, 5;
    %load/vec4 v0x7f925d65ee90_0;
    %parti/s 8, 0, 2;
    %pad/u 10;
    %ix/vec4 3;
    %ix/load 4, 11, 0; part off
    %ix/load 5, 0, 0; Constant delay
    %assign/vec4/a/d v0x7f925d65f440, 4, 5;
T_88.25 ;
    %load/vec4 v0x7f925d65f2e0_0;
    %parti/s 1, 12, 5;
    %nor/r;
    %flag_set/vec4 8;
    %jmp/0xz  T_88.27, 8;
    %load/vec4 v0x7f925d65f190_0;
    %parti/s 1, 12, 5;
    %load/vec4 v0x7f925d65ee90_0;
    %parti/s 8, 0, 2;
    %pad/u 10;
    %ix/vec4 3;
    %ix/load 4, 12, 0; part off
    %ix/load 5, 0, 0; Constant delay
    %assign/vec4/a/d v0x7f925d65f440, 4, 5;
T_88.27 ;
    %load/vec4 v0x7f925d65f2e0_0;
    %parti/s 1, 13, 5;
    %nor/r;
    %flag_set/vec4 8;
    %jmp/0xz  T_88.29, 8;
    %load/vec4 v0x7f925d65f190_0;
    %parti/s 1, 13, 5;
    %load/vec4 v0x7f925d65ee90_0;
    %parti/s 8, 0, 2;
    %pad/u 10;
    %ix/vec4 3;
    %ix/load 4, 13, 0; part off
    %ix/load 5, 0, 0; Constant delay
    %assign/vec4/a/d v0x7f925d65f440, 4, 5;
T_88.29 ;
    %load/vec4 v0x7f925d65f2e0_0;
    %parti/s 1, 14, 5;
    %nor/r;
    %flag_set/vec4 8;
    %jmp/0xz  T_88.31, 8;
    %load/vec4 v0x7f925d65f190_0;
    %parti/s 1, 14, 5;
    %load/vec4 v0x7f925d65ee90_0;
    %parti/s 8, 0, 2;
    %pad/u 10;
    %ix/vec4 3;
    %ix/load 4, 14, 0; part off
    %ix/load 5, 0, 0; Constant delay
    %assign/vec4/a/d v0x7f925d65f440, 4, 5;
T_88.31 ;
    %load/vec4 v0x7f925d65f2e0_0;
    %parti/s 1, 15, 5;
    %nor/r;
    %flag_set/vec4 8;
    %jmp/0xz  T_88.33, 8;
    %load/vec4 v0x7f925d65f190_0;
    %parti/s 1, 15, 5;
    %load/vec4 v0x7f925d65ee90_0;
    %parti/s 8, 0, 2;
    %pad/u 10;
    %ix/vec4 3;
    %ix/load 4, 15, 0; part off
    %ix/load 5, 0, 0; Constant delay
    %assign/vec4/a/d v0x7f925d65f440, 4, 5;
T_88.33 ;
T_88.0 ;
    %jmp T_88;
    .thread T_88;
    .scope S_0x7f925d65c8d0;
T_89 ;
    %wait E_0x7f925d65e190;
    %load/vec4 v0x7f925d65ed40_0;
    %flag_set/vec4 9;
    %flag_get/vec4 9;
    %jmp/0 T_89.2, 9;
    %load/vec4 v0x7f925d65eb00_0;
    %and;
T_89.2;
    %flag_set/vec4 8;
    %jmp/0xz  T_89.0, 8;
    %load/vec4 v0x7f925d65e9a0_0;
    %parti/s 8, 0, 2;
    %pad/u 10;
    %ix/vec4 4;
    %load/vec4a v0x7f925d65f440, 4;
    %load/vec4 v0x7f925d65ede0_0;
    %inv;
    %and;
    %assign/vec4 v0x7f925d65ec90_0, 0;
T_89.0 ;
    %jmp T_89;
    .thread T_89;
    .scope S_0x7f925d65fe90;
T_90 ;
    %pushi/vec4 0, 0, 32;
    %store/vec4 v0x7f925d662950_0, 0, 32;
T_90.0 ; Top of for-loop 
    %load/vec4 v0x7f925d662950_0;
    %cmpi/s 16, 0, 32;
    %jmp/0xz T_90.1, 5;
    %pushi/vec4 0, 0, 256;
    %load/vec4 v0x7f925d662950_0;
    %muli 16, 0, 32;
    %part/s 16;
    %pushi/vec4 0, 0, 32;
    %load/vec4 v0x7f925d662950_0;
    %add;
    %ix/vec4/s 4;
    %store/vec4a v0x7f925d662a00, 4, 0;
    %pushi/vec4 0, 0, 256;
    %load/vec4 v0x7f925d662950_0;
    %muli 16, 0, 32;
    %part/s 16;
    %pushi/vec4 16, 0, 32;
    %load/vec4 v0x7f925d662950_0;
    %add;
    %ix/vec4/s 4;
    %store/vec4a v0x7f925d662a00, 4, 0;
    %pushi/vec4 0, 0, 256;
    %load/vec4 v0x7f925d662950_0;
    %muli 16, 0, 32;
    %part/s 16;
    %pushi/vec4 32, 0, 32;
    %load/vec4 v0x7f925d662950_0;
    %add;
    %ix/vec4/s 4;
    %store/vec4a v0x7f925d662a00, 4, 0;
    %pushi/vec4 0, 0, 256;
    %load/vec4 v0x7f925d662950_0;
    %muli 16, 0, 32;
    %part/s 16;
    %pushi/vec4 48, 0, 32;
    %load/vec4 v0x7f925d662950_0;
    %add;
    %ix/vec4/s 4;
    %store/vec4a v0x7f925d662a00, 4, 0;
    %pushi/vec4 0, 0, 256;
    %load/vec4 v0x7f925d662950_0;
    %muli 16, 0, 32;
    %part/s 16;
    %pushi/vec4 64, 0, 32;
    %load/vec4 v0x7f925d662950_0;
    %add;
    %ix/vec4/s 4;
    %store/vec4a v0x7f925d662a00, 4, 0;
    %pushi/vec4 0, 0, 256;
    %load/vec4 v0x7f925d662950_0;
    %muli 16, 0, 32;
    %part/s 16;
    %pushi/vec4 80, 0, 32;
    %load/vec4 v0x7f925d662950_0;
    %add;
    %ix/vec4/s 4;
    %store/vec4a v0x7f925d662a00, 4, 0;
    %pushi/vec4 0, 0, 256;
    %load/vec4 v0x7f925d662950_0;
    %muli 16, 0, 32;
    %part/s 16;
    %pushi/vec4 96, 0, 32;
    %load/vec4 v0x7f925d662950_0;
    %add;
    %ix/vec4/s 4;
    %store/vec4a v0x7f925d662a00, 4, 0;
    %pushi/vec4 0, 0, 256;
    %load/vec4 v0x7f925d662950_0;
    %muli 16, 0, 32;
    %part/s 16;
    %pushi/vec4 112, 0, 32;
    %load/vec4 v0x7f925d662950_0;
    %add;
    %ix/vec4/s 4;
    %store/vec4a v0x7f925d662a00, 4, 0;
    %pushi/vec4 0, 0, 256;
    %load/vec4 v0x7f925d662950_0;
    %muli 16, 0, 32;
    %part/s 16;
    %pushi/vec4 128, 0, 32;
    %load/vec4 v0x7f925d662950_0;
    %add;
    %ix/vec4/s 4;
    %store/vec4a v0x7f925d662a00, 4, 0;
    %pushi/vec4 0, 0, 256;
    %load/vec4 v0x7f925d662950_0;
    %muli 16, 0, 32;
    %part/s 16;
    %pushi/vec4 144, 0, 32;
    %load/vec4 v0x7f925d662950_0;
    %add;
    %ix/vec4/s 4;
    %store/vec4a v0x7f925d662a00, 4, 0;
    %pushi/vec4 0, 0, 256;
    %load/vec4 v0x7f925d662950_0;
    %muli 16, 0, 32;
    %part/s 16;
    %pushi/vec4 160, 0, 32;
    %load/vec4 v0x7f925d662950_0;
    %add;
    %ix/vec4/s 4;
    %store/vec4a v0x7f925d662a00, 4, 0;
    %pushi/vec4 0, 0, 256;
    %load/vec4 v0x7f925d662950_0;
    %muli 16, 0, 32;
    %part/s 16;
    %pushi/vec4 176, 0, 32;
    %load/vec4 v0x7f925d662950_0;
    %add;
    %ix/vec4/s 4;
    %store/vec4a v0x7f925d662a00, 4, 0;
    %pushi/vec4 0, 0, 256;
    %load/vec4 v0x7f925d662950_0;
    %muli 16, 0, 32;
    %part/s 16;
    %pushi/vec4 192, 0, 32;
    %load/vec4 v0x7f925d662950_0;
    %add;
    %ix/vec4/s 4;
    %store/vec4a v0x7f925d662a00, 4, 0;
    %pushi/vec4 0, 0, 256;
    %load/vec4 v0x7f925d662950_0;
    %muli 16, 0, 32;
    %part/s 16;
    %pushi/vec4 208, 0, 32;
    %load/vec4 v0x7f925d662950_0;
    %add;
    %ix/vec4/s 4;
    %store/vec4a v0x7f925d662a00, 4, 0;
    %pushi/vec4 0, 0, 256;
    %load/vec4 v0x7f925d662950_0;
    %muli 16, 0, 32;
    %part/s 16;
    %pushi/vec4 224, 0, 32;
    %load/vec4 v0x7f925d662950_0;
    %add;
    %ix/vec4/s 4;
    %store/vec4a v0x7f925d662a00, 4, 0;
    %pushi/vec4 0, 0, 256;
    %load/vec4 v0x7f925d662950_0;
    %muli 16, 0, 32;
    %part/s 16;
    %pushi/vec4 240, 0, 32;
    %load/vec4 v0x7f925d662950_0;
    %add;
    %ix/vec4/s 4;
    %store/vec4a v0x7f925d662a00, 4, 0;
T_90.2 ; for-loop step statement
    %load/vec4 v0x7f925d662950_0;
    %addi 1, 0, 32;
    %store/vec4 v0x7f925d662950_0, 0, 32;
    %jmp T_90.0;
T_90.1 ; for-loop exit label
    %end;
    .thread T_90;
    .scope S_0x7f925d65fe90;
T_91 ;
    %wait E_0x7f925d6617b0;
    %load/vec4 v0x7f925d662800_0;
    %flag_set/vec4 9;
    %flag_get/vec4 9;
    %jmp/0 T_91.2, 9;
    %load/vec4 v0x7f925d662600_0;
    %and;
T_91.2;
    %flag_set/vec4 8;
    %jmp/0xz  T_91.0, 8;
    %load/vec4 v0x7f925d6628a0_0;
    %parti/s 1, 0, 2;
    %nor/r;
    %flag_set/vec4 8;
    %jmp/0xz  T_91.3, 8;
    %load/vec4 v0x7f925d662750_0;
    %parti/s 1, 0, 2;
    %load/vec4 v0x7f925d662450_0;
    %parti/s 8, 0, 2;
    %pad/u 10;
    %ix/vec4 3;
    %ix/load 4, 0, 0; Constant delay
    %assign/vec4/a/d v0x7f925d662a00, 0, 4;
T_91.3 ;
    %load/vec4 v0x7f925d6628a0_0;
    %parti/s 1, 1, 2;
    %nor/r;
    %flag_set/vec4 8;
    %jmp/0xz  T_91.5, 8;
    %load/vec4 v0x7f925d662750_0;
    %parti/s 1, 1, 2;
    %load/vec4 v0x7f925d662450_0;
    %parti/s 8, 0, 2;
    %pad/u 10;
    %ix/vec4 3;
    %ix/load 4, 1, 0; part off
    %ix/load 5, 0, 0; Constant delay
    %assign/vec4/a/d v0x7f925d662a00, 4, 5;
T_91.5 ;
    %load/vec4 v0x7f925d6628a0_0;
    %parti/s 1, 2, 3;
    %nor/r;
    %flag_set/vec4 8;
    %jmp/0xz  T_91.7, 8;
    %load/vec4 v0x7f925d662750_0;
    %parti/s 1, 2, 3;
    %load/vec4 v0x7f925d662450_0;
    %parti/s 8, 0, 2;
    %pad/u 10;
    %ix/vec4 3;
    %ix/load 4, 2, 0; part off
    %ix/load 5, 0, 0; Constant delay
    %assign/vec4/a/d v0x7f925d662a00, 4, 5;
T_91.7 ;
    %load/vec4 v0x7f925d6628a0_0;
    %parti/s 1, 3, 3;
    %nor/r;
    %flag_set/vec4 8;
    %jmp/0xz  T_91.9, 8;
    %load/vec4 v0x7f925d662750_0;
    %parti/s 1, 3, 3;
    %load/vec4 v0x7f925d662450_0;
    %parti/s 8, 0, 2;
    %pad/u 10;
    %ix/vec4 3;
    %ix/load 4, 3, 0; part off
    %ix/load 5, 0, 0; Constant delay
    %assign/vec4/a/d v0x7f925d662a00, 4, 5;
T_91.9 ;
    %load/vec4 v0x7f925d6628a0_0;
    %parti/s 1, 4, 4;
    %nor/r;
    %flag_set/vec4 8;
    %jmp/0xz  T_91.11, 8;
    %load/vec4 v0x7f925d662750_0;
    %parti/s 1, 4, 4;
    %load/vec4 v0x7f925d662450_0;
    %parti/s 8, 0, 2;
    %pad/u 10;
    %ix/vec4 3;
    %ix/load 4, 4, 0; part off
    %ix/load 5, 0, 0; Constant delay
    %assign/vec4/a/d v0x7f925d662a00, 4, 5;
T_91.11 ;
    %load/vec4 v0x7f925d6628a0_0;
    %parti/s 1, 5, 4;
    %nor/r;
    %flag_set/vec4 8;
    %jmp/0xz  T_91.13, 8;
    %load/vec4 v0x7f925d662750_0;
    %parti/s 1, 5, 4;
    %load/vec4 v0x7f925d662450_0;
    %parti/s 8, 0, 2;
    %pad/u 10;
    %ix/vec4 3;
    %ix/load 4, 5, 0; part off
    %ix/load 5, 0, 0; Constant delay
    %assign/vec4/a/d v0x7f925d662a00, 4, 5;
T_91.13 ;
    %load/vec4 v0x7f925d6628a0_0;
    %parti/s 1, 6, 4;
    %nor/r;
    %flag_set/vec4 8;
    %jmp/0xz  T_91.15, 8;
    %load/vec4 v0x7f925d662750_0;
    %parti/s 1, 6, 4;
    %load/vec4 v0x7f925d662450_0;
    %parti/s 8, 0, 2;
    %pad/u 10;
    %ix/vec4 3;
    %ix/load 4, 6, 0; part off
    %ix/load 5, 0, 0; Constant delay
    %assign/vec4/a/d v0x7f925d662a00, 4, 5;
T_91.15 ;
    %load/vec4 v0x7f925d6628a0_0;
    %parti/s 1, 7, 4;
    %nor/r;
    %flag_set/vec4 8;
    %jmp/0xz  T_91.17, 8;
    %load/vec4 v0x7f925d662750_0;
    %parti/s 1, 7, 4;
    %load/vec4 v0x7f925d662450_0;
    %parti/s 8, 0, 2;
    %pad/u 10;
    %ix/vec4 3;
    %ix/load 4, 7, 0; part off
    %ix/load 5, 0, 0; Constant delay
    %assign/vec4/a/d v0x7f925d662a00, 4, 5;
T_91.17 ;
    %load/vec4 v0x7f925d6628a0_0;
    %parti/s 1, 8, 5;
    %nor/r;
    %flag_set/vec4 8;
    %jmp/0xz  T_91.19, 8;
    %load/vec4 v0x7f925d662750_0;
    %parti/s 1, 8, 5;
    %load/vec4 v0x7f925d662450_0;
    %parti/s 8, 0, 2;
    %pad/u 10;
    %ix/vec4 3;
    %ix/load 4, 8, 0; part off
    %ix/load 5, 0, 0; Constant delay
    %assign/vec4/a/d v0x7f925d662a00, 4, 5;
T_91.19 ;
    %load/vec4 v0x7f925d6628a0_0;
    %parti/s 1, 9, 5;
    %nor/r;
    %flag_set/vec4 8;
    %jmp/0xz  T_91.21, 8;
    %load/vec4 v0x7f925d662750_0;
    %parti/s 1, 9, 5;
    %load/vec4 v0x7f925d662450_0;
    %parti/s 8, 0, 2;
    %pad/u 10;
    %ix/vec4 3;
    %ix/load 4, 9, 0; part off
    %ix/load 5, 0, 0; Constant delay
    %assign/vec4/a/d v0x7f925d662a00, 4, 5;
T_91.21 ;
    %load/vec4 v0x7f925d6628a0_0;
    %parti/s 1, 10, 5;
    %nor/r;
    %flag_set/vec4 8;
    %jmp/0xz  T_91.23, 8;
    %load/vec4 v0x7f925d662750_0;
    %parti/s 1, 10, 5;
    %load/vec4 v0x7f925d662450_0;
    %parti/s 8, 0, 2;
    %pad/u 10;
    %ix/vec4 3;
    %ix/load 4, 10, 0; part off
    %ix/load 5, 0, 0; Constant delay
    %assign/vec4/a/d v0x7f925d662a00, 4, 5;
T_91.23 ;
    %load/vec4 v0x7f925d6628a0_0;
    %parti/s 1, 11, 5;
    %nor/r;
    %flag_set/vec4 8;
    %jmp/0xz  T_91.25, 8;
    %load/vec4 v0x7f925d662750_0;
    %parti/s 1, 11, 5;
    %load/vec4 v0x7f925d662450_0;
    %parti/s 8, 0, 2;
    %pad/u 10;
    %ix/vec4 3;
    %ix/load 4, 11, 0; part off
    %ix/load 5, 0, 0; Constant delay
    %assign/vec4/a/d v0x7f925d662a00, 4, 5;
T_91.25 ;
    %load/vec4 v0x7f925d6628a0_0;
    %parti/s 1, 12, 5;
    %nor/r;
    %flag_set/vec4 8;
    %jmp/0xz  T_91.27, 8;
    %load/vec4 v0x7f925d662750_0;
    %parti/s 1, 12, 5;
    %load/vec4 v0x7f925d662450_0;
    %parti/s 8, 0, 2;
    %pad/u 10;
    %ix/vec4 3;
    %ix/load 4, 12, 0; part off
    %ix/load 5, 0, 0; Constant delay
    %assign/vec4/a/d v0x7f925d662a00, 4, 5;
T_91.27 ;
    %load/vec4 v0x7f925d6628a0_0;
    %parti/s 1, 13, 5;
    %nor/r;
    %flag_set/vec4 8;
    %jmp/0xz  T_91.29, 8;
    %load/vec4 v0x7f925d662750_0;
    %parti/s 1, 13, 5;
    %load/vec4 v0x7f925d662450_0;
    %parti/s 8, 0, 2;
    %pad/u 10;
    %ix/vec4 3;
    %ix/load 4, 13, 0; part off
    %ix/load 5, 0, 0; Constant delay
    %assign/vec4/a/d v0x7f925d662a00, 4, 5;
T_91.29 ;
    %load/vec4 v0x7f925d6628a0_0;
    %parti/s 1, 14, 5;
    %nor/r;
    %flag_set/vec4 8;
    %jmp/0xz  T_91.31, 8;
    %load/vec4 v0x7f925d662750_0;
    %parti/s 1, 14, 5;
    %load/vec4 v0x7f925d662450_0;
    %parti/s 8, 0, 2;
    %pad/u 10;
    %ix/vec4 3;
    %ix/load 4, 14, 0; part off
    %ix/load 5, 0, 0; Constant delay
    %assign/vec4/a/d v0x7f925d662a00, 4, 5;
T_91.31 ;
    %load/vec4 v0x7f925d6628a0_0;
    %parti/s 1, 15, 5;
    %nor/r;
    %flag_set/vec4 8;
    %jmp/0xz  T_91.33, 8;
    %load/vec4 v0x7f925d662750_0;
    %parti/s 1, 15, 5;
    %load/vec4 v0x7f925d662450_0;
    %parti/s 8, 0, 2;
    %pad/u 10;
    %ix/vec4 3;
    %ix/load 4, 15, 0; part off
    %ix/load 5, 0, 0; Constant delay
    %assign/vec4/a/d v0x7f925d662a00, 4, 5;
T_91.33 ;
T_91.0 ;
    %jmp T_91;
    .thread T_91;
    .scope S_0x7f925d65fe90;
T_92 ;
    %wait E_0x7f925d661750;
    %load/vec4 v0x7f925d662300_0;
    %flag_set/vec4 9;
    %flag_get/vec4 9;
    %jmp/0 T_92.2, 9;
    %load/vec4 v0x7f925d6620c0_0;
    %and;
T_92.2;
    %flag_set/vec4 8;
    %jmp/0xz  T_92.0, 8;
    %load/vec4 v0x7f925d661f60_0;
    %parti/s 8, 0, 2;
    %pad/u 10;
    %ix/vec4 4;
    %load/vec4a v0x7f925d662a00, 4;
    %load/vec4 v0x7f925d6623a0_0;
    %inv;
    %and;
    %assign/vec4 v0x7f925d662250_0, 0;
T_92.0 ;
    %jmp T_92;
    .thread T_92;
    .scope S_0x7f925d626f50;
T_93 ;
    %wait E_0x7f925d626e30;
    %pushi/vec4 0, 0, 32;
    %store/vec4 v0x7f925d666b00_0, 0, 32;
T_93.0 ; Top of for-loop 
    %load/vec4 v0x7f925d666b00_0;
    %cmpi/s 16383, 0, 32;
    %flag_or 5, 4;
    %jmp/0xz T_93.1, 5;
    %pushi/vec4 65535, 65535, 16;
    %ix/getv/s 4, v0x7f925d666b00_0;
    %store/vec4a v0x7f925d666bb0, 4, 0;
T_93.2 ; for-loop step statement
    %load/vec4 v0x7f925d666b00_0;
    %addi 1, 0, 32;
    %store/vec4 v0x7f925d666b00_0, 0, 32;
    %jmp T_93.0;
T_93.1 ; for-loop exit label
    %jmp T_93;
    .thread T_93;
    .scope S_0x7f925d626f50;
T_94 ;
    %wait E_0x7f925d626dd0;
    %load/vec4 v0x7f925d666c50_0;
    %flag_set/vec4 8;
    %jmp/0xz  T_94.0, 8;
    %pushi/vec4 0, 0, 16;
    %assign/vec4 v0x7f925d666620_0, 0;
    %jmp T_94.1;
T_94.0 ;
    %load/vec4 v0x7f925d6668c0_0;
    %flag_set/vec4 8;
    %jmp/0xz  T_94.2, 8;
    %pushi/vec4 65535, 65535, 16;
    %assign/vec4 v0x7f925d666620_0, 0;
    %jmp T_94.3;
T_94.2 ;
    %load/vec4 v0x7f925d666470_0;
    %flag_set/vec4 8;
    %jmp/0xz  T_94.4, 8;
    %load/vec4 v0x7f925d6669d0_0;
    %nor/r;
    %flag_set/vec4 8;
    %jmp/0xz  T_94.6, 8;
    %load/vec4 v0x7f925d626e80_0;
    %pad/u 16;
    %ix/vec4 4;
    %load/vec4a v0x7f925d666bb0, 4;
    %assign/vec4 v0x7f925d666620_0, 0;
    %jmp T_94.7;
T_94.6 ;
    %load/vec4 v0x7f925d6666d0_0;
    %parti/s 1, 0, 2;
    %flag_set/vec4 8;
    %jmp/0xz  T_94.8, 8;
    %load/vec4 v0x7f925d666590_0;
    %parti/s 4, 0, 2;
    %load/vec4 v0x7f925d626e80_0;
    %pad/u 16;
    %ix/vec4 3;
    %ix/load 4, 0, 0; Constant delay
    %assign/vec4/a/d v0x7f925d666bb0, 0, 4;
T_94.8 ;
    %load/vec4 v0x7f925d6666d0_0;
    %parti/s 1, 1, 2;
    %flag_set/vec4 8;
    %jmp/0xz  T_94.10, 8;
    %load/vec4 v0x7f925d666590_0;
    %parti/s 4, 4, 4;
    %load/vec4 v0x7f925d626e80_0;
    %pad/u 16;
    %ix/vec4 3;
    %ix/load 4, 4, 0; part off
    %ix/load 5, 0, 0; Constant delay
    %assign/vec4/a/d v0x7f925d666bb0, 4, 5;
T_94.10 ;
    %load/vec4 v0x7f925d6666d0_0;
    %parti/s 1, 2, 3;
    %flag_set/vec4 8;
    %jmp/0xz  T_94.12, 8;
    %load/vec4 v0x7f925d666590_0;
    %parti/s 4, 8, 5;
    %load/vec4 v0x7f925d626e80_0;
    %pad/u 16;
    %ix/vec4 3;
    %ix/load 4, 8, 0; part off
    %ix/load 5, 0, 0; Constant delay
    %assign/vec4/a/d v0x7f925d666bb0, 4, 5;
T_94.12 ;
    %load/vec4 v0x7f925d6666d0_0;
    %parti/s 1, 3, 3;
    %flag_set/vec4 8;
    %jmp/0xz  T_94.14, 8;
    %load/vec4 v0x7f925d666590_0;
    %parti/s 4, 12, 5;
    %load/vec4 v0x7f925d626e80_0;
    %pad/u 16;
    %ix/vec4 3;
    %ix/load 4, 12, 0; part off
    %ix/load 5, 0, 0; Constant delay
    %assign/vec4/a/d v0x7f925d666bb0, 4, 5;
T_94.14 ;
    %pushi/vec4 65535, 65535, 16;
    %assign/vec4 v0x7f925d666620_0, 0;
T_94.7 ;
T_94.4 ;
T_94.3 ;
T_94.1 ;
    %jmp T_94;
    .thread T_94;
    .scope S_0x7f925d627470;
T_95 ;
    %wait E_0x7f925d667050;
    %load/vec4 v0x7f925d667570_0;
    %cmpi/e 1, 0, 1;
    %jmp/0xz  T_95.0, 4;
    %pushi/vec4 0, 0, 24;
    %assign/vec4 v0x7f925d667140_0, 0;
    %jmp T_95.1;
T_95.0 ;
    %load/vec4 v0x7f925d667140_0;
    %cmpi/e 1500000, 0, 24;
    %jmp/0xz  T_95.2, 4;
    %load/vec4 v0x7f925d6671f0_0;
    %nor/r;
    %assign/vec4 v0x7f925d6671f0_0, 0;
    %pushi/vec4 0, 0, 24;
    %assign/vec4 v0x7f925d667140_0, 0;
    %jmp T_95.3;
T_95.2 ;
    %load/vec4 v0x7f925d667140_0;
    %addi 1, 0, 24;
    %assign/vec4 v0x7f925d667140_0, 0;
T_95.3 ;
T_95.1 ;
    %jmp T_95;
    .thread T_95;
    .scope S_0x7f925d627470;
T_96 ;
    %wait E_0x7f925d667000;
    %load/vec4 v0x7f925d667570_0;
    %cmpi/e 1, 0, 1;
    %jmp/0xz  T_96.0, 4;
    %pushi/vec4 0, 0, 2;
    %assign/vec4 v0x7f925d667720_0, 0;
    %jmp T_96.1;
T_96.0 ;
    %load/vec4 v0x7f925d667720_0;
    %dup/vec4;
    %pushi/vec4 0, 0, 2;
    %cmp/u;
    %jmp/1 T_96.2, 6;
    %dup/vec4;
    %pushi/vec4 1, 0, 2;
    %cmp/u;
    %jmp/1 T_96.3, 6;
    %dup/vec4;
    %pushi/vec4 2, 0, 2;
    %cmp/u;
    %jmp/1 T_96.4, 6;
    %pushi/vec4 0, 0, 2;
    %assign/vec4 v0x7f925d667720_0, 0;
    %jmp T_96.6;
T_96.2 ;
    %load/vec4 v0x7f925d6672a0_0;
    %cmpi/e 1, 0, 1;
    %jmp/0xz  T_96.7, 4;
    %pushi/vec4 1, 0, 2;
    %assign/vec4 v0x7f925d667720_0, 0;
T_96.7 ;
    %jmp T_96.6;
T_96.3 ;
    %load/vec4 v0x7f925d667420_0;
    %cmpi/e 15, 0, 4;
    %jmp/0xz  T_96.9, 4;
    %pushi/vec4 2, 0, 2;
    %assign/vec4 v0x7f925d667720_0, 0;
T_96.9 ;
    %jmp T_96.6;
T_96.4 ;
    %pushi/vec4 0, 0, 2;
    %assign/vec4 v0x7f925d667720_0, 0;
    %jmp T_96.6;
T_96.6 ;
    %pop/vec4 1;
T_96.1 ;
    %jmp T_96;
    .thread T_96;
    .scope S_0x7f925d627470;
T_97 ;
    %wait E_0x7f925d667000;
    %load/vec4 v0x7f925d667570_0;
    %cmpi/e 1, 0, 1;
    %jmp/0xz  T_97.0, 4;
    %pushi/vec4 0, 0, 4;
    %assign/vec4 v0x7f925d667420_0, 0;
    %jmp T_97.1;
T_97.0 ;
    %load/vec4 v0x7f925d667720_0;
    %cmpi/e 1, 0, 2;
    %jmp/0xz  T_97.2, 4;
    %load/vec4 v0x7f925d667420_0;
    %addi 1, 0, 4;
    %assign/vec4 v0x7f925d667420_0, 0;
    %jmp T_97.3;
T_97.2 ;
    %pushi/vec4 0, 0, 4;
    %assign/vec4 v0x7f925d667420_0, 0;
T_97.3 ;
T_97.1 ;
    %jmp T_97;
    .thread T_97;
    .scope S_0x7f925d627470;
T_98 ;
    %wait E_0x7f925d666fa0;
    %load/vec4 v0x7f925d667720_0;
    %cmpi/e 2, 0, 2;
    %jmp/0xz  T_98.0, 4;
    %pushi/vec4 1, 0, 1;
    %store/vec4 v0x7f925d6674d0_0, 0, 1;
    %jmp T_98.1;
T_98.0 ;
    %pushi/vec4 0, 0, 1;
    %store/vec4 v0x7f925d6674d0_0, 0, 1;
T_98.1 ;
    %jmp T_98;
    .thread T_98, $push;
# The file index is used to find the file name in the following table.
:file_names 4;
    "N/A";
    "<interactive>";
    "/Users/chimdileeze/.apio/packages/tools-oss-cad-suite/share/yosys/ice40/cells_sim.v";
    "fsm_moore.v";
