#! /Users/chimdileeze/.apio/packages/tools-oss-cad-suite/bin/vvp
:ivl_version "13.0 (devel)" "(s20221226-321-gd22bb3d25)";
:ivl_delay_selection "TYPICAL";
:vpi_time_precision - 12;
:vpi_module "/Users/chimdileeze/.apio/packages/tools-oss-cad-suite/lib/ivl/system.vpi";
:vpi_module "/Users/chimdileeze/.apio/packages/tools-oss-cad-suite/lib/ivl/vhdl_sys.vpi";
:vpi_module "/Users/chimdileeze/.apio/packages/tools-oss-cad-suite/lib/ivl/vhdl_textio.vpi";
:vpi_module "/Users/chimdileeze/.apio/packages/tools-oss-cad-suite/lib/ivl/v2005_math.vpi";
:vpi_module "/Users/chimdileeze/.apio/packages/tools-oss-cad-suite/lib/ivl/va_math.vpi";
S_0x7f9065759b10 .scope module, "ICESTORM_LC" "ICESTORM_LC" 2 2136;
 .timescale -12 -12;
    .port_info 0 /INPUT 1 "I0";
    .port_info 1 /INPUT 1 "I1";
    .port_info 2 /INPUT 1 "I2";
    .port_info 3 /INPUT 1 "I3";
    .port_info 4 /INPUT 1 "CIN";
    .port_info 5 /INPUT 1 "CLK";
    .port_info 6 /INPUT 1 "CEN";
    .port_info 7 /INPUT 1 "SR";
    .port_info 8 /OUTPUT 1 "LO";
    .port_info 9 /OUTPUT 1 "O";
    .port_info 10 /OUTPUT 1 "COUT";
P_0x7f906571c510 .param/l "ASYNC_SR" 0 2 2148, C4<0>;
P_0x7f906571c550 .param/l "CARRY_ENABLE" 0 2 2145, C4<0>;
P_0x7f906571c590 .param/l "CIN_CONST" 0 2 2150, C4<0>;
P_0x7f906571c5d0 .param/l "CIN_SET" 0 2 2151, C4<0>;
P_0x7f906571c610 .param/l "DFF_ENABLE" 0 2 2146, C4<0>;
P_0x7f906571c650 .param/l "LUT_INIT" 0 2 2142, C4<0000000000000000>;
P_0x7f906571c690 .param/l "NEG_CLK" 0 2 2144, C4<0>;
P_0x7f906571c6d0 .param/l "SET_NORESET" 0 2 2147, C4<0>;
o0x7f9067042068 .functor BUFZ 1, C4<z>; HiZ drive
L_0x7f906548f380 .functor BUFZ 1, o0x7f9067042068, C4<0>, C4<0>, C4<0>;
L_0x7f906548ff80 .functor BUFZ 1, L_0x7f906548fc30, C4<0>, C4<0>, C4<0>;
o0x7f9067042098 .functor BUFZ 1, C4<z>; HiZ drive
L_0x7f9067073290 .functor BUFT 1, C4<0>, C4<0>, C4<0>, C4<0>;
L_0x7f9065490030 .functor XOR 1, o0x7f9067042098, L_0x7f9067073290, C4<0>, C4<0>;
L_0x7f90654900e0 .functor BUFZ 1, L_0x7f906548fc30, C4<0>, C4<0>, C4<0>;
o0x7f9067042008 .functor BUFZ 1, C4<z>; HiZ drive
v0x7f906570d130_0 .net "CEN", 0 0, o0x7f9067042008;  0 drivers
v0x7f9065633330_0 .net "CEN_pu", 0 0, L_0x7f906548f240;  1 drivers
v0x7f906567ffd0_0 .net "CIN", 0 0, o0x7f9067042068;  0 drivers
v0x7f9065631be0_0 .net "CLK", 0 0, o0x7f9067042098;  0 drivers
L_0x7f90670731b8 .functor BUFT 1, C4<x>, C4<0>, C4<0>, C4<0>;
v0x7f9065631360_0 .net "COUT", 0 0, L_0x7f90670731b8;  1 drivers
o0x7f90670420f8 .functor BUFZ 1, C4<z>; HiZ drive
v0x7f9065631680_0 .net "I0", 0 0, o0x7f90670420f8;  0 drivers
v0x7f9065637f70_0 .net "I0_pd", 0 0, L_0x7f90654894c0;  1 drivers
o0x7f9067042158 .functor BUFZ 1, C4<z>; HiZ drive
v0x7f9065634e90_0 .net "I1", 0 0, o0x7f9067042158;  0 drivers
v0x7f906564dbb0_0 .net "I1_pd", 0 0, L_0x7f906548e860;  1 drivers
o0x7f90670421b8 .functor BUFZ 1, C4<z>; HiZ drive
v0x7f9065606300_0 .net "I2", 0 0, o0x7f90670421b8;  0 drivers
v0x7f9065665190_0 .net "I2_pd", 0 0, L_0x7f906548ead0;  1 drivers
o0x7f9067042218 .functor BUFZ 1, C4<z>; HiZ drive
v0x7f9065630e40_0 .net "I3", 0 0, o0x7f9067042218;  0 drivers
v0x7f9065635500_0 .net "I3_pd", 0 0, L_0x7f906548ed50;  1 drivers
v0x7f9065644dc0_0 .net "LO", 0 0, L_0x7f906548ff80;  1 drivers
v0x7f906560cdf0_0 .net "O", 0 0, L_0x7f90654900e0;  1 drivers
o0x7f90670422d8 .functor BUFZ 1, C4<z>; HiZ drive
v0x7f9065628100_0 .net "SR", 0 0, o0x7f90670422d8;  0 drivers
v0x7f906568eda0_0 .net "SR_pd", 0 0, L_0x7f906548efc0;  1 drivers
o0x7f9067042338 .functor BUFZ 1, C4<z>; HiZ drive
; Elide local net with no drivers, v0x7f9065637620_0 name=_ivl_0
v0x7f9065657bc0_0 .net *"_ivl_10", 0 0, L_0x7f9065489560;  1 drivers
L_0x7f9067073050 .functor BUFT 1, C4<0>, C4<0>, C4<0>, C4<0>;
v0x7f9065685630_0 .net/2u *"_ivl_12", 0 0, L_0x7f9067073050;  1 drivers
o0x7f90670423c8 .functor BUFZ 1, C4<z>; HiZ drive
; Elide local net with no drivers, v0x7f90656856c0_0 name=_ivl_16
v0x7f9065685380_0 .net *"_ivl_18", 0 0, L_0x7f906548e9e0;  1 drivers
v0x7f9065685410_0 .net *"_ivl_2", 0 0, L_0x7f906557a060;  1 drivers
L_0x7f9067073098 .functor BUFT 1, C4<0>, C4<0>, C4<0>, C4<0>;
v0x7f9065684da0_0 .net/2u *"_ivl_20", 0 0, L_0x7f9067073098;  1 drivers
o0x7f9067042488 .functor BUFZ 1, C4<z>; HiZ drive
; Elide local net with no drivers, v0x7f9065684e30_0 name=_ivl_24
v0x7f906567fc40_0 .net *"_ivl_26", 0 0, L_0x7f906548ec50;  1 drivers
L_0x7f90670730e0 .functor BUFT 1, C4<0>, C4<0>, C4<0>, C4<0>;
v0x7f906567fcd0_0 .net/2u *"_ivl_28", 0 0, L_0x7f90670730e0;  1 drivers
o0x7f9067042518 .functor BUFZ 1, C4<z>; HiZ drive
; Elide local net with no drivers, v0x7f9065679140_0 name=_ivl_32
v0x7f90656791d0_0 .net *"_ivl_34", 0 0, L_0x7f906548eed0;  1 drivers
L_0x7f9067073128 .functor BUFT 1, C4<0>, C4<0>, C4<0>, C4<0>;
v0x7f906566d2a0_0 .net/2u *"_ivl_36", 0 0, L_0x7f9067073128;  1 drivers
L_0x7f9067073008 .functor BUFT 1, C4<0>, C4<0>, C4<0>, C4<0>;
v0x7f906566d330_0 .net/2u *"_ivl_4", 0 0, L_0x7f9067073008;  1 drivers
o0x7f90670425d8 .functor BUFZ 1, C4<z>; HiZ drive
; Elide local net with no drivers, v0x7f9065666780_0 name=_ivl_40
v0x7f9065666810_0 .net *"_ivl_42", 0 0, L_0x7f906548f120;  1 drivers
L_0x7f9067073170 .functor BUFT 1, C4<1>, C4<0>, C4<0>, C4<0>;
v0x7f9065656e50_0 .net/2u *"_ivl_44", 0 0, L_0x7f9067073170;  1 drivers
L_0x7f9067073200 .functor BUFT 1, C4<00000000>, C4<0>, C4<0>, C4<0>;
v0x7f9065656ee0_0 .net/2u *"_ivl_52", 7 0, L_0x7f9067073200;  1 drivers
L_0x7f9067073248 .functor BUFT 1, C4<00000000>, C4<0>, C4<0>, C4<0>;
v0x7f9065686ab0_0 .net/2u *"_ivl_54", 7 0, L_0x7f9067073248;  1 drivers
v0x7f9065686b40_0 .net *"_ivl_59", 3 0, L_0x7f906548f660;  1 drivers
v0x7f906567f890_0 .net *"_ivl_61", 3 0, L_0x7f906548f740;  1 drivers
v0x7f906567f920_0 .net *"_ivl_65", 1 0, L_0x7f906548f980;  1 drivers
v0x7f9065667a90_0 .net *"_ivl_67", 1 0, L_0x7f906548faf0;  1 drivers
v0x7f9065667b20_0 .net *"_ivl_71", 0 0, L_0x7f906548fcd0;  1 drivers
v0x7f9065666210_0 .net *"_ivl_73", 0 0, L_0x7f906548fd70;  1 drivers
v0x7f90656662a0_0 .net/2u *"_ivl_78", 0 0, L_0x7f9067073290;  1 drivers
o0x7f9067042818 .functor BUFZ 1, C4<z>; HiZ drive
; Elide local net with no drivers, v0x7f906567ee80_0 name=_ivl_8
v0x7f906567ef10_0 .net "lut_o", 0 0, L_0x7f906548fc30;  1 drivers
v0x7f9065679f00_0 .net "lut_s1", 1 0, L_0x7f906548fb90;  1 drivers
v0x7f9065679f90_0 .net "lut_s2", 3 0, L_0x7f906548f860;  1 drivers
v0x7f90656788f0_0 .net "lut_s3", 7 0, L_0x7f906548f4d0;  1 drivers
v0x7f9065678980_0 .net "mux_cin", 0 0, L_0x7f906548f380;  1 drivers
v0x7f906566cea0_0 .var "o_reg", 0 0;
v0x7f906566cf30_0 .var "o_reg_async", 0 0;
v0x7f9065673860_0 .net "polarized_clk", 0 0, L_0x7f9065490030;  1 drivers
E_0x7f9065732d50 .event posedge, v0x7f906568eda0_0, v0x7f9065673860_0;
E_0x7f90657308f0 .event posedge, v0x7f9065673860_0;
L_0x7f906557a060 .cmp/eeq 1, o0x7f90670420f8, o0x7f9067042338;
L_0x7f90654894c0 .functor MUXZ 1, o0x7f90670420f8, L_0x7f9067073008, L_0x7f906557a060, C4<>;
L_0x7f9065489560 .cmp/eeq 1, o0x7f9067042158, o0x7f9067042818;
L_0x7f906548e860 .functor MUXZ 1, o0x7f9067042158, L_0x7f9067073050, L_0x7f9065489560, C4<>;
L_0x7f906548e9e0 .cmp/eeq 1, o0x7f90670421b8, o0x7f90670423c8;
L_0x7f906548ead0 .functor MUXZ 1, o0x7f90670421b8, L_0x7f9067073098, L_0x7f906548e9e0, C4<>;
L_0x7f906548ec50 .cmp/eeq 1, o0x7f9067042218, o0x7f9067042488;
L_0x7f906548ed50 .functor MUXZ 1, o0x7f9067042218, L_0x7f90670730e0, L_0x7f906548ec50, C4<>;
L_0x7f906548eed0 .cmp/eeq 1, o0x7f90670422d8, o0x7f9067042518;
L_0x7f906548efc0 .functor MUXZ 1, o0x7f90670422d8, L_0x7f9067073128, L_0x7f906548eed0, C4<>;
L_0x7f906548f120 .cmp/eeq 1, o0x7f9067042008, o0x7f90670425d8;
L_0x7f906548f240 .functor MUXZ 1, o0x7f9067042008, L_0x7f9067073170, L_0x7f906548f120, C4<>;
L_0x7f906548f4d0 .functor MUXZ 8, L_0x7f9067073248, L_0x7f9067073200, L_0x7f906548ed50, C4<>;
L_0x7f906548f660 .part L_0x7f906548f4d0, 4, 4;
L_0x7f906548f740 .part L_0x7f906548f4d0, 0, 4;
L_0x7f906548f860 .functor MUXZ 4, L_0x7f906548f740, L_0x7f906548f660, L_0x7f906548ead0, C4<>;
L_0x7f906548f980 .part L_0x7f906548f860, 2, 2;
L_0x7f906548faf0 .part L_0x7f906548f860, 0, 2;
L_0x7f906548fb90 .functor MUXZ 2, L_0x7f906548faf0, L_0x7f906548f980, L_0x7f906548e860, C4<>;
L_0x7f906548fcd0 .part L_0x7f906548fb90, 1, 1;
L_0x7f906548fd70 .part L_0x7f906548fb90, 0, 1;
L_0x7f906548fc30 .functor MUXZ 1, L_0x7f906548fd70, L_0x7f906548fcd0, L_0x7f90654894c0, C4<>;
S_0x7f9065753790 .scope module, "ICESTORM_RAM" "ICESTORM_RAM" 2 3167;
 .timescale -12 -12;
    .port_info 0 /OUTPUT 1 "RDATA_15";
    .port_info 1 /OUTPUT 1 "RDATA_14";
    .port_info 2 /OUTPUT 1 "RDATA_13";
    .port_info 3 /OUTPUT 1 "RDATA_12";
    .port_info 4 /OUTPUT 1 "RDATA_11";
    .port_info 5 /OUTPUT 1 "RDATA_10";
    .port_info 6 /OUTPUT 1 "RDATA_9";
    .port_info 7 /OUTPUT 1 "RDATA_8";
    .port_info 8 /OUTPUT 1 "RDATA_7";
    .port_info 9 /OUTPUT 1 "RDATA_6";
    .port_info 10 /OUTPUT 1 "RDATA_5";
    .port_info 11 /OUTPUT 1 "RDATA_4";
    .port_info 12 /OUTPUT 1 "RDATA_3";
    .port_info 13 /OUTPUT 1 "RDATA_2";
    .port_info 14 /OUTPUT 1 "RDATA_1";
    .port_info 15 /OUTPUT 1 "RDATA_0";
    .port_info 16 /INPUT 1 "RCLK";
    .port_info 17 /INPUT 1 "RCLKE";
    .port_info 18 /INPUT 1 "RE";
    .port_info 19 /INPUT 1 "RADDR_10";
    .port_info 20 /INPUT 1 "RADDR_9";
    .port_info 21 /INPUT 1 "RADDR_8";
    .port_info 22 /INPUT 1 "RADDR_7";
    .port_info 23 /INPUT 1 "RADDR_6";
    .port_info 24 /INPUT 1 "RADDR_5";
    .port_info 25 /INPUT 1 "RADDR_4";
    .port_info 26 /INPUT 1 "RADDR_3";
    .port_info 27 /INPUT 1 "RADDR_2";
    .port_info 28 /INPUT 1 "RADDR_1";
    .port_info 29 /INPUT 1 "RADDR_0";
    .port_info 30 /INPUT 1 "WCLK";
    .port_info 31 /INPUT 1 "WCLKE";
    .port_info 32 /INPUT 1 "WE";
    .port_info 33 /INPUT 1 "WADDR_10";
    .port_info 34 /INPUT 1 "WADDR_9";
    .port_info 35 /INPUT 1 "WADDR_8";
    .port_info 36 /INPUT 1 "WADDR_7";
    .port_info 37 /INPUT 1 "WADDR_6";
    .port_info 38 /INPUT 1 "WADDR_5";
    .port_info 39 /INPUT 1 "WADDR_4";
    .port_info 40 /INPUT 1 "WADDR_3";
    .port_info 41 /INPUT 1 "WADDR_2";
    .port_info 42 /INPUT 1 "WADDR_1";
    .port_info 43 /INPUT 1 "WADDR_0";
    .port_info 44 /INPUT 1 "MASK_15";
    .port_info 45 /INPUT 1 "MASK_14";
    .port_info 46 /INPUT 1 "MASK_13";
    .port_info 47 /INPUT 1 "MASK_12";
    .port_info 48 /INPUT 1 "MASK_11";
    .port_info 49 /INPUT 1 "MASK_10";
    .port_info 50 /INPUT 1 "MASK_9";
    .port_info 51 /INPUT 1 "MASK_8";
    .port_info 52 /INPUT 1 "MASK_7";
    .port_info 53 /INPUT 1 "MASK_6";
    .port_info 54 /INPUT 1 "MASK_5";
    .port_info 55 /INPUT 1 "MASK_4";
    .port_info 56 /INPUT 1 "MASK_3";
    .port_info 57 /INPUT 1 "MASK_2";
    .port_info 58 /INPUT 1 "MASK_1";
    .port_info 59 /INPUT 1 "MASK_0";
    .port_info 60 /INPUT 1 "WDATA_15";
    .port_info 61 /INPUT 1 "WDATA_14";
    .port_info 62 /INPUT 1 "WDATA_13";
    .port_info 63 /INPUT 1 "WDATA_12";
    .port_info 64 /INPUT 1 "WDATA_11";
    .port_info 65 /INPUT 1 "WDATA_10";
    .port_info 66 /INPUT 1 "WDATA_9";
    .port_info 67 /INPUT 1 "WDATA_8";
    .port_info 68 /INPUT 1 "WDATA_7";
    .port_info 69 /INPUT 1 "WDATA_6";
    .port_info 70 /INPUT 1 "WDATA_5";
    .port_info 71 /INPUT 1 "WDATA_4";
    .port_info 72 /INPUT 1 "WDATA_3";
    .port_info 73 /INPUT 1 "WDATA_2";
    .port_info 74 /INPUT 1 "WDATA_1";
    .port_info 75 /INPUT 1 "WDATA_0";
P_0x7f9067810200 .param/l "INIT_0" 0 2 3182, C4<0000000000000000000000000000000000000000000000000000000000000000000000000000000000000000000000000000000000000000000000000000000000000000000000000000000000000000000000000000000000000000000000000000000000000000000000000000000000000000000000000000000000000000>;
P_0x7f9067810240 .param/l "INIT_1" 0 2 3183, C4<0000000000000000000000000000000000000000000000000000000000000000000000000000000000000000000000000000000000000000000000000000000000000000000000000000000000000000000000000000000000000000000000000000000000000000000000000000000000000000000000000000000000000000>;
P_0x7f9067810280 .param/l "INIT_2" 0 2 3184, C4<0000000000000000000000000000000000000000000000000000000000000000000000000000000000000000000000000000000000000000000000000000000000000000000000000000000000000000000000000000000000000000000000000000000000000000000000000000000000000000000000000000000000000000>;
P_0x7f90678102c0 .param/l "INIT_3" 0 2 3185, C4<0000000000000000000000000000000000000000000000000000000000000000000000000000000000000000000000000000000000000000000000000000000000000000000000000000000000000000000000000000000000000000000000000000000000000000000000000000000000000000000000000000000000000000>;
P_0x7f9067810300 .param/l "INIT_4" 0 2 3186, C4<0000000000000000000000000000000000000000000000000000000000000000000000000000000000000000000000000000000000000000000000000000000000000000000000000000000000000000000000000000000000000000000000000000000000000000000000000000000000000000000000000000000000000000>;
P_0x7f9067810340 .param/l "INIT_5" 0 2 3187, C4<0000000000000000000000000000000000000000000000000000000000000000000000000000000000000000000000000000000000000000000000000000000000000000000000000000000000000000000000000000000000000000000000000000000000000000000000000000000000000000000000000000000000000000>;
P_0x7f9067810380 .param/l "INIT_6" 0 2 3188, C4<0000000000000000000000000000000000000000000000000000000000000000000000000000000000000000000000000000000000000000000000000000000000000000000000000000000000000000000000000000000000000000000000000000000000000000000000000000000000000000000000000000000000000000>;
P_0x7f90678103c0 .param/l "INIT_7" 0 2 3189, C4<0000000000000000000000000000000000000000000000000000000000000000000000000000000000000000000000000000000000000000000000000000000000000000000000000000000000000000000000000000000000000000000000000000000000000000000000000000000000000000000000000000000000000000>;
P_0x7f9067810400 .param/l "INIT_8" 0 2 3190, C4<0000000000000000000000000000000000000000000000000000000000000000000000000000000000000000000000000000000000000000000000000000000000000000000000000000000000000000000000000000000000000000000000000000000000000000000000000000000000000000000000000000000000000000>;
P_0x7f9067810440 .param/l "INIT_9" 0 2 3191, C4<0000000000000000000000000000000000000000000000000000000000000000000000000000000000000000000000000000000000000000000000000000000000000000000000000000000000000000000000000000000000000000000000000000000000000000000000000000000000000000000000000000000000000000>;
P_0x7f9067810480 .param/l "INIT_A" 0 2 3192, C4<0000000000000000000000000000000000000000000000000000000000000000000000000000000000000000000000000000000000000000000000000000000000000000000000000000000000000000000000000000000000000000000000000000000000000000000000000000000000000000000000000000000000000000>;
P_0x7f90678104c0 .param/l "INIT_B" 0 2 3193, C4<0000000000000000000000000000000000000000000000000000000000000000000000000000000000000000000000000000000000000000000000000000000000000000000000000000000000000000000000000000000000000000000000000000000000000000000000000000000000000000000000000000000000000000>;
P_0x7f9067810500 .param/l "INIT_C" 0 2 3194, C4<0000000000000000000000000000000000000000000000000000000000000000000000000000000000000000000000000000000000000000000000000000000000000000000000000000000000000000000000000000000000000000000000000000000000000000000000000000000000000000000000000000000000000000>;
P_0x7f9067810540 .param/l "INIT_D" 0 2 3195, C4<0000000000000000000000000000000000000000000000000000000000000000000000000000000000000000000000000000000000000000000000000000000000000000000000000000000000000000000000000000000000000000000000000000000000000000000000000000000000000000000000000000000000000000>;
P_0x7f9067810580 .param/l "INIT_E" 0 2 3196, C4<0000000000000000000000000000000000000000000000000000000000000000000000000000000000000000000000000000000000000000000000000000000000000000000000000000000000000000000000000000000000000000000000000000000000000000000000000000000000000000000000000000000000000000>;
P_0x7f90678105c0 .param/l "INIT_F" 0 2 3197, C4<0000000000000000000000000000000000000000000000000000000000000000000000000000000000000000000000000000000000000000000000000000000000000000000000000000000000000000000000000000000000000000000000000000000000000000000000000000000000000000000000000000000000000000>;
P_0x7f9067810600 .param/l "NEG_CLK_R" 0 2 3179, C4<0>;
P_0x7f9067810640 .param/l "NEG_CLK_W" 0 2 3180, C4<0>;
P_0x7f9067810680 .param/l "READ_MODE" 0 2 3177, +C4<00000000000000000000000000000000>;
P_0x7f90678106c0 .param/l "WRITE_MODE" 0 2 3176, +C4<00000000000000000000000000000000>;
L_0x7f9067073320 .functor BUFT 1, C4<0>, C4<0>, C4<0>, C4<0>;
L_0x7f906557a120 .functor XOR 1, L_0x7f9065491390, L_0x7f9067073320, C4<0>, C4<0>;
L_0x7f9067073368 .functor BUFT 1, C4<0>, C4<0>, C4<0>, C4<0>;
L_0x7f906557b1d0 .functor XOR 1, L_0x7f906557b130, L_0x7f9067073368, C4<0>, C4<0>;
o0x7f90670431a8 .functor BUFZ 1, C4<z>; HiZ drive
v0x7f90656269c0_0 .net "MASK_0", 0 0, o0x7f90670431a8;  0 drivers
o0x7f90670431d8 .functor BUFZ 1, C4<z>; HiZ drive
v0x7f9065626a50_0 .net "MASK_1", 0 0, o0x7f90670431d8;  0 drivers
o0x7f9067043208 .functor BUFZ 1, C4<z>; HiZ drive
v0x7f9065626ae0_0 .net "MASK_10", 0 0, o0x7f9067043208;  0 drivers
o0x7f9067043238 .functor BUFZ 1, C4<z>; HiZ drive
v0x7f9065626b70_0 .net "MASK_11", 0 0, o0x7f9067043238;  0 drivers
o0x7f9067043268 .functor BUFZ 1, C4<z>; HiZ drive
v0x7f9065621a70_0 .net "MASK_12", 0 0, o0x7f9067043268;  0 drivers
o0x7f9067043298 .functor BUFZ 1, C4<z>; HiZ drive
v0x7f9065621b00_0 .net "MASK_13", 0 0, o0x7f9067043298;  0 drivers
o0x7f90670432c8 .functor BUFZ 1, C4<z>; HiZ drive
v0x7f9065621b90_0 .net "MASK_14", 0 0, o0x7f90670432c8;  0 drivers
o0x7f90670432f8 .functor BUFZ 1, C4<z>; HiZ drive
v0x7f9065621c20_0 .net "MASK_15", 0 0, o0x7f90670432f8;  0 drivers
o0x7f9067043328 .functor BUFZ 1, C4<z>; HiZ drive
v0x7f9065621cb0_0 .net "MASK_2", 0 0, o0x7f9067043328;  0 drivers
o0x7f9067043358 .functor BUFZ 1, C4<z>; HiZ drive
v0x7f9065621d40_0 .net "MASK_3", 0 0, o0x7f9067043358;  0 drivers
o0x7f9067043388 .functor BUFZ 1, C4<z>; HiZ drive
v0x7f9065638850_0 .net "MASK_4", 0 0, o0x7f9067043388;  0 drivers
o0x7f90670433b8 .functor BUFZ 1, C4<z>; HiZ drive
v0x7f90656388e0_0 .net "MASK_5", 0 0, o0x7f90670433b8;  0 drivers
o0x7f90670433e8 .functor BUFZ 1, C4<z>; HiZ drive
v0x7f9065638970_0 .net "MASK_6", 0 0, o0x7f90670433e8;  0 drivers
o0x7f9067043418 .functor BUFZ 1, C4<z>; HiZ drive
v0x7f9065638a00_0 .net "MASK_7", 0 0, o0x7f9067043418;  0 drivers
o0x7f9067043448 .functor BUFZ 1, C4<z>; HiZ drive
v0x7f9065638a90_0 .net "MASK_8", 0 0, o0x7f9067043448;  0 drivers
o0x7f9067043478 .functor BUFZ 1, C4<z>; HiZ drive
v0x7f9065638b20_0 .net "MASK_9", 0 0, o0x7f9067043478;  0 drivers
o0x7f90670434a8 .functor BUFZ 1, C4<z>; HiZ drive
v0x7f9065631df0_0 .net "RADDR_0", 0 0, o0x7f90670434a8;  0 drivers
o0x7f90670434d8 .functor BUFZ 1, C4<z>; HiZ drive
v0x7f9065631f80_0 .net "RADDR_1", 0 0, o0x7f90670434d8;  0 drivers
o0x7f9067043508 .functor BUFZ 1, C4<z>; HiZ drive
v0x7f9065632010_0 .net "RADDR_10", 0 0, o0x7f9067043508;  0 drivers
o0x7f9067043538 .functor BUFZ 1, C4<z>; HiZ drive
v0x7f90656320a0_0 .net "RADDR_2", 0 0, o0x7f9067043538;  0 drivers
o0x7f9067043568 .functor BUFZ 1, C4<z>; HiZ drive
v0x7f906562f330_0 .net "RADDR_3", 0 0, o0x7f9067043568;  0 drivers
o0x7f9067043598 .functor BUFZ 1, C4<z>; HiZ drive
v0x7f906562f3c0_0 .net "RADDR_4", 0 0, o0x7f9067043598;  0 drivers
o0x7f90670435c8 .functor BUFZ 1, C4<z>; HiZ drive
v0x7f906562f450_0 .net "RADDR_5", 0 0, o0x7f90670435c8;  0 drivers
o0x7f90670435f8 .functor BUFZ 1, C4<z>; HiZ drive
v0x7f906562f4e0_0 .net "RADDR_6", 0 0, o0x7f90670435f8;  0 drivers
o0x7f9067043628 .functor BUFZ 1, C4<z>; HiZ drive
v0x7f906562f570_0 .net "RADDR_7", 0 0, o0x7f9067043628;  0 drivers
o0x7f9067043658 .functor BUFZ 1, C4<z>; HiZ drive
v0x7f906562f600_0 .net "RADDR_8", 0 0, o0x7f9067043658;  0 drivers
o0x7f9067043688 .functor BUFZ 1, C4<z>; HiZ drive
v0x7f906563fed0_0 .net "RADDR_9", 0 0, o0x7f9067043688;  0 drivers
o0x7f90670436b8 .functor BUFZ 1, C4<z>; HiZ drive
v0x7f906563ff60_0 .net "RCLK", 0 0, o0x7f90670436b8;  0 drivers
o0x7f90670436e8 .functor BUFZ 1, C4<z>; HiZ drive
v0x7f906563fff0_0 .net "RCLKE", 0 0, o0x7f90670436e8;  0 drivers
v0x7f9065640080_0 .net "RDATA_0", 0 0, L_0x7f90654912f0;  1 drivers
v0x7f9065640110_0 .net "RDATA_1", 0 0, L_0x7f9065491050;  1 drivers
v0x7f90656401a0_0 .net "RDATA_10", 0 0, L_0x7f9065490830;  1 drivers
v0x7f9065640230_0 .net "RDATA_11", 0 0, L_0x7f9065490760;  1 drivers
v0x7f9065631e80_0 .net "RDATA_12", 0 0, L_0x7f90654906c0;  1 drivers
v0x7f90656402c0_0 .net "RDATA_13", 0 0, L_0x7f9065490560;  1 drivers
v0x7f9065640350_0 .net "RDATA_14", 0 0, L_0x7f90654904c0;  1 drivers
v0x7f9065642dd0_0 .net "RDATA_15", 0 0, L_0x7f90654903b0;  1 drivers
v0x7f9065642e60_0 .net "RDATA_2", 0 0, L_0x7f9065490fb0;  1 drivers
v0x7f9065642ef0_0 .net "RDATA_3", 0 0, L_0x7f9065490ea0;  1 drivers
v0x7f9065642f80_0 .net "RDATA_4", 0 0, L_0x7f9065490e00;  1 drivers
v0x7f90656581f0_0 .net "RDATA_5", 0 0, L_0x7f9065490d00;  1 drivers
v0x7f9065658280_0 .net "RDATA_6", 0 0, L_0x7f9065490c60;  1 drivers
v0x7f9065658310_0 .net "RDATA_7", 0 0, L_0x7f9065490b70;  1 drivers
v0x7f90656583a0_0 .net "RDATA_8", 0 0, L_0x7f9065490ad0;  1 drivers
v0x7f9065658430_0 .net "RDATA_9", 0 0, L_0x7f90654908d0;  1 drivers
o0x7f9067043a18 .functor BUFZ 1, C4<z>; HiZ drive
v0x7f90656584c0_0 .net "RE", 0 0, o0x7f9067043a18;  0 drivers
o0x7f9067043a48 .functor BUFZ 1, C4<z>; HiZ drive
v0x7f9065658550_0 .net "WADDR_0", 0 0, o0x7f9067043a48;  0 drivers
o0x7f9067043a78 .functor BUFZ 1, C4<z>; HiZ drive
v0x7f90656585e0_0 .net "WADDR_1", 0 0, o0x7f9067043a78;  0 drivers
o0x7f9067043aa8 .functor BUFZ 1, C4<z>; HiZ drive
v0x7f9065658670_0 .net "WADDR_10", 0 0, o0x7f9067043aa8;  0 drivers
o0x7f9067043ad8 .functor BUFZ 1, C4<z>; HiZ drive
v0x7f9065658700_0 .net "WADDR_2", 0 0, o0x7f9067043ad8;  0 drivers
o0x7f9067043b08 .functor BUFZ 1, C4<z>; HiZ drive
v0x7f9065658790_0 .net "WADDR_3", 0 0, o0x7f9067043b08;  0 drivers
o0x7f9067043b38 .functor BUFZ 1, C4<z>; HiZ drive
v0x7f906568ee60_0 .net "WADDR_4", 0 0, o0x7f9067043b38;  0 drivers
o0x7f9067043b68 .functor BUFZ 1, C4<z>; HiZ drive
v0x7f906568eef0_0 .net "WADDR_5", 0 0, o0x7f9067043b68;  0 drivers
o0x7f9067043b98 .functor BUFZ 1, C4<z>; HiZ drive
v0x7f906568ef80_0 .net "WADDR_6", 0 0, o0x7f9067043b98;  0 drivers
o0x7f9067043bc8 .functor BUFZ 1, C4<z>; HiZ drive
v0x7f906568f010_0 .net "WADDR_7", 0 0, o0x7f9067043bc8;  0 drivers
o0x7f9067043bf8 .functor BUFZ 1, C4<z>; HiZ drive
v0x7f906568f0a0_0 .net "WADDR_8", 0 0, o0x7f9067043bf8;  0 drivers
o0x7f9067043c28 .functor BUFZ 1, C4<z>; HiZ drive
v0x7f906568f130_0 .net "WADDR_9", 0 0, o0x7f9067043c28;  0 drivers
o0x7f9067043c58 .functor BUFZ 1, C4<z>; HiZ drive
v0x7f906568f1c0_0 .net "WCLK", 0 0, o0x7f9067043c58;  0 drivers
o0x7f9067043c88 .functor BUFZ 1, C4<z>; HiZ drive
v0x7f906568f250_0 .net "WCLKE", 0 0, o0x7f9067043c88;  0 drivers
o0x7f9067043cb8 .functor BUFZ 1, C4<z>; HiZ drive
v0x7f906568f2e0_0 .net "WDATA_0", 0 0, o0x7f9067043cb8;  0 drivers
o0x7f9067043ce8 .functor BUFZ 1, C4<z>; HiZ drive
v0x7f906568f370_0 .net "WDATA_1", 0 0, o0x7f9067043ce8;  0 drivers
o0x7f9067043d18 .functor BUFZ 1, C4<z>; HiZ drive
v0x7f9065558fe0_0 .net "WDATA_10", 0 0, o0x7f9067043d18;  0 drivers
o0x7f9067043d48 .functor BUFZ 1, C4<z>; HiZ drive
v0x7f9065559070_0 .net "WDATA_11", 0 0, o0x7f9067043d48;  0 drivers
o0x7f9067043d78 .functor BUFZ 1, C4<z>; HiZ drive
v0x7f9065554e40_0 .net "WDATA_12", 0 0, o0x7f9067043d78;  0 drivers
o0x7f9067043da8 .functor BUFZ 1, C4<z>; HiZ drive
v0x7f9065554ed0_0 .net "WDATA_13", 0 0, o0x7f9067043da8;  0 drivers
o0x7f9067043dd8 .functor BUFZ 1, C4<z>; HiZ drive
v0x7f906554c340_0 .net "WDATA_14", 0 0, o0x7f9067043dd8;  0 drivers
o0x7f9067043e08 .functor BUFZ 1, C4<z>; HiZ drive
v0x7f906554c3d0_0 .net "WDATA_15", 0 0, o0x7f9067043e08;  0 drivers
o0x7f9067043e38 .functor BUFZ 1, C4<z>; HiZ drive
v0x7f90655560d0_0 .net "WDATA_2", 0 0, o0x7f9067043e38;  0 drivers
o0x7f9067043e68 .functor BUFZ 1, C4<z>; HiZ drive
v0x7f9065556160_0 .net "WDATA_3", 0 0, o0x7f9067043e68;  0 drivers
o0x7f9067043e98 .functor BUFZ 1, C4<z>; HiZ drive
v0x7f9065555db0_0 .net "WDATA_4", 0 0, o0x7f9067043e98;  0 drivers
o0x7f9067043ec8 .functor BUFZ 1, C4<z>; HiZ drive
v0x7f9065555e40_0 .net "WDATA_5", 0 0, o0x7f9067043ec8;  0 drivers
o0x7f9067043ef8 .functor BUFZ 1, C4<z>; HiZ drive
v0x7f90655555b0_0 .net "WDATA_6", 0 0, o0x7f9067043ef8;  0 drivers
o0x7f9067043f28 .functor BUFZ 1, C4<z>; HiZ drive
v0x7f9065555640_0 .net "WDATA_7", 0 0, o0x7f9067043f28;  0 drivers
o0x7f9067043f58 .functor BUFZ 1, C4<z>; HiZ drive
v0x7f90655509a0_0 .net "WDATA_8", 0 0, o0x7f9067043f58;  0 drivers
o0x7f9067043f88 .functor BUFZ 1, C4<z>; HiZ drive
v0x7f9065550a30_0 .net "WDATA_9", 0 0, o0x7f9067043f88;  0 drivers
o0x7f9067043fb8 .functor BUFZ 1, C4<z>; HiZ drive
v0x7f906554fd40_0 .net "WE", 0 0, o0x7f9067043fb8;  0 drivers
v0x7f906554fdd0_0 .net *"_ivl_100", 0 0, L_0x7f906557c7c0;  1 drivers
v0x7f90655510c0_0 .net *"_ivl_102", 0 0, L_0x7f906557c8a0;  1 drivers
v0x7f9065551150_0 .net *"_ivl_104", 0 0, L_0x7f906557c610;  1 drivers
v0x7f9065550cc0_0 .net *"_ivl_106", 0 0, L_0x7f906557c6f0;  1 drivers
v0x7f9065550d50_0 .net *"_ivl_108", 0 0, L_0x7f906557c980;  1 drivers
v0x7f9065558c70_0 .net *"_ivl_110", 0 0, L_0x7f906557ca60;  1 drivers
v0x7f9065558d00_0 .net *"_ivl_112", 0 0, L_0x7f906557cd40;  1 drivers
v0x7f9065550500_0 .net *"_ivl_114", 0 0, L_0x7f906557ce20;  1 drivers
v0x7f9065550590_0 .net *"_ivl_116", 0 0, L_0x7f906557cb60;  1 drivers
v0x7f9065556490_0 .net *"_ivl_120", 0 0, L_0x7f906557cf00;  1 drivers
v0x7f9065556520_0 .net *"_ivl_122", 0 0, L_0x7f906557cfa0;  1 drivers
v0x7f90655552f0_0 .net *"_ivl_124", 0 0, L_0x7f906557d040;  1 drivers
v0x7f9065555380_0 .net *"_ivl_126", 0 0, L_0x7f906557d790;  1 drivers
v0x7f9065553c70_0 .net *"_ivl_128", 0 0, L_0x7f906557d580;  1 drivers
v0x7f9065553d00_0 .net *"_ivl_130", 0 0, L_0x7f906557d620;  1 drivers
v0x7f9065553d90_0 .net *"_ivl_132", 0 0, L_0x7f906557d6c0;  1 drivers
v0x7f90655283e0_0 .net *"_ivl_134", 0 0, L_0x7f906557da60;  1 drivers
v0x7f9065528470_0 .net *"_ivl_136", 0 0, L_0x7f906557d830;  1 drivers
v0x7f9065528500_0 .net *"_ivl_138", 0 0, L_0x7f906557d8d0;  1 drivers
v0x7f9065528590_0 .net *"_ivl_140", 0 0, L_0x7f906557d990;  1 drivers
v0x7f90655152a0_0 .net *"_ivl_142", 0 0, L_0x7f906557dd70;  1 drivers
v0x7f9065515330_0 .net *"_ivl_144", 0 0, L_0x7f906557db00;  1 drivers
v0x7f90655153c0_0 .net *"_ivl_146", 0 0, L_0x7f906557dbe0;  1 drivers
v0x7f9065515450_0 .net *"_ivl_148", 0 0, L_0x7f906557e0c0;  1 drivers
v0x7f90655154e0_0 .net *"_ivl_150", 0 0, L_0x7f906557e160;  1 drivers
v0x7f9065507c30_0 .net *"_ivl_18", 0 0, L_0x7f9065491390;  1 drivers
v0x7f9065507cc0_0 .net/2u *"_ivl_19", 0 0, L_0x7f9067073320;  1 drivers
v0x7f9065507d50_0 .net *"_ivl_28", 0 0, L_0x7f906557a3a0;  1 drivers
v0x7f9065507de0_0 .net *"_ivl_30", 0 0, L_0x7f906557a490;  1 drivers
v0x7f9065507e70_0 .net *"_ivl_32", 0 0, L_0x7f906557a570;  1 drivers
v0x7f9065513110_0 .net *"_ivl_34", 0 0, L_0x7f906557a650;  1 drivers
v0x7f90655131a0_0 .net *"_ivl_36", 0 0, L_0x7f906557a730;  1 drivers
v0x7f9065513230_0 .net *"_ivl_38", 0 0, L_0x7f906557a810;  1 drivers
v0x7f90655132c0_0 .net *"_ivl_40", 0 0, L_0x7f906557a8f0;  1 drivers
v0x7f9065513350_0 .net *"_ivl_42", 0 0, L_0x7f906557a9d0;  1 drivers
v0x7f906551f240_0 .net *"_ivl_44", 0 0, L_0x7f906557aab0;  1 drivers
v0x7f906551f2d0_0 .net *"_ivl_46", 0 0, L_0x7f906557ab90;  1 drivers
v0x7f906551f360_0 .net *"_ivl_48", 0 0, L_0x7f906557ac70;  1 drivers
v0x7f906551f3f0_0 .net *"_ivl_52", 0 0, L_0x7f906557b130;  1 drivers
v0x7f906551f480_0 .net/2u *"_ivl_53", 0 0, L_0x7f9067073368;  1 drivers
v0x7f9065511a20_0 .net *"_ivl_62", 0 0, L_0x7f906557b510;  1 drivers
v0x7f9065511ab0_0 .net *"_ivl_64", 0 0, L_0x7f906557b360;  1 drivers
v0x7f9065511b40_0 .net *"_ivl_66", 0 0, L_0x7f906557b6d0;  1 drivers
v0x7f9065511bd0_0 .net *"_ivl_68", 0 0, L_0x7f906557b5b0;  1 drivers
v0x7f9065511c60_0 .net *"_ivl_70", 0 0, L_0x7f906557b8a0;  1 drivers
v0x7f9065511cf0_0 .net *"_ivl_72", 0 0, L_0x7f906557b770;  1 drivers
v0x7f906550fb90_0 .net *"_ivl_74", 0 0, L_0x7f906557ba80;  1 drivers
v0x7f906550fc20_0 .net *"_ivl_76", 0 0, L_0x7f906557b940;  1 drivers
v0x7f906550fcb0_0 .net *"_ivl_78", 0 0, L_0x7f906557bc70;  1 drivers
v0x7f906550fd40_0 .net *"_ivl_80", 0 0, L_0x7f906557bb20;  1 drivers
v0x7f906550fdd0_0 .net *"_ivl_82", 0 0, L_0x7f906557bbc0;  1 drivers
v0x7f906550fe60_0 .net *"_ivl_86", 0 0, L_0x7f906557c2a0;  1 drivers
v0x7f906550d330_0 .net *"_ivl_88", 0 0, L_0x7f906557beb0;  1 drivers
v0x7f906550d3c0_0 .net *"_ivl_90", 0 0, L_0x7f906557bf50;  1 drivers
v0x7f906550d450_0 .net *"_ivl_92", 0 0, L_0x7f906557c4d0;  1 drivers
v0x7f906550d4e0_0 .net *"_ivl_94", 0 0, L_0x7f906557c570;  1 drivers
v0x7f906550d570_0 .net *"_ivl_96", 0 0, L_0x7f906557c340;  1 drivers
v0x7f906550d600_0 .net *"_ivl_98", 0 0, L_0x7f906557c3e0;  1 drivers
L_0x7f90654903b0 .part v0x7f90656393e0_0, 15, 1;
L_0x7f90654904c0 .part v0x7f90656393e0_0, 14, 1;
L_0x7f9065490560 .part v0x7f90656393e0_0, 13, 1;
L_0x7f90654906c0 .part v0x7f90656393e0_0, 12, 1;
L_0x7f9065490760 .part v0x7f90656393e0_0, 11, 1;
L_0x7f9065490830 .part v0x7f90656393e0_0, 10, 1;
L_0x7f90654908d0 .part v0x7f90656393e0_0, 9, 1;
L_0x7f9065490ad0 .part v0x7f90656393e0_0, 8, 1;
L_0x7f9065490b70 .part v0x7f90656393e0_0, 7, 1;
L_0x7f9065490c60 .part v0x7f90656393e0_0, 6, 1;
L_0x7f9065490d00 .part v0x7f90656393e0_0, 5, 1;
L_0x7f9065490e00 .part v0x7f90656393e0_0, 4, 1;
L_0x7f9065490ea0 .part v0x7f90656393e0_0, 3, 1;
L_0x7f9065490fb0 .part v0x7f90656393e0_0, 2, 1;
L_0x7f9065491050 .part v0x7f90656393e0_0, 1, 1;
L_0x7f90654912f0 .part v0x7f90656393e0_0, 0, 1;
L_0x7f9065491390 .ufunc/vec4 TD_ICESTORM_RAM.pd, 1, o0x7f90670436b8 (v0x7f906560b630_0) S_0x7f9065643550;
L_0x7f906557a210 .ufunc/vec4 TD_ICESTORM_RAM.pu, 1, o0x7f90670436e8 (v0x7f9065626930_0) S_0x7f906560b6c0;
L_0x7f906557a2b0 .ufunc/vec4 TD_ICESTORM_RAM.pd, 1, o0x7f9067043a18 (v0x7f906560b630_0) S_0x7f9065643550;
L_0x7f906557a3a0 .ufunc/vec4 TD_ICESTORM_RAM.pd, 1, o0x7f9067043508 (v0x7f906560b630_0) S_0x7f9065643550;
L_0x7f906557a490 .ufunc/vec4 TD_ICESTORM_RAM.pd, 1, o0x7f9067043688 (v0x7f906560b630_0) S_0x7f9065643550;
L_0x7f906557a570 .ufunc/vec4 TD_ICESTORM_RAM.pd, 1, o0x7f9067043658 (v0x7f906560b630_0) S_0x7f9065643550;
L_0x7f906557a650 .ufunc/vec4 TD_ICESTORM_RAM.pd, 1, o0x7f9067043628 (v0x7f906560b630_0) S_0x7f9065643550;
L_0x7f906557a730 .ufunc/vec4 TD_ICESTORM_RAM.pd, 1, o0x7f90670435f8 (v0x7f906560b630_0) S_0x7f9065643550;
L_0x7f906557a810 .ufunc/vec4 TD_ICESTORM_RAM.pd, 1, o0x7f90670435c8 (v0x7f906560b630_0) S_0x7f9065643550;
L_0x7f906557a8f0 .ufunc/vec4 TD_ICESTORM_RAM.pd, 1, o0x7f9067043598 (v0x7f906560b630_0) S_0x7f9065643550;
L_0x7f906557a9d0 .ufunc/vec4 TD_ICESTORM_RAM.pd, 1, o0x7f9067043568 (v0x7f906560b630_0) S_0x7f9065643550;
L_0x7f906557aab0 .ufunc/vec4 TD_ICESTORM_RAM.pd, 1, o0x7f9067043538 (v0x7f906560b630_0) S_0x7f9065643550;
L_0x7f906557ab90 .ufunc/vec4 TD_ICESTORM_RAM.pd, 1, o0x7f90670434d8 (v0x7f906560b630_0) S_0x7f9065643550;
L_0x7f906557ac70 .ufunc/vec4 TD_ICESTORM_RAM.pd, 1, o0x7f90670434a8 (v0x7f906560b630_0) S_0x7f9065643550;
LS_0x7f906557ad50_0_0 .concat [ 1 1 1 1], L_0x7f906557ac70, L_0x7f906557ab90, L_0x7f906557aab0, L_0x7f906557a9d0;
LS_0x7f906557ad50_0_4 .concat [ 1 1 1 1], L_0x7f906557a8f0, L_0x7f906557a810, L_0x7f906557a730, L_0x7f906557a650;
LS_0x7f906557ad50_0_8 .concat [ 1 1 1 0], L_0x7f906557a570, L_0x7f906557a490, L_0x7f906557a3a0;
L_0x7f906557ad50 .concat [ 4 4 3 0], LS_0x7f906557ad50_0_0, LS_0x7f906557ad50_0_4, LS_0x7f906557ad50_0_8;
L_0x7f906557b130 .ufunc/vec4 TD_ICESTORM_RAM.pd, 1, o0x7f9067043c58 (v0x7f906560b630_0) S_0x7f9065643550;
L_0x7f906557b2c0 .ufunc/vec4 TD_ICESTORM_RAM.pu, 1, o0x7f9067043c88 (v0x7f9065626930_0) S_0x7f906560b6c0;
L_0x7f906557b470 .ufunc/vec4 TD_ICESTORM_RAM.pd, 1, o0x7f9067043fb8 (v0x7f906560b630_0) S_0x7f9065643550;
L_0x7f906557b510 .ufunc/vec4 TD_ICESTORM_RAM.pd, 1, o0x7f9067043aa8 (v0x7f906560b630_0) S_0x7f9065643550;
L_0x7f906557b360 .ufunc/vec4 TD_ICESTORM_RAM.pd, 1, o0x7f9067043c28 (v0x7f906560b630_0) S_0x7f9065643550;
L_0x7f906557b6d0 .ufunc/vec4 TD_ICESTORM_RAM.pd, 1, o0x7f9067043bf8 (v0x7f906560b630_0) S_0x7f9065643550;
L_0x7f906557b5b0 .ufunc/vec4 TD_ICESTORM_RAM.pd, 1, o0x7f9067043bc8 (v0x7f906560b630_0) S_0x7f9065643550;
L_0x7f906557b8a0 .ufunc/vec4 TD_ICESTORM_RAM.pd, 1, o0x7f9067043b98 (v0x7f906560b630_0) S_0x7f9065643550;
L_0x7f906557b770 .ufunc/vec4 TD_ICESTORM_RAM.pd, 1, o0x7f9067043b68 (v0x7f906560b630_0) S_0x7f9065643550;
L_0x7f906557ba80 .ufunc/vec4 TD_ICESTORM_RAM.pd, 1, o0x7f9067043b38 (v0x7f906560b630_0) S_0x7f9065643550;
L_0x7f906557b940 .ufunc/vec4 TD_ICESTORM_RAM.pd, 1, o0x7f9067043b08 (v0x7f906560b630_0) S_0x7f9065643550;
L_0x7f906557bc70 .ufunc/vec4 TD_ICESTORM_RAM.pd, 1, o0x7f9067043ad8 (v0x7f906560b630_0) S_0x7f9065643550;
L_0x7f906557bb20 .ufunc/vec4 TD_ICESTORM_RAM.pd, 1, o0x7f9067043a78 (v0x7f906560b630_0) S_0x7f9065643550;
L_0x7f906557bbc0 .ufunc/vec4 TD_ICESTORM_RAM.pd, 1, o0x7f9067043a48 (v0x7f906560b630_0) S_0x7f9065643550;
LS_0x7f906557bd10_0_0 .concat [ 1 1 1 1], L_0x7f906557bbc0, L_0x7f906557bb20, L_0x7f906557bc70, L_0x7f906557b940;
LS_0x7f906557bd10_0_4 .concat [ 1 1 1 1], L_0x7f906557ba80, L_0x7f906557b770, L_0x7f906557b8a0, L_0x7f906557b5b0;
LS_0x7f906557bd10_0_8 .concat [ 1 1 1 0], L_0x7f906557b6d0, L_0x7f906557b360, L_0x7f906557b510;
L_0x7f906557bd10 .concat [ 4 4 3 0], LS_0x7f906557bd10_0_0, LS_0x7f906557bd10_0_4, LS_0x7f906557bd10_0_8;
L_0x7f906557c2a0 .ufunc/vec4 TD_ICESTORM_RAM.pd, 1, o0x7f90670432f8 (v0x7f906560b630_0) S_0x7f9065643550;
L_0x7f906557beb0 .ufunc/vec4 TD_ICESTORM_RAM.pd, 1, o0x7f90670432c8 (v0x7f906560b630_0) S_0x7f9065643550;
L_0x7f906557bf50 .ufunc/vec4 TD_ICESTORM_RAM.pd, 1, o0x7f9067043298 (v0x7f906560b630_0) S_0x7f9065643550;
L_0x7f906557c4d0 .ufunc/vec4 TD_ICESTORM_RAM.pd, 1, o0x7f9067043268 (v0x7f906560b630_0) S_0x7f9065643550;
L_0x7f906557c570 .ufunc/vec4 TD_ICESTORM_RAM.pd, 1, o0x7f9067043238 (v0x7f906560b630_0) S_0x7f9065643550;
L_0x7f906557c340 .ufunc/vec4 TD_ICESTORM_RAM.pd, 1, o0x7f9067043208 (v0x7f906560b630_0) S_0x7f9065643550;
L_0x7f906557c3e0 .ufunc/vec4 TD_ICESTORM_RAM.pd, 1, o0x7f9067043478 (v0x7f906560b630_0) S_0x7f9065643550;
L_0x7f906557c7c0 .ufunc/vec4 TD_ICESTORM_RAM.pd, 1, o0x7f9067043448 (v0x7f906560b630_0) S_0x7f9065643550;
L_0x7f906557c8a0 .ufunc/vec4 TD_ICESTORM_RAM.pd, 1, o0x7f9067043418 (v0x7f906560b630_0) S_0x7f9065643550;
L_0x7f906557c610 .ufunc/vec4 TD_ICESTORM_RAM.pd, 1, o0x7f90670433e8 (v0x7f906560b630_0) S_0x7f9065643550;
L_0x7f906557c6f0 .ufunc/vec4 TD_ICESTORM_RAM.pd, 1, o0x7f90670433b8 (v0x7f906560b630_0) S_0x7f9065643550;
L_0x7f906557c980 .ufunc/vec4 TD_ICESTORM_RAM.pd, 1, o0x7f9067043388 (v0x7f906560b630_0) S_0x7f9065643550;
L_0x7f906557ca60 .ufunc/vec4 TD_ICESTORM_RAM.pd, 1, o0x7f9067043358 (v0x7f906560b630_0) S_0x7f9065643550;
L_0x7f906557cd40 .ufunc/vec4 TD_ICESTORM_RAM.pd, 1, o0x7f9067043328 (v0x7f906560b630_0) S_0x7f9065643550;
L_0x7f906557ce20 .ufunc/vec4 TD_ICESTORM_RAM.pd, 1, o0x7f90670431d8 (v0x7f906560b630_0) S_0x7f9065643550;
L_0x7f906557cb60 .ufunc/vec4 TD_ICESTORM_RAM.pd, 1, o0x7f90670431a8 (v0x7f906560b630_0) S_0x7f9065643550;
LS_0x7f906557cc40_0_0 .concat [ 1 1 1 1], L_0x7f906557cb60, L_0x7f906557ce20, L_0x7f906557cd40, L_0x7f906557ca60;
LS_0x7f906557cc40_0_4 .concat [ 1 1 1 1], L_0x7f906557c980, L_0x7f906557c6f0, L_0x7f906557c610, L_0x7f906557c8a0;
LS_0x7f906557cc40_0_8 .concat [ 1 1 1 1], L_0x7f906557c7c0, L_0x7f906557c3e0, L_0x7f906557c340, L_0x7f906557c570;
LS_0x7f906557cc40_0_12 .concat [ 1 1 1 1], L_0x7f906557c4d0, L_0x7f906557bf50, L_0x7f906557beb0, L_0x7f906557c2a0;
L_0x7f906557cc40 .concat [ 4 4 4 4], LS_0x7f906557cc40_0_0, LS_0x7f906557cc40_0_4, LS_0x7f906557cc40_0_8, LS_0x7f906557cc40_0_12;
L_0x7f906557cf00 .ufunc/vec4 TD_ICESTORM_RAM.pd, 1, o0x7f9067043e08 (v0x7f906560b630_0) S_0x7f9065643550;
L_0x7f906557cfa0 .ufunc/vec4 TD_ICESTORM_RAM.pd, 1, o0x7f9067043dd8 (v0x7f906560b630_0) S_0x7f9065643550;
L_0x7f906557d040 .ufunc/vec4 TD_ICESTORM_RAM.pd, 1, o0x7f9067043da8 (v0x7f906560b630_0) S_0x7f9065643550;
L_0x7f906557d790 .ufunc/vec4 TD_ICESTORM_RAM.pd, 1, o0x7f9067043d78 (v0x7f906560b630_0) S_0x7f9065643550;
L_0x7f906557d580 .ufunc/vec4 TD_ICESTORM_RAM.pd, 1, o0x7f9067043d48 (v0x7f906560b630_0) S_0x7f9065643550;
L_0x7f906557d620 .ufunc/vec4 TD_ICESTORM_RAM.pd, 1, o0x7f9067043d18 (v0x7f906560b630_0) S_0x7f9065643550;
L_0x7f906557d6c0 .ufunc/vec4 TD_ICESTORM_RAM.pd, 1, o0x7f9067043f88 (v0x7f906560b630_0) S_0x7f9065643550;
L_0x7f906557da60 .ufunc/vec4 TD_ICESTORM_RAM.pd, 1, o0x7f9067043f58 (v0x7f906560b630_0) S_0x7f9065643550;
L_0x7f906557d830 .ufunc/vec4 TD_ICESTORM_RAM.pd, 1, o0x7f9067043f28 (v0x7f906560b630_0) S_0x7f9065643550;
L_0x7f906557d8d0 .ufunc/vec4 TD_ICESTORM_RAM.pd, 1, o0x7f9067043ef8 (v0x7f906560b630_0) S_0x7f9065643550;
L_0x7f906557d990 .ufunc/vec4 TD_ICESTORM_RAM.pd, 1, o0x7f9067043ec8 (v0x7f906560b630_0) S_0x7f9065643550;
L_0x7f906557dd70 .ufunc/vec4 TD_ICESTORM_RAM.pd, 1, o0x7f9067043e98 (v0x7f906560b630_0) S_0x7f9065643550;
L_0x7f906557db00 .ufunc/vec4 TD_ICESTORM_RAM.pd, 1, o0x7f9067043e68 (v0x7f906560b630_0) S_0x7f9065643550;
L_0x7f906557dbe0 .ufunc/vec4 TD_ICESTORM_RAM.pd, 1, o0x7f9067043e38 (v0x7f906560b630_0) S_0x7f9065643550;
L_0x7f906557e0c0 .ufunc/vec4 TD_ICESTORM_RAM.pd, 1, o0x7f9067043ce8 (v0x7f906560b630_0) S_0x7f9065643550;
L_0x7f906557e160 .ufunc/vec4 TD_ICESTORM_RAM.pd, 1, o0x7f9067043cb8 (v0x7f906560b630_0) S_0x7f9065643550;
LS_0x7f906557de50_0_0 .concat [ 1 1 1 1], L_0x7f906557e160, L_0x7f906557e0c0, L_0x7f906557dbe0, L_0x7f906557db00;
LS_0x7f906557de50_0_4 .concat [ 1 1 1 1], L_0x7f906557dd70, L_0x7f906557d990, L_0x7f906557d8d0, L_0x7f906557d830;
LS_0x7f906557de50_0_8 .concat [ 1 1 1 1], L_0x7f906557da60, L_0x7f906557d6c0, L_0x7f906557d620, L_0x7f906557d580;
LS_0x7f906557de50_0_12 .concat [ 1 1 1 1], L_0x7f906557d790, L_0x7f906557d040, L_0x7f906557cfa0, L_0x7f906557cf00;
L_0x7f906557de50 .concat [ 4 4 4 4], LS_0x7f906557de50_0_0, LS_0x7f906557de50_0_4, LS_0x7f906557de50_0_8, LS_0x7f906557de50_0_12;
S_0x7f9065671530 .scope module, "RAM" "SB_RAM40_4K" 2 3233, 2 1487 0, S_0x7f9065753790;
 .timescale -12 -12;
    .port_info 0 /OUTPUT 16 "RDATA";
    .port_info 1 /INPUT 1 "RCLK";
    .port_info 2 /INPUT 1 "RCLKE";
    .port_info 3 /INPUT 1 "RE";
    .port_info 4 /INPUT 11 "RADDR";
    .port_info 5 /INPUT 1 "WCLK";
    .port_info 6 /INPUT 1 "WCLKE";
    .port_info 7 /INPUT 1 "WE";
    .port_info 8 /INPUT 11 "WADDR";
    .port_info 9 /INPUT 16 "MASK";
    .port_info 10 /INPUT 16 "WDATA";
P_0x7f9066817a00 .param/l "INIT_0" 0 2 1507, C4<0000000000000000000000000000000000000000000000000000000000000000000000000000000000000000000000000000000000000000000000000000000000000000000000000000000000000000000000000000000000000000000000000000000000000000000000000000000000000000000000000000000000000000>;
P_0x7f9066817a40 .param/l "INIT_1" 0 2 1508, C4<0000000000000000000000000000000000000000000000000000000000000000000000000000000000000000000000000000000000000000000000000000000000000000000000000000000000000000000000000000000000000000000000000000000000000000000000000000000000000000000000000000000000000000>;
P_0x7f9066817a80 .param/l "INIT_2" 0 2 1509, C4<0000000000000000000000000000000000000000000000000000000000000000000000000000000000000000000000000000000000000000000000000000000000000000000000000000000000000000000000000000000000000000000000000000000000000000000000000000000000000000000000000000000000000000>;
P_0x7f9066817ac0 .param/l "INIT_3" 0 2 1510, C4<0000000000000000000000000000000000000000000000000000000000000000000000000000000000000000000000000000000000000000000000000000000000000000000000000000000000000000000000000000000000000000000000000000000000000000000000000000000000000000000000000000000000000000>;
P_0x7f9066817b00 .param/l "INIT_4" 0 2 1511, C4<0000000000000000000000000000000000000000000000000000000000000000000000000000000000000000000000000000000000000000000000000000000000000000000000000000000000000000000000000000000000000000000000000000000000000000000000000000000000000000000000000000000000000000>;
P_0x7f9066817b40 .param/l "INIT_5" 0 2 1512, C4<0000000000000000000000000000000000000000000000000000000000000000000000000000000000000000000000000000000000000000000000000000000000000000000000000000000000000000000000000000000000000000000000000000000000000000000000000000000000000000000000000000000000000000>;
P_0x7f9066817b80 .param/l "INIT_6" 0 2 1513, C4<0000000000000000000000000000000000000000000000000000000000000000000000000000000000000000000000000000000000000000000000000000000000000000000000000000000000000000000000000000000000000000000000000000000000000000000000000000000000000000000000000000000000000000>;
P_0x7f9066817bc0 .param/l "INIT_7" 0 2 1514, C4<0000000000000000000000000000000000000000000000000000000000000000000000000000000000000000000000000000000000000000000000000000000000000000000000000000000000000000000000000000000000000000000000000000000000000000000000000000000000000000000000000000000000000000>;
P_0x7f9066817c00 .param/l "INIT_8" 0 2 1515, C4<0000000000000000000000000000000000000000000000000000000000000000000000000000000000000000000000000000000000000000000000000000000000000000000000000000000000000000000000000000000000000000000000000000000000000000000000000000000000000000000000000000000000000000>;
P_0x7f9066817c40 .param/l "INIT_9" 0 2 1516, C4<0000000000000000000000000000000000000000000000000000000000000000000000000000000000000000000000000000000000000000000000000000000000000000000000000000000000000000000000000000000000000000000000000000000000000000000000000000000000000000000000000000000000000000>;
P_0x7f9066817c80 .param/l "INIT_A" 0 2 1517, C4<0000000000000000000000000000000000000000000000000000000000000000000000000000000000000000000000000000000000000000000000000000000000000000000000000000000000000000000000000000000000000000000000000000000000000000000000000000000000000000000000000000000000000000>;
P_0x7f9066817cc0 .param/l "INIT_B" 0 2 1518, C4<0000000000000000000000000000000000000000000000000000000000000000000000000000000000000000000000000000000000000000000000000000000000000000000000000000000000000000000000000000000000000000000000000000000000000000000000000000000000000000000000000000000000000000>;
P_0x7f9066817d00 .param/l "INIT_C" 0 2 1519, C4<0000000000000000000000000000000000000000000000000000000000000000000000000000000000000000000000000000000000000000000000000000000000000000000000000000000000000000000000000000000000000000000000000000000000000000000000000000000000000000000000000000000000000000>;
P_0x7f9066817d40 .param/l "INIT_D" 0 2 1520, C4<0000000000000000000000000000000000000000000000000000000000000000000000000000000000000000000000000000000000000000000000000000000000000000000000000000000000000000000000000000000000000000000000000000000000000000000000000000000000000000000000000000000000000000>;
P_0x7f9066817d80 .param/l "INIT_E" 0 2 1521, C4<0000000000000000000000000000000000000000000000000000000000000000000000000000000000000000000000000000000000000000000000000000000000000000000000000000000000000000000000000000000000000000000000000000000000000000000000000000000000000000000000000000000000000000>;
P_0x7f9066817dc0 .param/l "INIT_F" 0 2 1522, C4<0000000000000000000000000000000000000000000000000000000000000000000000000000000000000000000000000000000000000000000000000000000000000000000000000000000000000000000000000000000000000000000000000000000000000000000000000000000000000000000000000000000000000000>;
P_0x7f9066817e00 .param/str "INIT_FILE" 0 2 1524, "\000";
P_0x7f9066817e40 .param/l "READ_MODE" 0 2 1505, +C4<00000000000000000000000000000000>;
P_0x7f9066817e80 .param/l "WRITE_MODE" 0 2 1504, +C4<00000000000000000000000000000000>;
v0x7f9065687290_0 .net "MASK", 15 0, L_0x7f906557cc40;  1 drivers
v0x7f9065687650_0 .net "RADDR", 10 0, L_0x7f906557ad50;  1 drivers
v0x7f90656738f0_0 .net "RCLK", 0 0, L_0x7f906557a120;  1 drivers
v0x7f90656392c0_0 .net "RCLKE", 0 0, L_0x7f906557a210;  1 drivers
v0x7f9065639350_0 .net "RDATA", 15 0, v0x7f90656393e0_0;  1 drivers
v0x7f90656393e0_0 .var "RDATA_I", 15 0;
v0x7f9065635730_0 .net "RE", 0 0, L_0x7f906557a2b0;  1 drivers
L_0x7f90670732d8 .functor BUFT 1, C4<0000000000000000>, C4<0>, C4<0>, C4<0>;
v0x7f90656357c0_0 .net "RMASK_I", 15 0, L_0x7f90670732d8;  1 drivers
v0x7f9065635850_0 .net "WADDR", 10 0, L_0x7f906557bd10;  1 drivers
v0x7f90656358e0_0 .net "WCLK", 0 0, L_0x7f906557b1d0;  1 drivers
v0x7f9065635970_0 .net "WCLKE", 0 0, L_0x7f906557b2c0;  1 drivers
v0x7f906564c560_0 .net "WDATA", 15 0, L_0x7f906557de50;  1 drivers
v0x7f906564c5f0_0 .net "WDATA_I", 15 0, L_0x7f9065490220;  1 drivers
v0x7f906564c680_0 .net "WE", 0 0, L_0x7f906557b470;  1 drivers
v0x7f906564c710_0 .net "WMASK_I", 15 0, L_0x7f9065490150;  1 drivers
v0x7f906564c7a0_0 .var/i "i", 31 0;
v0x7f90656433c0 .array "memory", 255 0, 15 0;
E_0x7f906567d640 .event posedge, v0x7f90656738f0_0;
E_0x7f9065642810 .event posedge, v0x7f90656358e0_0;
S_0x7f9065667e80 .scope generate, "genblk1" "genblk1" 2 1534, 2 1534 0, S_0x7f9065671530;
 .timescale -12 -12;
L_0x7f9065490150 .functor BUFZ 16, L_0x7f906557cc40, C4<0000000000000000>, C4<0000000000000000>, C4<0000000000000000>;
S_0x7f906567f330 .scope generate, "genblk2" "genblk2" 2 1555, 2 1555 0, S_0x7f9065671530;
 .timescale -12 -12;
S_0x7f906567de40 .scope generate, "genblk3" "genblk3" 2 1576, 2 1576 0, S_0x7f9065671530;
 .timescale -12 -12;
L_0x7f9065490220 .functor BUFZ 16, L_0x7f906557de50, C4<0000000000000000>, C4<0000000000000000>, C4<0000000000000000>;
S_0x7f9065639150 .scope generate, "genblk4" "genblk4" 2 1595, 2 1595 0, S_0x7f9065671530;
 .timescale -12 -12;
S_0x7f9065643550 .scope function.vec4.s1, "pd" "pd" 2 3200, 2 3200 0, S_0x7f9065753790;
 .timescale -12 -12;
; Variable pd is vec4 return value of scope S_0x7f9065643550
v0x7f906560b630_0 .var "x", 0 0;
TD_ICESTORM_RAM.pd ;
    %load/vec4 v0x7f906560b630_0;
    %cmpi/e 0, 1, 1;
    %flag_mov 8, 6;
    %jmp/0 T_0.0, 8;
    %pushi/vec4 0, 0, 1;
    %jmp/1 T_0.1, 8;
T_0.0 ; End of true expr.
    %load/vec4 v0x7f906560b630_0;
    %jmp/0 T_0.1, 8;
 ; End of false expr.
    %blend;
T_0.1;
    %ret/vec4 0, 0, 1;  Assign to pd (store_vec4_to_lval)
    %end;
S_0x7f906560b6c0 .scope function.vec4.s1, "pu" "pu" 2 3207, 2 3207 0, S_0x7f9065753790;
 .timescale -12 -12;
; Variable pu is vec4 return value of scope S_0x7f906560b6c0
v0x7f9065626930_0 .var "x", 0 0;
TD_ICESTORM_RAM.pu ;
    %load/vec4 v0x7f9065626930_0;
    %cmpi/e 0, 1, 1;
    %flag_mov 8, 6;
    %jmp/0 T_1.2, 8;
    %pushi/vec4 1, 0, 1;
    %jmp/1 T_1.3, 8;
T_1.2 ; End of true expr.
    %load/vec4 v0x7f9065626930_0;
    %jmp/0 T_1.3, 8;
 ; End of false expr.
    %blend;
T_1.3;
    %ret/vec4 0, 0, 1;  Assign to pu (store_vec4_to_lval)
    %end;
S_0x7f906567c260 .scope module, "SB_CARRY" "SB_CARRY" 2 228;
 .timescale -12 -12;
    .port_info 0 /OUTPUT 1 "CO";
    .port_info 1 /INPUT 1 "I0";
    .port_info 2 /INPUT 1 "I1";
    .port_info 3 /INPUT 1 "CI";
o0x7f9067045968 .functor BUFZ 1, C4<z>; HiZ drive
o0x7f9067045998 .functor BUFZ 1, C4<z>; HiZ drive
L_0x7f906557e780 .functor AND 1, o0x7f9067045968, o0x7f9067045998, C4<1>, C4<1>;
L_0x7f906557e7f0 .functor OR 1, o0x7f9067045968, o0x7f9067045998, C4<0>, C4<0>;
o0x7f9067045908 .functor BUFZ 1, C4<z>; HiZ drive
L_0x7f906557e8e0 .functor AND 1, L_0x7f906557e7f0, o0x7f9067045908, C4<1>, C4<1>;
L_0x7f906557e990 .functor OR 1, L_0x7f906557e780, L_0x7f906557e8e0, C4<0>, C4<0>;
v0x7f906555f6b0_0 .net "CI", 0 0, o0x7f9067045908;  0 drivers
v0x7f906555f740_0 .net "CO", 0 0, L_0x7f906557e990;  1 drivers
v0x7f906555f7d0_0 .net "I0", 0 0, o0x7f9067045968;  0 drivers
v0x7f906555f860_0 .net "I1", 0 0, o0x7f9067045998;  0 drivers
v0x7f906555f8f0_0 .net *"_ivl_1", 0 0, L_0x7f906557e780;  1 drivers
v0x7f906555f9c0_0 .net *"_ivl_3", 0 0, L_0x7f906557e7f0;  1 drivers
v0x7f906555fa60_0 .net *"_ivl_5", 0 0, L_0x7f906557e8e0;  1 drivers
S_0x7f906567b6b0 .scope module, "SB_DFF" "SB_DFF" 2 265;
 .timescale -12 -12;
    .port_info 0 /OUTPUT 1 "Q";
    .port_info 1 /INPUT 1 "C";
    .port_info 2 /INPUT 1 "D";
o0x7f9067045b18 .functor BUFZ 1, C4<z>; HiZ drive
v0x7f906555fba0_0 .net "C", 0 0, o0x7f9067045b18;  0 drivers
o0x7f9067045b48 .functor BUFZ 1, C4<z>; HiZ drive
v0x7f906555fc50_0 .net "D", 0 0, o0x7f9067045b48;  0 drivers
v0x7f906555fcf0_0 .var "Q", 0 0;
E_0x7f906555fb40 .event posedge, v0x7f906555fba0_0;
S_0x7f906567aab0 .scope module, "SB_DFFE" "SB_DFFE" 2 303;
 .timescale -12 -12;
    .port_info 0 /OUTPUT 1 "Q";
    .port_info 1 /INPUT 1 "C";
    .port_info 2 /INPUT 1 "E";
    .port_info 3 /INPUT 1 "D";
o0x7f9067045c38 .functor BUFZ 1, C4<z>; HiZ drive
v0x7f906555fe50_0 .net "C", 0 0, o0x7f9067045c38;  0 drivers
o0x7f9067045c68 .functor BUFZ 1, C4<z>; HiZ drive
v0x7f906555ff00_0 .net "D", 0 0, o0x7f9067045c68;  0 drivers
o0x7f9067045c98 .functor BUFZ 1, C4<z>; HiZ drive
v0x7f906555ffa0_0 .net "E", 0 0, o0x7f9067045c98;  0 drivers
v0x7f9065560050_0 .var "Q", 0 0;
E_0x7f906555fdf0 .event posedge, v0x7f906555fe50_0;
S_0x7f906546f920 .scope module, "SB_DFFER" "SB_DFFER" 2 653;
 .timescale -12 -12;
    .port_info 0 /OUTPUT 1 "Q";
    .port_info 1 /INPUT 1 "C";
    .port_info 2 /INPUT 1 "E";
    .port_info 3 /INPUT 1 "R";
    .port_info 4 /INPUT 1 "D";
o0x7f9067045db8 .functor BUFZ 1, C4<z>; HiZ drive
v0x7f90655601b0_0 .net "C", 0 0, o0x7f9067045db8;  0 drivers
o0x7f9067045de8 .functor BUFZ 1, C4<z>; HiZ drive
v0x7f9065560260_0 .net "D", 0 0, o0x7f9067045de8;  0 drivers
o0x7f9067045e18 .functor BUFZ 1, C4<z>; HiZ drive
v0x7f9065560300_0 .net "E", 0 0, o0x7f9067045e18;  0 drivers
v0x7f90655603b0_0 .var "Q", 0 0;
o0x7f9067045e78 .functor BUFZ 1, C4<z>; HiZ drive
v0x7f9065560450_0 .net "R", 0 0, o0x7f9067045e78;  0 drivers
E_0x7f9065560150 .event posedge, v0x7f9065560450_0, v0x7f90655601b0_0;
S_0x7f906546f0c0 .scope module, "SB_DFFES" "SB_DFFES" 2 794;
 .timescale -12 -12;
    .port_info 0 /OUTPUT 1 "Q";
    .port_info 1 /INPUT 1 "C";
    .port_info 2 /INPUT 1 "E";
    .port_info 3 /INPUT 1 "S";
    .port_info 4 /INPUT 1 "D";
o0x7f9067045f98 .functor BUFZ 1, C4<z>; HiZ drive
v0x7f9065560610_0 .net "C", 0 0, o0x7f9067045f98;  0 drivers
o0x7f9067045fc8 .functor BUFZ 1, C4<z>; HiZ drive
v0x7f90655606c0_0 .net "D", 0 0, o0x7f9067045fc8;  0 drivers
o0x7f9067045ff8 .functor BUFZ 1, C4<z>; HiZ drive
v0x7f9065560760_0 .net "E", 0 0, o0x7f9067045ff8;  0 drivers
v0x7f90655607f0_0 .var "Q", 0 0;
o0x7f9067046058 .functor BUFZ 1, C4<z>; HiZ drive
v0x7f9065560890_0 .net "S", 0 0, o0x7f9067046058;  0 drivers
E_0x7f90655605b0 .event posedge, v0x7f9065560890_0, v0x7f9065560610_0;
S_0x7f906546cf80 .scope module, "SB_DFFESR" "SB_DFFESR" 2 592;
 .timescale -12 -12;
    .port_info 0 /OUTPUT 1 "Q";
    .port_info 1 /INPUT 1 "C";
    .port_info 2 /INPUT 1 "E";
    .port_info 3 /INPUT 1 "R";
    .port_info 4 /INPUT 1 "D";
o0x7f9067046178 .functor BUFZ 1, C4<z>; HiZ drive
v0x7f9065560a50_0 .net "C", 0 0, o0x7f9067046178;  0 drivers
o0x7f90670461a8 .functor BUFZ 1, C4<z>; HiZ drive
v0x7f9065560b00_0 .net "D", 0 0, o0x7f90670461a8;  0 drivers
o0x7f90670461d8 .functor BUFZ 1, C4<z>; HiZ drive
v0x7f9065560ba0_0 .net "E", 0 0, o0x7f90670461d8;  0 drivers
v0x7f9065560c30_0 .var "Q", 0 0;
o0x7f9067046238 .functor BUFZ 1, C4<z>; HiZ drive
v0x7f9065560cd0_0 .net "R", 0 0, o0x7f9067046238;  0 drivers
E_0x7f90655609f0 .event posedge, v0x7f9065560a50_0;
S_0x7f9065473bb0 .scope module, "SB_DFFESS" "SB_DFFESS" 2 733;
 .timescale -12 -12;
    .port_info 0 /OUTPUT 1 "Q";
    .port_info 1 /INPUT 1 "C";
    .port_info 2 /INPUT 1 "E";
    .port_info 3 /INPUT 1 "S";
    .port_info 4 /INPUT 1 "D";
o0x7f9067046358 .functor BUFZ 1, C4<z>; HiZ drive
v0x7f9065560e90_0 .net "C", 0 0, o0x7f9067046358;  0 drivers
o0x7f9067046388 .functor BUFZ 1, C4<z>; HiZ drive
v0x7f9065560f40_0 .net "D", 0 0, o0x7f9067046388;  0 drivers
o0x7f90670463b8 .functor BUFZ 1, C4<z>; HiZ drive
v0x7f9065560fe0_0 .net "E", 0 0, o0x7f90670463b8;  0 drivers
v0x7f9065561070_0 .var "Q", 0 0;
o0x7f9067046418 .functor BUFZ 1, C4<z>; HiZ drive
v0x7f9065561110_0 .net "S", 0 0, o0x7f9067046418;  0 drivers
E_0x7f9065560e30 .event posedge, v0x7f9065560e90_0;
S_0x7f906546b910 .scope module, "SB_DFFN" "SB_DFFN" 2 876;
 .timescale -12 -12;
    .port_info 0 /OUTPUT 1 "Q";
    .port_info 1 /INPUT 1 "C";
    .port_info 2 /INPUT 1 "D";
o0x7f9067046538 .functor BUFZ 1, C4<z>; HiZ drive
v0x7f90655612d0_0 .net "C", 0 0, o0x7f9067046538;  0 drivers
o0x7f9067046568 .functor BUFZ 1, C4<z>; HiZ drive
v0x7f9065561380_0 .net "D", 0 0, o0x7f9067046568;  0 drivers
v0x7f9065561420_0 .var "Q", 0 0;
E_0x7f9065561270 .event negedge, v0x7f90655612d0_0;
S_0x7f906546c890 .scope module, "SB_DFFNE" "SB_DFFNE" 2 914;
 .timescale -12 -12;
    .port_info 0 /OUTPUT 1 "Q";
    .port_info 1 /INPUT 1 "C";
    .port_info 2 /INPUT 1 "E";
    .port_info 3 /INPUT 1 "D";
o0x7f9067046658 .functor BUFZ 1, C4<z>; HiZ drive
v0x7f9065561560_0 .net "C", 0 0, o0x7f9067046658;  0 drivers
o0x7f9067046688 .functor BUFZ 1, C4<z>; HiZ drive
v0x7f9065561610_0 .net "D", 0 0, o0x7f9067046688;  0 drivers
o0x7f90670466b8 .functor BUFZ 1, C4<z>; HiZ drive
v0x7f90655616b0_0 .net "E", 0 0, o0x7f90670466b8;  0 drivers
v0x7f9065561760_0 .var "Q", 0 0;
E_0x7f9065561500 .event negedge, v0x7f9065561560_0;
S_0x7f906545fd80 .scope module, "SB_DFFNER" "SB_DFFNER" 2 1264;
 .timescale -12 -12;
    .port_info 0 /OUTPUT 1 "Q";
    .port_info 1 /INPUT 1 "C";
    .port_info 2 /INPUT 1 "E";
    .port_info 3 /INPUT 1 "R";
    .port_info 4 /INPUT 1 "D";
o0x7f90670467d8 .functor BUFZ 1, C4<z>; HiZ drive
v0x7f90655618c0_0 .net "C", 0 0, o0x7f90670467d8;  0 drivers
o0x7f9067046808 .functor BUFZ 1, C4<z>; HiZ drive
v0x7f9065561970_0 .net "D", 0 0, o0x7f9067046808;  0 drivers
o0x7f9067046838 .functor BUFZ 1, C4<z>; HiZ drive
v0x7f9065561a10_0 .net "E", 0 0, o0x7f9067046838;  0 drivers
v0x7f9065561ac0_0 .var "Q", 0 0;
o0x7f9067046898 .functor BUFZ 1, C4<z>; HiZ drive
v0x7f9065561b60_0 .net "R", 0 0, o0x7f9067046898;  0 drivers
E_0x7f9065561860/0 .event negedge, v0x7f90655618c0_0;
E_0x7f9065561860/1 .event posedge, v0x7f9065561b60_0;
E_0x7f9065561860 .event/or E_0x7f9065561860/0, E_0x7f9065561860/1;
S_0x7f9065458860 .scope module, "SB_DFFNES" "SB_DFFNES" 2 1405;
 .timescale -12 -12;
    .port_info 0 /OUTPUT 1 "Q";
    .port_info 1 /INPUT 1 "C";
    .port_info 2 /INPUT 1 "E";
    .port_info 3 /INPUT 1 "S";
    .port_info 4 /INPUT 1 "D";
o0x7f90670469b8 .functor BUFZ 1, C4<z>; HiZ drive
v0x7f9065561d20_0 .net "C", 0 0, o0x7f90670469b8;  0 drivers
o0x7f90670469e8 .functor BUFZ 1, C4<z>; HiZ drive
v0x7f9065561dd0_0 .net "D", 0 0, o0x7f90670469e8;  0 drivers
o0x7f9067046a18 .functor BUFZ 1, C4<z>; HiZ drive
v0x7f9065561e70_0 .net "E", 0 0, o0x7f9067046a18;  0 drivers
v0x7f9065561f00_0 .var "Q", 0 0;
o0x7f9067046a78 .functor BUFZ 1, C4<z>; HiZ drive
v0x7f9065561fa0_0 .net "S", 0 0, o0x7f9067046a78;  0 drivers
E_0x7f9065561cc0/0 .event negedge, v0x7f9065561d20_0;
E_0x7f9065561cc0/1 .event posedge, v0x7f9065561fa0_0;
E_0x7f9065561cc0 .event/or E_0x7f9065561cc0/0, E_0x7f9065561cc0/1;
S_0x7f90654577f0 .scope module, "SB_DFFNESR" "SB_DFFNESR" 2 1203;
 .timescale -12 -12;
    .port_info 0 /OUTPUT 1 "Q";
    .port_info 1 /INPUT 1 "C";
    .port_info 2 /INPUT 1 "E";
    .port_info 3 /INPUT 1 "R";
    .port_info 4 /INPUT 1 "D";
o0x7f9067046b98 .functor BUFZ 1, C4<z>; HiZ drive
v0x7f9065562160_0 .net "C", 0 0, o0x7f9067046b98;  0 drivers
o0x7f9067046bc8 .functor BUFZ 1, C4<z>; HiZ drive
v0x7f9065562210_0 .net "D", 0 0, o0x7f9067046bc8;  0 drivers
o0x7f9067046bf8 .functor BUFZ 1, C4<z>; HiZ drive
v0x7f90655622b0_0 .net "E", 0 0, o0x7f9067046bf8;  0 drivers
v0x7f9065562340_0 .var "Q", 0 0;
o0x7f9067046c58 .functor BUFZ 1, C4<z>; HiZ drive
v0x7f90655623e0_0 .net "R", 0 0, o0x7f9067046c58;  0 drivers
E_0x7f9065562100 .event negedge, v0x7f9065562160_0;
S_0x7f9065456a90 .scope module, "SB_DFFNESS" "SB_DFFNESS" 2 1344;
 .timescale -12 -12;
    .port_info 0 /OUTPUT 1 "Q";
    .port_info 1 /INPUT 1 "C";
    .port_info 2 /INPUT 1 "E";
    .port_info 3 /INPUT 1 "S";
    .port_info 4 /INPUT 1 "D";
o0x7f9067046d78 .functor BUFZ 1, C4<z>; HiZ drive
v0x7f90655625a0_0 .net "C", 0 0, o0x7f9067046d78;  0 drivers
o0x7f9067046da8 .functor BUFZ 1, C4<z>; HiZ drive
v0x7f9065562650_0 .net "D", 0 0, o0x7f9067046da8;  0 drivers
o0x7f9067046dd8 .functor BUFZ 1, C4<z>; HiZ drive
v0x7f90655626f0_0 .net "E", 0 0, o0x7f9067046dd8;  0 drivers
v0x7f9065562780_0 .var "Q", 0 0;
o0x7f9067046e38 .functor BUFZ 1, C4<z>; HiZ drive
v0x7f9065562820_0 .net "S", 0 0, o0x7f9067046e38;  0 drivers
E_0x7f9065562540 .event negedge, v0x7f90655625a0_0;
S_0x7f90654555c0 .scope module, "SB_DFFNR" "SB_DFFNR" 2 1011;
 .timescale -12 -12;
    .port_info 0 /OUTPUT 1 "Q";
    .port_info 1 /INPUT 1 "C";
    .port_info 2 /INPUT 1 "R";
    .port_info 3 /INPUT 1 "D";
o0x7f9067046f58 .functor BUFZ 1, C4<z>; HiZ drive
v0x7f90655629e0_0 .net "C", 0 0, o0x7f9067046f58;  0 drivers
o0x7f9067046f88 .functor BUFZ 1, C4<z>; HiZ drive
v0x7f9065562a90_0 .net "D", 0 0, o0x7f9067046f88;  0 drivers
v0x7f9065562b30_0 .var "Q", 0 0;
o0x7f9067046fe8 .functor BUFZ 1, C4<z>; HiZ drive
v0x7f9065562bc0_0 .net "R", 0 0, o0x7f9067046fe8;  0 drivers
E_0x7f9065562980/0 .event negedge, v0x7f90655629e0_0;
E_0x7f9065562980/1 .event posedge, v0x7f9065562bc0_0;
E_0x7f9065562980 .event/or E_0x7f9065562980/0, E_0x7f9065562980/1;
S_0x7f90654852d0 .scope module, "SB_DFFNS" "SB_DFFNS" 2 1132;
 .timescale -12 -12;
    .port_info 0 /OUTPUT 1 "Q";
    .port_info 1 /INPUT 1 "C";
    .port_info 2 /INPUT 1 "S";
    .port_info 3 /INPUT 1 "D";
o0x7f90670470d8 .functor BUFZ 1, C4<z>; HiZ drive
v0x7f9065562d20_0 .net "C", 0 0, o0x7f90670470d8;  0 drivers
o0x7f9067047108 .functor BUFZ 1, C4<z>; HiZ drive
v0x7f9065562dd0_0 .net "D", 0 0, o0x7f9067047108;  0 drivers
v0x7f9065562e70_0 .var "Q", 0 0;
o0x7f9067047168 .functor BUFZ 1, C4<z>; HiZ drive
v0x7f9065562f20_0 .net "S", 0 0, o0x7f9067047168;  0 drivers
E_0x7f9065562cc0/0 .event negedge, v0x7f9065562d20_0;
E_0x7f9065562cc0/1 .event posedge, v0x7f9065562f20_0;
E_0x7f9065562cc0 .event/or E_0x7f9065562cc0/0, E_0x7f9065562cc0/1;
S_0x7f906546e980 .scope module, "SB_DFFNSR" "SB_DFFNSR" 2 961;
 .timescale -12 -12;
    .port_info 0 /OUTPUT 1 "Q";
    .port_info 1 /INPUT 1 "C";
    .port_info 2 /INPUT 1 "R";
    .port_info 3 /INPUT 1 "D";
o0x7f9067047258 .functor BUFZ 1, C4<z>; HiZ drive
v0x7f9065563080_0 .net "C", 0 0, o0x7f9067047258;  0 drivers
o0x7f9067047288 .functor BUFZ 1, C4<z>; HiZ drive
v0x7f9065563130_0 .net "D", 0 0, o0x7f9067047288;  0 drivers
v0x7f90655631d0_0 .var "Q", 0 0;
o0x7f90670472e8 .functor BUFZ 1, C4<z>; HiZ drive
v0x7f9065563280_0 .net "R", 0 0, o0x7f90670472e8;  0 drivers
E_0x7f9065563020 .event negedge, v0x7f9065563080_0;
S_0x7f906546e340 .scope module, "SB_DFFNSS" "SB_DFFNSS" 2 1082;
 .timescale -12 -12;
    .port_info 0 /OUTPUT 1 "Q";
    .port_info 1 /INPUT 1 "C";
    .port_info 2 /INPUT 1 "S";
    .port_info 3 /INPUT 1 "D";
o0x7f90670473d8 .functor BUFZ 1, C4<z>; HiZ drive
v0x7f90655633e0_0 .net "C", 0 0, o0x7f90670473d8;  0 drivers
o0x7f9067047408 .functor BUFZ 1, C4<z>; HiZ drive
v0x7f9065563490_0 .net "D", 0 0, o0x7f9067047408;  0 drivers
v0x7f9065563530_0 .var "Q", 0 0;
o0x7f9067047468 .functor BUFZ 1, C4<z>; HiZ drive
v0x7f90655635e0_0 .net "S", 0 0, o0x7f9067047468;  0 drivers
E_0x7f9065563380 .event negedge, v0x7f90655633e0_0;
S_0x7f906546e030 .scope module, "SB_DFFR" "SB_DFFR" 2 400;
 .timescale -12 -12;
    .port_info 0 /OUTPUT 1 "Q";
    .port_info 1 /INPUT 1 "C";
    .port_info 2 /INPUT 1 "R";
    .port_info 3 /INPUT 1 "D";
o0x7f9067047558 .functor BUFZ 1, C4<z>; HiZ drive
v0x7f9065563740_0 .net "C", 0 0, o0x7f9067047558;  0 drivers
o0x7f9067047588 .functor BUFZ 1, C4<z>; HiZ drive
v0x7f90655637f0_0 .net "D", 0 0, o0x7f9067047588;  0 drivers
v0x7f9065563890_0 .var "Q", 0 0;
o0x7f90670475e8 .functor BUFZ 1, C4<z>; HiZ drive
v0x7f9065563940_0 .net "R", 0 0, o0x7f90670475e8;  0 drivers
E_0x7f90655636e0 .event posedge, v0x7f9065563940_0, v0x7f9065563740_0;
S_0x7f906546da70 .scope module, "SB_DFFS" "SB_DFFS" 2 521;
 .timescale -12 -12;
    .port_info 0 /OUTPUT 1 "Q";
    .port_info 1 /INPUT 1 "C";
    .port_info 2 /INPUT 1 "S";
    .port_info 3 /INPUT 1 "D";
o0x7f90670476d8 .functor BUFZ 1, C4<z>; HiZ drive
v0x7f9065563aa0_0 .net "C", 0 0, o0x7f90670476d8;  0 drivers
o0x7f9067047708 .functor BUFZ 1, C4<z>; HiZ drive
v0x7f9065563b50_0 .net "D", 0 0, o0x7f9067047708;  0 drivers
v0x7f9065563bf0_0 .var "Q", 0 0;
o0x7f9067047768 .functor BUFZ 1, C4<z>; HiZ drive
v0x7f9065563ca0_0 .net "S", 0 0, o0x7f9067047768;  0 drivers
E_0x7f9065563a40 .event posedge, v0x7f9065563ca0_0, v0x7f9065563aa0_0;
S_0x7f906546d730 .scope module, "SB_DFFSR" "SB_DFFSR" 2 350;
 .timescale -12 -12;
    .port_info 0 /OUTPUT 1 "Q";
    .port_info 1 /INPUT 1 "C";
    .port_info 2 /INPUT 1 "R";
    .port_info 3 /INPUT 1 "D";
o0x7f9067047858 .functor BUFZ 1, C4<z>; HiZ drive
v0x7f9065563e00_0 .net "C", 0 0, o0x7f9067047858;  0 drivers
o0x7f9067047888 .functor BUFZ 1, C4<z>; HiZ drive
v0x7f9065563eb0_0 .net "D", 0 0, o0x7f9067047888;  0 drivers
v0x7f9065563f50_0 .var "Q", 0 0;
o0x7f90670478e8 .functor BUFZ 1, C4<z>; HiZ drive
v0x7f9065564000_0 .net "R", 0 0, o0x7f90670478e8;  0 drivers
E_0x7f9065563da0 .event posedge, v0x7f9065563e00_0;
S_0x7f906546d3f0 .scope module, "SB_DFFSS" "SB_DFFSS" 2 471;
 .timescale -12 -12;
    .port_info 0 /OUTPUT 1 "Q";
    .port_info 1 /INPUT 1 "C";
    .port_info 2 /INPUT 1 "S";
    .port_info 3 /INPUT 1 "D";
o0x7f90670479d8 .functor BUFZ 1, C4<z>; HiZ drive
v0x7f9065564160_0 .net "C", 0 0, o0x7f90670479d8;  0 drivers
o0x7f9067047a08 .functor BUFZ 1, C4<z>; HiZ drive
v0x7f9065564210_0 .net "D", 0 0, o0x7f9067047a08;  0 drivers
v0x7f90655642b0_0 .var "Q", 0 0;
o0x7f9067047a68 .functor BUFZ 1, C4<z>; HiZ drive
v0x7f9065564360_0 .net "S", 0 0, o0x7f9067047a68;  0 drivers
E_0x7f9065564100 .event posedge, v0x7f9065564160_0;
S_0x7f9065466ea0 .scope module, "SB_FILTER_50NS" "SB_FILTER_50NS" 2 2856;
 .timescale -12 -12;
    .port_info 0 /INPUT 1 "FILTERIN";
    .port_info 1 /OUTPUT 1 "FILTEROUT";
o0x7f9067047b58 .functor BUFZ 1, C4<z>; HiZ drive
v0x7f9065564460_0 .net "FILTERIN", 0 0, o0x7f9067047b58;  0 drivers
o0x7f9067047b88 .functor BUFZ 1, C4<z>; HiZ drive
v0x7f9065564510_0 .net "FILTEROUT", 0 0, o0x7f9067047b88;  0 drivers
S_0x7f9065464d10 .scope module, "SB_GB" "SB_GB" 2 162;
 .timescale -12 -12;
    .port_info 0 /INPUT 1 "USER_SIGNAL_TO_GLOBAL_BUFFER";
    .port_info 1 /OUTPUT 1 "GLOBAL_BUFFER_OUTPUT";
o0x7f9067047c48 .functor BUFZ 1, C4<z>; HiZ drive
L_0x7f906557ea80 .functor BUFZ 1, o0x7f9067047c48, C4<0>, C4<0>, C4<0>;
v0x7f90655645e0_0 .net "GLOBAL_BUFFER_OUTPUT", 0 0, L_0x7f906557ea80;  1 drivers
v0x7f9065564690_0 .net "USER_SIGNAL_TO_GLOBAL_BUFFER", 0 0, o0x7f9067047c48;  0 drivers
S_0x7f906546e630 .scope module, "SB_GB_IO" "SB_GB_IO" 2 123;
 .timescale -12 -12;
    .port_info 0 /INOUT 1 "PACKAGE_PIN";
    .port_info 1 /OUTPUT 1 "GLOBAL_BUFFER_OUTPUT";
    .port_info 2 /INPUT 1 "LATCH_INPUT_VALUE";
    .port_info 3 /INPUT 1 "CLOCK_ENABLE";
    .port_info 4 /INPUT 1 "INPUT_CLK";
    .port_info 5 /INPUT 1 "OUTPUT_CLK";
    .port_info 6 /INPUT 1 "OUTPUT_ENABLE";
    .port_info 7 /INPUT 1 "D_OUT_0";
    .port_info 8 /INPUT 1 "D_OUT_1";
    .port_info 9 /OUTPUT 1 "D_IN_0";
    .port_info 10 /OUTPUT 1 "D_IN_1";
P_0x7f90654742c0 .param/str "IO_STANDARD" 0 2 139, "SB_LVCMOS";
P_0x7f9065474300 .param/l "NEG_TRIGGER" 0 2 138, C4<0>;
P_0x7f9065474340 .param/l "PIN_TYPE" 0 2 136, C4<000000>;
P_0x7f9065474380 .param/l "PULLUP" 0 2 137, C4<0>;
o0x7f9067047e88 .functor BUFZ 1, C4<z>; HiZ drive
L_0x7f906557eaf0 .functor BUFZ 1, o0x7f9067047e88, C4<0>, C4<0>, C4<0>;
o0x7f9067047cd8 .functor BUFZ 1, C4<z>; HiZ drive
v0x7f90657639d0_0 .net "CLOCK_ENABLE", 0 0, o0x7f9067047cd8;  0 drivers
v0x7f9065723650_0 .net "D_IN_0", 0 0, L_0x7f906557ed30;  1 drivers
v0x7f9065724850_0 .net "D_IN_1", 0 0, L_0x7f906557ede0;  1 drivers
o0x7f9067047d68 .functor BUFZ 1, C4<z>; HiZ drive
v0x7f906571afb0_0 .net "D_OUT_0", 0 0, o0x7f9067047d68;  0 drivers
o0x7f9067047d98 .functor BUFZ 1, C4<z>; HiZ drive
v0x7f906571b040_0 .net "D_OUT_1", 0 0, o0x7f9067047d98;  0 drivers
v0x7f906571b0d0_0 .net "GLOBAL_BUFFER_OUTPUT", 0 0, L_0x7f906557eaf0;  1 drivers
o0x7f9067047dc8 .functor BUFZ 1, C4<z>; HiZ drive
v0x7f906571b160_0 .net "INPUT_CLK", 0 0, o0x7f9067047dc8;  0 drivers
o0x7f9067047df8 .functor BUFZ 1, C4<z>; HiZ drive
v0x7f906571b1f0_0 .net "LATCH_INPUT_VALUE", 0 0, o0x7f9067047df8;  0 drivers
o0x7f9067047e28 .functor BUFZ 1, C4<z>; HiZ drive
v0x7f9065764090_0 .net "OUTPUT_CLK", 0 0, o0x7f9067047e28;  0 drivers
o0x7f9067047e58 .functor BUFZ 1, C4<z>; HiZ drive
v0x7f9065764120_0 .net "OUTPUT_ENABLE", 0 0, o0x7f9067047e58;  0 drivers
v0x7f90657641b0_0 .net "PACKAGE_PIN", 0 0, o0x7f9067047e88;  0 drivers
S_0x7f9065564760 .scope module, "IO" "SB_IO" 2 148, 2 17 0, S_0x7f906546e630;
 .timescale -12 -12;
    .port_info 0 /INOUT 1 "PACKAGE_PIN";
    .port_info 1 /INPUT 1 "LATCH_INPUT_VALUE";
    .port_info 2 /INPUT 1 "CLOCK_ENABLE";
    .port_info 3 /INPUT 1 "INPUT_CLK";
    .port_info 4 /INPUT 1 "OUTPUT_CLK";
    .port_info 5 /INPUT 1 "OUTPUT_ENABLE";
    .port_info 6 /INPUT 1 "D_OUT_0";
    .port_info 7 /INPUT 1 "D_OUT_1";
    .port_info 8 /OUTPUT 1 "D_IN_0";
    .port_info 9 /OUTPUT 1 "D_IN_1";
P_0x7f9065564930 .param/str "IO_STANDARD" 0 2 32, "SB_LVCMOS";
P_0x7f9065564970 .param/l "NEG_TRIGGER" 0 2 31, C4<0>;
P_0x7f90655649b0 .param/l "PIN_TYPE" 0 2 29, C4<000000>;
P_0x7f90655649f0 .param/l "PULLUP" 0 2 30, C4<0>;
L_0x7f906557ec80 .functor OR 1, o0x7f9067047cd8, L_0x7f906557eba0, C4<0>, C4<0>;
L_0x7f906557ed30 .functor BUFZ 1, v0x7f906575d2f0_0, C4<0>, C4<0>, C4<0>;
L_0x7f906557ede0 .functor BUFZ 1, v0x7f906575d540_0, C4<0>, C4<0>, C4<0>;
v0x7f906548c620_0 .net "CLOCK_ENABLE", 0 0, o0x7f9067047cd8;  alias, 0 drivers
v0x7f906548c6b0_0 .net "D_IN_0", 0 0, L_0x7f906557ed30;  alias, 1 drivers
v0x7f906548c740_0 .net "D_IN_1", 0 0, L_0x7f906557ede0;  alias, 1 drivers
v0x7f906548c7d0_0 .net "D_OUT_0", 0 0, o0x7f9067047d68;  alias, 0 drivers
v0x7f906548c860_0 .net "D_OUT_1", 0 0, o0x7f9067047d98;  alias, 0 drivers
v0x7f906548c930_0 .net "INPUT_CLK", 0 0, o0x7f9067047dc8;  alias, 0 drivers
v0x7f906570fea0_0 .net "LATCH_INPUT_VALUE", 0 0, o0x7f9067047df8;  alias, 0 drivers
v0x7f9065711490_0 .net "OUTPUT_CLK", 0 0, o0x7f9067047e28;  alias, 0 drivers
v0x7f9065717450_0 .net "OUTPUT_ENABLE", 0 0, o0x7f9067047e58;  alias, 0 drivers
v0x7f9065718be0_0 .net "PACKAGE_PIN", 0 0, o0x7f9067047e88;  alias, 0 drivers
o0x7f9067047eb8 .functor BUFZ 1, C4<z>; HiZ drive
; Elide local net with no drivers, v0x7f9065712330_0 name=_ivl_0
v0x7f9065753d00_0 .net *"_ivl_2", 0 0, L_0x7f906557eba0;  1 drivers
v0x7f906575a140_0 .net "clken_pulled", 0 0, L_0x7f906557ec80;  1 drivers
v0x7f906575c8b0_0 .var "clken_pulled_ri", 0 0;
v0x7f906570a660_0 .var "clken_pulled_ro", 0 0;
v0x7f906575d2f0_0 .var "din_0", 0 0;
v0x7f906575d540_0 .var "din_1", 0 0;
v0x7f906575d8b0_0 .var "din_q_0", 0 0;
v0x7f9065721530_0 .var "din_q_1", 0 0;
v0x7f9065720fd0_0 .var "dout", 0 0;
v0x7f9065721420_0 .var "dout_q_0", 0 0;
v0x7f9065723ea0_0 .var "dout_q_1", 0 0;
v0x7f90657082d0_0 .var "outclk_delayed_1", 0 0;
v0x7f906571edc0_0 .var "outclk_delayed_2", 0 0;
v0x7f906570e6f0_0 .var "outena_q", 0 0;
E_0x7f906548c260 .event anyedge, v0x7f906571edc0_0, v0x7f9065721420_0, v0x7f9065723ea0_0;
E_0x7f906548c2a0 .event anyedge, v0x7f90657082d0_0;
E_0x7f906548c2e0 .event anyedge, v0x7f9065711490_0;
E_0x7f906548c320 .event anyedge, v0x7f906575d8b0_0, v0x7f9065721530_0;
L_0x7f906557eba0 .cmp/eeq 1, o0x7f9067047cd8, o0x7f9067047eb8;
S_0x7f906548c360 .scope generate, "genblk1" "genblk1" 2 45, 2 45 0, S_0x7f9065564760;
 .timescale -12 -12;
E_0x7f906548c520 .event posedge, v0x7f9065711490_0;
E_0x7f906548c560 .event negedge, v0x7f9065711490_0;
E_0x7f906548c5a0 .event negedge, v0x7f906548c930_0;
E_0x7f906548c5e0 .event posedge, v0x7f906548c930_0;
S_0x7f9065465040 .scope module, "SB_HFOSC" "SB_HFOSC" 2 2664;
 .timescale -12 -12;
    .port_info 0 /INPUT 1 "TRIM0";
    .port_info 1 /INPUT 1 "TRIM1";
    .port_info 2 /INPUT 1 "TRIM2";
    .port_info 3 /INPUT 1 "TRIM3";
    .port_info 4 /INPUT 1 "TRIM4";
    .port_info 5 /INPUT 1 "TRIM5";
    .port_info 6 /INPUT 1 "TRIM6";
    .port_info 7 /INPUT 1 "TRIM7";
    .port_info 8 /INPUT 1 "TRIM8";
    .port_info 9 /INPUT 1 "TRIM9";
    .port_info 10 /INPUT 1 "CLKHFPU";
    .port_info 11 /INPUT 1 "CLKHFEN";
    .port_info 12 /OUTPUT 1 "CLKHF";
P_0x7f906540fc70 .param/str "CLKHF_DIV" 0 2 2680, "0b00";
P_0x7f906540fcb0 .param/str "TRIM_EN" 0 2 2679, "0b0";
o0x7f90670485a8 .functor BUFZ 1, C4<z>; HiZ drive
v0x7f9065764240_0 .net "CLKHF", 0 0, o0x7f90670485a8;  0 drivers
o0x7f90670485d8 .functor BUFZ 1, C4<z>; HiZ drive
v0x7f90657642d0_0 .net "CLKHFEN", 0 0, o0x7f90670485d8;  0 drivers
o0x7f9067048608 .functor BUFZ 1, C4<z>; HiZ drive
v0x7f9065764360_0 .net "CLKHFPU", 0 0, o0x7f9067048608;  0 drivers
o0x7f9067048638 .functor BUFZ 1, C4<z>; HiZ drive
v0x7f90657643f0_0 .net "TRIM0", 0 0, o0x7f9067048638;  0 drivers
o0x7f9067048668 .functor BUFZ 1, C4<z>; HiZ drive
v0x7f9065764480_0 .net "TRIM1", 0 0, o0x7f9067048668;  0 drivers
o0x7f9067048698 .functor BUFZ 1, C4<z>; HiZ drive
v0x7f9065764510_0 .net "TRIM2", 0 0, o0x7f9067048698;  0 drivers
o0x7f90670486c8 .functor BUFZ 1, C4<z>; HiZ drive
v0x7f90657645a0_0 .net "TRIM3", 0 0, o0x7f90670486c8;  0 drivers
o0x7f90670486f8 .functor BUFZ 1, C4<z>; HiZ drive
v0x7f9065764630_0 .net "TRIM4", 0 0, o0x7f90670486f8;  0 drivers
o0x7f9067048728 .functor BUFZ 1, C4<z>; HiZ drive
v0x7f9065642bd0_0 .net "TRIM5", 0 0, o0x7f9067048728;  0 drivers
o0x7f9067048758 .functor BUFZ 1, C4<z>; HiZ drive
v0x7f9065642c60_0 .net "TRIM6", 0 0, o0x7f9067048758;  0 drivers
o0x7f9067048788 .functor BUFZ 1, C4<z>; HiZ drive
v0x7f9065642cf0_0 .net "TRIM7", 0 0, o0x7f9067048788;  0 drivers
o0x7f90670487b8 .functor BUFZ 1, C4<z>; HiZ drive
v0x7f906568f400_0 .net "TRIM8", 0 0, o0x7f90670487b8;  0 drivers
o0x7f90670487e8 .functor BUFZ 1, C4<z>; HiZ drive
v0x7f906568f490_0 .net "TRIM9", 0 0, o0x7f90670487e8;  0 drivers
S_0x7f90654189a0 .scope module, "SB_I2C" "SB_I2C" 2 2733;
 .timescale -12 -12;
    .port_info 0 /INPUT 1 "SBCLKI";
    .port_info 1 /INPUT 1 "SBRWI";
    .port_info 2 /INPUT 1 "SBSTBI";
    .port_info 3 /INPUT 1 "SBADRI7";
    .port_info 4 /INPUT 1 "SBADRI6";
    .port_info 5 /INPUT 1 "SBADRI5";
    .port_info 6 /INPUT 1 "SBADRI4";
    .port_info 7 /INPUT 1 "SBADRI3";
    .port_info 8 /INPUT 1 "SBADRI2";
    .port_info 9 /INPUT 1 "SBADRI1";
    .port_info 10 /INPUT 1 "SBADRI0";
    .port_info 11 /INPUT 1 "SBDATI7";
    .port_info 12 /INPUT 1 "SBDATI6";
    .port_info 13 /INPUT 1 "SBDATI5";
    .port_info 14 /INPUT 1 "SBDATI4";
    .port_info 15 /INPUT 1 "SBDATI3";
    .port_info 16 /INPUT 1 "SBDATI2";
    .port_info 17 /INPUT 1 "SBDATI1";
    .port_info 18 /INPUT 1 "SBDATI0";
    .port_info 19 /INPUT 1 "SCLI";
    .port_info 20 /INPUT 1 "SDAI";
    .port_info 21 /OUTPUT 1 "SBDATO7";
    .port_info 22 /OUTPUT 1 "SBDATO6";
    .port_info 23 /OUTPUT 1 "SBDATO5";
    .port_info 24 /OUTPUT 1 "SBDATO4";
    .port_info 25 /OUTPUT 1 "SBDATO3";
    .port_info 26 /OUTPUT 1 "SBDATO2";
    .port_info 27 /OUTPUT 1 "SBDATO1";
    .port_info 28 /OUTPUT 1 "SBDATO0";
    .port_info 29 /OUTPUT 1 "SBACKO";
    .port_info 30 /OUTPUT 1 "I2CIRQ";
    .port_info 31 /OUTPUT 1 "I2CWKUP";
    .port_info 32 /OUTPUT 1 "SCLO";
    .port_info 33 /OUTPUT 1 "SCLOE";
    .port_info 34 /OUTPUT 1 "SDAO";
    .port_info 35 /OUTPUT 1 "SDAOE";
P_0x7f906540fa70 .param/str "BUS_ADDR74" 0 2 2772, "0b0001";
P_0x7f906540fab0 .param/str "I2C_SLAVE_INIT_ADDR" 0 2 2771, "0b1111100001";
o0x7f9067048a88 .functor BUFZ 1, C4<z>; HiZ drive
v0x7f906568f520_0 .net "I2CIRQ", 0 0, o0x7f9067048a88;  0 drivers
o0x7f9067048ab8 .functor BUFZ 1, C4<z>; HiZ drive
v0x7f906568f5b0_0 .net "I2CWKUP", 0 0, o0x7f9067048ab8;  0 drivers
o0x7f9067048ae8 .functor BUFZ 1, C4<z>; HiZ drive
v0x7f906568f640_0 .net "SBACKO", 0 0, o0x7f9067048ae8;  0 drivers
o0x7f9067048b18 .functor BUFZ 1, C4<z>; HiZ drive
v0x7f906568f6d0_0 .net "SBADRI0", 0 0, o0x7f9067048b18;  0 drivers
o0x7f9067048b48 .functor BUFZ 1, C4<z>; HiZ drive
v0x7f906568f760_0 .net "SBADRI1", 0 0, o0x7f9067048b48;  0 drivers
o0x7f9067048b78 .functor BUFZ 1, C4<z>; HiZ drive
v0x7f906568f7f0_0 .net "SBADRI2", 0 0, o0x7f9067048b78;  0 drivers
o0x7f9067048ba8 .functor BUFZ 1, C4<z>; HiZ drive
v0x7f906568f880_0 .net "SBADRI3", 0 0, o0x7f9067048ba8;  0 drivers
o0x7f9067048bd8 .functor BUFZ 1, C4<z>; HiZ drive
v0x7f906568f910_0 .net "SBADRI4", 0 0, o0x7f9067048bd8;  0 drivers
o0x7f9067048c08 .functor BUFZ 1, C4<z>; HiZ drive
v0x7f906568f9a0_0 .net "SBADRI5", 0 0, o0x7f9067048c08;  0 drivers
o0x7f9067048c38 .functor BUFZ 1, C4<z>; HiZ drive
v0x7f906568fa30_0 .net "SBADRI6", 0 0, o0x7f9067048c38;  0 drivers
o0x7f9067048c68 .functor BUFZ 1, C4<z>; HiZ drive
v0x7f906568fac0_0 .net "SBADRI7", 0 0, o0x7f9067048c68;  0 drivers
o0x7f9067048c98 .functor BUFZ 1, C4<z>; HiZ drive
v0x7f906568fb50_0 .net "SBCLKI", 0 0, o0x7f9067048c98;  0 drivers
o0x7f9067048cc8 .functor BUFZ 1, C4<z>; HiZ drive
v0x7f906568fbe0_0 .net "SBDATI0", 0 0, o0x7f9067048cc8;  0 drivers
o0x7f9067048cf8 .functor BUFZ 1, C4<z>; HiZ drive
v0x7f906568fc70_0 .net "SBDATI1", 0 0, o0x7f9067048cf8;  0 drivers
o0x7f9067048d28 .functor BUFZ 1, C4<z>; HiZ drive
v0x7f906568fd00_0 .net "SBDATI2", 0 0, o0x7f9067048d28;  0 drivers
o0x7f9067048d58 .functor BUFZ 1, C4<z>; HiZ drive
v0x7f906568fd90_0 .net "SBDATI3", 0 0, o0x7f9067048d58;  0 drivers
o0x7f9067048d88 .functor BUFZ 1, C4<z>; HiZ drive
v0x7f906568fe20_0 .net "SBDATI4", 0 0, o0x7f9067048d88;  0 drivers
o0x7f9067048db8 .functor BUFZ 1, C4<z>; HiZ drive
v0x7f906568ffb0_0 .net "SBDATI5", 0 0, o0x7f9067048db8;  0 drivers
o0x7f9067048de8 .functor BUFZ 1, C4<z>; HiZ drive
v0x7f9065690040_0 .net "SBDATI6", 0 0, o0x7f9067048de8;  0 drivers
o0x7f9067048e18 .functor BUFZ 1, C4<z>; HiZ drive
v0x7f90656900d0_0 .net "SBDATI7", 0 0, o0x7f9067048e18;  0 drivers
o0x7f9067048e48 .functor BUFZ 1, C4<z>; HiZ drive
v0x7f9065690160_0 .net "SBDATO0", 0 0, o0x7f9067048e48;  0 drivers
o0x7f9067048e78 .functor BUFZ 1, C4<z>; HiZ drive
v0x7f90656901f0_0 .net "SBDATO1", 0 0, o0x7f9067048e78;  0 drivers
o0x7f9067048ea8 .functor BUFZ 1, C4<z>; HiZ drive
v0x7f9065690280_0 .net "SBDATO2", 0 0, o0x7f9067048ea8;  0 drivers
o0x7f9067048ed8 .functor BUFZ 1, C4<z>; HiZ drive
v0x7f9065690310_0 .net "SBDATO3", 0 0, o0x7f9067048ed8;  0 drivers
o0x7f9067048f08 .functor BUFZ 1, C4<z>; HiZ drive
v0x7f90656903a0_0 .net "SBDATO4", 0 0, o0x7f9067048f08;  0 drivers
o0x7f9067048f38 .functor BUFZ 1, C4<z>; HiZ drive
v0x7f9065690430_0 .net "SBDATO5", 0 0, o0x7f9067048f38;  0 drivers
o0x7f9067048f68 .functor BUFZ 1, C4<z>; HiZ drive
v0x7f90656904c0_0 .net "SBDATO6", 0 0, o0x7f9067048f68;  0 drivers
o0x7f9067048f98 .functor BUFZ 1, C4<z>; HiZ drive
v0x7f9065690550_0 .net "SBDATO7", 0 0, o0x7f9067048f98;  0 drivers
o0x7f9067048fc8 .functor BUFZ 1, C4<z>; HiZ drive
v0x7f90656905e0_0 .net "SBRWI", 0 0, o0x7f9067048fc8;  0 drivers
o0x7f9067048ff8 .functor BUFZ 1, C4<z>; HiZ drive
v0x7f9065690670_0 .net "SBSTBI", 0 0, o0x7f9067048ff8;  0 drivers
o0x7f9067049028 .functor BUFZ 1, C4<z>; HiZ drive
v0x7f9065690700_0 .net "SCLI", 0 0, o0x7f9067049028;  0 drivers
o0x7f9067049058 .functor BUFZ 1, C4<z>; HiZ drive
v0x7f9065690790_0 .net "SCLO", 0 0, o0x7f9067049058;  0 drivers
o0x7f9067049088 .functor BUFZ 1, C4<z>; HiZ drive
v0x7f9065690820_0 .net "SCLOE", 0 0, o0x7f9067049088;  0 drivers
o0x7f90670490b8 .functor BUFZ 1, C4<z>; HiZ drive
v0x7f906568feb0_0 .net "SDAI", 0 0, o0x7f90670490b8;  0 drivers
o0x7f90670490e8 .functor BUFZ 1, C4<z>; HiZ drive
v0x7f9065690ab0_0 .net "SDAO", 0 0, o0x7f90670490e8;  0 drivers
o0x7f9067049118 .functor BUFZ 1, C4<z>; HiZ drive
v0x7f9065690b40_0 .net "SDAOE", 0 0, o0x7f9067049118;  0 drivers
S_0x7f9065406190 .scope module, "SB_IO_I3C" "SB_IO_I3C" 2 2862;
 .timescale -12 -12;
    .port_info 0 /INOUT 1 "PACKAGE_PIN";
    .port_info 1 /INPUT 1 "LATCH_INPUT_VALUE";
    .port_info 2 /INPUT 1 "CLOCK_ENABLE";
    .port_info 3 /INPUT 1 "INPUT_CLK";
    .port_info 4 /INPUT 1 "OUTPUT_CLK";
    .port_info 5 /INPUT 1 "OUTPUT_ENABLE";
    .port_info 6 /INPUT 1 "D_OUT_0";
    .port_info 7 /INPUT 1 "D_OUT_1";
    .port_info 8 /OUTPUT 1 "D_IN_0";
    .port_info 9 /OUTPUT 1 "D_IN_1";
    .port_info 10 /INPUT 1 "PU_ENB";
    .port_info 11 /INPUT 1 "WEAK_PU_ENB";
P_0x7f9065418b10 .param/str "IO_STANDARD" 0 2 2880, "SB_LVCMOS";
P_0x7f9065418b50 .param/l "NEG_TRIGGER" 0 2 2879, C4<0>;
P_0x7f9065418b90 .param/l "PIN_TYPE" 0 2 2876, C4<000000>;
P_0x7f9065418bd0 .param/l "PULLUP" 0 2 2877, C4<0>;
P_0x7f9065418c10 .param/l "WEAK_PULLUP" 0 2 2878, C4<0>;
L_0x7f906557ee90 .functor BUFZ 1, v0x7f9065691520_0, C4<0>, C4<0>, C4<0>;
L_0x7f906557ef00 .functor BUFZ 1, v0x7f90656915b0_0, C4<0>, C4<0>, C4<0>;
o0x7f9067049808 .functor BUFZ 1, C4<z>; HiZ drive
v0x7f9065690e60_0 .net "CLOCK_ENABLE", 0 0, o0x7f9067049808;  0 drivers
v0x7f9065690ef0_0 .net "D_IN_0", 0 0, L_0x7f906557ee90;  1 drivers
v0x7f9065690f80_0 .net "D_IN_1", 0 0, L_0x7f906557ef00;  1 drivers
o0x7f9067049898 .functor BUFZ 1, C4<z>; HiZ drive
v0x7f9065691010_0 .net "D_OUT_0", 0 0, o0x7f9067049898;  0 drivers
o0x7f90670498c8 .functor BUFZ 1, C4<z>; HiZ drive
v0x7f90656910a0_0 .net "D_OUT_1", 0 0, o0x7f90670498c8;  0 drivers
o0x7f90670498f8 .functor BUFZ 1, C4<z>; HiZ drive
v0x7f9065691130_0 .net "INPUT_CLK", 0 0, o0x7f90670498f8;  0 drivers
o0x7f9067049928 .functor BUFZ 1, C4<z>; HiZ drive
v0x7f90656911c0_0 .net "LATCH_INPUT_VALUE", 0 0, o0x7f9067049928;  0 drivers
o0x7f9067049958 .functor BUFZ 1, C4<z>; HiZ drive
v0x7f9065691250_0 .net "OUTPUT_CLK", 0 0, o0x7f9067049958;  0 drivers
o0x7f9067049988 .functor BUFZ 1, C4<z>; HiZ drive
v0x7f90656912e0_0 .net "OUTPUT_ENABLE", 0 0, o0x7f9067049988;  0 drivers
o0x7f90670499b8 .functor BUFZ 1, C4<z>; HiZ drive
v0x7f9065691370_0 .net "PACKAGE_PIN", 0 0, o0x7f90670499b8;  0 drivers
o0x7f90670499e8 .functor BUFZ 1, C4<z>; HiZ drive
v0x7f9065691400_0 .net "PU_ENB", 0 0, o0x7f90670499e8;  0 drivers
o0x7f9067049a18 .functor BUFZ 1, C4<z>; HiZ drive
v0x7f9065691490_0 .net "WEAK_PU_ENB", 0 0, o0x7f9067049a18;  0 drivers
v0x7f9065691520_0 .var "din_0", 0 0;
v0x7f90656915b0_0 .var "din_1", 0 0;
v0x7f9065691640_0 .var "din_q_0", 0 0;
v0x7f90656916d0_0 .var "din_q_1", 0 0;
v0x7f9065691760_0 .var "dout", 0 0;
v0x7f90656918f0_0 .var "dout_q_0", 0 0;
v0x7f9065691980_0 .var "dout_q_1", 0 0;
v0x7f9065691a10_0 .var "outclk_delayed_1", 0 0;
v0x7f9065691aa0_0 .var "outclk_delayed_2", 0 0;
v0x7f9065691b30_0 .var "outena_q", 0 0;
E_0x7f906564ca50 .event anyedge, v0x7f9065691aa0_0, v0x7f90656918f0_0, v0x7f9065691980_0;
E_0x7f906564d5f0 .event anyedge, v0x7f9065691a10_0;
E_0x7f906564cc40 .event anyedge, v0x7f9065691250_0;
E_0x7f906564d200 .event anyedge, v0x7f9065691640_0, v0x7f90656916d0_0;
S_0x7f9065690cf0 .scope generate, "genblk1" "genblk1" 2 2888, 2 2888 0, S_0x7f9065406190;
 .timescale -12 -12;
E_0x7f906564d980 .event posedge, v0x7f9065691250_0;
E_0x7f906564d7a0 .event negedge, v0x7f9065691250_0;
E_0x7f906564ce10 .event negedge, v0x7f9065691130_0;
E_0x7f9065644be0 .event posedge, v0x7f9065691130_0;
S_0x7f9065409dc0 .scope module, "SB_IO_OD" "SB_IO_OD" 2 2931;
 .timescale -12 -12;
    .port_info 0 /INOUT 1 "PACKAGEPIN";
    .port_info 1 /INPUT 1 "LATCHINPUTVALUE";
    .port_info 2 /INPUT 1 "CLOCKENABLE";
    .port_info 3 /INPUT 1 "INPUTCLK";
    .port_info 4 /INPUT 1 "OUTPUTCLK";
    .port_info 5 /INPUT 1 "OUTPUTENABLE";
    .port_info 6 /INPUT 1 "DOUT1";
    .port_info 7 /INPUT 1 "DOUT0";
    .port_info 8 /OUTPUT 1 "DIN1";
    .port_info 9 /OUTPUT 1 "DIN0";
P_0x7f906540f770 .param/l "NEG_TRIGGER" 0 2 2944, C4<0>;
P_0x7f906540f7b0 .param/l "PIN_TYPE" 0 2 2943, C4<000000>;
L_0x7f906557efb0 .functor BUFZ 1, v0x7f9065565640_0, C4<0>, C4<0>, C4<0>;
L_0x7f906557f060 .functor BUFZ 1, v0x7f90655656e0_0, C4<0>, C4<0>, C4<0>;
o0x7f9067049e68 .functor BUFZ 1, C4<z>; HiZ drive
v0x7f9065564f40_0 .net "CLOCKENABLE", 0 0, o0x7f9067049e68;  0 drivers
v0x7f9065564ff0_0 .net "DIN0", 0 0, L_0x7f906557efb0;  1 drivers
v0x7f9065565090_0 .net "DIN1", 0 0, L_0x7f906557f060;  1 drivers
o0x7f9067049ef8 .functor BUFZ 1, C4<z>; HiZ drive
v0x7f9065565140_0 .net "DOUT0", 0 0, o0x7f9067049ef8;  0 drivers
o0x7f9067049f28 .functor BUFZ 1, C4<z>; HiZ drive
v0x7f90655651e0_0 .net "DOUT1", 0 0, o0x7f9067049f28;  0 drivers
o0x7f9067049f58 .functor BUFZ 1, C4<z>; HiZ drive
v0x7f90655652c0_0 .net "INPUTCLK", 0 0, o0x7f9067049f58;  0 drivers
o0x7f9067049f88 .functor BUFZ 1, C4<z>; HiZ drive
v0x7f9065565360_0 .net "LATCHINPUTVALUE", 0 0, o0x7f9067049f88;  0 drivers
o0x7f9067049fb8 .functor BUFZ 1, C4<z>; HiZ drive
v0x7f9065565400_0 .net "OUTPUTCLK", 0 0, o0x7f9067049fb8;  0 drivers
o0x7f9067049fe8 .functor BUFZ 1, C4<z>; HiZ drive
v0x7f90655654a0_0 .net "OUTPUTENABLE", 0 0, o0x7f9067049fe8;  0 drivers
o0x7f906704a018 .functor BUFZ 1, C4<z>; HiZ drive
v0x7f90655655b0_0 .net "PACKAGEPIN", 0 0, o0x7f906704a018;  0 drivers
v0x7f9065565640_0 .var "din_0", 0 0;
v0x7f90655656e0_0 .var "din_1", 0 0;
v0x7f9065565780_0 .var "din_q_0", 0 0;
v0x7f9065565820_0 .var "din_q_1", 0 0;
v0x7f90655658c0_0 .var "dout", 0 0;
v0x7f9065565960_0 .var "dout_q_0", 0 0;
v0x7f9065565a00_0 .var "dout_q_1", 0 0;
v0x7f9065565b90_0 .var "outclk_delayed_1", 0 0;
v0x7f9065565c20_0 .var "outclk_delayed_2", 0 0;
v0x7f9065565cb0_0 .var "outena_q", 0 0;
E_0x7f9065564aa0 .event anyedge, v0x7f9065565c20_0, v0x7f9065565960_0, v0x7f9065565a00_0;
E_0x7f9065564b10 .event anyedge, v0x7f9065565b90_0;
E_0x7f9065564b60 .event anyedge, v0x7f9065565400_0;
E_0x7f9065564bc0 .event anyedge, v0x7f9065565780_0, v0x7f9065565820_0;
S_0x7f9065564c10 .scope generate, "genblk1" "genblk1" 2 2952, 2 2952 0, S_0x7f9065409dc0;
 .timescale -12 -12;
E_0x7f9065564de0 .event posedge, v0x7f9065565400_0;
E_0x7f9065564e40 .event negedge, v0x7f9065565400_0;
E_0x7f9065564e90 .event negedge, v0x7f90655652c0_0;
E_0x7f9065564ef0 .event posedge, v0x7f90655652c0_0;
S_0x7f9065409f30 .scope module, "SB_LEDDA_IP" "SB_LEDDA_IP" 2 2830;
 .timescale -12 -12;
    .port_info 0 /INPUT 1 "LEDDCS";
    .port_info 1 /INPUT 1 "LEDDCLK";
    .port_info 2 /INPUT 1 "LEDDDAT7";
    .port_info 3 /INPUT 1 "LEDDDAT6";
    .port_info 4 /INPUT 1 "LEDDDAT5";
    .port_info 5 /INPUT 1 "LEDDDAT4";
    .port_info 6 /INPUT 1 "LEDDDAT3";
    .port_info 7 /INPUT 1 "LEDDDAT2";
    .port_info 8 /INPUT 1 "LEDDDAT1";
    .port_info 9 /INPUT 1 "LEDDDAT0";
    .port_info 10 /INPUT 1 "LEDDADDR3";
    .port_info 11 /INPUT 1 "LEDDADDR2";
    .port_info 12 /INPUT 1 "LEDDADDR1";
    .port_info 13 /INPUT 1 "LEDDADDR0";
    .port_info 14 /INPUT 1 "LEDDDEN";
    .port_info 15 /INPUT 1 "LEDDEXE";
    .port_info 16 /INPUT 1 "LEDDRST";
    .port_info 17 /OUTPUT 1 "PWMOUT0";
    .port_info 18 /OUTPUT 1 "PWMOUT1";
    .port_info 19 /OUTPUT 1 "PWMOUT2";
    .port_info 20 /OUTPUT 1 "LEDDON";
o0x7f906704a408 .functor BUFZ 1, C4<z>; HiZ drive
v0x7f9065565e30_0 .net "LEDDADDR0", 0 0, o0x7f906704a408;  0 drivers
o0x7f906704a438 .functor BUFZ 1, C4<z>; HiZ drive
v0x7f9065565ee0_0 .net "LEDDADDR1", 0 0, o0x7f906704a438;  0 drivers
o0x7f906704a468 .functor BUFZ 1, C4<z>; HiZ drive
v0x7f9065565f80_0 .net "LEDDADDR2", 0 0, o0x7f906704a468;  0 drivers
o0x7f906704a498 .functor BUFZ 1, C4<z>; HiZ drive
v0x7f9065566010_0 .net "LEDDADDR3", 0 0, o0x7f906704a498;  0 drivers
o0x7f906704a4c8 .functor BUFZ 1, C4<z>; HiZ drive
v0x7f90655660a0_0 .net "LEDDCLK", 0 0, o0x7f906704a4c8;  0 drivers
o0x7f906704a4f8 .functor BUFZ 1, C4<z>; HiZ drive
v0x7f9065566130_0 .net "LEDDCS", 0 0, o0x7f906704a4f8;  0 drivers
o0x7f906704a528 .functor BUFZ 1, C4<z>; HiZ drive
v0x7f90655661d0_0 .net "LEDDDAT0", 0 0, o0x7f906704a528;  0 drivers
o0x7f906704a558 .functor BUFZ 1, C4<z>; HiZ drive
v0x7f9065566270_0 .net "LEDDDAT1", 0 0, o0x7f906704a558;  0 drivers
o0x7f906704a588 .functor BUFZ 1, C4<z>; HiZ drive
v0x7f9065566310_0 .net "LEDDDAT2", 0 0, o0x7f906704a588;  0 drivers
o0x7f906704a5b8 .functor BUFZ 1, C4<z>; HiZ drive
v0x7f9065566420_0 .net "LEDDDAT3", 0 0, o0x7f906704a5b8;  0 drivers
o0x7f906704a5e8 .functor BUFZ 1, C4<z>; HiZ drive
v0x7f90655664b0_0 .net "LEDDDAT4", 0 0, o0x7f906704a5e8;  0 drivers
o0x7f906704a618 .functor BUFZ 1, C4<z>; HiZ drive
v0x7f9065566550_0 .net "LEDDDAT5", 0 0, o0x7f906704a618;  0 drivers
o0x7f906704a648 .functor BUFZ 1, C4<z>; HiZ drive
v0x7f90655665f0_0 .net "LEDDDAT6", 0 0, o0x7f906704a648;  0 drivers
o0x7f906704a678 .functor BUFZ 1, C4<z>; HiZ drive
v0x7f9065566690_0 .net "LEDDDAT7", 0 0, o0x7f906704a678;  0 drivers
o0x7f906704a6a8 .functor BUFZ 1, C4<z>; HiZ drive
v0x7f9065566730_0 .net "LEDDDEN", 0 0, o0x7f906704a6a8;  0 drivers
o0x7f906704a6d8 .functor BUFZ 1, C4<z>; HiZ drive
v0x7f90655667d0_0 .net "LEDDEXE", 0 0, o0x7f906704a6d8;  0 drivers
o0x7f906704a708 .functor BUFZ 1, C4<z>; HiZ drive
v0x7f9065566870_0 .net "LEDDON", 0 0, o0x7f906704a708;  0 drivers
o0x7f906704a738 .functor BUFZ 1, C4<z>; HiZ drive
v0x7f9065566a00_0 .net "LEDDRST", 0 0, o0x7f906704a738;  0 drivers
o0x7f906704a768 .functor BUFZ 1, C4<z>; HiZ drive
v0x7f9065566a90_0 .net "PWMOUT0", 0 0, o0x7f906704a768;  0 drivers
o0x7f906704a798 .functor BUFZ 1, C4<z>; HiZ drive
v0x7f9065566b20_0 .net "PWMOUT1", 0 0, o0x7f906704a798;  0 drivers
o0x7f906704a7c8 .functor BUFZ 1, C4<z>; HiZ drive
v0x7f9065566bb0_0 .net "PWMOUT2", 0 0, o0x7f906704a7c8;  0 drivers
S_0x7f906540df80 .scope module, "SB_LED_DRV_CUR" "SB_LED_DRV_CUR" 2 2709;
 .timescale -12 -12;
    .port_info 0 /INPUT 1 "EN";
    .port_info 1 /OUTPUT 1 "LEDPU";
o0x7f906704abe8 .functor BUFZ 1, C4<z>; HiZ drive
v0x7f9065566e50_0 .net "EN", 0 0, o0x7f906704abe8;  0 drivers
o0x7f906704ac18 .functor BUFZ 1, C4<z>; HiZ drive
v0x7f9065566f00_0 .net "LEDPU", 0 0, o0x7f906704ac18;  0 drivers
S_0x7f906540e0f0 .scope module, "SB_LFOSC" "SB_LFOSC" 2 2684;
 .timescale -12 -12;
    .port_info 0 /INPUT 1 "CLKLFPU";
    .port_info 1 /INPUT 1 "CLKLFEN";
    .port_info 2 /OUTPUT 1 "CLKLF";
o0x7f906704aca8 .functor BUFZ 1, C4<z>; HiZ drive
v0x7f9065566fa0_0 .net "CLKLF", 0 0, o0x7f906704aca8;  0 drivers
o0x7f906704acd8 .functor BUFZ 1, C4<z>; HiZ drive
v0x7f9065567030_0 .net "CLKLFEN", 0 0, o0x7f906704acd8;  0 drivers
o0x7f906704ad08 .functor BUFZ 1, C4<z>; HiZ drive
v0x7f90655670c0_0 .net "CLKLFPU", 0 0, o0x7f906704ad08;  0 drivers
S_0x7f906540d090 .scope module, "SB_LUT4" "SB_LUT4" 2 177;
 .timescale -12 -12;
    .port_info 0 /OUTPUT 1 "O";
    .port_info 1 /INPUT 1 "I0";
    .port_info 2 /INPUT 1 "I1";
    .port_info 3 /INPUT 1 "I2";
    .port_info 4 /INPUT 1 "I3";
P_0x7f906541b810 .param/l "LUT_INIT" 0 2 184, C4<0000000000000000>;
o0x7f906704adc8 .functor BUFZ 1, C4<z>; HiZ drive
v0x7f90655671a0_0 .net "I0", 0 0, o0x7f906704adc8;  0 drivers
o0x7f906704adf8 .functor BUFZ 1, C4<z>; HiZ drive
v0x7f9065567250_0 .net "I1", 0 0, o0x7f906704adf8;  0 drivers
o0x7f906704ae28 .functor BUFZ 1, C4<z>; HiZ drive
v0x7f90655672f0_0 .net "I2", 0 0, o0x7f906704ae28;  0 drivers
o0x7f906704ae58 .functor BUFZ 1, C4<z>; HiZ drive
v0x7f90655673a0_0 .net "I3", 0 0, o0x7f906704ae58;  0 drivers
v0x7f9065567440_0 .net "O", 0 0, L_0x7f90654914d0;  1 drivers
L_0x7f90670733b0 .functor BUFT 1, C4<00000000>, C4<0>, C4<0>, C4<0>;
v0x7f9065567520_0 .net/2u *"_ivl_0", 7 0, L_0x7f90670733b0;  1 drivers
v0x7f90655675d0_0 .net *"_ivl_13", 1 0, L_0x7f906557f590;  1 drivers
v0x7f9065567680_0 .net *"_ivl_15", 1 0, L_0x7f906557f6a0;  1 drivers
v0x7f9065567730_0 .net *"_ivl_19", 0 0, L_0x7f9065490990;  1 drivers
L_0x7f90670733f8 .functor BUFT 1, C4<00000000>, C4<0>, C4<0>, C4<0>;
v0x7f9065567840_0 .net/2u *"_ivl_2", 7 0, L_0x7f90670733f8;  1 drivers
v0x7f90655678f0_0 .net *"_ivl_21", 0 0, L_0x7f9065491430;  1 drivers
v0x7f90655679a0_0 .net *"_ivl_7", 3 0, L_0x7f906557f2b0;  1 drivers
v0x7f9065567a50_0 .net *"_ivl_9", 3 0, L_0x7f906557f390;  1 drivers
v0x7f9065567b00_0 .net "s1", 1 0, L_0x7f906557f740;  1 drivers
v0x7f9065567bb0_0 .net "s2", 3 0, L_0x7f906557f430;  1 drivers
v0x7f9065567c60_0 .net "s3", 7 0, L_0x7f906557f150;  1 drivers
L_0x7f906557f150 .functor MUXZ 8, L_0x7f90670733f8, L_0x7f90670733b0, o0x7f906704ae58, C4<>;
L_0x7f906557f2b0 .part L_0x7f906557f150, 4, 4;
L_0x7f906557f390 .part L_0x7f906557f150, 0, 4;
L_0x7f906557f430 .functor MUXZ 4, L_0x7f906557f390, L_0x7f906557f2b0, o0x7f906704ae28, C4<>;
L_0x7f906557f590 .part L_0x7f906557f430, 2, 2;
L_0x7f906557f6a0 .part L_0x7f906557f430, 0, 2;
L_0x7f906557f740 .functor MUXZ 2, L_0x7f906557f6a0, L_0x7f906557f590, o0x7f906704adf8, C4<>;
L_0x7f9065490990 .part L_0x7f906557f740, 1, 1;
L_0x7f9065491430 .part L_0x7f906557f740, 0, 1;
L_0x7f90654914d0 .functor MUXZ 1, L_0x7f9065491430, L_0x7f9065490990, o0x7f906704adc8, C4<>;
S_0x7f906540bbf0 .scope module, "SB_MAC16" "SB_MAC16" 2 2996;
 .timescale -12 -12;
    .port_info 0 /INPUT 1 "CLK";
    .port_info 1 /INPUT 1 "CE";
    .port_info 2 /INPUT 16 "C";
    .port_info 3 /INPUT 16 "A";
    .port_info 4 /INPUT 16 "B";
    .port_info 5 /INPUT 16 "D";
    .port_info 6 /INPUT 1 "AHOLD";
    .port_info 7 /INPUT 1 "BHOLD";
    .port_info 8 /INPUT 1 "CHOLD";
    .port_info 9 /INPUT 1 "DHOLD";
    .port_info 10 /INPUT 1 "IRSTTOP";
    .port_info 11 /INPUT 1 "IRSTBOT";
    .port_info 12 /INPUT 1 "ORSTTOP";
    .port_info 13 /INPUT 1 "ORSTBOT";
    .port_info 14 /INPUT 1 "OLOADTOP";
    .port_info 15 /INPUT 1 "OLOADBOT";
    .port_info 16 /INPUT 1 "ADDSUBTOP";
    .port_info 17 /INPUT 1 "ADDSUBBOT";
    .port_info 18 /INPUT 1 "OHOLDTOP";
    .port_info 19 /INPUT 1 "OHOLDBOT";
    .port_info 20 /INPUT 1 "CI";
    .port_info 21 /INPUT 1 "ACCUMCI";
    .port_info 22 /INPUT 1 "SIGNEXTIN";
    .port_info 23 /OUTPUT 32 "O";
    .port_info 24 /OUTPUT 1 "CO";
    .port_info 25 /OUTPUT 1 "ACCUMCO";
    .port_info 26 /OUTPUT 1 "SIGNEXTOUT";
P_0x7f9065819e00 .param/l "A_REG" 0 2 3011, C4<0>;
P_0x7f9065819e40 .param/l "A_SIGNED" 0 2 3027, C4<0>;
P_0x7f9065819e80 .param/l "BOTADDSUB_CARRYSELECT" 0 2 3025, C4<00>;
P_0x7f9065819ec0 .param/l "BOTADDSUB_LOWERINPUT" 0 2 3023, C4<00>;
P_0x7f9065819f00 .param/l "BOTADDSUB_UPPERINPUT" 0 2 3024, C4<0>;
P_0x7f9065819f40 .param/l "BOTOUTPUT_SELECT" 0 2 3022, C4<00>;
P_0x7f9065819f80 .param/l "BOT_8x8_MULT_REG" 0 2 3015, C4<0>;
P_0x7f9065819fc0 .param/l "B_REG" 0 2 3012, C4<0>;
P_0x7f906581a000 .param/l "B_SIGNED" 0 2 3028, C4<0>;
P_0x7f906581a040 .param/l "C_REG" 0 2 3010, C4<0>;
P_0x7f906581a080 .param/l "D_REG" 0 2 3013, C4<0>;
P_0x7f906581a0c0 .param/l "MODE_8x8" 0 2 3026, C4<0>;
P_0x7f906581a100 .param/l "NEG_TRIGGER" 0 2 3009, C4<0>;
P_0x7f906581a140 .param/l "PIPELINE_16x16_MULT_REG1" 0 2 3016, C4<0>;
P_0x7f906581a180 .param/l "PIPELINE_16x16_MULT_REG2" 0 2 3017, C4<0>;
P_0x7f906581a1c0 .param/l "TOPADDSUB_CARRYSELECT" 0 2 3021, C4<00>;
P_0x7f906581a200 .param/l "TOPADDSUB_LOWERINPUT" 0 2 3019, C4<00>;
P_0x7f906581a240 .param/l "TOPADDSUB_UPPERINPUT" 0 2 3020, C4<0>;
P_0x7f906581a280 .param/l "TOPOUTPUT_SELECT" 0 2 3018, C4<00>;
P_0x7f906581a2c0 .param/l "TOP_8x8_MULT_REG" 0 2 3014, C4<0>;
o0x7f906704b4b8 .functor BUFZ 1, C4<z>; HiZ drive
L_0x7f9067073440 .functor BUFT 1, C4<0>, C4<0>, C4<0>, C4<0>;
L_0x7f90654915f0 .functor XOR 1, o0x7f906704b4b8, L_0x7f9067073440, C4<0>, C4<0>;
o0x7f906704b3f8 .functor BUFZ 16, C4<zzzzzzzzzzzzzzzz>; HiZ drive
L_0x7f90654916e0 .functor BUFZ 16, o0x7f906704b3f8, C4<0000000000000000>, C4<0000000000000000>, C4<0000000000000000>;
o0x7f906704b1b8 .functor BUFZ 16, C4<zzzzzzzzzzzzzzzz>; HiZ drive
L_0x7f9065491780 .functor BUFZ 16, o0x7f906704b1b8, C4<0000000000000000>, C4<0000000000000000>, C4<0000000000000000>;
o0x7f906704b338 .functor BUFZ 16, C4<zzzzzzzzzzzzzzzz>; HiZ drive
L_0x7f9065491860 .functor BUFZ 16, o0x7f906704b338, C4<0000000000000000>, C4<0000000000000000>, C4<0000000000000000>;
o0x7f906704b518 .functor BUFZ 16, C4<zzzzzzzzzzzzzzzz>; HiZ drive
L_0x7f9065491910 .functor BUFZ 16, o0x7f906704b518, C4<0000000000000000>, C4<0000000000000000>, C4<0000000000000000>;
L_0x7f906557fa90 .functor BUFZ 16, L_0x7f9065492370, C4<0000000000000000>, C4<0000000000000000>, C4<0000000000000000>;
L_0x7f906557fe60 .functor BUFZ 16, L_0x7f906557f8d0, C4<0000000000000000>, C4<0000000000000000>, C4<0000000000000000>;
L_0x7f9065492620 .functor BUFZ 16, L_0x7f906557fc20, C4<0000000000000000>, C4<0000000000000000>, C4<0000000000000000>;
L_0x7f90654926d0 .functor BUFZ 16, L_0x7f906557fd80, C4<0000000000000000>, C4<0000000000000000>, C4<0000000000000000>;
L_0x7f9065728ef0 .functor BUFZ 32, L_0x7f9065766100, C4<00000000000000000000000000000000>, C4<00000000000000000000000000000000>, C4<00000000000000000000000000000000>;
L_0x7f906575c7b0 .functor BUFZ 16, v0x7f906548cff0_0, C4<0000000000000000>, C4<0000000000000000>, C4<0000000000000000>;
L_0x7f906575def0 .functor BUFZ 16, L_0x7f9065491780, C4<0000000000000000>, C4<0000000000000000>, C4<0000000000000000>;
L_0x7f906571e9c0 .functor XOR 17, L_0x7f9065766380, L_0x7f9065766750, C4<00000000000000000>, C4<00000000000000000>;
o0x7f906704b278 .functor BUFZ 1, C4<z>; HiZ drive
L_0x7f9065720c90 .functor XOR 1, L_0x7f90657661a0, o0x7f906704b278, C4<0>, C4<0>;
L_0x7f9065720dc0 .functor XOR 16, L_0x7f9065766240, L_0x7f9065766b90, C4<0000000000000000>, C4<0000000000000000>;
L_0x7f9065723a50 .functor BUFZ 16, L_0x7f9065766830, C4<0000000000000000>, C4<0000000000000000>, C4<0000000000000000>;
L_0x7f9065724510 .functor BUFZ 16, v0x7f906548d080_0, C4<0000000000000000>, C4<0000000000000000>, C4<0000000000000000>;
L_0x7f9065723d80 .functor BUFZ 16, L_0x7f9065491860, C4<0000000000000000>, C4<0000000000000000>, C4<0000000000000000>;
L_0x7f9065723b80 .functor XOR 17, L_0x7f9065766f40, L_0x7f9065767080, C4<00000000000000000>, C4<00000000000000000>;
L_0x7f906568ff40 .functor XOR 16, L_0x7f9065766e00, L_0x7f90657674c0, C4<0000000000000000>, C4<0000000000000000>;
L_0x7f906564c830 .functor BUFZ 16, L_0x7f9065692cf0, C4<0000000000000000>, C4<0000000000000000>, C4<0000000000000000>;
v0x7f9065567eb0_0 .net "A", 15 0, o0x7f906704b1b8;  0 drivers
o0x7f906704b1e8 .functor BUFZ 1, C4<z>; HiZ drive
v0x7f9065567f70_0 .net "ACCUMCI", 0 0, o0x7f906704b1e8;  0 drivers
v0x7f9065568010_0 .net "ACCUMCO", 0 0, L_0x7f90657661a0;  1 drivers
o0x7f906704b248 .functor BUFZ 1, C4<z>; HiZ drive
v0x7f90655680c0_0 .net "ADDSUBBOT", 0 0, o0x7f906704b248;  0 drivers
v0x7f9065568160_0 .net "ADDSUBTOP", 0 0, o0x7f906704b278;  0 drivers
o0x7f906704b2a8 .functor BUFZ 1, C4<z>; HiZ drive
v0x7f9065568240_0 .net "AHOLD", 0 0, o0x7f906704b2a8;  0 drivers
v0x7f90655682e0_0 .net "Ah", 15 0, L_0x7f9065491c00;  1 drivers
v0x7f9065568390_0 .net "Al", 15 0, L_0x7f9065491da0;  1 drivers
v0x7f9065568440_0 .net "B", 15 0, o0x7f906704b338;  0 drivers
o0x7f906704b368 .functor BUFZ 1, C4<z>; HiZ drive
v0x7f9065568550_0 .net "BHOLD", 0 0, o0x7f906704b368;  0 drivers
v0x7f90655685f0_0 .net "Bh", 15 0, L_0x7f9065492010;  1 drivers
v0x7f90655686a0_0 .net "Bl", 15 0, L_0x7f9065492210;  1 drivers
v0x7f9065568750_0 .net "C", 15 0, o0x7f906704b3f8;  0 drivers
o0x7f906704b428 .functor BUFZ 1, C4<z>; HiZ drive
v0x7f9065568800_0 .net "CE", 0 0, o0x7f906704b428;  0 drivers
o0x7f906704b458 .functor BUFZ 1, C4<z>; HiZ drive
v0x7f90655688a0_0 .net "CHOLD", 0 0, o0x7f906704b458;  0 drivers
o0x7f906704b488 .functor BUFZ 1, C4<z>; HiZ drive
v0x7f9065568940_0 .net "CI", 0 0, o0x7f906704b488;  0 drivers
v0x7f90655689e0_0 .net "CLK", 0 0, o0x7f906704b4b8;  0 drivers
v0x7f9065568b70_0 .net "CO", 0 0, L_0x7f9065720c90;  1 drivers
v0x7f9065568c00_0 .net "D", 15 0, o0x7f906704b518;  0 drivers
o0x7f906704b548 .functor BUFZ 1, C4<z>; HiZ drive
v0x7f9065568c90_0 .net "DHOLD", 0 0, o0x7f906704b548;  0 drivers
L_0x7f9067073998 .functor BUFT 1, C4<0>, C4<0>, C4<0>, C4<0>;
v0x7f9065568d30_0 .net "HCI", 0 0, L_0x7f9067073998;  1 drivers
o0x7f906704b5a8 .functor BUFZ 1, C4<z>; HiZ drive
v0x7f9065568dd0_0 .net "IRSTBOT", 0 0, o0x7f906704b5a8;  0 drivers
o0x7f906704b5d8 .functor BUFZ 1, C4<z>; HiZ drive
v0x7f9065568e70_0 .net "IRSTTOP", 0 0, o0x7f906704b5d8;  0 drivers
L_0x7f9067073ab8 .functor BUFT 1, C4<0>, C4<0>, C4<0>, C4<0>;
v0x7f9065568f10_0 .net "LCI", 0 0, L_0x7f9067073ab8;  1 drivers
v0x7f9065568fb0_0 .net "LCO", 0 0, L_0x7f9065766d60;  1 drivers
v0x7f9065569050_0 .net "O", 31 0, L_0x7f9065692e50;  1 drivers
o0x7f906704b698 .functor BUFZ 1, C4<z>; HiZ drive
v0x7f9065569100_0 .net "OHOLDBOT", 0 0, o0x7f906704b698;  0 drivers
o0x7f906704b6c8 .functor BUFZ 1, C4<z>; HiZ drive
v0x7f90655691a0_0 .net "OHOLDTOP", 0 0, o0x7f906704b6c8;  0 drivers
o0x7f906704b6f8 .functor BUFZ 1, C4<z>; HiZ drive
v0x7f9065569240_0 .net "OLOADBOT", 0 0, o0x7f906704b6f8;  0 drivers
o0x7f906704b728 .functor BUFZ 1, C4<z>; HiZ drive
v0x7f90655692e0_0 .net "OLOADTOP", 0 0, o0x7f906704b728;  0 drivers
o0x7f906704b758 .functor BUFZ 1, C4<z>; HiZ drive
v0x7f9065569380_0 .net "ORSTBOT", 0 0, o0x7f906704b758;  0 drivers
o0x7f906704b788 .functor BUFZ 1, C4<z>; HiZ drive
v0x7f9065569420_0 .net "ORSTTOP", 0 0, o0x7f906704b788;  0 drivers
v0x7f90655694c0_0 .net "Oh", 15 0, L_0x7f9065723a50;  1 drivers
v0x7f9065568a90_0 .net "Ol", 15 0, L_0x7f906564c830;  1 drivers
o0x7f906704b818 .functor BUFZ 1, C4<z>; HiZ drive
v0x7f9065569750_0 .net "SIGNEXTIN", 0 0, o0x7f906704b818;  0 drivers
v0x7f90655697e0_0 .net "SIGNEXTOUT", 0 0, L_0x7f9065766960;  1 drivers
v0x7f9065569870_0 .net "XW", 15 0, L_0x7f9065766240;  1 drivers
v0x7f9065569910_0 .net "YZ", 15 0, L_0x7f9065766e00;  1 drivers
v0x7f90655699c0_0 .net/2u *"_ivl_0", 0 0, L_0x7f9067073440;  1 drivers
v0x7f9065569a70_0 .net *"_ivl_100", 31 0, L_0x7f9065692a60;  1 drivers
L_0x7f9067073830 .functor BUFT 1, C4<0000000000000000>, C4<0>, C4<0>, C4<0>;
v0x7f9065569b20_0 .net *"_ivl_103", 15 0, L_0x7f9067073830;  1 drivers
v0x7f9065569bd0_0 .net *"_ivl_104", 31 0, L_0x7f9065692ba0;  1 drivers
v0x7f9065569c80_0 .net *"_ivl_106", 15 0, L_0x7f9065692b00;  1 drivers
L_0x7f9067073878 .functor BUFT 1, C4<0000000000000000>, C4<0>, C4<0>, C4<0>;
v0x7f9065569d30_0 .net *"_ivl_108", 15 0, L_0x7f9067073878;  1 drivers
L_0x7f9067073488 .functor BUFT 1, C4<00000000>, C4<0>, C4<0>, C4<0>;
v0x7f9065569de0_0 .net/2u *"_ivl_12", 7 0, L_0x7f9067073488;  1 drivers
v0x7f9065569e90_0 .net *"_ivl_121", 16 0, L_0x7f90657662e0;  1 drivers
L_0x7f90670738c0 .functor BUFT 1, C4<0>, C4<0>, C4<0>, C4<0>;
v0x7f9065569f40_0 .net *"_ivl_124", 0 0, L_0x7f90670738c0;  1 drivers
v0x7f9065569ff0_0 .net *"_ivl_125", 16 0, L_0x7f9065766380;  1 drivers
L_0x7f9067073908 .functor BUFT 1, C4<0>, C4<0>, C4<0>, C4<0>;
v0x7f906556a0a0_0 .net *"_ivl_128", 0 0, L_0x7f9067073908;  1 drivers
v0x7f906556a150_0 .net *"_ivl_129", 15 0, L_0x7f9065766620;  1 drivers
v0x7f906556a200_0 .net *"_ivl_131", 16 0, L_0x7f9065766750;  1 drivers
L_0x7f9067073950 .functor BUFT 1, C4<0>, C4<0>, C4<0>, C4<0>;
v0x7f906556a2b0_0 .net *"_ivl_134", 0 0, L_0x7f9067073950;  1 drivers
v0x7f906556a360_0 .net *"_ivl_135", 16 0, L_0x7f906571e9c0;  1 drivers
v0x7f906556a410_0 .net *"_ivl_137", 16 0, L_0x7f9065766a50;  1 drivers
L_0x7f9067073bd8 .functor BUFT 1, C4<00000000000000000>, C4<0>, C4<0>, C4<0>;
v0x7f906556a4c0_0 .net *"_ivl_139", 16 0, L_0x7f9067073bd8;  1 drivers
v0x7f906556a570_0 .net *"_ivl_143", 16 0, L_0x7f9065766af0;  1 drivers
v0x7f906556a620_0 .net *"_ivl_147", 15 0, L_0x7f9065766b90;  1 drivers
v0x7f906556a6d0_0 .net *"_ivl_149", 15 0, L_0x7f9065720dc0;  1 drivers
v0x7f906556a780_0 .net *"_ivl_15", 7 0, L_0x7f9065491b00;  1 drivers
v0x7f906556a830_0 .net *"_ivl_168", 16 0, L_0x7f9065766ea0;  1 drivers
L_0x7f90670739e0 .functor BUFT 1, C4<0>, C4<0>, C4<0>, C4<0>;
v0x7f906556a8e0_0 .net *"_ivl_171", 0 0, L_0x7f90670739e0;  1 drivers
v0x7f906556a990_0 .net *"_ivl_172", 16 0, L_0x7f9065766f40;  1 drivers
L_0x7f9067073a28 .functor BUFT 1, C4<0>, C4<0>, C4<0>, C4<0>;
v0x7f906556aa40_0 .net *"_ivl_175", 0 0, L_0x7f9067073a28;  1 drivers
v0x7f906556aaf0_0 .net *"_ivl_176", 15 0, L_0x7f9065766fe0;  1 drivers
v0x7f906556aba0_0 .net *"_ivl_178", 16 0, L_0x7f9065767080;  1 drivers
L_0x7f90670734d0 .functor BUFT 1, C4<00000000>, C4<0>, C4<0>, C4<0>;
v0x7f9065569570_0 .net/2u *"_ivl_18", 7 0, L_0x7f90670734d0;  1 drivers
L_0x7f9067073a70 .functor BUFT 1, C4<0>, C4<0>, C4<0>, C4<0>;
v0x7f9065569620_0 .net *"_ivl_181", 0 0, L_0x7f9067073a70;  1 drivers
v0x7f906556ac30_0 .net *"_ivl_182", 16 0, L_0x7f9065723b80;  1 drivers
v0x7f906556acc0_0 .net *"_ivl_184", 16 0, L_0x7f9065767380;  1 drivers
L_0x7f9067073c20 .functor BUFT 1, C4<00000000000000000>, C4<0>, C4<0>, C4<0>;
v0x7f906556ad50_0 .net *"_ivl_186", 16 0, L_0x7f9067073c20;  1 drivers
v0x7f906556ade0_0 .net *"_ivl_190", 16 0, L_0x7f9065767420;  1 drivers
v0x7f906556ae70_0 .net *"_ivl_192", 15 0, L_0x7f90657674c0;  1 drivers
v0x7f906556af20_0 .net *"_ivl_194", 15 0, L_0x7f906568ff40;  1 drivers
v0x7f906556afd0_0 .net *"_ivl_21", 7 0, L_0x7f9065491ce0;  1 drivers
L_0x7f9067073518 .functor BUFT 1, C4<00000000>, C4<0>, C4<0>, C4<0>;
v0x7f906556b080_0 .net/2u *"_ivl_24", 7 0, L_0x7f9067073518;  1 drivers
v0x7f906556b130_0 .net *"_ivl_27", 7 0, L_0x7f9065491f00;  1 drivers
L_0x7f9067073560 .functor BUFT 1, C4<00000000>, C4<0>, C4<0>, C4<0>;
v0x7f906556b1e0_0 .net/2u *"_ivl_30", 7 0, L_0x7f9067073560;  1 drivers
v0x7f906556b290_0 .net *"_ivl_33", 7 0, L_0x7f9065492130;  1 drivers
L_0x7f90670735a8 .functor BUFT 1, C4<00000000>, C4<0>, C4<0>, C4<0>;
v0x7f906556b340_0 .net/2u *"_ivl_38", 7 0, L_0x7f90670735a8;  1 drivers
v0x7f906556b3f0_0 .net *"_ivl_41", 7 0, L_0x7f90654924e0;  1 drivers
v0x7f906556b4a0_0 .net *"_ivl_42", 15 0, L_0x7f9065492580;  1 drivers
L_0x7f90670735f0 .functor BUFT 1, C4<00000000>, C4<0>, C4<0>, C4<0>;
v0x7f906556b550_0 .net/2u *"_ivl_46", 7 0, L_0x7f90670735f0;  1 drivers
v0x7f906556b600_0 .net *"_ivl_49", 7 0, L_0x7f906557f9b0;  1 drivers
v0x7f906556b6b0_0 .net *"_ivl_50", 15 0, L_0x7f906557fb00;  1 drivers
L_0x7f9067073638 .functor BUFT 1, C4<00000000>, C4<0>, C4<0>, C4<0>;
v0x7f906556b760_0 .net/2u *"_ivl_64", 7 0, L_0x7f9067073638;  1 drivers
L_0x7f9067073680 .functor BUFT 1, C4<00000000>, C4<0>, C4<0>, C4<0>;
v0x7f906556b810_0 .net/2u *"_ivl_68", 7 0, L_0x7f9067073680;  1 drivers
v0x7f906556b8c0_0 .net *"_ivl_72", 31 0, L_0x7f90656924c0;  1 drivers
L_0x7f90670736c8 .functor BUFT 1, C4<0000000000000000>, C4<0>, C4<0>, C4<0>;
v0x7f906556b970_0 .net *"_ivl_75", 15 0, L_0x7f90670736c8;  1 drivers
v0x7f906556ba20_0 .net *"_ivl_76", 31 0, L_0x7f9065692560;  1 drivers
L_0x7f9067073710 .functor BUFT 1, C4<00000000>, C4<0>, C4<0>, C4<0>;
v0x7f906556bad0_0 .net *"_ivl_79", 7 0, L_0x7f9067073710;  1 drivers
v0x7f906556bb80_0 .net *"_ivl_80", 31 0, L_0x7f90656926a0;  1 drivers
v0x7f906556bc30_0 .net *"_ivl_82", 23 0, L_0x7f9065692600;  1 drivers
L_0x7f9067073758 .functor BUFT 1, C4<00000000>, C4<0>, C4<0>, C4<0>;
v0x7f906556bce0_0 .net *"_ivl_84", 7 0, L_0x7f9067073758;  1 drivers
v0x7f906556bd90_0 .net *"_ivl_86", 31 0, L_0x7f9065692740;  1 drivers
v0x7f906556be40_0 .net *"_ivl_88", 31 0, L_0x7f90656927e0;  1 drivers
L_0x7f90670737a0 .functor BUFT 1, C4<00000000>, C4<0>, C4<0>, C4<0>;
v0x7f906556bef0_0 .net *"_ivl_91", 7 0, L_0x7f90670737a0;  1 drivers
v0x7f906556bfa0_0 .net *"_ivl_92", 31 0, L_0x7f9065692920;  1 drivers
v0x7f906556c050_0 .net *"_ivl_94", 23 0, L_0x7f9065692880;  1 drivers
L_0x7f90670737e8 .functor BUFT 1, C4<00000000>, C4<0>, C4<0>, C4<0>;
v0x7f906556c100_0 .net *"_ivl_96", 7 0, L_0x7f90670737e8;  1 drivers
v0x7f906556c1b0_0 .net *"_ivl_98", 31 0, L_0x7f90656929c0;  1 drivers
v0x7f906556c260_0 .net "clock", 0 0, L_0x7f90654915f0;  1 drivers
v0x7f906556c300_0 .net "iA", 15 0, L_0x7f9065491780;  1 drivers
v0x7f906556c3b0_0 .net "iB", 15 0, L_0x7f9065491860;  1 drivers
v0x7f906556c460_0 .net "iC", 15 0, L_0x7f90654916e0;  1 drivers
v0x7f906556c510_0 .net "iD", 15 0, L_0x7f9065491910;  1 drivers
v0x7f906556c5c0_0 .net "iF", 15 0, L_0x7f906557fa90;  1 drivers
v0x7f906556c670_0 .net "iG", 15 0, L_0x7f90654926d0;  1 drivers
v0x7f906556c720_0 .net "iH", 31 0, L_0x7f9065728ef0;  1 drivers
v0x7f906556c7d0_0 .net "iJ", 15 0, L_0x7f906557fe60;  1 drivers
v0x7f906556c880_0 .net "iJ_e", 23 0, L_0x7f9065766060;  1 drivers
v0x7f906556c930_0 .net "iK", 15 0, L_0x7f9065492620;  1 drivers
v0x7f906556c9e0_0 .net "iK_e", 23 0, L_0x7f90654927d0;  1 drivers
v0x7f906556ca90_0 .net "iL", 31 0, L_0x7f9065766100;  1 drivers
v0x7f906556cb40_0 .net "iP", 15 0, L_0x7f9065766830;  1 drivers
v0x7f906556cbf0_0 .net "iQ", 15 0, v0x7f906548cff0_0;  1 drivers
v0x7f906556cca0_0 .net "iR", 15 0, L_0x7f9065692cf0;  1 drivers
v0x7f906556cd50_0 .net "iS", 15 0, v0x7f906548d080_0;  1 drivers
v0x7f906556ce00_0 .net "iW", 15 0, L_0x7f906575c7b0;  1 drivers
v0x7f906556ceb0_0 .net "iX", 15 0, L_0x7f906575def0;  1 drivers
v0x7f906556cf60_0 .net "iY", 15 0, L_0x7f9065724510;  1 drivers
v0x7f9065456370_0 .net "iZ", 15 0, L_0x7f9065723d80;  1 drivers
v0x7f9065484ff0_0 .net "p_Ah_Bh", 15 0, L_0x7f9065492370;  1 drivers
v0x7f9065485080_0 .net "p_Ah_Bl", 15 0, L_0x7f906557fc20;  1 drivers
v0x7f906548c9c0_0 .net "p_Al_Bh", 15 0, L_0x7f906557f8d0;  1 drivers
v0x7f906548ca50_0 .net "p_Al_Bl", 15 0, L_0x7f906557fd80;  1 drivers
v0x7f906548cae0_0 .var "rA", 15 0;
v0x7f906548cb70_0 .var "rB", 15 0;
v0x7f906548cc00_0 .var "rC", 15 0;
v0x7f906548cc90_0 .var "rD", 15 0;
v0x7f906548cd20_0 .var "rF", 15 0;
v0x7f906548cdb0_0 .var "rG", 15 0;
v0x7f906548ce40_0 .var "rH", 31 0;
v0x7f906548ced0_0 .var "rJ", 15 0;
v0x7f906548cf60_0 .var "rK", 15 0;
v0x7f906548cff0_0 .var "rQ", 15 0;
v0x7f906548d080_0 .var "rS", 15 0;
E_0x7f90655674d0 .event posedge, v0x7f9065569380_0, v0x7f906556c260_0;
E_0x7f9065567db0 .event posedge, v0x7f9065569420_0, v0x7f906556c260_0;
E_0x7f9065567e00 .event posedge, v0x7f9065568dd0_0, v0x7f906556c260_0;
E_0x7f9065567e60 .event posedge, v0x7f9065568e70_0, v0x7f906556c260_0;
L_0x7f9065491b00 .part L_0x7f9065491780, 8, 8;
L_0x7f9065491c00 .concat [ 8 8 0 0], L_0x7f9065491b00, L_0x7f9067073488;
L_0x7f9065491ce0 .part L_0x7f9065491780, 0, 8;
L_0x7f9065491da0 .concat [ 8 8 0 0], L_0x7f9065491ce0, L_0x7f90670734d0;
L_0x7f9065491f00 .part L_0x7f9065491860, 8, 8;
L_0x7f9065492010 .concat [ 8 8 0 0], L_0x7f9065491f00, L_0x7f9067073518;
L_0x7f9065492130 .part L_0x7f9065491860, 0, 8;
L_0x7f9065492210 .concat [ 8 8 0 0], L_0x7f9065492130, L_0x7f9067073560;
L_0x7f9065492370 .arith/mult 16, L_0x7f9065491c00, L_0x7f9065492010;
L_0x7f90654924e0 .part L_0x7f9065491da0, 0, 8;
L_0x7f9065492580 .concat [ 8 8 0 0], L_0x7f90654924e0, L_0x7f90670735a8;
L_0x7f906557f8d0 .arith/mult 16, L_0x7f9065492580, L_0x7f9065492010;
L_0x7f906557f9b0 .part L_0x7f9065492210, 0, 8;
L_0x7f906557fb00 .concat [ 8 8 0 0], L_0x7f906557f9b0, L_0x7f90670735f0;
L_0x7f906557fc20 .arith/mult 16, L_0x7f9065491c00, L_0x7f906557fb00;
L_0x7f906557fd80 .arith/mult 16, L_0x7f9065491da0, L_0x7f9065492210;
L_0x7f90654927d0 .concat [ 16 8 0 0], L_0x7f9065492620, L_0x7f9067073638;
L_0x7f9065766060 .concat [ 16 8 0 0], L_0x7f906557fe60, L_0x7f9067073680;
L_0x7f90656924c0 .concat [ 16 16 0 0], L_0x7f90654926d0, L_0x7f90670736c8;
L_0x7f9065692560 .concat [ 24 8 0 0], L_0x7f90654927d0, L_0x7f9067073710;
L_0x7f9065692600 .part L_0x7f9065692560, 0, 24;
L_0x7f90656926a0 .concat [ 8 24 0 0], L_0x7f9067073758, L_0x7f9065692600;
L_0x7f9065692740 .arith/sum 32, L_0x7f90656924c0, L_0x7f90656926a0;
L_0x7f90656927e0 .concat [ 24 8 0 0], L_0x7f9065766060, L_0x7f90670737a0;
L_0x7f9065692880 .part L_0x7f90656927e0, 0, 24;
L_0x7f9065692920 .concat [ 8 24 0 0], L_0x7f90670737e8, L_0x7f9065692880;
L_0x7f90656929c0 .arith/sum 32, L_0x7f9065692740, L_0x7f9065692920;
L_0x7f9065692a60 .concat [ 16 16 0 0], L_0x7f906557fa90, L_0x7f9067073830;
L_0x7f9065692b00 .part L_0x7f9065692a60, 0, 16;
L_0x7f9065692ba0 .concat [ 16 16 0 0], L_0x7f9067073878, L_0x7f9065692b00;
L_0x7f9065766100 .arith/sum 32, L_0x7f90656929c0, L_0x7f9065692ba0;
L_0x7f90657661a0 .part L_0x7f9065766af0, 16, 1;
L_0x7f9065766240 .part L_0x7f9065766af0, 0, 16;
L_0x7f90657662e0 .concat [ 16 1 0 0], L_0x7f906575def0, L_0x7f90670738c0;
L_0x7f9065766380 .concat [ 16 1 0 0], L_0x7f906575c7b0, L_0x7f9067073908;
LS_0x7f9065766620_0_0 .concat [ 1 1 1 1], o0x7f906704b278, o0x7f906704b278, o0x7f906704b278, o0x7f906704b278;
LS_0x7f9065766620_0_4 .concat [ 1 1 1 1], o0x7f906704b278, o0x7f906704b278, o0x7f906704b278, o0x7f906704b278;
LS_0x7f9065766620_0_8 .concat [ 1 1 1 1], o0x7f906704b278, o0x7f906704b278, o0x7f906704b278, o0x7f906704b278;
LS_0x7f9065766620_0_12 .concat [ 1 1 1 1], o0x7f906704b278, o0x7f906704b278, o0x7f906704b278, o0x7f906704b278;
L_0x7f9065766620 .concat [ 4 4 4 4], LS_0x7f9065766620_0_0, LS_0x7f9065766620_0_4, LS_0x7f9065766620_0_8, LS_0x7f9065766620_0_12;
L_0x7f9065766750 .concat [ 16 1 0 0], L_0x7f9065766620, L_0x7f9067073950;
L_0x7f9065766a50 .arith/sum 17, L_0x7f90657662e0, L_0x7f906571e9c0;
L_0x7f9065766af0 .arith/sum 17, L_0x7f9065766a50, L_0x7f9067073bd8;
LS_0x7f9065766b90_0_0 .concat [ 1 1 1 1], o0x7f906704b278, o0x7f906704b278, o0x7f906704b278, o0x7f906704b278;
LS_0x7f9065766b90_0_4 .concat [ 1 1 1 1], o0x7f906704b278, o0x7f906704b278, o0x7f906704b278, o0x7f906704b278;
LS_0x7f9065766b90_0_8 .concat [ 1 1 1 1], o0x7f906704b278, o0x7f906704b278, o0x7f906704b278, o0x7f906704b278;
LS_0x7f9065766b90_0_12 .concat [ 1 1 1 1], o0x7f906704b278, o0x7f906704b278, o0x7f906704b278, o0x7f906704b278;
L_0x7f9065766b90 .concat [ 4 4 4 4], LS_0x7f9065766b90_0_0, LS_0x7f9065766b90_0_4, LS_0x7f9065766b90_0_8, LS_0x7f9065766b90_0_12;
L_0x7f9065766830 .functor MUXZ 16, L_0x7f9065720dc0, L_0x7f90654916e0, o0x7f906704b728, C4<>;
L_0x7f9065766960 .part L_0x7f906575def0, 15, 1;
L_0x7f9065766d60 .part L_0x7f9065767420, 16, 1;
L_0x7f9065766e00 .part L_0x7f9065767420, 0, 16;
L_0x7f9065766ea0 .concat [ 16 1 0 0], L_0x7f9065723d80, L_0x7f90670739e0;
L_0x7f9065766f40 .concat [ 16 1 0 0], L_0x7f9065724510, L_0x7f9067073a28;
LS_0x7f9065766fe0_0_0 .concat [ 1 1 1 1], o0x7f906704b248, o0x7f906704b248, o0x7f906704b248, o0x7f906704b248;
LS_0x7f9065766fe0_0_4 .concat [ 1 1 1 1], o0x7f906704b248, o0x7f906704b248, o0x7f906704b248, o0x7f906704b248;
LS_0x7f9065766fe0_0_8 .concat [ 1 1 1 1], o0x7f906704b248, o0x7f906704b248, o0x7f906704b248, o0x7f906704b248;
LS_0x7f9065766fe0_0_12 .concat [ 1 1 1 1], o0x7f906704b248, o0x7f906704b248, o0x7f906704b248, o0x7f906704b248;
L_0x7f9065766fe0 .concat [ 4 4 4 4], LS_0x7f9065766fe0_0_0, LS_0x7f9065766fe0_0_4, LS_0x7f9065766fe0_0_8, LS_0x7f9065766fe0_0_12;
L_0x7f9065767080 .concat [ 16 1 0 0], L_0x7f9065766fe0, L_0x7f9067073a70;
L_0x7f9065767380 .arith/sum 17, L_0x7f9065766ea0, L_0x7f9065723b80;
L_0x7f9065767420 .arith/sum 17, L_0x7f9065767380, L_0x7f9067073c20;
LS_0x7f90657674c0_0_0 .concat [ 1 1 1 1], o0x7f906704b248, o0x7f906704b248, o0x7f906704b248, o0x7f906704b248;
LS_0x7f90657674c0_0_4 .concat [ 1 1 1 1], o0x7f906704b248, o0x7f906704b248, o0x7f906704b248, o0x7f906704b248;
LS_0x7f90657674c0_0_8 .concat [ 1 1 1 1], o0x7f906704b248, o0x7f906704b248, o0x7f906704b248, o0x7f906704b248;
LS_0x7f90657674c0_0_12 .concat [ 1 1 1 1], o0x7f906704b248, o0x7f906704b248, o0x7f906704b248, o0x7f906704b248;
L_0x7f90657674c0 .concat [ 4 4 4 4], LS_0x7f90657674c0_0_0, LS_0x7f90657674c0_0_4, LS_0x7f90657674c0_0_8, LS_0x7f90657674c0_0_12;
L_0x7f9065692cf0 .functor MUXZ 16, L_0x7f906568ff40, L_0x7f9065491910, o0x7f906704b6f8, C4<>;
L_0x7f9065692e50 .concat [ 16 16 0 0], L_0x7f906564c830, L_0x7f9065723a50;
S_0x7f906540bd60 .scope module, "SB_PLL40_2F_CORE" "SB_PLL40_2F_CORE" 2 2521;
 .timescale -12 -12;
    .port_info 0 /INPUT 1 "REFERENCECLK";
    .port_info 1 /OUTPUT 1 "PLLOUTCOREA";
    .port_info 2 /OUTPUT 1 "PLLOUTGLOBALA";
    .port_info 3 /OUTPUT 1 "PLLOUTCOREB";
    .port_info 4 /OUTPUT 1 "PLLOUTGLOBALB";
    .port_info 5 /INPUT 1 "EXTFEEDBACK";
    .port_info 6 /INPUT 8 "DYNAMICDELAY";
    .port_info 7 /OUTPUT 1 "LOCK";
    .port_info 8 /INPUT 1 "BYPASS";
    .port_info 9 /INPUT 1 "RESETB";
    .port_info 10 /INPUT 1 "LATCHINPUTVALUE";
    .port_info 11 /OUTPUT 1 "SDO";
    .port_info 12 /INPUT 1 "SDI";
    .port_info 13 /INPUT 1 "SCLK";
P_0x7f906581a400 .param/str "DELAY_ADJUSTMENT_MODE_FEEDBACK" 0 2 2538, "FIXED";
P_0x7f906581a440 .param/str "DELAY_ADJUSTMENT_MODE_RELATIVE" 0 2 2539, "FIXED";
P_0x7f906581a480 .param/l "DIVF" 0 2 2546, C4<0000000>;
P_0x7f906581a4c0 .param/l "DIVQ" 0 2 2547, C4<000>;
P_0x7f906581a500 .param/l "DIVR" 0 2 2545, C4<0000>;
P_0x7f906581a540 .param/l "ENABLE_ICEGATE_PORTA" 0 2 2549, C4<0>;
P_0x7f906581a580 .param/l "ENABLE_ICEGATE_PORTB" 0 2 2550, C4<0>;
P_0x7f906581a5c0 .param/l "EXTERNAL_DIVIDE_FACTOR" 0 2 2552, +C4<00000000000000000000000000000001>;
P_0x7f906581a600 .param/l "FDA_FEEDBACK" 0 2 2541, C4<0000>;
P_0x7f906581a640 .param/l "FDA_RELATIVE" 0 2 2542, C4<0000>;
P_0x7f906581a680 .param/str "FEEDBACK_PATH" 0 2 2537, "SIMPLE";
P_0x7f906581a6c0 .param/l "FILTER_RANGE" 0 2 2548, C4<000>;
P_0x7f906581a700 .param/str "PLLOUT_SELECT_PORTA" 0 2 2543, "GENCLK";
P_0x7f906581a740 .param/str "PLLOUT_SELECT_PORTB" 0 2 2544, "GENCLK";
P_0x7f906581a780 .param/l "SHIFTREG_DIV_MODE" 0 2 2540, C4<0>;
P_0x7f906581a7c0 .param/l "TEST_MODE" 0 2 2551, C4<0>;
o0x7f906704d048 .functor BUFZ 1, C4<z>; HiZ drive
v0x7f906548d1f0_0 .net "BYPASS", 0 0, o0x7f906704d048;  0 drivers
o0x7f906704d078 .functor BUFZ 8, C4<zzzzzzzz>; HiZ drive
v0x7f9065691bc0_0 .net "DYNAMICDELAY", 7 0, o0x7f906704d078;  0 drivers
o0x7f906704d0a8 .functor BUFZ 1, C4<z>; HiZ drive
v0x7f9065691c50_0 .net "EXTFEEDBACK", 0 0, o0x7f906704d0a8;  0 drivers
o0x7f906704d0d8 .functor BUFZ 1, C4<z>; HiZ drive
v0x7f9065691ce0_0 .net "LATCHINPUTVALUE", 0 0, o0x7f906704d0d8;  0 drivers
o0x7f906704d108 .functor BUFZ 1, C4<z>; HiZ drive
v0x7f9065691d70_0 .net "LOCK", 0 0, o0x7f906704d108;  0 drivers
o0x7f906704d138 .functor BUFZ 1, C4<z>; HiZ drive
v0x7f90657646c0_0 .net "PLLOUTCOREA", 0 0, o0x7f906704d138;  0 drivers
o0x7f906704d168 .functor BUFZ 1, C4<z>; HiZ drive
v0x7f9065764750_0 .net "PLLOUTCOREB", 0 0, o0x7f906704d168;  0 drivers
o0x7f906704d198 .functor BUFZ 1, C4<z>; HiZ drive
v0x7f90657647e0_0 .net "PLLOUTGLOBALA", 0 0, o0x7f906704d198;  0 drivers
o0x7f906704d1c8 .functor BUFZ 1, C4<z>; HiZ drive
v0x7f9065764870_0 .net "PLLOUTGLOBALB", 0 0, o0x7f906704d1c8;  0 drivers
o0x7f906704d1f8 .functor BUFZ 1, C4<z>; HiZ drive
v0x7f9065764900_0 .net "REFERENCECLK", 0 0, o0x7f906704d1f8;  0 drivers
o0x7f906704d228 .functor BUFZ 1, C4<z>; HiZ drive
v0x7f9065764990_0 .net "RESETB", 0 0, o0x7f906704d228;  0 drivers
o0x7f906704d258 .functor BUFZ 1, C4<z>; HiZ drive
v0x7f9065764a20_0 .net "SCLK", 0 0, o0x7f906704d258;  0 drivers
o0x7f906704d288 .functor BUFZ 1, C4<z>; HiZ drive
v0x7f9065764ab0_0 .net "SDI", 0 0, o0x7f906704d288;  0 drivers
o0x7f906704d2b8 .functor BUFZ 1, C4<z>; HiZ drive
v0x7f9065764b40_0 .net "SDO", 0 0, o0x7f906704d2b8;  0 drivers
S_0x7f90657145e0 .scope module, "SB_PLL40_2F_PAD" "SB_PLL40_2F_PAD" 2 2556;
 .timescale -12 -12;
    .port_info 0 /INPUT 1 "PACKAGEPIN";
    .port_info 1 /OUTPUT 1 "PLLOUTCOREA";
    .port_info 2 /OUTPUT 1 "PLLOUTGLOBALA";
    .port_info 3 /OUTPUT 1 "PLLOUTCOREB";
    .port_info 4 /OUTPUT 1 "PLLOUTGLOBALB";
    .port_info 5 /INPUT 1 "EXTFEEDBACK";
    .port_info 6 /INPUT 8 "DYNAMICDELAY";
    .port_info 7 /OUTPUT 1 "LOCK";
    .port_info 8 /INPUT 1 "BYPASS";
    .port_info 9 /INPUT 1 "RESETB";
    .port_info 10 /INPUT 1 "LATCHINPUTVALUE";
    .port_info 11 /OUTPUT 1 "SDO";
    .port_info 12 /INPUT 1 "SDI";
    .port_info 13 /INPUT 1 "SCLK";
P_0x7f9067810800 .param/str "DELAY_ADJUSTMENT_MODE_FEEDBACK" 0 2 2573, "FIXED";
P_0x7f9067810840 .param/str "DELAY_ADJUSTMENT_MODE_RELATIVE" 0 2 2574, "FIXED";
P_0x7f9067810880 .param/l "DIVF" 0 2 2581, C4<0000000>;
P_0x7f90678108c0 .param/l "DIVQ" 0 2 2582, C4<000>;
P_0x7f9067810900 .param/l "DIVR" 0 2 2580, C4<0000>;
P_0x7f9067810940 .param/l "ENABLE_ICEGATE_PORTA" 0 2 2584, C4<0>;
P_0x7f9067810980 .param/l "ENABLE_ICEGATE_PORTB" 0 2 2585, C4<0>;
P_0x7f90678109c0 .param/l "EXTERNAL_DIVIDE_FACTOR" 0 2 2587, +C4<00000000000000000000000000000001>;
P_0x7f9067810a00 .param/l "FDA_FEEDBACK" 0 2 2576, C4<0000>;
P_0x7f9067810a40 .param/l "FDA_RELATIVE" 0 2 2577, C4<0000>;
P_0x7f9067810a80 .param/str "FEEDBACK_PATH" 0 2 2572, "SIMPLE";
P_0x7f9067810ac0 .param/l "FILTER_RANGE" 0 2 2583, C4<000>;
P_0x7f9067810b00 .param/str "PLLOUT_SELECT_PORTA" 0 2 2578, "GENCLK";
P_0x7f9067810b40 .param/str "PLLOUT_SELECT_PORTB" 0 2 2579, "GENCLK";
P_0x7f9067810b80 .param/l "SHIFTREG_DIV_MODE" 0 2 2575, C4<00>;
P_0x7f9067810bc0 .param/l "TEST_MODE" 0 2 2586, C4<0>;
o0x7f906704d588 .functor BUFZ 1, C4<z>; HiZ drive
v0x7f906556d060_0 .net "BYPASS", 0 0, o0x7f906704d588;  0 drivers
o0x7f906704d5b8 .functor BUFZ 8, C4<zzzzzzzz>; HiZ drive
v0x7f906556d110_0 .net "DYNAMICDELAY", 7 0, o0x7f906704d5b8;  0 drivers
o0x7f906704d5e8 .functor BUFZ 1, C4<z>; HiZ drive
v0x7f906556d1b0_0 .net "EXTFEEDBACK", 0 0, o0x7f906704d5e8;  0 drivers
o0x7f906704d618 .functor BUFZ 1, C4<z>; HiZ drive
v0x7f906556d240_0 .net "LATCHINPUTVALUE", 0 0, o0x7f906704d618;  0 drivers
o0x7f906704d648 .functor BUFZ 1, C4<z>; HiZ drive
v0x7f906556d2d0_0 .net "LOCK", 0 0, o0x7f906704d648;  0 drivers
o0x7f906704d678 .functor BUFZ 1, C4<z>; HiZ drive
v0x7f906556d370_0 .net "PACKAGEPIN", 0 0, o0x7f906704d678;  0 drivers
o0x7f906704d6a8 .functor BUFZ 1, C4<z>; HiZ drive
v0x7f906556d410_0 .net "PLLOUTCOREA", 0 0, o0x7f906704d6a8;  0 drivers
o0x7f906704d6d8 .functor BUFZ 1, C4<z>; HiZ drive
v0x7f906556d4b0_0 .net "PLLOUTCOREB", 0 0, o0x7f906704d6d8;  0 drivers
o0x7f906704d708 .functor BUFZ 1, C4<z>; HiZ drive
v0x7f9065691e00_0 .net "PLLOUTGLOBALA", 0 0, o0x7f906704d708;  0 drivers
o0x7f906704d738 .functor BUFZ 1, C4<z>; HiZ drive
v0x7f9065691e90_0 .net "PLLOUTGLOBALB", 0 0, o0x7f906704d738;  0 drivers
o0x7f906704d768 .functor BUFZ 1, C4<z>; HiZ drive
v0x7f9065691f20_0 .net "RESETB", 0 0, o0x7f906704d768;  0 drivers
o0x7f906704d798 .functor BUFZ 1, C4<z>; HiZ drive
v0x7f9065691fb0_0 .net "SCLK", 0 0, o0x7f906704d798;  0 drivers
o0x7f906704d7c8 .functor BUFZ 1, C4<z>; HiZ drive
v0x7f906556d540_0 .net "SDI", 0 0, o0x7f906704d7c8;  0 drivers
o0x7f906704d7f8 .functor BUFZ 1, C4<z>; HiZ drive
v0x7f906556d5d0_0 .net "SDO", 0 0, o0x7f906704d7f8;  0 drivers
S_0x7f9065708ad0 .scope module, "SB_PLL40_2_PAD" "SB_PLL40_2_PAD" 2 2487;
 .timescale -12 -12;
    .port_info 0 /INPUT 1 "PACKAGEPIN";
    .port_info 1 /OUTPUT 1 "PLLOUTCOREA";
    .port_info 2 /OUTPUT 1 "PLLOUTGLOBALA";
    .port_info 3 /OUTPUT 1 "PLLOUTCOREB";
    .port_info 4 /OUTPUT 1 "PLLOUTGLOBALB";
    .port_info 5 /INPUT 1 "EXTFEEDBACK";
    .port_info 6 /INPUT 8 "DYNAMICDELAY";
    .port_info 7 /OUTPUT 1 "LOCK";
    .port_info 8 /INPUT 1 "BYPASS";
    .port_info 9 /INPUT 1 "RESETB";
    .port_info 10 /INPUT 1 "LATCHINPUTVALUE";
    .port_info 11 /OUTPUT 1 "SDO";
    .port_info 12 /INPUT 1 "SDI";
    .port_info 13 /INPUT 1 "SCLK";
P_0x7f9065763cd0 .param/str "DELAY_ADJUSTMENT_MODE_FEEDBACK" 0 2 2504, "FIXED";
P_0x7f9065763d10 .param/str "DELAY_ADJUSTMENT_MODE_RELATIVE" 0 2 2505, "FIXED";
P_0x7f9065763d50 .param/l "DIVF" 0 2 2511, C4<0000000>;
P_0x7f9065763d90 .param/l "DIVQ" 0 2 2512, C4<000>;
P_0x7f9065763dd0 .param/l "DIVR" 0 2 2510, C4<0000>;
P_0x7f9065763e10 .param/l "ENABLE_ICEGATE_PORTA" 0 2 2514, C4<0>;
P_0x7f9065763e50 .param/l "ENABLE_ICEGATE_PORTB" 0 2 2515, C4<0>;
P_0x7f9065763e90 .param/l "EXTERNAL_DIVIDE_FACTOR" 0 2 2517, +C4<00000000000000000000000000000001>;
P_0x7f9065763ed0 .param/l "FDA_FEEDBACK" 0 2 2507, C4<0000>;
P_0x7f9065763f10 .param/l "FDA_RELATIVE" 0 2 2508, C4<0000>;
P_0x7f9065763f50 .param/str "FEEDBACK_PATH" 0 2 2503, "SIMPLE";
P_0x7f9065763f90 .param/l "FILTER_RANGE" 0 2 2513, C4<000>;
P_0x7f9065763fd0 .param/str "PLLOUT_SELECT_PORTB" 0 2 2509, "GENCLK";
P_0x7f9065764010 .param/l "SHIFTREG_DIV_MODE" 0 2 2506, C4<0>;
P_0x7f9065764050 .param/l "TEST_MODE" 0 2 2516, C4<0>;
o0x7f906704dac8 .functor BUFZ 1, C4<z>; HiZ drive
v0x7f906556d7c0_0 .net "BYPASS", 0 0, o0x7f906704dac8;  0 drivers
o0x7f906704daf8 .functor BUFZ 8, C4<zzzzzzzz>; HiZ drive
v0x7f906556d870_0 .net "DYNAMICDELAY", 7 0, o0x7f906704daf8;  0 drivers
o0x7f906704db28 .functor BUFZ 1, C4<z>; HiZ drive
v0x7f906556d910_0 .net "EXTFEEDBACK", 0 0, o0x7f906704db28;  0 drivers
o0x7f906704db58 .functor BUFZ 1, C4<z>; HiZ drive
v0x7f906556d9a0_0 .net "LATCHINPUTVALUE", 0 0, o0x7f906704db58;  0 drivers
o0x7f906704db88 .functor BUFZ 1, C4<z>; HiZ drive
v0x7f906556da30_0 .net "LOCK", 0 0, o0x7f906704db88;  0 drivers
o0x7f906704dbb8 .functor BUFZ 1, C4<z>; HiZ drive
v0x7f906556db10_0 .net "PACKAGEPIN", 0 0, o0x7f906704dbb8;  0 drivers
o0x7f906704dbe8 .functor BUFZ 1, C4<z>; HiZ drive
v0x7f906556dbb0_0 .net "PLLOUTCOREA", 0 0, o0x7f906704dbe8;  0 drivers
o0x7f906704dc18 .functor BUFZ 1, C4<z>; HiZ drive
v0x7f906556dc50_0 .net "PLLOUTCOREB", 0 0, o0x7f906704dc18;  0 drivers
o0x7f906704dc48 .functor BUFZ 1, C4<z>; HiZ drive
v0x7f906556dcf0_0 .net "PLLOUTGLOBALA", 0 0, o0x7f906704dc48;  0 drivers
o0x7f906704dc78 .functor BUFZ 1, C4<z>; HiZ drive
v0x7f906556de00_0 .net "PLLOUTGLOBALB", 0 0, o0x7f906704dc78;  0 drivers
o0x7f906704dca8 .functor BUFZ 1, C4<z>; HiZ drive
v0x7f906556de90_0 .net "RESETB", 0 0, o0x7f906704dca8;  0 drivers
o0x7f906704dcd8 .functor BUFZ 1, C4<z>; HiZ drive
v0x7f906556df30_0 .net "SCLK", 0 0, o0x7f906704dcd8;  0 drivers
o0x7f906704dd08 .functor BUFZ 1, C4<z>; HiZ drive
v0x7f906556dfd0_0 .net "SDI", 0 0, o0x7f906704dd08;  0 drivers
o0x7f906704dd38 .functor BUFZ 1, C4<z>; HiZ drive
v0x7f906556e070_0 .net "SDO", 0 0, o0x7f906704dd38;  0 drivers
S_0x7f9065707a50 .scope module, "SB_PLL40_CORE" "SB_PLL40_CORE" 2 2425;
 .timescale -12 -12;
    .port_info 0 /INPUT 1 "REFERENCECLK";
    .port_info 1 /OUTPUT 1 "PLLOUTCORE";
    .port_info 2 /OUTPUT 1 "PLLOUTGLOBAL";
    .port_info 3 /INPUT 1 "EXTFEEDBACK";
    .port_info 4 /INPUT 8 "DYNAMICDELAY";
    .port_info 5 /OUTPUT 1 "LOCK";
    .port_info 6 /INPUT 1 "BYPASS";
    .port_info 7 /INPUT 1 "RESETB";
    .port_info 8 /INPUT 1 "LATCHINPUTVALUE";
    .port_info 9 /OUTPUT 1 "SDO";
    .port_info 10 /INPUT 1 "SDI";
    .port_info 11 /INPUT 1 "SCLK";
P_0x7f9065721740 .param/str "DELAY_ADJUSTMENT_MODE_FEEDBACK" 0 2 2440, "FIXED";
P_0x7f9065721780 .param/str "DELAY_ADJUSTMENT_MODE_RELATIVE" 0 2 2441, "FIXED";
P_0x7f90657217c0 .param/l "DIVF" 0 2 2447, C4<0000000>;
P_0x7f9065721800 .param/l "DIVQ" 0 2 2448, C4<000>;
P_0x7f9065721840 .param/l "DIVR" 0 2 2446, C4<0000>;
P_0x7f9065721880 .param/l "ENABLE_ICEGATE" 0 2 2450, C4<0>;
P_0x7f90657218c0 .param/l "EXTERNAL_DIVIDE_FACTOR" 0 2 2452, +C4<00000000000000000000000000000001>;
P_0x7f9065721900 .param/l "FDA_FEEDBACK" 0 2 2443, C4<0000>;
P_0x7f9065721940 .param/l "FDA_RELATIVE" 0 2 2444, C4<0000>;
P_0x7f9065721980 .param/str "FEEDBACK_PATH" 0 2 2439, "SIMPLE";
P_0x7f90657219c0 .param/l "FILTER_RANGE" 0 2 2449, C4<000>;
P_0x7f9065721a00 .param/str "PLLOUT_SELECT" 0 2 2445, "GENCLK";
P_0x7f9065721a40 .param/l "SHIFTREG_DIV_MODE" 0 2 2442, C4<0>;
P_0x7f9065721a80 .param/l "TEST_MODE" 0 2 2451, C4<0>;
o0x7f906704e008 .functor BUFZ 1, C4<z>; HiZ drive
v0x7f906556e260_0 .net "BYPASS", 0 0, o0x7f906704e008;  0 drivers
o0x7f906704e038 .functor BUFZ 8, C4<zzzzzzzz>; HiZ drive
v0x7f906556e310_0 .net "DYNAMICDELAY", 7 0, o0x7f906704e038;  0 drivers
o0x7f906704e068 .functor BUFZ 1, C4<z>; HiZ drive
v0x7f906556e3b0_0 .net "EXTFEEDBACK", 0 0, o0x7f906704e068;  0 drivers
o0x7f906704e098 .functor BUFZ 1, C4<z>; HiZ drive
v0x7f906556e440_0 .net "LATCHINPUTVALUE", 0 0, o0x7f906704e098;  0 drivers
o0x7f906704e0c8 .functor BUFZ 1, C4<z>; HiZ drive
v0x7f906556e4d0_0 .net "LOCK", 0 0, o0x7f906704e0c8;  0 drivers
o0x7f906704e0f8 .functor BUFZ 1, C4<z>; HiZ drive
v0x7f906556e5b0_0 .net "PLLOUTCORE", 0 0, o0x7f906704e0f8;  0 drivers
o0x7f906704e128 .functor BUFZ 1, C4<z>; HiZ drive
v0x7f906556e650_0 .net "PLLOUTGLOBAL", 0 0, o0x7f906704e128;  0 drivers
o0x7f906704e158 .functor BUFZ 1, C4<z>; HiZ drive
v0x7f906556e6f0_0 .net "REFERENCECLK", 0 0, o0x7f906704e158;  0 drivers
o0x7f906704e188 .functor BUFZ 1, C4<z>; HiZ drive
v0x7f906556e790_0 .net "RESETB", 0 0, o0x7f906704e188;  0 drivers
o0x7f906704e1b8 .functor BUFZ 1, C4<z>; HiZ drive
v0x7f906556e8a0_0 .net "SCLK", 0 0, o0x7f906704e1b8;  0 drivers
o0x7f906704e1e8 .functor BUFZ 1, C4<z>; HiZ drive
v0x7f906556e930_0 .net "SDI", 0 0, o0x7f906704e1e8;  0 drivers
o0x7f906704e218 .functor BUFZ 1, C4<z>; HiZ drive
v0x7f906556e9d0_0 .net "SDO", 0 0, o0x7f906704e218;  0 drivers
S_0x7f906570a4f0 .scope module, "SB_PLL40_PAD" "SB_PLL40_PAD" 2 2456;
 .timescale -12 -12;
    .port_info 0 /INPUT 1 "PACKAGEPIN";
    .port_info 1 /OUTPUT 1 "PLLOUTCORE";
    .port_info 2 /OUTPUT 1 "PLLOUTGLOBAL";
    .port_info 3 /INPUT 1 "EXTFEEDBACK";
    .port_info 4 /INPUT 8 "DYNAMICDELAY";
    .port_info 5 /OUTPUT 1 "LOCK";
    .port_info 6 /INPUT 1 "BYPASS";
    .port_info 7 /INPUT 1 "RESETB";
    .port_info 8 /INPUT 1 "LATCHINPUTVALUE";
    .port_info 9 /OUTPUT 1 "SDO";
    .port_info 10 /INPUT 1 "SDI";
    .port_info 11 /INPUT 1 "SCLK";
P_0x7f9065715750 .param/str "DELAY_ADJUSTMENT_MODE_FEEDBACK" 0 2 2471, "FIXED";
P_0x7f9065715790 .param/str "DELAY_ADJUSTMENT_MODE_RELATIVE" 0 2 2472, "FIXED";
P_0x7f90657157d0 .param/l "DIVF" 0 2 2478, C4<0000000>;
P_0x7f9065715810 .param/l "DIVQ" 0 2 2479, C4<000>;
P_0x7f9065715850 .param/l "DIVR" 0 2 2477, C4<0000>;
P_0x7f9065715890 .param/l "ENABLE_ICEGATE" 0 2 2481, C4<0>;
P_0x7f90657158d0 .param/l "EXTERNAL_DIVIDE_FACTOR" 0 2 2483, +C4<00000000000000000000000000000001>;
P_0x7f9065715910 .param/l "FDA_FEEDBACK" 0 2 2474, C4<0000>;
P_0x7f9065715950 .param/l "FDA_RELATIVE" 0 2 2475, C4<0000>;
P_0x7f9065715990 .param/str "FEEDBACK_PATH" 0 2 2470, "SIMPLE";
P_0x7f90657159d0 .param/l "FILTER_RANGE" 0 2 2480, C4<000>;
P_0x7f9065715a10 .param/str "PLLOUT_SELECT" 0 2 2476, "GENCLK";
P_0x7f9065715a50 .param/l "SHIFTREG_DIV_MODE" 0 2 2473, C4<0>;
P_0x7f9065715a90 .param/l "TEST_MODE" 0 2 2482, C4<0>;
o0x7f906704e488 .functor BUFZ 1, C4<z>; HiZ drive
v0x7f906556eb90_0 .net "BYPASS", 0 0, o0x7f906704e488;  0 drivers
o0x7f906704e4b8 .functor BUFZ 8, C4<zzzzzzzz>; HiZ drive
v0x7f906556ec40_0 .net "DYNAMICDELAY", 7 0, o0x7f906704e4b8;  0 drivers
o0x7f906704e4e8 .functor BUFZ 1, C4<z>; HiZ drive
v0x7f906556ece0_0 .net "EXTFEEDBACK", 0 0, o0x7f906704e4e8;  0 drivers
o0x7f906704e518 .functor BUFZ 1, C4<z>; HiZ drive
v0x7f906556ed70_0 .net "LATCHINPUTVALUE", 0 0, o0x7f906704e518;  0 drivers
o0x7f906704e548 .functor BUFZ 1, C4<z>; HiZ drive
v0x7f906556ee00_0 .net "LOCK", 0 0, o0x7f906704e548;  0 drivers
o0x7f906704e578 .functor BUFZ 1, C4<z>; HiZ drive
v0x7f906556eee0_0 .net "PACKAGEPIN", 0 0, o0x7f906704e578;  0 drivers
o0x7f906704e5a8 .functor BUFZ 1, C4<z>; HiZ drive
v0x7f906556ef80_0 .net "PLLOUTCORE", 0 0, o0x7f906704e5a8;  0 drivers
o0x7f906704e5d8 .functor BUFZ 1, C4<z>; HiZ drive
v0x7f906556f020_0 .net "PLLOUTGLOBAL", 0 0, o0x7f906704e5d8;  0 drivers
o0x7f906704e608 .functor BUFZ 1, C4<z>; HiZ drive
v0x7f906556f0c0_0 .net "RESETB", 0 0, o0x7f906704e608;  0 drivers
o0x7f906704e638 .functor BUFZ 1, C4<z>; HiZ drive
v0x7f906556f1d0_0 .net "SCLK", 0 0, o0x7f906704e638;  0 drivers
o0x7f906704e668 .functor BUFZ 1, C4<z>; HiZ drive
v0x7f906556f260_0 .net "SDI", 0 0, o0x7f906704e668;  0 drivers
o0x7f906704e698 .functor BUFZ 1, C4<z>; HiZ drive
v0x7f906556f300_0 .net "SDO", 0 0, o0x7f906704e698;  0 drivers
S_0x7f9065713300 .scope module, "SB_RAM40_4KNR" "SB_RAM40_4KNR" 2 1726;
 .timescale -12 -12;
    .port_info 0 /OUTPUT 16 "RDATA";
    .port_info 1 /INPUT 1 "RCLKN";
    .port_info 2 /INPUT 1 "RCLKE";
    .port_info 3 /INPUT 1 "RE";
    .port_info 4 /INPUT 11 "RADDR";
    .port_info 5 /INPUT 1 "WCLK";
    .port_info 6 /INPUT 1 "WCLKE";
    .port_info 7 /INPUT 1 "WE";
    .port_info 8 /INPUT 11 "WADDR";
    .port_info 9 /INPUT 16 "MASK";
    .port_info 10 /INPUT 16 "WDATA";
P_0x7f9067810c00 .param/l "INIT_0" 0 2 1742, C4<0000000000000000000000000000000000000000000000000000000000000000000000000000000000000000000000000000000000000000000000000000000000000000000000000000000000000000000000000000000000000000000000000000000000000000000000000000000000000000000000000000000000000000>;
P_0x7f9067810c40 .param/l "INIT_1" 0 2 1743, C4<0000000000000000000000000000000000000000000000000000000000000000000000000000000000000000000000000000000000000000000000000000000000000000000000000000000000000000000000000000000000000000000000000000000000000000000000000000000000000000000000000000000000000000>;
P_0x7f9067810c80 .param/l "INIT_2" 0 2 1744, C4<0000000000000000000000000000000000000000000000000000000000000000000000000000000000000000000000000000000000000000000000000000000000000000000000000000000000000000000000000000000000000000000000000000000000000000000000000000000000000000000000000000000000000000>;
P_0x7f9067810cc0 .param/l "INIT_3" 0 2 1745, C4<0000000000000000000000000000000000000000000000000000000000000000000000000000000000000000000000000000000000000000000000000000000000000000000000000000000000000000000000000000000000000000000000000000000000000000000000000000000000000000000000000000000000000000>;
P_0x7f9067810d00 .param/l "INIT_4" 0 2 1746, C4<0000000000000000000000000000000000000000000000000000000000000000000000000000000000000000000000000000000000000000000000000000000000000000000000000000000000000000000000000000000000000000000000000000000000000000000000000000000000000000000000000000000000000000>;
P_0x7f9067810d40 .param/l "INIT_5" 0 2 1747, C4<0000000000000000000000000000000000000000000000000000000000000000000000000000000000000000000000000000000000000000000000000000000000000000000000000000000000000000000000000000000000000000000000000000000000000000000000000000000000000000000000000000000000000000>;
P_0x7f9067810d80 .param/l "INIT_6" 0 2 1748, C4<0000000000000000000000000000000000000000000000000000000000000000000000000000000000000000000000000000000000000000000000000000000000000000000000000000000000000000000000000000000000000000000000000000000000000000000000000000000000000000000000000000000000000000>;
P_0x7f9067810dc0 .param/l "INIT_7" 0 2 1749, C4<0000000000000000000000000000000000000000000000000000000000000000000000000000000000000000000000000000000000000000000000000000000000000000000000000000000000000000000000000000000000000000000000000000000000000000000000000000000000000000000000000000000000000000>;
P_0x7f9067810e00 .param/l "INIT_8" 0 2 1750, C4<0000000000000000000000000000000000000000000000000000000000000000000000000000000000000000000000000000000000000000000000000000000000000000000000000000000000000000000000000000000000000000000000000000000000000000000000000000000000000000000000000000000000000000>;
P_0x7f9067810e40 .param/l "INIT_9" 0 2 1751, C4<0000000000000000000000000000000000000000000000000000000000000000000000000000000000000000000000000000000000000000000000000000000000000000000000000000000000000000000000000000000000000000000000000000000000000000000000000000000000000000000000000000000000000000>;
P_0x7f9067810e80 .param/l "INIT_A" 0 2 1752, C4<0000000000000000000000000000000000000000000000000000000000000000000000000000000000000000000000000000000000000000000000000000000000000000000000000000000000000000000000000000000000000000000000000000000000000000000000000000000000000000000000000000000000000000>;
P_0x7f9067810ec0 .param/l "INIT_B" 0 2 1753, C4<0000000000000000000000000000000000000000000000000000000000000000000000000000000000000000000000000000000000000000000000000000000000000000000000000000000000000000000000000000000000000000000000000000000000000000000000000000000000000000000000000000000000000000>;
P_0x7f9067810f00 .param/l "INIT_C" 0 2 1754, C4<0000000000000000000000000000000000000000000000000000000000000000000000000000000000000000000000000000000000000000000000000000000000000000000000000000000000000000000000000000000000000000000000000000000000000000000000000000000000000000000000000000000000000000>;
P_0x7f9067810f40 .param/l "INIT_D" 0 2 1755, C4<0000000000000000000000000000000000000000000000000000000000000000000000000000000000000000000000000000000000000000000000000000000000000000000000000000000000000000000000000000000000000000000000000000000000000000000000000000000000000000000000000000000000000000>;
P_0x7f9067810f80 .param/l "INIT_E" 0 2 1756, C4<0000000000000000000000000000000000000000000000000000000000000000000000000000000000000000000000000000000000000000000000000000000000000000000000000000000000000000000000000000000000000000000000000000000000000000000000000000000000000000000000000000000000000000>;
P_0x7f9067810fc0 .param/l "INIT_F" 0 2 1757, C4<0000000000000000000000000000000000000000000000000000000000000000000000000000000000000000000000000000000000000000000000000000000000000000000000000000000000000000000000000000000000000000000000000000000000000000000000000000000000000000000000000000000000000000>;
P_0x7f9067811000 .param/str "INIT_FILE" 0 2 1759, "\000";
P_0x7f9067811040 .param/l "READ_MODE" 0 2 1740, +C4<00000000000000000000000000000000>;
P_0x7f9067811080 .param/l "WRITE_MODE" 0 2 1739, +C4<00000000000000000000000000000000>;
o0x7f906704ee18 .functor BUFZ 1, C4<z>; HiZ drive
L_0x7f9065492a60 .functor NOT 1, o0x7f906704ee18, C4<0>, C4<0>, C4<0>;
o0x7f906704e908 .functor BUFZ 16, C4<zzzzzzzzzzzzzzzz>; HiZ drive
v0x7f9065764bd0_0 .net "MASK", 15 0, o0x7f906704e908;  0 drivers
o0x7f906704e938 .functor BUFZ 11, C4<zzzzzzzzzzz>; HiZ drive
v0x7f9065764c60_0 .net "RADDR", 10 0, o0x7f906704e938;  0 drivers
o0x7f906704e998 .functor BUFZ 1, C4<z>; HiZ drive
v0x7f9065692040_0 .net "RCLKE", 0 0, o0x7f906704e998;  0 drivers
v0x7f90656920d0_0 .net "RCLKN", 0 0, o0x7f906704ee18;  0 drivers
v0x7f9065692160_0 .net "RDATA", 15 0, L_0x7f9065491a40;  1 drivers
o0x7f906704ea28 .functor BUFZ 1, C4<z>; HiZ drive
v0x7f90656921f0_0 .net "RE", 0 0, o0x7f906704ea28;  0 drivers
o0x7f906704ea88 .functor BUFZ 11, C4<zzzzzzzzzzz>; HiZ drive
v0x7f9065764cf0_0 .net "WADDR", 10 0, o0x7f906704ea88;  0 drivers
o0x7f906704eab8 .functor BUFZ 1, C4<z>; HiZ drive
v0x7f9065764d80_0 .net "WCLK", 0 0, o0x7f906704eab8;  0 drivers
o0x7f906704eae8 .functor BUFZ 1, C4<z>; HiZ drive
v0x7f9065764e10_0 .net "WCLKE", 0 0, o0x7f906704eae8;  0 drivers
o0x7f906704eb18 .functor BUFZ 16, C4<zzzzzzzzzzzzzzzz>; HiZ drive
v0x7f9065764ea0_0 .net "WDATA", 15 0, o0x7f906704eb18;  0 drivers
o0x7f906704eb78 .functor BUFZ 1, C4<z>; HiZ drive
v0x7f9065764f30_0 .net "WE", 0 0, o0x7f906704eb78;  0 drivers
S_0x7f906556f4c0 .scope module, "RAM" "SB_RAM40_4K" 2 1781, 2 1487 0, S_0x7f9065713300;
 .timescale -12 -12;
    .port_info 0 /OUTPUT 16 "RDATA";
    .port_info 1 /INPUT 1 "RCLK";
    .port_info 2 /INPUT 1 "RCLKE";
    .port_info 3 /INPUT 1 "RE";
    .port_info 4 /INPUT 11 "RADDR";
    .port_info 5 /INPUT 1 "WCLK";
    .port_info 6 /INPUT 1 "WCLKE";
    .port_info 7 /INPUT 1 "WE";
    .port_info 8 /INPUT 11 "WADDR";
    .port_info 9 /INPUT 16 "MASK";
    .port_info 10 /INPUT 16 "WDATA";
P_0x7f9066029600 .param/l "INIT_0" 0 2 1507, C4<0000000000000000000000000000000000000000000000000000000000000000000000000000000000000000000000000000000000000000000000000000000000000000000000000000000000000000000000000000000000000000000000000000000000000000000000000000000000000000000000000000000000000000>;
P_0x7f9066029640 .param/l "INIT_1" 0 2 1508, C4<0000000000000000000000000000000000000000000000000000000000000000000000000000000000000000000000000000000000000000000000000000000000000000000000000000000000000000000000000000000000000000000000000000000000000000000000000000000000000000000000000000000000000000>;
P_0x7f9066029680 .param/l "INIT_2" 0 2 1509, C4<0000000000000000000000000000000000000000000000000000000000000000000000000000000000000000000000000000000000000000000000000000000000000000000000000000000000000000000000000000000000000000000000000000000000000000000000000000000000000000000000000000000000000000>;
P_0x7f90660296c0 .param/l "INIT_3" 0 2 1510, C4<0000000000000000000000000000000000000000000000000000000000000000000000000000000000000000000000000000000000000000000000000000000000000000000000000000000000000000000000000000000000000000000000000000000000000000000000000000000000000000000000000000000000000000>;
P_0x7f9066029700 .param/l "INIT_4" 0 2 1511, C4<0000000000000000000000000000000000000000000000000000000000000000000000000000000000000000000000000000000000000000000000000000000000000000000000000000000000000000000000000000000000000000000000000000000000000000000000000000000000000000000000000000000000000000>;
P_0x7f9066029740 .param/l "INIT_5" 0 2 1512, C4<0000000000000000000000000000000000000000000000000000000000000000000000000000000000000000000000000000000000000000000000000000000000000000000000000000000000000000000000000000000000000000000000000000000000000000000000000000000000000000000000000000000000000000>;
P_0x7f9066029780 .param/l "INIT_6" 0 2 1513, C4<0000000000000000000000000000000000000000000000000000000000000000000000000000000000000000000000000000000000000000000000000000000000000000000000000000000000000000000000000000000000000000000000000000000000000000000000000000000000000000000000000000000000000000>;
P_0x7f90660297c0 .param/l "INIT_7" 0 2 1514, C4<0000000000000000000000000000000000000000000000000000000000000000000000000000000000000000000000000000000000000000000000000000000000000000000000000000000000000000000000000000000000000000000000000000000000000000000000000000000000000000000000000000000000000000>;
P_0x7f9066029800 .param/l "INIT_8" 0 2 1515, C4<0000000000000000000000000000000000000000000000000000000000000000000000000000000000000000000000000000000000000000000000000000000000000000000000000000000000000000000000000000000000000000000000000000000000000000000000000000000000000000000000000000000000000000>;
P_0x7f9066029840 .param/l "INIT_9" 0 2 1516, C4<0000000000000000000000000000000000000000000000000000000000000000000000000000000000000000000000000000000000000000000000000000000000000000000000000000000000000000000000000000000000000000000000000000000000000000000000000000000000000000000000000000000000000000>;
P_0x7f9066029880 .param/l "INIT_A" 0 2 1517, C4<0000000000000000000000000000000000000000000000000000000000000000000000000000000000000000000000000000000000000000000000000000000000000000000000000000000000000000000000000000000000000000000000000000000000000000000000000000000000000000000000000000000000000000>;
P_0x7f90660298c0 .param/l "INIT_B" 0 2 1518, C4<0000000000000000000000000000000000000000000000000000000000000000000000000000000000000000000000000000000000000000000000000000000000000000000000000000000000000000000000000000000000000000000000000000000000000000000000000000000000000000000000000000000000000000>;
P_0x7f9066029900 .param/l "INIT_C" 0 2 1519, C4<0000000000000000000000000000000000000000000000000000000000000000000000000000000000000000000000000000000000000000000000000000000000000000000000000000000000000000000000000000000000000000000000000000000000000000000000000000000000000000000000000000000000000000>;
P_0x7f9066029940 .param/l "INIT_D" 0 2 1520, C4<0000000000000000000000000000000000000000000000000000000000000000000000000000000000000000000000000000000000000000000000000000000000000000000000000000000000000000000000000000000000000000000000000000000000000000000000000000000000000000000000000000000000000000>;
P_0x7f9066029980 .param/l "INIT_E" 0 2 1521, C4<0000000000000000000000000000000000000000000000000000000000000000000000000000000000000000000000000000000000000000000000000000000000000000000000000000000000000000000000000000000000000000000000000000000000000000000000000000000000000000000000000000000000000000>;
P_0x7f90660299c0 .param/l "INIT_F" 0 2 1522, C4<0000000000000000000000000000000000000000000000000000000000000000000000000000000000000000000000000000000000000000000000000000000000000000000000000000000000000000000000000000000000000000000000000000000000000000000000000000000000000000000000000000000000000000>;
P_0x7f9066029a00 .param/str "INIT_FILE" 0 2 1524, "\000";
P_0x7f9066029a40 .param/l "READ_MODE" 0 2 1505, +C4<00000000000000000000000000000000>;
P_0x7f9066029a80 .param/l "WRITE_MODE" 0 2 1504, +C4<00000000000000000000000000000000>;
v0x7f9065474450_0 .net "MASK", 15 0, o0x7f906704e908;  alias, 0 drivers
v0x7f906548d5b0_0 .net "RADDR", 10 0, o0x7f906704e938;  alias, 0 drivers
v0x7f906548d640_0 .net "RCLK", 0 0, L_0x7f9065492a60;  1 drivers
v0x7f906548d6f0_0 .net "RCLKE", 0 0, o0x7f906704e998;  alias, 0 drivers
v0x7f906548d790_0 .net "RDATA", 15 0, L_0x7f9065491a40;  alias, 1 drivers
v0x7f906548d880_0 .var "RDATA_I", 15 0;
v0x7f906548d930_0 .net "RE", 0 0, o0x7f906704ea28;  alias, 0 drivers
L_0x7f9067073b00 .functor BUFT 1, C4<0000000000000000>, C4<0>, C4<0>, C4<0>;
v0x7f906548d9d0_0 .net "RMASK_I", 15 0, L_0x7f9067073b00;  1 drivers
v0x7f906548da80_0 .net "WADDR", 10 0, o0x7f906704ea88;  alias, 0 drivers
v0x7f906548db90_0 .net "WCLK", 0 0, o0x7f906704eab8;  alias, 0 drivers
v0x7f906548dc30_0 .net "WCLKE", 0 0, o0x7f906704eae8;  alias, 0 drivers
v0x7f906548dcd0_0 .net "WDATA", 15 0, o0x7f906704eb18;  alias, 0 drivers
v0x7f906548dd80_0 .net "WDATA_I", 15 0, L_0x7f90654919d0;  1 drivers
v0x7f906548de30_0 .net "WE", 0 0, o0x7f906704eb78;  alias, 0 drivers
v0x7f906548ded0_0 .net "WMASK_I", 15 0, L_0x7f9065491fa0;  1 drivers
v0x7f906548df80_0 .var/i "i", 31 0;
v0x7f906548e030 .array "memory", 255 0, 15 0;
E_0x7f9065570da0 .event posedge, v0x7f906548d640_0;
E_0x7f9065570e00 .event posedge, v0x7f906548db90_0;
S_0x7f9065570e50 .scope generate, "genblk1" "genblk1" 2 1534, 2 1534 0, S_0x7f906556f4c0;
 .timescale -12 -12;
L_0x7f9065491fa0 .functor BUFZ 16, o0x7f906704e908, C4<0000000000000000>, C4<0000000000000000>, C4<0000000000000000>;
S_0x7f9065571020 .scope generate, "genblk2" "genblk2" 2 1555, 2 1555 0, S_0x7f906556f4c0;
 .timescale -12 -12;
S_0x7f906548d280 .scope generate, "genblk3" "genblk3" 2 1576, 2 1576 0, S_0x7f906556f4c0;
 .timescale -12 -12;
L_0x7f90654919d0 .functor BUFZ 16, o0x7f906704eb18, C4<0000000000000000>, C4<0000000000000000>, C4<0000000000000000>;
S_0x7f906548d440 .scope generate, "genblk4" "genblk4" 2 1595, 2 1595 0, S_0x7f906556f4c0;
 .timescale -12 -12;
L_0x7f9065491a40 .functor BUFZ 16, v0x7f906548d880_0, C4<0000000000000000>, C4<0000000000000000>, C4<0000000000000000>;
S_0x7f906570e580 .scope module, "SB_RAM40_4KNRNW" "SB_RAM40_4KNRNW" 2 1998;
 .timescale -12 -12;
    .port_info 0 /OUTPUT 16 "RDATA";
    .port_info 1 /INPUT 1 "RCLKN";
    .port_info 2 /INPUT 1 "RCLKE";
    .port_info 3 /INPUT 1 "RE";
    .port_info 4 /INPUT 11 "RADDR";
    .port_info 5 /INPUT 1 "WCLKN";
    .port_info 6 /INPUT 1 "WCLKE";
    .port_info 7 /INPUT 1 "WE";
    .port_info 8 /INPUT 11 "WADDR";
    .port_info 9 /INPUT 16 "MASK";
    .port_info 10 /INPUT 16 "WDATA";
P_0x7f9067811600 .param/l "INIT_0" 0 2 2014, C4<0000000000000000000000000000000000000000000000000000000000000000000000000000000000000000000000000000000000000000000000000000000000000000000000000000000000000000000000000000000000000000000000000000000000000000000000000000000000000000000000000000000000000000>;
P_0x7f9067811640 .param/l "INIT_1" 0 2 2015, C4<0000000000000000000000000000000000000000000000000000000000000000000000000000000000000000000000000000000000000000000000000000000000000000000000000000000000000000000000000000000000000000000000000000000000000000000000000000000000000000000000000000000000000000>;
P_0x7f9067811680 .param/l "INIT_2" 0 2 2016, C4<0000000000000000000000000000000000000000000000000000000000000000000000000000000000000000000000000000000000000000000000000000000000000000000000000000000000000000000000000000000000000000000000000000000000000000000000000000000000000000000000000000000000000000>;
P_0x7f90678116c0 .param/l "INIT_3" 0 2 2017, C4<0000000000000000000000000000000000000000000000000000000000000000000000000000000000000000000000000000000000000000000000000000000000000000000000000000000000000000000000000000000000000000000000000000000000000000000000000000000000000000000000000000000000000000>;
P_0x7f9067811700 .param/l "INIT_4" 0 2 2018, C4<0000000000000000000000000000000000000000000000000000000000000000000000000000000000000000000000000000000000000000000000000000000000000000000000000000000000000000000000000000000000000000000000000000000000000000000000000000000000000000000000000000000000000000>;
P_0x7f9067811740 .param/l "INIT_5" 0 2 2019, C4<0000000000000000000000000000000000000000000000000000000000000000000000000000000000000000000000000000000000000000000000000000000000000000000000000000000000000000000000000000000000000000000000000000000000000000000000000000000000000000000000000000000000000000>;
P_0x7f9067811780 .param/l "INIT_6" 0 2 2020, C4<0000000000000000000000000000000000000000000000000000000000000000000000000000000000000000000000000000000000000000000000000000000000000000000000000000000000000000000000000000000000000000000000000000000000000000000000000000000000000000000000000000000000000000>;
P_0x7f90678117c0 .param/l "INIT_7" 0 2 2021, C4<0000000000000000000000000000000000000000000000000000000000000000000000000000000000000000000000000000000000000000000000000000000000000000000000000000000000000000000000000000000000000000000000000000000000000000000000000000000000000000000000000000000000000000>;
P_0x7f9067811800 .param/l "INIT_8" 0 2 2022, C4<0000000000000000000000000000000000000000000000000000000000000000000000000000000000000000000000000000000000000000000000000000000000000000000000000000000000000000000000000000000000000000000000000000000000000000000000000000000000000000000000000000000000000000>;
P_0x7f9067811840 .param/l "INIT_9" 0 2 2023, C4<0000000000000000000000000000000000000000000000000000000000000000000000000000000000000000000000000000000000000000000000000000000000000000000000000000000000000000000000000000000000000000000000000000000000000000000000000000000000000000000000000000000000000000>;
P_0x7f9067811880 .param/l "INIT_A" 0 2 2024, C4<0000000000000000000000000000000000000000000000000000000000000000000000000000000000000000000000000000000000000000000000000000000000000000000000000000000000000000000000000000000000000000000000000000000000000000000000000000000000000000000000000000000000000000>;
P_0x7f90678118c0 .param/l "INIT_B" 0 2 2025, C4<0000000000000000000000000000000000000000000000000000000000000000000000000000000000000000000000000000000000000000000000000000000000000000000000000000000000000000000000000000000000000000000000000000000000000000000000000000000000000000000000000000000000000000>;
P_0x7f9067811900 .param/l "INIT_C" 0 2 2026, C4<0000000000000000000000000000000000000000000000000000000000000000000000000000000000000000000000000000000000000000000000000000000000000000000000000000000000000000000000000000000000000000000000000000000000000000000000000000000000000000000000000000000000000000>;
P_0x7f9067811940 .param/l "INIT_D" 0 2 2027, C4<0000000000000000000000000000000000000000000000000000000000000000000000000000000000000000000000000000000000000000000000000000000000000000000000000000000000000000000000000000000000000000000000000000000000000000000000000000000000000000000000000000000000000000>;
P_0x7f9067811980 .param/l "INIT_E" 0 2 2028, C4<0000000000000000000000000000000000000000000000000000000000000000000000000000000000000000000000000000000000000000000000000000000000000000000000000000000000000000000000000000000000000000000000000000000000000000000000000000000000000000000000000000000000000000>;
P_0x7f90678119c0 .param/l "INIT_F" 0 2 2029, C4<0000000000000000000000000000000000000000000000000000000000000000000000000000000000000000000000000000000000000000000000000000000000000000000000000000000000000000000000000000000000000000000000000000000000000000000000000000000000000000000000000000000000000000>;
P_0x7f9067811a00 .param/str "INIT_FILE" 0 2 2031, "\000";
P_0x7f9067811a40 .param/l "READ_MODE" 0 2 2012, +C4<00000000000000000000000000000000>;
P_0x7f9067811a80 .param/l "WRITE_MODE" 0 2 2011, +C4<00000000000000000000000000000000>;
o0x7f906704f568 .functor BUFZ 1, C4<z>; HiZ drive
L_0x7f9065492d40 .functor NOT 1, o0x7f906704f568, C4<0>, C4<0>, C4<0>;
o0x7f906704f598 .functor BUFZ 1, C4<z>; HiZ drive
L_0x7f9065492e00 .functor NOT 1, o0x7f906704f598, C4<0>, C4<0>, C4<0>;
o0x7f906704f058 .functor BUFZ 16, C4<zzzzzzzzzzzzzzzz>; HiZ drive
v0x7f9065573cd0_0 .net "MASK", 15 0, o0x7f906704f058;  0 drivers
o0x7f906704f088 .functor BUFZ 11, C4<zzzzzzzzzzz>; HiZ drive
v0x7f9065692280_0 .net "RADDR", 10 0, o0x7f906704f088;  0 drivers
o0x7f906704f0e8 .functor BUFZ 1, C4<z>; HiZ drive
v0x7f9065692310_0 .net "RCLKE", 0 0, o0x7f906704f0e8;  0 drivers
v0x7f90656923a0_0 .net "RCLKN", 0 0, o0x7f906704f568;  0 drivers
v0x7f9065692430_0 .net "RDATA", 15 0, L_0x7f9065492c70;  1 drivers
o0x7f906704f178 .functor BUFZ 1, C4<z>; HiZ drive
v0x7f9065573d60_0 .net "RE", 0 0, o0x7f906704f178;  0 drivers
o0x7f906704f1d8 .functor BUFZ 11, C4<zzzzzzzzzzz>; HiZ drive
v0x7f9065573df0_0 .net "WADDR", 10 0, o0x7f906704f1d8;  0 drivers
o0x7f906704f238 .functor BUFZ 1, C4<z>; HiZ drive
v0x7f9065573e80_0 .net "WCLKE", 0 0, o0x7f906704f238;  0 drivers
v0x7f9065573f10_0 .net "WCLKN", 0 0, o0x7f906704f598;  0 drivers
o0x7f906704f268 .functor BUFZ 16, C4<zzzzzzzzzzzzzzzz>; HiZ drive
v0x7f9065574020_0 .net "WDATA", 15 0, o0x7f906704f268;  0 drivers
o0x7f906704f2c8 .functor BUFZ 1, C4<z>; HiZ drive
v0x7f90655740b0_0 .net "WE", 0 0, o0x7f906704f2c8;  0 drivers
S_0x7f9065764fc0 .scope module, "RAM" "SB_RAM40_4K" 2 2053, 2 1487 0, S_0x7f906570e580;
 .timescale -12 -12;
    .port_info 0 /OUTPUT 16 "RDATA";
    .port_info 1 /INPUT 1 "RCLK";
    .port_info 2 /INPUT 1 "RCLKE";
    .port_info 3 /INPUT 1 "RE";
    .port_info 4 /INPUT 11 "RADDR";
    .port_info 5 /INPUT 1 "WCLK";
    .port_info 6 /INPUT 1 "WCLKE";
    .port_info 7 /INPUT 1 "WE";
    .port_info 8 /INPUT 11 "WADDR";
    .port_info 9 /INPUT 16 "MASK";
    .port_info 10 /INPUT 16 "WDATA";
P_0x7f9066818000 .param/l "INIT_0" 0 2 1507, C4<0000000000000000000000000000000000000000000000000000000000000000000000000000000000000000000000000000000000000000000000000000000000000000000000000000000000000000000000000000000000000000000000000000000000000000000000000000000000000000000000000000000000000000>;
P_0x7f9066818040 .param/l "INIT_1" 0 2 1508, C4<0000000000000000000000000000000000000000000000000000000000000000000000000000000000000000000000000000000000000000000000000000000000000000000000000000000000000000000000000000000000000000000000000000000000000000000000000000000000000000000000000000000000000000>;
P_0x7f9066818080 .param/l "INIT_2" 0 2 1509, C4<0000000000000000000000000000000000000000000000000000000000000000000000000000000000000000000000000000000000000000000000000000000000000000000000000000000000000000000000000000000000000000000000000000000000000000000000000000000000000000000000000000000000000000>;
P_0x7f90668180c0 .param/l "INIT_3" 0 2 1510, C4<0000000000000000000000000000000000000000000000000000000000000000000000000000000000000000000000000000000000000000000000000000000000000000000000000000000000000000000000000000000000000000000000000000000000000000000000000000000000000000000000000000000000000000>;
P_0x7f9066818100 .param/l "INIT_4" 0 2 1511, C4<0000000000000000000000000000000000000000000000000000000000000000000000000000000000000000000000000000000000000000000000000000000000000000000000000000000000000000000000000000000000000000000000000000000000000000000000000000000000000000000000000000000000000000>;
P_0x7f9066818140 .param/l "INIT_5" 0 2 1512, C4<0000000000000000000000000000000000000000000000000000000000000000000000000000000000000000000000000000000000000000000000000000000000000000000000000000000000000000000000000000000000000000000000000000000000000000000000000000000000000000000000000000000000000000>;
P_0x7f9066818180 .param/l "INIT_6" 0 2 1513, C4<0000000000000000000000000000000000000000000000000000000000000000000000000000000000000000000000000000000000000000000000000000000000000000000000000000000000000000000000000000000000000000000000000000000000000000000000000000000000000000000000000000000000000000>;
P_0x7f90668181c0 .param/l "INIT_7" 0 2 1514, C4<0000000000000000000000000000000000000000000000000000000000000000000000000000000000000000000000000000000000000000000000000000000000000000000000000000000000000000000000000000000000000000000000000000000000000000000000000000000000000000000000000000000000000000>;
P_0x7f9066818200 .param/l "INIT_8" 0 2 1515, C4<0000000000000000000000000000000000000000000000000000000000000000000000000000000000000000000000000000000000000000000000000000000000000000000000000000000000000000000000000000000000000000000000000000000000000000000000000000000000000000000000000000000000000000>;
P_0x7f9066818240 .param/l "INIT_9" 0 2 1516, C4<0000000000000000000000000000000000000000000000000000000000000000000000000000000000000000000000000000000000000000000000000000000000000000000000000000000000000000000000000000000000000000000000000000000000000000000000000000000000000000000000000000000000000000>;
P_0x7f9066818280 .param/l "INIT_A" 0 2 1517, C4<0000000000000000000000000000000000000000000000000000000000000000000000000000000000000000000000000000000000000000000000000000000000000000000000000000000000000000000000000000000000000000000000000000000000000000000000000000000000000000000000000000000000000000>;
P_0x7f90668182c0 .param/l "INIT_B" 0 2 1518, C4<0000000000000000000000000000000000000000000000000000000000000000000000000000000000000000000000000000000000000000000000000000000000000000000000000000000000000000000000000000000000000000000000000000000000000000000000000000000000000000000000000000000000000000>;
P_0x7f9066818300 .param/l "INIT_C" 0 2 1519, C4<0000000000000000000000000000000000000000000000000000000000000000000000000000000000000000000000000000000000000000000000000000000000000000000000000000000000000000000000000000000000000000000000000000000000000000000000000000000000000000000000000000000000000000>;
P_0x7f9066818340 .param/l "INIT_D" 0 2 1520, C4<0000000000000000000000000000000000000000000000000000000000000000000000000000000000000000000000000000000000000000000000000000000000000000000000000000000000000000000000000000000000000000000000000000000000000000000000000000000000000000000000000000000000000000>;
P_0x7f9066818380 .param/l "INIT_E" 0 2 1521, C4<0000000000000000000000000000000000000000000000000000000000000000000000000000000000000000000000000000000000000000000000000000000000000000000000000000000000000000000000000000000000000000000000000000000000000000000000000000000000000000000000000000000000000000>;
P_0x7f90668183c0 .param/l "INIT_F" 0 2 1522, C4<0000000000000000000000000000000000000000000000000000000000000000000000000000000000000000000000000000000000000000000000000000000000000000000000000000000000000000000000000000000000000000000000000000000000000000000000000000000000000000000000000000000000000000>;
P_0x7f9066818400 .param/str "INIT_FILE" 0 2 1524, "\000";
P_0x7f9066818440 .param/l "READ_MODE" 0 2 1505, +C4<00000000000000000000000000000000>;
P_0x7f9066818480 .param/l "WRITE_MODE" 0 2 1504, +C4<00000000000000000000000000000000>;
v0x7f9065572f30_0 .net "MASK", 15 0, o0x7f906704f058;  alias, 0 drivers
v0x7f9065572fc0_0 .net "RADDR", 10 0, o0x7f906704f088;  alias, 0 drivers
v0x7f9065573070_0 .net "RCLK", 0 0, L_0x7f9065492d40;  1 drivers
v0x7f9065573120_0 .net "RCLKE", 0 0, o0x7f906704f0e8;  alias, 0 drivers
v0x7f90655731c0_0 .net "RDATA", 15 0, L_0x7f9065492c70;  alias, 1 drivers
v0x7f90655732b0_0 .var "RDATA_I", 15 0;
v0x7f9065573360_0 .net "RE", 0 0, o0x7f906704f178;  alias, 0 drivers
L_0x7f9067073b48 .functor BUFT 1, C4<0000000000000000>, C4<0>, C4<0>, C4<0>;
v0x7f9065573400_0 .net "RMASK_I", 15 0, L_0x7f9067073b48;  1 drivers
v0x7f90655734b0_0 .net "WADDR", 10 0, o0x7f906704f1d8;  alias, 0 drivers
v0x7f90655735c0_0 .net "WCLK", 0 0, L_0x7f9065492e00;  1 drivers
v0x7f9065573660_0 .net "WCLKE", 0 0, o0x7f906704f238;  alias, 0 drivers
v0x7f9065573700_0 .net "WDATA", 15 0, o0x7f906704f268;  alias, 0 drivers
v0x7f90655737b0_0 .net "WDATA_I", 15 0, L_0x7f9065492ba0;  1 drivers
v0x7f9065573860_0 .net "WE", 0 0, o0x7f906704f2c8;  alias, 0 drivers
v0x7f9065573900_0 .net "WMASK_I", 15 0, L_0x7f9065492ad0;  1 drivers
v0x7f90655739b0_0 .var/i "i", 31 0;
v0x7f9065573a60 .array "memory", 255 0, 15 0;
E_0x7f90655727b0 .event posedge, v0x7f9065573070_0;
E_0x7f9065572810 .event posedge, v0x7f90655735c0_0;
S_0x7f9065572860 .scope generate, "genblk1" "genblk1" 2 1534, 2 1534 0, S_0x7f9065764fc0;
 .timescale -12 -12;
L_0x7f9065492ad0 .functor BUFZ 16, o0x7f906704f058, C4<0000000000000000>, C4<0000000000000000>, C4<0000000000000000>;
S_0x7f9065572a30 .scope generate, "genblk2" "genblk2" 2 1555, 2 1555 0, S_0x7f9065764fc0;
 .timescale -12 -12;
S_0x7f9065572c00 .scope generate, "genblk3" "genblk3" 2 1576, 2 1576 0, S_0x7f9065764fc0;
 .timescale -12 -12;
L_0x7f9065492ba0 .functor BUFZ 16, o0x7f906704f268, C4<0000000000000000>, C4<0000000000000000>, C4<0000000000000000>;
S_0x7f9065572d70 .scope generate, "genblk4" "genblk4" 2 1595, 2 1595 0, S_0x7f9065764fc0;
 .timescale -12 -12;
L_0x7f9065492c70 .functor BUFZ 16, v0x7f90655732b0_0, C4<0000000000000000>, C4<0000000000000000>, C4<0000000000000000>;
S_0x7f90654879a0 .scope module, "SB_RAM40_4KNW" "SB_RAM40_4KNW" 2 1862;
 .timescale -12 -12;
    .port_info 0 /OUTPUT 16 "RDATA";
    .port_info 1 /INPUT 1 "RCLK";
    .port_info 2 /INPUT 1 "RCLKE";
    .port_info 3 /INPUT 1 "RE";
    .port_info 4 /INPUT 11 "RADDR";
    .port_info 5 /INPUT 1 "WCLKN";
    .port_info 6 /INPUT 1 "WCLKE";
    .port_info 7 /INPUT 1 "WE";
    .port_info 8 /INPUT 11 "WADDR";
    .port_info 9 /INPUT 16 "MASK";
    .port_info 10 /INPUT 16 "WDATA";
P_0x7f906581ac00 .param/l "INIT_0" 0 2 1878, C4<0000000000000000000000000000000000000000000000000000000000000000000000000000000000000000000000000000000000000000000000000000000000000000000000000000000000000000000000000000000000000000000000000000000000000000000000000000000000000000000000000000000000000000>;
P_0x7f906581ac40 .param/l "INIT_1" 0 2 1879, C4<0000000000000000000000000000000000000000000000000000000000000000000000000000000000000000000000000000000000000000000000000000000000000000000000000000000000000000000000000000000000000000000000000000000000000000000000000000000000000000000000000000000000000000>;
P_0x7f906581ac80 .param/l "INIT_2" 0 2 1880, C4<0000000000000000000000000000000000000000000000000000000000000000000000000000000000000000000000000000000000000000000000000000000000000000000000000000000000000000000000000000000000000000000000000000000000000000000000000000000000000000000000000000000000000000>;
P_0x7f906581acc0 .param/l "INIT_3" 0 2 1881, C4<0000000000000000000000000000000000000000000000000000000000000000000000000000000000000000000000000000000000000000000000000000000000000000000000000000000000000000000000000000000000000000000000000000000000000000000000000000000000000000000000000000000000000000>;
P_0x7f906581ad00 .param/l "INIT_4" 0 2 1882, C4<0000000000000000000000000000000000000000000000000000000000000000000000000000000000000000000000000000000000000000000000000000000000000000000000000000000000000000000000000000000000000000000000000000000000000000000000000000000000000000000000000000000000000000>;
P_0x7f906581ad40 .param/l "INIT_5" 0 2 1883, C4<0000000000000000000000000000000000000000000000000000000000000000000000000000000000000000000000000000000000000000000000000000000000000000000000000000000000000000000000000000000000000000000000000000000000000000000000000000000000000000000000000000000000000000>;
P_0x7f906581ad80 .param/l "INIT_6" 0 2 1884, C4<0000000000000000000000000000000000000000000000000000000000000000000000000000000000000000000000000000000000000000000000000000000000000000000000000000000000000000000000000000000000000000000000000000000000000000000000000000000000000000000000000000000000000000>;
P_0x7f906581adc0 .param/l "INIT_7" 0 2 1885, C4<0000000000000000000000000000000000000000000000000000000000000000000000000000000000000000000000000000000000000000000000000000000000000000000000000000000000000000000000000000000000000000000000000000000000000000000000000000000000000000000000000000000000000000>;
P_0x7f906581ae00 .param/l "INIT_8" 0 2 1886, C4<0000000000000000000000000000000000000000000000000000000000000000000000000000000000000000000000000000000000000000000000000000000000000000000000000000000000000000000000000000000000000000000000000000000000000000000000000000000000000000000000000000000000000000>;
P_0x7f906581ae40 .param/l "INIT_9" 0 2 1887, C4<0000000000000000000000000000000000000000000000000000000000000000000000000000000000000000000000000000000000000000000000000000000000000000000000000000000000000000000000000000000000000000000000000000000000000000000000000000000000000000000000000000000000000000>;
P_0x7f906581ae80 .param/l "INIT_A" 0 2 1888, C4<0000000000000000000000000000000000000000000000000000000000000000000000000000000000000000000000000000000000000000000000000000000000000000000000000000000000000000000000000000000000000000000000000000000000000000000000000000000000000000000000000000000000000000>;
P_0x7f906581aec0 .param/l "INIT_B" 0 2 1889, C4<0000000000000000000000000000000000000000000000000000000000000000000000000000000000000000000000000000000000000000000000000000000000000000000000000000000000000000000000000000000000000000000000000000000000000000000000000000000000000000000000000000000000000000>;
P_0x7f906581af00 .param/l "INIT_C" 0 2 1890, C4<0000000000000000000000000000000000000000000000000000000000000000000000000000000000000000000000000000000000000000000000000000000000000000000000000000000000000000000000000000000000000000000000000000000000000000000000000000000000000000000000000000000000000000>;
P_0x7f906581af40 .param/l "INIT_D" 0 2 1891, C4<0000000000000000000000000000000000000000000000000000000000000000000000000000000000000000000000000000000000000000000000000000000000000000000000000000000000000000000000000000000000000000000000000000000000000000000000000000000000000000000000000000000000000000>;
P_0x7f906581af80 .param/l "INIT_E" 0 2 1892, C4<0000000000000000000000000000000000000000000000000000000000000000000000000000000000000000000000000000000000000000000000000000000000000000000000000000000000000000000000000000000000000000000000000000000000000000000000000000000000000000000000000000000000000000>;
P_0x7f906581afc0 .param/l "INIT_F" 0 2 1893, C4<0000000000000000000000000000000000000000000000000000000000000000000000000000000000000000000000000000000000000000000000000000000000000000000000000000000000000000000000000000000000000000000000000000000000000000000000000000000000000000000000000000000000000000>;
P_0x7f906581b000 .param/str "INIT_FILE" 0 2 1895, "\000";
P_0x7f906581b040 .param/l "READ_MODE" 0 2 1876, +C4<00000000000000000000000000000000>;
P_0x7f906581b080 .param/l "WRITE_MODE" 0 2 1875, +C4<00000000000000000000000000000000>;
o0x7f906704fce8 .functor BUFZ 1, C4<z>; HiZ drive
L_0x7f90654931b0 .functor NOT 1, o0x7f906704fce8, C4<0>, C4<0>, C4<0>;
o0x7f906704f7d8 .functor BUFZ 16, C4<zzzzzzzzzzzzzzzz>; HiZ drive
v0x7f9065577020_0 .net "MASK", 15 0, o0x7f906704f7d8;  0 drivers
o0x7f906704f808 .functor BUFZ 11, C4<zzzzzzzzzzz>; HiZ drive
v0x7f90655770b0_0 .net "RADDR", 10 0, o0x7f906704f808;  0 drivers
o0x7f906704f838 .functor BUFZ 1, C4<z>; HiZ drive
v0x7f9065577140_0 .net "RCLK", 0 0, o0x7f906704f838;  0 drivers
o0x7f906704f868 .functor BUFZ 1, C4<z>; HiZ drive
v0x7f90655771d0_0 .net "RCLKE", 0 0, o0x7f906704f868;  0 drivers
v0x7f9065577260_0 .net "RDATA", 15 0, L_0x7f90654930c0;  1 drivers
o0x7f906704f8f8 .functor BUFZ 1, C4<z>; HiZ drive
v0x7f9065577330_0 .net "RE", 0 0, o0x7f906704f8f8;  0 drivers
o0x7f906704f958 .functor BUFZ 11, C4<zzzzzzzzzzz>; HiZ drive
v0x7f90655773c0_0 .net "WADDR", 10 0, o0x7f906704f958;  0 drivers
o0x7f906704f9b8 .functor BUFZ 1, C4<z>; HiZ drive
v0x7f9065577450_0 .net "WCLKE", 0 0, o0x7f906704f9b8;  0 drivers
v0x7f9065577500_0 .net "WCLKN", 0 0, o0x7f906704fce8;  0 drivers
o0x7f906704f9e8 .functor BUFZ 16, C4<zzzzzzzzzzzzzzzz>; HiZ drive
v0x7f9065577610_0 .net "WDATA", 15 0, o0x7f906704f9e8;  0 drivers
o0x7f906704fa48 .functor BUFZ 1, C4<z>; HiZ drive
v0x7f90655776c0_0 .net "WE", 0 0, o0x7f906704fa48;  0 drivers
S_0x7f90655741e0 .scope module, "RAM" "SB_RAM40_4K" 2 1917, 2 1487 0, S_0x7f90654879a0;
 .timescale -12 -12;
    .port_info 0 /OUTPUT 16 "RDATA";
    .port_info 1 /INPUT 1 "RCLK";
    .port_info 2 /INPUT 1 "RCLKE";
    .port_info 3 /INPUT 1 "RE";
    .port_info 4 /INPUT 11 "RADDR";
    .port_info 5 /INPUT 1 "WCLK";
    .port_info 6 /INPUT 1 "WCLKE";
    .port_info 7 /INPUT 1 "WE";
    .port_info 8 /INPUT 11 "WADDR";
    .port_info 9 /INPUT 16 "MASK";
    .port_info 10 /INPUT 16 "WDATA";
P_0x7f9066029c00 .param/l "INIT_0" 0 2 1507, C4<0000000000000000000000000000000000000000000000000000000000000000000000000000000000000000000000000000000000000000000000000000000000000000000000000000000000000000000000000000000000000000000000000000000000000000000000000000000000000000000000000000000000000000>;
P_0x7f9066029c40 .param/l "INIT_1" 0 2 1508, C4<0000000000000000000000000000000000000000000000000000000000000000000000000000000000000000000000000000000000000000000000000000000000000000000000000000000000000000000000000000000000000000000000000000000000000000000000000000000000000000000000000000000000000000>;
P_0x7f9066029c80 .param/l "INIT_2" 0 2 1509, C4<0000000000000000000000000000000000000000000000000000000000000000000000000000000000000000000000000000000000000000000000000000000000000000000000000000000000000000000000000000000000000000000000000000000000000000000000000000000000000000000000000000000000000000>;
P_0x7f9066029cc0 .param/l "INIT_3" 0 2 1510, C4<0000000000000000000000000000000000000000000000000000000000000000000000000000000000000000000000000000000000000000000000000000000000000000000000000000000000000000000000000000000000000000000000000000000000000000000000000000000000000000000000000000000000000000>;
P_0x7f9066029d00 .param/l "INIT_4" 0 2 1511, C4<0000000000000000000000000000000000000000000000000000000000000000000000000000000000000000000000000000000000000000000000000000000000000000000000000000000000000000000000000000000000000000000000000000000000000000000000000000000000000000000000000000000000000000>;
P_0x7f9066029d40 .param/l "INIT_5" 0 2 1512, C4<0000000000000000000000000000000000000000000000000000000000000000000000000000000000000000000000000000000000000000000000000000000000000000000000000000000000000000000000000000000000000000000000000000000000000000000000000000000000000000000000000000000000000000>;
P_0x7f9066029d80 .param/l "INIT_6" 0 2 1513, C4<0000000000000000000000000000000000000000000000000000000000000000000000000000000000000000000000000000000000000000000000000000000000000000000000000000000000000000000000000000000000000000000000000000000000000000000000000000000000000000000000000000000000000000>;
P_0x7f9066029dc0 .param/l "INIT_7" 0 2 1514, C4<0000000000000000000000000000000000000000000000000000000000000000000000000000000000000000000000000000000000000000000000000000000000000000000000000000000000000000000000000000000000000000000000000000000000000000000000000000000000000000000000000000000000000000>;
P_0x7f9066029e00 .param/l "INIT_8" 0 2 1515, C4<0000000000000000000000000000000000000000000000000000000000000000000000000000000000000000000000000000000000000000000000000000000000000000000000000000000000000000000000000000000000000000000000000000000000000000000000000000000000000000000000000000000000000000>;
P_0x7f9066029e40 .param/l "INIT_9" 0 2 1516, C4<0000000000000000000000000000000000000000000000000000000000000000000000000000000000000000000000000000000000000000000000000000000000000000000000000000000000000000000000000000000000000000000000000000000000000000000000000000000000000000000000000000000000000000>;
P_0x7f9066029e80 .param/l "INIT_A" 0 2 1517, C4<0000000000000000000000000000000000000000000000000000000000000000000000000000000000000000000000000000000000000000000000000000000000000000000000000000000000000000000000000000000000000000000000000000000000000000000000000000000000000000000000000000000000000000>;
P_0x7f9066029ec0 .param/l "INIT_B" 0 2 1518, C4<0000000000000000000000000000000000000000000000000000000000000000000000000000000000000000000000000000000000000000000000000000000000000000000000000000000000000000000000000000000000000000000000000000000000000000000000000000000000000000000000000000000000000000>;
P_0x7f9066029f00 .param/l "INIT_C" 0 2 1519, C4<0000000000000000000000000000000000000000000000000000000000000000000000000000000000000000000000000000000000000000000000000000000000000000000000000000000000000000000000000000000000000000000000000000000000000000000000000000000000000000000000000000000000000000>;
P_0x7f9066029f40 .param/l "INIT_D" 0 2 1520, C4<0000000000000000000000000000000000000000000000000000000000000000000000000000000000000000000000000000000000000000000000000000000000000000000000000000000000000000000000000000000000000000000000000000000000000000000000000000000000000000000000000000000000000000>;
P_0x7f9066029f80 .param/l "INIT_E" 0 2 1521, C4<0000000000000000000000000000000000000000000000000000000000000000000000000000000000000000000000000000000000000000000000000000000000000000000000000000000000000000000000000000000000000000000000000000000000000000000000000000000000000000000000000000000000000000>;
P_0x7f9066029fc0 .param/l "INIT_F" 0 2 1522, C4<0000000000000000000000000000000000000000000000000000000000000000000000000000000000000000000000000000000000000000000000000000000000000000000000000000000000000000000000000000000000000000000000000000000000000000000000000000000000000000000000000000000000000000>;
P_0x7f906602a000 .param/str "INIT_FILE" 0 2 1524, "\000";
P_0x7f906602a040 .param/l "READ_MODE" 0 2 1505, +C4<00000000000000000000000000000000>;
P_0x7f906602a080 .param/l "WRITE_MODE" 0 2 1504, +C4<00000000000000000000000000000000>;
v0x7f9065576280_0 .net "MASK", 15 0, o0x7f906704f7d8;  alias, 0 drivers
v0x7f9065576310_0 .net "RADDR", 10 0, o0x7f906704f808;  alias, 0 drivers
v0x7f90655763c0_0 .net "RCLK", 0 0, o0x7f906704f838;  alias, 0 drivers
v0x7f9065576470_0 .net "RCLKE", 0 0, o0x7f906704f868;  alias, 0 drivers
v0x7f9065576510_0 .net "RDATA", 15 0, L_0x7f90654930c0;  alias, 1 drivers
v0x7f9065576600_0 .var "RDATA_I", 15 0;
v0x7f90655766b0_0 .net "RE", 0 0, o0x7f906704f8f8;  alias, 0 drivers
L_0x7f9067073b90 .functor BUFT 1, C4<0000000000000000>, C4<0>, C4<0>, C4<0>;
v0x7f9065576750_0 .net "RMASK_I", 15 0, L_0x7f9067073b90;  1 drivers
v0x7f9065576800_0 .net "WADDR", 10 0, o0x7f906704f958;  alias, 0 drivers
v0x7f9065576910_0 .net "WCLK", 0 0, L_0x7f90654931b0;  1 drivers
v0x7f90655769b0_0 .net "WCLKE", 0 0, o0x7f906704f9b8;  alias, 0 drivers
v0x7f9065576a50_0 .net "WDATA", 15 0, o0x7f906704f9e8;  alias, 0 drivers
v0x7f9065576b00_0 .net "WDATA_I", 15 0, L_0x7f9065492fd0;  1 drivers
v0x7f9065576bb0_0 .net "WE", 0 0, o0x7f906704fa48;  alias, 0 drivers
v0x7f9065576c50_0 .net "WMASK_I", 15 0, L_0x7f9065492ec0;  1 drivers
v0x7f9065576d00_0 .var/i "i", 31 0;
v0x7f9065576db0 .array "memory", 255 0, 15 0;
E_0x7f9065575b00 .event posedge, v0x7f90655763c0_0;
E_0x7f9065575b60 .event posedge, v0x7f9065576910_0;
S_0x7f9065575bb0 .scope generate, "genblk1" "genblk1" 2 1534, 2 1534 0, S_0x7f90655741e0;
 .timescale -12 -12;
L_0x7f9065492ec0 .functor BUFZ 16, o0x7f906704f7d8, C4<0000000000000000>, C4<0000000000000000>, C4<0000000000000000>;
S_0x7f9065575d80 .scope generate, "genblk2" "genblk2" 2 1555, 2 1555 0, S_0x7f90655741e0;
 .timescale -12 -12;
S_0x7f9065575f50 .scope generate, "genblk3" "genblk3" 2 1576, 2 1576 0, S_0x7f90655741e0;
 .timescale -12 -12;
L_0x7f9065492fd0 .functor BUFZ 16, o0x7f906704f9e8, C4<0000000000000000>, C4<0000000000000000>, C4<0000000000000000>;
S_0x7f90655760c0 .scope generate, "genblk4" "genblk4" 2 1595, 2 1595 0, S_0x7f90655741e0;
 .timescale -12 -12;
L_0x7f90654930c0 .functor BUFZ 16, v0x7f9065576600_0, C4<0000000000000000>, C4<0000000000000000>, C4<0000000000000000>;
S_0x7f9065488c70 .scope module, "SB_RGBA_DRV" "SB_RGBA_DRV" 2 2692;
 .timescale -12 -12;
    .port_info 0 /INPUT 1 "CURREN";
    .port_info 1 /INPUT 1 "RGBLEDEN";
    .port_info 2 /INPUT 1 "RGB0PWM";
    .port_info 3 /INPUT 1 "RGB1PWM";
    .port_info 4 /INPUT 1 "RGB2PWM";
    .port_info 5 /OUTPUT 1 "RGB0";
    .port_info 6 /OUTPUT 1 "RGB1";
    .port_info 7 /OUTPUT 1 "RGB2";
P_0x7f9065488de0 .param/str "CURRENT_MODE" 0 2 2702, "0b0";
P_0x7f9065488e20 .param/str "RGB0_CURRENT" 0 2 2703, "0b000000";
P_0x7f9065488e60 .param/str "RGB1_CURRENT" 0 2 2704, "0b000000";
P_0x7f9065488ea0 .param/str "RGB2_CURRENT" 0 2 2705, "0b000000";
o0x7f906704ff28 .functor BUFZ 1, C4<z>; HiZ drive
v0x7f9065577800_0 .net "CURREN", 0 0, o0x7f906704ff28;  0 drivers
o0x7f906704ff58 .functor BUFZ 1, C4<z>; HiZ drive
v0x7f90655778b0_0 .net "RGB0", 0 0, o0x7f906704ff58;  0 drivers
o0x7f906704ff88 .functor BUFZ 1, C4<z>; HiZ drive
v0x7f9065577950_0 .net "RGB0PWM", 0 0, o0x7f906704ff88;  0 drivers
o0x7f906704ffb8 .functor BUFZ 1, C4<z>; HiZ drive
v0x7f9065577a00_0 .net "RGB1", 0 0, o0x7f906704ffb8;  0 drivers
o0x7f906704ffe8 .functor BUFZ 1, C4<z>; HiZ drive
v0x7f9065577aa0_0 .net "RGB1PWM", 0 0, o0x7f906704ffe8;  0 drivers
o0x7f9067050018 .functor BUFZ 1, C4<z>; HiZ drive
v0x7f9065577b80_0 .net "RGB2", 0 0, o0x7f9067050018;  0 drivers
o0x7f9067050048 .functor BUFZ 1, C4<z>; HiZ drive
v0x7f9065577c20_0 .net "RGB2PWM", 0 0, o0x7f9067050048;  0 drivers
o0x7f9067050078 .functor BUFZ 1, C4<z>; HiZ drive
v0x7f9065577cc0_0 .net "RGBLEDEN", 0 0, o0x7f9067050078;  0 drivers
S_0x7f9065488fe0 .scope module, "SB_RGB_DRV" "SB_RGB_DRV" 2 2716;
 .timescale -12 -12;
    .port_info 0 /INPUT 1 "RGBLEDEN";
    .port_info 1 /INPUT 1 "RGB0PWM";
    .port_info 2 /INPUT 1 "RGB1PWM";
    .port_info 3 /INPUT 1 "RGB2PWM";
    .port_info 4 /INPUT 1 "RGBPU";
    .port_info 5 /OUTPUT 1 "RGB0";
    .port_info 6 /OUTPUT 1 "RGB1";
    .port_info 7 /OUTPUT 1 "RGB2";
P_0x7f9065489150 .param/str "CURRENT_MODE" 0 2 2726, "0b0";
P_0x7f9065489190 .param/str "RGB0_CURRENT" 0 2 2727, "0b000000";
P_0x7f90654891d0 .param/str "RGB1_CURRENT" 0 2 2728, "0b000000";
P_0x7f9065489210 .param/str "RGB2_CURRENT" 0 2 2729, "0b000000";
o0x7f9067050228 .functor BUFZ 1, C4<z>; HiZ drive
v0x7f9065577e20_0 .net "RGB0", 0 0, o0x7f9067050228;  0 drivers
o0x7f9067050258 .functor BUFZ 1, C4<z>; HiZ drive
v0x7f9065577ed0_0 .net "RGB0PWM", 0 0, o0x7f9067050258;  0 drivers
o0x7f9067050288 .functor BUFZ 1, C4<z>; HiZ drive
v0x7f9065577f70_0 .net "RGB1", 0 0, o0x7f9067050288;  0 drivers
o0x7f90670502b8 .functor BUFZ 1, C4<z>; HiZ drive
v0x7f9065578000_0 .net "RGB1PWM", 0 0, o0x7f90670502b8;  0 drivers
o0x7f90670502e8 .functor BUFZ 1, C4<z>; HiZ drive
v0x7f90655780a0_0 .net "RGB2", 0 0, o0x7f90670502e8;  0 drivers
o0x7f9067050318 .functor BUFZ 1, C4<z>; HiZ drive
v0x7f9065578180_0 .net "RGB2PWM", 0 0, o0x7f9067050318;  0 drivers
o0x7f9067050348 .functor BUFZ 1, C4<z>; HiZ drive
v0x7f9065578220_0 .net "RGBLEDEN", 0 0, o0x7f9067050348;  0 drivers
o0x7f9067050378 .functor BUFZ 1, C4<z>; HiZ drive
v0x7f90655782c0_0 .net "RGBPU", 0 0, o0x7f9067050378;  0 drivers
S_0x7f9065489350 .scope module, "SB_SPI" "SB_SPI" 2 2776;
 .timescale -12 -12;
    .port_info 0 /INPUT 1 "SBCLKI";
    .port_info 1 /INPUT 1 "SBRWI";
    .port_info 2 /INPUT 1 "SBSTBI";
    .port_info 3 /INPUT 1 "SBADRI7";
    .port_info 4 /INPUT 1 "SBADRI6";
    .port_info 5 /INPUT 1 "SBADRI5";
    .port_info 6 /INPUT 1 "SBADRI4";
    .port_info 7 /INPUT 1 "SBADRI3";
    .port_info 8 /INPUT 1 "SBADRI2";
    .port_info 9 /INPUT 1 "SBADRI1";
    .port_info 10 /INPUT 1 "SBADRI0";
    .port_info 11 /INPUT 1 "SBDATI7";
    .port_info 12 /INPUT 1 "SBDATI6";
    .port_info 13 /INPUT 1 "SBDATI5";
    .port_info 14 /INPUT 1 "SBDATI4";
    .port_info 15 /INPUT 1 "SBDATI3";
    .port_info 16 /INPUT 1 "SBDATI2";
    .port_info 17 /INPUT 1 "SBDATI1";
    .port_info 18 /INPUT 1 "SBDATI0";
    .port_info 19 /INPUT 1 "MI";
    .port_info 20 /INPUT 1 "SI";
    .port_info 21 /INPUT 1 "SCKI";
    .port_info 22 /INPUT 1 "SCSNI";
    .port_info 23 /OUTPUT 1 "SBDATO7";
    .port_info 24 /OUTPUT 1 "SBDATO6";
    .port_info 25 /OUTPUT 1 "SBDATO5";
    .port_info 26 /OUTPUT 1 "SBDATO4";
    .port_info 27 /OUTPUT 1 "SBDATO3";
    .port_info 28 /OUTPUT 1 "SBDATO2";
    .port_info 29 /OUTPUT 1 "SBDATO1";
    .port_info 30 /OUTPUT 1 "SBDATO0";
    .port_info 31 /OUTPUT 1 "SBACKO";
    .port_info 32 /OUTPUT 1 "SPIIRQ";
    .port_info 33 /OUTPUT 1 "SPIWKUP";
    .port_info 34 /OUTPUT 1 "SO";
    .port_info 35 /OUTPUT 1 "SOE";
    .port_info 36 /OUTPUT 1 "MO";
    .port_info 37 /OUTPUT 1 "MOE";
    .port_info 38 /OUTPUT 1 "SCKO";
    .port_info 39 /OUTPUT 1 "SCKOE";
    .port_info 40 /OUTPUT 1 "MCSNO3";
    .port_info 41 /OUTPUT 1 "MCSNO2";
    .port_info 42 /OUTPUT 1 "MCSNO1";
    .port_info 43 /OUTPUT 1 "MCSNO0";
    .port_info 44 /OUTPUT 1 "MCSNOE3";
    .port_info 45 /OUTPUT 1 "MCSNOE2";
    .port_info 46 /OUTPUT 1 "MCSNOE1";
    .port_info 47 /OUTPUT 1 "MCSNOE0";
P_0x7f906541b580 .param/str "BUS_ADDR74" 0 2 2826, "0b0000";
o0x7f9067050528 .functor BUFZ 1, C4<z>; HiZ drive
v0x7f9065578420_0 .net "MCSNO0", 0 0, o0x7f9067050528;  0 drivers
o0x7f9067050558 .functor BUFZ 1, C4<z>; HiZ drive
v0x7f90655784d0_0 .net "MCSNO1", 0 0, o0x7f9067050558;  0 drivers
o0x7f9067050588 .functor BUFZ 1, C4<z>; HiZ drive
v0x7f9065578570_0 .net "MCSNO2", 0 0, o0x7f9067050588;  0 drivers
o0x7f90670505b8 .functor BUFZ 1, C4<z>; HiZ drive
v0x7f9065578600_0 .net "MCSNO3", 0 0, o0x7f90670505b8;  0 drivers
o0x7f90670505e8 .functor BUFZ 1, C4<z>; HiZ drive
v0x7f90655786a0_0 .net "MCSNOE0", 0 0, o0x7f90670505e8;  0 drivers
o0x7f9067050618 .functor BUFZ 1, C4<z>; HiZ drive
v0x7f9065578780_0 .net "MCSNOE1", 0 0, o0x7f9067050618;  0 drivers
o0x7f9067050648 .functor BUFZ 1, C4<z>; HiZ drive
v0x7f9065578820_0 .net "MCSNOE2", 0 0, o0x7f9067050648;  0 drivers
o0x7f9067050678 .functor BUFZ 1, C4<z>; HiZ drive
v0x7f90655788c0_0 .net "MCSNOE3", 0 0, o0x7f9067050678;  0 drivers
o0x7f90670506a8 .functor BUFZ 1, C4<z>; HiZ drive
v0x7f9065578960_0 .net "MI", 0 0, o0x7f90670506a8;  0 drivers
o0x7f90670506d8 .functor BUFZ 1, C4<z>; HiZ drive
v0x7f9065578a70_0 .net "MO", 0 0, o0x7f90670506d8;  0 drivers
o0x7f9067050708 .functor BUFZ 1, C4<z>; HiZ drive
v0x7f9065578b00_0 .net "MOE", 0 0, o0x7f9067050708;  0 drivers
o0x7f9067050738 .functor BUFZ 1, C4<z>; HiZ drive
v0x7f9065578ba0_0 .net "SBACKO", 0 0, o0x7f9067050738;  0 drivers
o0x7f9067050768 .functor BUFZ 1, C4<z>; HiZ drive
v0x7f9065578c40_0 .net "SBADRI0", 0 0, o0x7f9067050768;  0 drivers
o0x7f9067050798 .functor BUFZ 1, C4<z>; HiZ drive
v0x7f9065578ce0_0 .net "SBADRI1", 0 0, o0x7f9067050798;  0 drivers
o0x7f90670507c8 .functor BUFZ 1, C4<z>; HiZ drive
v0x7f9065578d80_0 .net "SBADRI2", 0 0, o0x7f90670507c8;  0 drivers
o0x7f90670507f8 .functor BUFZ 1, C4<z>; HiZ drive
v0x7f9065578e20_0 .net "SBADRI3", 0 0, o0x7f90670507f8;  0 drivers
o0x7f9067050828 .functor BUFZ 1, C4<z>; HiZ drive
v0x7f9065578ec0_0 .net "SBADRI4", 0 0, o0x7f9067050828;  0 drivers
o0x7f9067050858 .functor BUFZ 1, C4<z>; HiZ drive
v0x7f9065579050_0 .net "SBADRI5", 0 0, o0x7f9067050858;  0 drivers
o0x7f9067050888 .functor BUFZ 1, C4<z>; HiZ drive
v0x7f90655790e0_0 .net "SBADRI6", 0 0, o0x7f9067050888;  0 drivers
o0x7f90670508b8 .functor BUFZ 1, C4<z>; HiZ drive
v0x7f9065579170_0 .net "SBADRI7", 0 0, o0x7f90670508b8;  0 drivers
o0x7f90670508e8 .functor BUFZ 1, C4<z>; HiZ drive
v0x7f9065579200_0 .net "SBCLKI", 0 0, o0x7f90670508e8;  0 drivers
o0x7f9067050918 .functor BUFZ 1, C4<z>; HiZ drive
v0x7f90655792a0_0 .net "SBDATI0", 0 0, o0x7f9067050918;  0 drivers
o0x7f9067050948 .functor BUFZ 1, C4<z>; HiZ drive
v0x7f9065579340_0 .net "SBDATI1", 0 0, o0x7f9067050948;  0 drivers
o0x7f9067050978 .functor BUFZ 1, C4<z>; HiZ drive
v0x7f90655793e0_0 .net "SBDATI2", 0 0, o0x7f9067050978;  0 drivers
o0x7f90670509a8 .functor BUFZ 1, C4<z>; HiZ drive
v0x7f9065579480_0 .net "SBDATI3", 0 0, o0x7f90670509a8;  0 drivers
o0x7f90670509d8 .functor BUFZ 1, C4<z>; HiZ drive
v0x7f9065579520_0 .net "SBDATI4", 0 0, o0x7f90670509d8;  0 drivers
o0x7f9067050a08 .functor BUFZ 1, C4<z>; HiZ drive
v0x7f90655795c0_0 .net "SBDATI5", 0 0, o0x7f9067050a08;  0 drivers
o0x7f9067050a38 .functor BUFZ 1, C4<z>; HiZ drive
v0x7f9065579660_0 .net "SBDATI6", 0 0, o0x7f9067050a38;  0 drivers
o0x7f9067050a68 .functor BUFZ 1, C4<z>; HiZ drive
v0x7f9065579700_0 .net "SBDATI7", 0 0, o0x7f9067050a68;  0 drivers
o0x7f9067050a98 .functor BUFZ 1, C4<z>; HiZ drive
v0x7f90655797a0_0 .net "SBDATO0", 0 0, o0x7f9067050a98;  0 drivers
o0x7f9067050ac8 .functor BUFZ 1, C4<z>; HiZ drive
v0x7f9065579840_0 .net "SBDATO1", 0 0, o0x7f9067050ac8;  0 drivers
o0x7f9067050af8 .functor BUFZ 1, C4<z>; HiZ drive
v0x7f90655798e0_0 .net "SBDATO2", 0 0, o0x7f9067050af8;  0 drivers
o0x7f9067050b28 .functor BUFZ 1, C4<z>; HiZ drive
v0x7f9065579980_0 .net "SBDATO3", 0 0, o0x7f9067050b28;  0 drivers
o0x7f9067050b58 .functor BUFZ 1, C4<z>; HiZ drive
v0x7f9065578f60_0 .net "SBDATO4", 0 0, o0x7f9067050b58;  0 drivers
o0x7f9067050b88 .functor BUFZ 1, C4<z>; HiZ drive
v0x7f9065579c10_0 .net "SBDATO5", 0 0, o0x7f9067050b88;  0 drivers
o0x7f9067050bb8 .functor BUFZ 1, C4<z>; HiZ drive
v0x7f9065579ca0_0 .net "SBDATO6", 0 0, o0x7f9067050bb8;  0 drivers
o0x7f9067050be8 .functor BUFZ 1, C4<z>; HiZ drive
v0x7f9065579d30_0 .net "SBDATO7", 0 0, o0x7f9067050be8;  0 drivers
o0x7f9067050c18 .functor BUFZ 1, C4<z>; HiZ drive
v0x7f9065579dc0_0 .net "SBRWI", 0 0, o0x7f9067050c18;  0 drivers
o0x7f9067050c48 .functor BUFZ 1, C4<z>; HiZ drive
v0x7f9065579e50_0 .net "SBSTBI", 0 0, o0x7f9067050c48;  0 drivers
o0x7f9067050c78 .functor BUFZ 1, C4<z>; HiZ drive
v0x7f9065579ee0_0 .net "SCKI", 0 0, o0x7f9067050c78;  0 drivers
o0x7f9067050ca8 .functor BUFZ 1, C4<z>; HiZ drive
v0x7f906548e260_0 .net "SCKO", 0 0, o0x7f9067050ca8;  0 drivers
o0x7f9067050cd8 .functor BUFZ 1, C4<z>; HiZ drive
v0x7f906548e2f0_0 .net "SCKOE", 0 0, o0x7f9067050cd8;  0 drivers
o0x7f9067050d08 .functor BUFZ 1, C4<z>; HiZ drive
v0x7f906548e380_0 .net "SCSNI", 0 0, o0x7f9067050d08;  0 drivers
o0x7f9067050d38 .functor BUFZ 1, C4<z>; HiZ drive
v0x7f906548e410_0 .net "SI", 0 0, o0x7f9067050d38;  0 drivers
o0x7f9067050d68 .functor BUFZ 1, C4<z>; HiZ drive
v0x7f906548e4a0_0 .net "SO", 0 0, o0x7f9067050d68;  0 drivers
o0x7f9067050d98 .functor BUFZ 1, C4<z>; HiZ drive
v0x7f906548e530_0 .net "SOE", 0 0, o0x7f9067050d98;  0 drivers
o0x7f9067050dc8 .functor BUFZ 1, C4<z>; HiZ drive
v0x7f906548e5c0_0 .net "SPIIRQ", 0 0, o0x7f9067050dc8;  0 drivers
o0x7f9067050df8 .functor BUFZ 1, C4<z>; HiZ drive
v0x7f906548e650_0 .net "SPIWKUP", 0 0, o0x7f9067050df8;  0 drivers
S_0x7f9065489640 .scope module, "SB_SPRAM256KA" "SB_SPRAM256KA" 2 2600;
 .timescale -12 -12;
    .port_info 0 /INPUT 14 "ADDRESS";
    .port_info 1 /INPUT 16 "DATAIN";
    .port_info 2 /INPUT 4 "MASKWREN";
    .port_info 3 /INPUT 1 "WREN";
    .port_info 4 /INPUT 1 "CHIPSELECT";
    .port_info 5 /INPUT 1 "CLOCK";
    .port_info 6 /INPUT 1 "STANDBY";
    .port_info 7 /INPUT 1 "SLEEP";
    .port_info 8 /INPUT 1 "POWEROFF";
    .port_info 9 /OUTPUT 16 "DATAOUT";
o0x7f9067051878 .functor BUFZ 1, C4<z>; HiZ drive
L_0x7f9065493370 .functor OR 1, o0x7f9067051878, L_0x7f9065493280, C4<0>, C4<0>;
o0x7f9067051728 .functor BUFZ 14, C4<zzzzzzzzzzzzzz>; HiZ drive
v0x7f9065765130_0 .net "ADDRESS", 13 0, o0x7f9067051728;  0 drivers
o0x7f9067051758 .functor BUFZ 1, C4<z>; HiZ drive
v0x7f90657651c0_0 .net "CHIPSELECT", 0 0, o0x7f9067051758;  0 drivers
o0x7f9067051788 .functor BUFZ 1, C4<z>; HiZ drive
v0x7f9065765250_0 .net "CLOCK", 0 0, o0x7f9067051788;  0 drivers
o0x7f90670517b8 .functor BUFZ 16, C4<zzzzzzzzzzzzzzzz>; HiZ drive
v0x7f90657652e0_0 .net "DATAIN", 15 0, o0x7f90670517b8;  0 drivers
v0x7f9065765370_0 .var "DATAOUT", 15 0;
o0x7f9067051818 .functor BUFZ 4, C4<zzzz>; HiZ drive
v0x7f9065765400_0 .net "MASKWREN", 3 0, o0x7f9067051818;  0 drivers
o0x7f9067051848 .functor BUFZ 1, C4<z>; HiZ drive
v0x7f9065765490_0 .net "POWEROFF", 0 0, o0x7f9067051848;  0 drivers
v0x7f9065765520_0 .net "SLEEP", 0 0, o0x7f9067051878;  0 drivers
o0x7f90670518a8 .functor BUFZ 1, C4<z>; HiZ drive
v0x7f90657655b0_0 .net "STANDBY", 0 0, o0x7f90670518a8;  0 drivers
o0x7f90670518d8 .functor BUFZ 1, C4<z>; HiZ drive
v0x7f9065765640_0 .net "WREN", 0 0, o0x7f90670518d8;  0 drivers
v0x7f90657656d0_0 .net *"_ivl_1", 0 0, L_0x7f9065493280;  1 drivers
v0x7f9065765760_0 .var/i "i", 31 0;
v0x7f90657657f0 .array "mem", 16383 0, 15 0;
v0x7f9065765880_0 .net "off", 0 0, L_0x7f9065493370;  1 drivers
E_0x7f906571b4d0 .event posedge, v0x7f9065765880_0, v0x7f9065765250_0;
E_0x7f906571ba80 .event negedge, v0x7f9065765490_0;
L_0x7f9065493280 .reduce/nor o0x7f9067051848;
S_0x7f90654898f0 .scope module, "SB_WARMBOOT" "SB_WARMBOOT" 2 2593;
 .timescale -12 -12;
    .port_info 0 /INPUT 1 "BOOT";
    .port_info 1 /INPUT 1 "S1";
    .port_info 2 /INPUT 1 "S0";
o0x7f9067051b78 .functor BUFZ 1, C4<z>; HiZ drive
v0x7f9065765910_0 .net "BOOT", 0 0, o0x7f9067051b78;  0 drivers
o0x7f9067051ba8 .functor BUFZ 1, C4<z>; HiZ drive
v0x7f90657659a0_0 .net "S0", 0 0, o0x7f9067051ba8;  0 drivers
o0x7f9067051bd8 .functor BUFZ 1, C4<z>; HiZ drive
v0x7f9065765a30_0 .net "S1", 0 0, o0x7f9067051bd8;  0 drivers
S_0x7f906570b6b0 .scope module, "fsm_mealy" "fsm_mealy" 3 1;
 .timescale -12 -12;
    .port_info 0 /OUTPUT 4 "led";
    .port_info 1 /OUTPUT 1 "led_4";
    .port_info 2 /INPUT 1 "clk";
    .port_info 3 /INPUT 1 "go_btn";
    .port_info 4 /INPUT 1 "rst_btn";
P_0x7f906570b820 .param/l "CLK_MAX" 1 3 16, C4<000101101110001101100000>;
P_0x7f906570b860 .param/l "LED_MAX" 1 3 15, C4<1111>;
P_0x7f906570b8a0 .param/l "STATE_COUNTING" 1 3 14, C4<01>;
P_0x7f906570b8e0 .param/l "STATE_IDLE" 1 3 13, C4<00>;
o0x7f9067051c98 .functor BUFZ 1, C4<z>; HiZ drive
v0x7f9065765ac0_0 .net "clk", 0 0, o0x7f9067051c98;  0 drivers
v0x7f9065765b50_0 .var "clk_count", 23 0;
v0x7f9065765be0_0 .var "div_clk", 0 0;
v0x7f9065765c70_0 .net "go", 0 0, L_0x7f9065493490;  1 drivers
o0x7f9067051d58 .functor BUFZ 1, C4<z>; HiZ drive
v0x7f9065765d00_0 .net "go_btn", 0 0, o0x7f9067051d58;  0 drivers
v0x7f9065765d90_0 .var "led", 3 0;
v0x7f9065765e20_0 .var "led_4", 0 0;
v0x7f9065765eb0_0 .net "rst", 0 0, L_0x7f9065493560;  1 drivers
o0x7f9067051e18 .functor BUFZ 1, C4<z>; HiZ drive
v0x7f9065765f40_0 .net "rst_btn", 0 0, o0x7f9067051e18;  0 drivers
v0x7f9065765fd0_0 .var "state", 1 0;
E_0x7f9065719570 .event posedge, v0x7f9065765eb0_0, v0x7f9065765be0_0;
E_0x7f9065712900 .event posedge, v0x7f9065765eb0_0, v0x7f9065765ac0_0;
L_0x7f9065493490 .reduce/nor o0x7f9067051d58;
L_0x7f9065493560 .reduce/nor o0x7f9067051e18;
    .scope S_0x7f9065759b10;
T_2 ;
    %pushi/vec4 0, 0, 1;
    %store/vec4 v0x7f906566cea0_0, 0, 1;
    %pushi/vec4 0, 0, 1;
    %store/vec4 v0x7f906566cf30_0, 0, 1;
    %end;
    .thread T_2;
    .scope S_0x7f9065759b10;
T_3 ;
    %wait E_0x7f90657308f0;
    %load/vec4 v0x7f9065633330_0;
    %flag_set/vec4 8;
    %jmp/0xz  T_3.0, 8;
    %load/vec4 v0x7f906568eda0_0;
    %flag_set/vec4 8;
    %jmp/0 T_3.2, 8;
    %pushi/vec4 0, 0, 1;
    %jmp/1 T_3.3, 8;
T_3.2 ; End of true expr.
    %load/vec4 v0x7f906567ef10_0;
    %jmp/0 T_3.3, 8;
 ; End of false expr.
    %blend;
T_3.3;
    %assign/vec4 v0x7f906566cea0_0, 0;
T_3.0 ;
    %jmp T_3;
    .thread T_3;
    .scope S_0x7f9065759b10;
T_4 ;
    %wait E_0x7f9065732d50;
    %load/vec4 v0x7f906568eda0_0;
    %flag_set/vec4 8;
    %jmp/0xz  T_4.0, 8;
    %pushi/vec4 0, 0, 1;
    %assign/vec4 v0x7f906566cf30_0, 0;
    %jmp T_4.1;
T_4.0 ;
    %load/vec4 v0x7f9065633330_0;
    %flag_set/vec4 8;
    %jmp/0xz  T_4.2, 8;
    %load/vec4 v0x7f906567ef10_0;
    %assign/vec4 v0x7f906566cf30_0, 0;
T_4.2 ;
T_4.1 ;
    %jmp T_4;
    .thread T_4;
    .scope S_0x7f9065671530;
T_5 ;
    %pushi/vec4 0, 0, 32;
    %store/vec4 v0x7f906564c7a0_0, 0, 32;
T_5.0 ; Top of for-loop 
    %load/vec4 v0x7f906564c7a0_0;
    %cmpi/s 16, 0, 32;
    %jmp/0xz T_5.1, 5;
    %pushi/vec4 0, 0, 256;
    %load/vec4 v0x7f906564c7a0_0;
    %muli 16, 0, 32;
    %part/s 16;
    %pushi/vec4 0, 0, 32;
    %load/vec4 v0x7f906564c7a0_0;
    %add;
    %ix/vec4/s 4;
    %store/vec4a v0x7f90656433c0, 4, 0;
    %pushi/vec4 0, 0, 256;
    %load/vec4 v0x7f906564c7a0_0;
    %muli 16, 0, 32;
    %part/s 16;
    %pushi/vec4 16, 0, 32;
    %load/vec4 v0x7f906564c7a0_0;
    %add;
    %ix/vec4/s 4;
    %store/vec4a v0x7f90656433c0, 4, 0;
    %pushi/vec4 0, 0, 256;
    %load/vec4 v0x7f906564c7a0_0;
    %muli 16, 0, 32;
    %part/s 16;
    %pushi/vec4 32, 0, 32;
    %load/vec4 v0x7f906564c7a0_0;
    %add;
    %ix/vec4/s 4;
    %store/vec4a v0x7f90656433c0, 4, 0;
    %pushi/vec4 0, 0, 256;
    %load/vec4 v0x7f906564c7a0_0;
    %muli 16, 0, 32;
    %part/s 16;
    %pushi/vec4 48, 0, 32;
    %load/vec4 v0x7f906564c7a0_0;
    %add;
    %ix/vec4/s 4;
    %store/vec4a v0x7f90656433c0, 4, 0;
    %pushi/vec4 0, 0, 256;
    %load/vec4 v0x7f906564c7a0_0;
    %muli 16, 0, 32;
    %part/s 16;
    %pushi/vec4 64, 0, 32;
    %load/vec4 v0x7f906564c7a0_0;
    %add;
    %ix/vec4/s 4;
    %store/vec4a v0x7f90656433c0, 4, 0;
    %pushi/vec4 0, 0, 256;
    %load/vec4 v0x7f906564c7a0_0;
    %muli 16, 0, 32;
    %part/s 16;
    %pushi/vec4 80, 0, 32;
    %load/vec4 v0x7f906564c7a0_0;
    %add;
    %ix/vec4/s 4;
    %store/vec4a v0x7f90656433c0, 4, 0;
    %pushi/vec4 0, 0, 256;
    %load/vec4 v0x7f906564c7a0_0;
    %muli 16, 0, 32;
    %part/s 16;
    %pushi/vec4 96, 0, 32;
    %load/vec4 v0x7f906564c7a0_0;
    %add;
    %ix/vec4/s 4;
    %store/vec4a v0x7f90656433c0, 4, 0;
    %pushi/vec4 0, 0, 256;
    %load/vec4 v0x7f906564c7a0_0;
    %muli 16, 0, 32;
    %part/s 16;
    %pushi/vec4 112, 0, 32;
    %load/vec4 v0x7f906564c7a0_0;
    %add;
    %ix/vec4/s 4;
    %store/vec4a v0x7f90656433c0, 4, 0;
    %pushi/vec4 0, 0, 256;
    %load/vec4 v0x7f906564c7a0_0;
    %muli 16, 0, 32;
    %part/s 16;
    %pushi/vec4 128, 0, 32;
    %load/vec4 v0x7f906564c7a0_0;
    %add;
    %ix/vec4/s 4;
    %store/vec4a v0x7f90656433c0, 4, 0;
    %pushi/vec4 0, 0, 256;
    %load/vec4 v0x7f906564c7a0_0;
    %muli 16, 0, 32;
    %part/s 16;
    %pushi/vec4 144, 0, 32;
    %load/vec4 v0x7f906564c7a0_0;
    %add;
    %ix/vec4/s 4;
    %store/vec4a v0x7f90656433c0, 4, 0;
    %pushi/vec4 0, 0, 256;
    %load/vec4 v0x7f906564c7a0_0;
    %muli 16, 0, 32;
    %part/s 16;
    %pushi/vec4 160, 0, 32;
    %load/vec4 v0x7f906564c7a0_0;
    %add;
    %ix/vec4/s 4;
    %store/vec4a v0x7f90656433c0, 4, 0;
    %pushi/vec4 0, 0, 256;
    %load/vec4 v0x7f906564c7a0_0;
    %muli 16, 0, 32;
    %part/s 16;
    %pushi/vec4 176, 0, 32;
    %load/vec4 v0x7f906564c7a0_0;
    %add;
    %ix/vec4/s 4;
    %store/vec4a v0x7f90656433c0, 4, 0;
    %pushi/vec4 0, 0, 256;
    %load/vec4 v0x7f906564c7a0_0;
    %muli 16, 0, 32;
    %part/s 16;
    %pushi/vec4 192, 0, 32;
    %load/vec4 v0x7f906564c7a0_0;
    %add;
    %ix/vec4/s 4;
    %store/vec4a v0x7f90656433c0, 4, 0;
    %pushi/vec4 0, 0, 256;
    %load/vec4 v0x7f906564c7a0_0;
    %muli 16, 0, 32;
    %part/s 16;
    %pushi/vec4 208, 0, 32;
    %load/vec4 v0x7f906564c7a0_0;
    %add;
    %ix/vec4/s 4;
    %store/vec4a v0x7f90656433c0, 4, 0;
    %pushi/vec4 0, 0, 256;
    %load/vec4 v0x7f906564c7a0_0;
    %muli 16, 0, 32;
    %part/s 16;
    %pushi/vec4 224, 0, 32;
    %load/vec4 v0x7f906564c7a0_0;
    %add;
    %ix/vec4/s 4;
    %store/vec4a v0x7f90656433c0, 4, 0;
    %pushi/vec4 0, 0, 256;
    %load/vec4 v0x7f906564c7a0_0;
    %muli 16, 0, 32;
    %part/s 16;
    %pushi/vec4 240, 0, 32;
    %load/vec4 v0x7f906564c7a0_0;
    %add;
    %ix/vec4/s 4;
    %store/vec4a v0x7f90656433c0, 4, 0;
T_5.2 ; for-loop step statement
    %load/vec4 v0x7f906564c7a0_0;
    %addi 1, 0, 32;
    %store/vec4 v0x7f906564c7a0_0, 0, 32;
    %jmp T_5.0;
T_5.1 ; for-loop exit label
    %end;
    .thread T_5;
    .scope S_0x7f9065671530;
T_6 ;
    %wait E_0x7f9065642810;
    %load/vec4 v0x7f906564c680_0;
    %flag_set/vec4 9;
    %flag_get/vec4 9;
    %jmp/0 T_6.2, 9;
    %load/vec4 v0x7f9065635970_0;
    %and;
T_6.2;
    %flag_set/vec4 8;
    %jmp/0xz  T_6.0, 8;
    %load/vec4 v0x7f906564c710_0;
    %parti/s 1, 0, 2;
    %nor/r;
    %flag_set/vec4 8;
    %jmp/0xz  T_6.3, 8;
    %load/vec4 v0x7f906564c5f0_0;
    %parti/s 1, 0, 2;
    %load/vec4 v0x7f9065635850_0;
    %parti/s 8, 0, 2;
    %pad/u 10;
    %ix/vec4 3;
    %ix/load 4, 0, 0; Constant delay
    %assign/vec4/a/d v0x7f90656433c0, 0, 4;
T_6.3 ;
    %load/vec4 v0x7f906564c710_0;
    %parti/s 1, 1, 2;
    %nor/r;
    %flag_set/vec4 8;
    %jmp/0xz  T_6.5, 8;
    %load/vec4 v0x7f906564c5f0_0;
    %parti/s 1, 1, 2;
    %load/vec4 v0x7f9065635850_0;
    %parti/s 8, 0, 2;
    %pad/u 10;
    %ix/vec4 3;
    %ix/load 4, 1, 0; part off
    %ix/load 5, 0, 0; Constant delay
    %assign/vec4/a/d v0x7f90656433c0, 4, 5;
T_6.5 ;
    %load/vec4 v0x7f906564c710_0;
    %parti/s 1, 2, 3;
    %nor/r;
    %flag_set/vec4 8;
    %jmp/0xz  T_6.7, 8;
    %load/vec4 v0x7f906564c5f0_0;
    %parti/s 1, 2, 3;
    %load/vec4 v0x7f9065635850_0;
    %parti/s 8, 0, 2;
    %pad/u 10;
    %ix/vec4 3;
    %ix/load 4, 2, 0; part off
    %ix/load 5, 0, 0; Constant delay
    %assign/vec4/a/d v0x7f90656433c0, 4, 5;
T_6.7 ;
    %load/vec4 v0x7f906564c710_0;
    %parti/s 1, 3, 3;
    %nor/r;
    %flag_set/vec4 8;
    %jmp/0xz  T_6.9, 8;
    %load/vec4 v0x7f906564c5f0_0;
    %parti/s 1, 3, 3;
    %load/vec4 v0x7f9065635850_0;
    %parti/s 8, 0, 2;
    %pad/u 10;
    %ix/vec4 3;
    %ix/load 4, 3, 0; part off
    %ix/load 5, 0, 0; Constant delay
    %assign/vec4/a/d v0x7f90656433c0, 4, 5;
T_6.9 ;
    %load/vec4 v0x7f906564c710_0;
    %parti/s 1, 4, 4;
    %nor/r;
    %flag_set/vec4 8;
    %jmp/0xz  T_6.11, 8;
    %load/vec4 v0x7f906564c5f0_0;
    %parti/s 1, 4, 4;
    %load/vec4 v0x7f9065635850_0;
    %parti/s 8, 0, 2;
    %pad/u 10;
    %ix/vec4 3;
    %ix/load 4, 4, 0; part off
    %ix/load 5, 0, 0; Constant delay
    %assign/vec4/a/d v0x7f90656433c0, 4, 5;
T_6.11 ;
    %load/vec4 v0x7f906564c710_0;
    %parti/s 1, 5, 4;
    %nor/r;
    %flag_set/vec4 8;
    %jmp/0xz  T_6.13, 8;
    %load/vec4 v0x7f906564c5f0_0;
    %parti/s 1, 5, 4;
    %load/vec4 v0x7f9065635850_0;
    %parti/s 8, 0, 2;
    %pad/u 10;
    %ix/vec4 3;
    %ix/load 4, 5, 0; part off
    %ix/load 5, 0, 0; Constant delay
    %assign/vec4/a/d v0x7f90656433c0, 4, 5;
T_6.13 ;
    %load/vec4 v0x7f906564c710_0;
    %parti/s 1, 6, 4;
    %nor/r;
    %flag_set/vec4 8;
    %jmp/0xz  T_6.15, 8;
    %load/vec4 v0x7f906564c5f0_0;
    %parti/s 1, 6, 4;
    %load/vec4 v0x7f9065635850_0;
    %parti/s 8, 0, 2;
    %pad/u 10;
    %ix/vec4 3;
    %ix/load 4, 6, 0; part off
    %ix/load 5, 0, 0; Constant delay
    %assign/vec4/a/d v0x7f90656433c0, 4, 5;
T_6.15 ;
    %load/vec4 v0x7f906564c710_0;
    %parti/s 1, 7, 4;
    %nor/r;
    %flag_set/vec4 8;
    %jmp/0xz  T_6.17, 8;
    %load/vec4 v0x7f906564c5f0_0;
    %parti/s 1, 7, 4;
    %load/vec4 v0x7f9065635850_0;
    %parti/s 8, 0, 2;
    %pad/u 10;
    %ix/vec4 3;
    %ix/load 4, 7, 0; part off
    %ix/load 5, 0, 0; Constant delay
    %assign/vec4/a/d v0x7f90656433c0, 4, 5;
T_6.17 ;
    %load/vec4 v0x7f906564c710_0;
    %parti/s 1, 8, 5;
    %nor/r;
    %flag_set/vec4 8;
    %jmp/0xz  T_6.19, 8;
    %load/vec4 v0x7f906564c5f0_0;
    %parti/s 1, 8, 5;
    %load/vec4 v0x7f9065635850_0;
    %parti/s 8, 0, 2;
    %pad/u 10;
    %ix/vec4 3;
    %ix/load 4, 8, 0; part off
    %ix/load 5, 0, 0; Constant delay
    %assign/vec4/a/d v0x7f90656433c0, 4, 5;
T_6.19 ;
    %load/vec4 v0x7f906564c710_0;
    %parti/s 1, 9, 5;
    %nor/r;
    %flag_set/vec4 8;
    %jmp/0xz  T_6.21, 8;
    %load/vec4 v0x7f906564c5f0_0;
    %parti/s 1, 9, 5;
    %load/vec4 v0x7f9065635850_0;
    %parti/s 8, 0, 2;
    %pad/u 10;
    %ix/vec4 3;
    %ix/load 4, 9, 0; part off
    %ix/load 5, 0, 0; Constant delay
    %assign/vec4/a/d v0x7f90656433c0, 4, 5;
T_6.21 ;
    %load/vec4 v0x7f906564c710_0;
    %parti/s 1, 10, 5;
    %nor/r;
    %flag_set/vec4 8;
    %jmp/0xz  T_6.23, 8;
    %load/vec4 v0x7f906564c5f0_0;
    %parti/s 1, 10, 5;
    %load/vec4 v0x7f9065635850_0;
    %parti/s 8, 0, 2;
    %pad/u 10;
    %ix/vec4 3;
    %ix/load 4, 10, 0; part off
    %ix/load 5, 0, 0; Constant delay
    %assign/vec4/a/d v0x7f90656433c0, 4, 5;
T_6.23 ;
    %load/vec4 v0x7f906564c710_0;
    %parti/s 1, 11, 5;
    %nor/r;
    %flag_set/vec4 8;
    %jmp/0xz  T_6.25, 8;
    %load/vec4 v0x7f906564c5f0_0;
    %parti/s 1, 11, 5;
    %load/vec4 v0x7f9065635850_0;
    %parti/s 8, 0, 2;
    %pad/u 10;
    %ix/vec4 3;
    %ix/load 4, 11, 0; part off
    %ix/load 5, 0, 0; Constant delay
    %assign/vec4/a/d v0x7f90656433c0, 4, 5;
T_6.25 ;
    %load/vec4 v0x7f906564c710_0;
    %parti/s 1, 12, 5;
    %nor/r;
    %flag_set/vec4 8;
    %jmp/0xz  T_6.27, 8;
    %load/vec4 v0x7f906564c5f0_0;
    %parti/s 1, 12, 5;
    %load/vec4 v0x7f9065635850_0;
    %parti/s 8, 0, 2;
    %pad/u 10;
    %ix/vec4 3;
    %ix/load 4, 12, 0; part off
    %ix/load 5, 0, 0; Constant delay
    %assign/vec4/a/d v0x7f90656433c0, 4, 5;
T_6.27 ;
    %load/vec4 v0x7f906564c710_0;
    %parti/s 1, 13, 5;
    %nor/r;
    %flag_set/vec4 8;
    %jmp/0xz  T_6.29, 8;
    %load/vec4 v0x7f906564c5f0_0;
    %parti/s 1, 13, 5;
    %load/vec4 v0x7f9065635850_0;
    %parti/s 8, 0, 2;
    %pad/u 10;
    %ix/vec4 3;
    %ix/load 4, 13, 0; part off
    %ix/load 5, 0, 0; Constant delay
    %assign/vec4/a/d v0x7f90656433c0, 4, 5;
T_6.29 ;
    %load/vec4 v0x7f906564c710_0;
    %parti/s 1, 14, 5;
    %nor/r;
    %flag_set/vec4 8;
    %jmp/0xz  T_6.31, 8;
    %load/vec4 v0x7f906564c5f0_0;
    %parti/s 1, 14, 5;
    %load/vec4 v0x7f9065635850_0;
    %parti/s 8, 0, 2;
    %pad/u 10;
    %ix/vec4 3;
    %ix/load 4, 14, 0; part off
    %ix/load 5, 0, 0; Constant delay
    %assign/vec4/a/d v0x7f90656433c0, 4, 5;
T_6.31 ;
    %load/vec4 v0x7f906564c710_0;
    %parti/s 1, 15, 5;
    %nor/r;
    %flag_set/vec4 8;
    %jmp/0xz  T_6.33, 8;
    %load/vec4 v0x7f906564c5f0_0;
    %parti/s 1, 15, 5;
    %load/vec4 v0x7f9065635850_0;
    %parti/s 8, 0, 2;
    %pad/u 10;
    %ix/vec4 3;
    %ix/load 4, 15, 0; part off
    %ix/load 5, 0, 0; Constant delay
    %assign/vec4/a/d v0x7f90656433c0, 4, 5;
T_6.33 ;
T_6.0 ;
    %jmp T_6;
    .thread T_6;
    .scope S_0x7f9065671530;
T_7 ;
    %wait E_0x7f906567d640;
    %load/vec4 v0x7f9065635730_0;
    %flag_set/vec4 9;
    %flag_get/vec4 9;
    %jmp/0 T_7.2, 9;
    %load/vec4 v0x7f90656392c0_0;
    %and;
T_7.2;
    %flag_set/vec4 8;
    %jmp/0xz  T_7.0, 8;
    %load/vec4 v0x7f9065687650_0;
    %parti/s 8, 0, 2;
    %pad/u 10;
    %ix/vec4 4;
    %load/vec4a v0x7f90656433c0, 4;
    %load/vec4 v0x7f90656357c0_0;
    %inv;
    %and;
    %assign/vec4 v0x7f90656393e0_0, 0;
T_7.0 ;
    %jmp T_7;
    .thread T_7;
    .scope S_0x7f906567b6b0;
T_8 ;
    %pushi/vec4 0, 0, 1;
    %store/vec4 v0x7f906555fcf0_0, 0, 1;
    %end;
    .thread T_8;
    .scope S_0x7f906567b6b0;
T_9 ;
    %wait E_0x7f906555fb40;
    %load/vec4 v0x7f906555fc50_0;
    %assign/vec4 v0x7f906555fcf0_0, 0;
    %jmp T_9;
    .thread T_9;
    .scope S_0x7f906567aab0;
T_10 ;
    %pushi/vec4 0, 0, 1;
    %store/vec4 v0x7f9065560050_0, 0, 1;
    %end;
    .thread T_10;
    .scope S_0x7f906567aab0;
T_11 ;
    %wait E_0x7f906555fdf0;
    %load/vec4 v0x7f906555ffa0_0;
    %flag_set/vec4 8;
    %jmp/0xz  T_11.0, 8;
    %load/vec4 v0x7f906555ff00_0;
    %assign/vec4 v0x7f9065560050_0, 0;
T_11.0 ;
    %jmp T_11;
    .thread T_11;
    .scope S_0x7f906546f920;
T_12 ;
    %pushi/vec4 0, 0, 1;
    %store/vec4 v0x7f90655603b0_0, 0, 1;
    %end;
    .thread T_12;
    .scope S_0x7f906546f920;
T_13 ;
    %wait E_0x7f9065560150;
    %load/vec4 v0x7f9065560450_0;
    %flag_set/vec4 8;
    %jmp/0xz  T_13.0, 8;
    %pushi/vec4 0, 0, 1;
    %assign/vec4 v0x7f90655603b0_0, 0;
    %jmp T_13.1;
T_13.0 ;
    %load/vec4 v0x7f9065560300_0;
    %flag_set/vec4 8;
    %jmp/0xz  T_13.2, 8;
    %load/vec4 v0x7f9065560260_0;
    %assign/vec4 v0x7f90655603b0_0, 0;
T_13.2 ;
T_13.1 ;
    %jmp T_13;
    .thread T_13;
    .scope S_0x7f906546f0c0;
T_14 ;
    %pushi/vec4 0, 0, 1;
    %store/vec4 v0x7f90655607f0_0, 0, 1;
    %end;
    .thread T_14;
    .scope S_0x7f906546f0c0;
T_15 ;
    %wait E_0x7f90655605b0;
    %load/vec4 v0x7f9065560890_0;
    %flag_set/vec4 8;
    %jmp/0xz  T_15.0, 8;
    %pushi/vec4 1, 0, 1;
    %assign/vec4 v0x7f90655607f0_0, 0;
    %jmp T_15.1;
T_15.0 ;
    %load/vec4 v0x7f9065560760_0;
    %flag_set/vec4 8;
    %jmp/0xz  T_15.2, 8;
    %load/vec4 v0x7f90655606c0_0;
    %assign/vec4 v0x7f90655607f0_0, 0;
T_15.2 ;
T_15.1 ;
    %jmp T_15;
    .thread T_15;
    .scope S_0x7f906546cf80;
T_16 ;
    %pushi/vec4 0, 0, 1;
    %store/vec4 v0x7f9065560c30_0, 0, 1;
    %end;
    .thread T_16;
    .scope S_0x7f906546cf80;
T_17 ;
    %wait E_0x7f90655609f0;
    %load/vec4 v0x7f9065560ba0_0;
    %flag_set/vec4 8;
    %jmp/0xz  T_17.0, 8;
    %load/vec4 v0x7f9065560cd0_0;
    %flag_set/vec4 8;
    %jmp/0xz  T_17.2, 8;
    %pushi/vec4 0, 0, 1;
    %assign/vec4 v0x7f9065560c30_0, 0;
    %jmp T_17.3;
T_17.2 ;
    %load/vec4 v0x7f9065560b00_0;
    %assign/vec4 v0x7f9065560c30_0, 0;
T_17.3 ;
T_17.0 ;
    %jmp T_17;
    .thread T_17;
    .scope S_0x7f9065473bb0;
T_18 ;
    %pushi/vec4 0, 0, 1;
    %store/vec4 v0x7f9065561070_0, 0, 1;
    %end;
    .thread T_18;
    .scope S_0x7f9065473bb0;
T_19 ;
    %wait E_0x7f9065560e30;
    %load/vec4 v0x7f9065560fe0_0;
    %flag_set/vec4 8;
    %jmp/0xz  T_19.0, 8;
    %load/vec4 v0x7f9065561110_0;
    %flag_set/vec4 8;
    %jmp/0xz  T_19.2, 8;
    %pushi/vec4 1, 0, 1;
    %assign/vec4 v0x7f9065561070_0, 0;
    %jmp T_19.3;
T_19.2 ;
    %load/vec4 v0x7f9065560f40_0;
    %assign/vec4 v0x7f9065561070_0, 0;
T_19.3 ;
T_19.0 ;
    %jmp T_19;
    .thread T_19;
    .scope S_0x7f906546b910;
T_20 ;
    %pushi/vec4 0, 0, 1;
    %store/vec4 v0x7f9065561420_0, 0, 1;
    %end;
    .thread T_20;
    .scope S_0x7f906546b910;
T_21 ;
    %wait E_0x7f9065561270;
    %load/vec4 v0x7f9065561380_0;
    %assign/vec4 v0x7f9065561420_0, 0;
    %jmp T_21;
    .thread T_21;
    .scope S_0x7f906546c890;
T_22 ;
    %pushi/vec4 0, 0, 1;
    %store/vec4 v0x7f9065561760_0, 0, 1;
    %end;
    .thread T_22;
    .scope S_0x7f906546c890;
T_23 ;
    %wait E_0x7f9065561500;
    %load/vec4 v0x7f90655616b0_0;
    %flag_set/vec4 8;
    %jmp/0xz  T_23.0, 8;
    %load/vec4 v0x7f9065561610_0;
    %assign/vec4 v0x7f9065561760_0, 0;
T_23.0 ;
    %jmp T_23;
    .thread T_23;
    .scope S_0x7f906545fd80;
T_24 ;
    %pushi/vec4 0, 0, 1;
    %store/vec4 v0x7f9065561ac0_0, 0, 1;
    %end;
    .thread T_24;
    .scope S_0x7f906545fd80;
T_25 ;
    %wait E_0x7f9065561860;
    %load/vec4 v0x7f9065561b60_0;
    %flag_set/vec4 8;
    %jmp/0xz  T_25.0, 8;
    %pushi/vec4 0, 0, 1;
    %assign/vec4 v0x7f9065561ac0_0, 0;
    %jmp T_25.1;
T_25.0 ;
    %load/vec4 v0x7f9065561a10_0;
    %flag_set/vec4 8;
    %jmp/0xz  T_25.2, 8;
    %load/vec4 v0x7f9065561970_0;
    %assign/vec4 v0x7f9065561ac0_0, 0;
T_25.2 ;
T_25.1 ;
    %jmp T_25;
    .thread T_25;
    .scope S_0x7f9065458860;
T_26 ;
    %pushi/vec4 0, 0, 1;
    %store/vec4 v0x7f9065561f00_0, 0, 1;
    %end;
    .thread T_26;
    .scope S_0x7f9065458860;
T_27 ;
    %wait E_0x7f9065561cc0;
    %load/vec4 v0x7f9065561fa0_0;
    %flag_set/vec4 8;
    %jmp/0xz  T_27.0, 8;
    %pushi/vec4 1, 0, 1;
    %assign/vec4 v0x7f9065561f00_0, 0;
    %jmp T_27.1;
T_27.0 ;
    %load/vec4 v0x7f9065561e70_0;
    %flag_set/vec4 8;
    %jmp/0xz  T_27.2, 8;
    %load/vec4 v0x7f9065561dd0_0;
    %assign/vec4 v0x7f9065561f00_0, 0;
T_27.2 ;
T_27.1 ;
    %jmp T_27;
    .thread T_27;
    .scope S_0x7f90654577f0;
T_28 ;
    %pushi/vec4 0, 0, 1;
    %store/vec4 v0x7f9065562340_0, 0, 1;
    %end;
    .thread T_28;
    .scope S_0x7f90654577f0;
T_29 ;
    %wait E_0x7f9065562100;
    %load/vec4 v0x7f90655622b0_0;
    %flag_set/vec4 8;
    %jmp/0xz  T_29.0, 8;
    %load/vec4 v0x7f90655623e0_0;
    %flag_set/vec4 8;
    %jmp/0xz  T_29.2, 8;
    %pushi/vec4 0, 0, 1;
    %assign/vec4 v0x7f9065562340_0, 0;
    %jmp T_29.3;
T_29.2 ;
    %load/vec4 v0x7f9065562210_0;
    %assign/vec4 v0x7f9065562340_0, 0;
T_29.3 ;
T_29.0 ;
    %jmp T_29;
    .thread T_29;
    .scope S_0x7f9065456a90;
T_30 ;
    %pushi/vec4 0, 0, 1;
    %store/vec4 v0x7f9065562780_0, 0, 1;
    %end;
    .thread T_30;
    .scope S_0x7f9065456a90;
T_31 ;
    %wait E_0x7f9065562540;
    %load/vec4 v0x7f90655626f0_0;
    %flag_set/vec4 8;
    %jmp/0xz  T_31.0, 8;
    %load/vec4 v0x7f9065562820_0;
    %flag_set/vec4 8;
    %jmp/0xz  T_31.2, 8;
    %pushi/vec4 1, 0, 1;
    %assign/vec4 v0x7f9065562780_0, 0;
    %jmp T_31.3;
T_31.2 ;
    %load/vec4 v0x7f9065562650_0;
    %assign/vec4 v0x7f9065562780_0, 0;
T_31.3 ;
T_31.0 ;
    %jmp T_31;
    .thread T_31;
    .scope S_0x7f90654555c0;
T_32 ;
    %pushi/vec4 0, 0, 1;
    %store/vec4 v0x7f9065562b30_0, 0, 1;
    %end;
    .thread T_32;
    .scope S_0x7f90654555c0;
T_33 ;
    %wait E_0x7f9065562980;
    %load/vec4 v0x7f9065562bc0_0;
    %flag_set/vec4 8;
    %jmp/0xz  T_33.0, 8;
    %pushi/vec4 0, 0, 1;
    %assign/vec4 v0x7f9065562b30_0, 0;
    %jmp T_33.1;
T_33.0 ;
    %load/vec4 v0x7f9065562a90_0;
    %assign/vec4 v0x7f9065562b30_0, 0;
T_33.1 ;
    %jmp T_33;
    .thread T_33;
    .scope S_0x7f90654852d0;
T_34 ;
    %pushi/vec4 0, 0, 1;
    %store/vec4 v0x7f9065562e70_0, 0, 1;
    %end;
    .thread T_34;
    .scope S_0x7f90654852d0;
T_35 ;
    %wait E_0x7f9065562cc0;
    %load/vec4 v0x7f9065562f20_0;
    %flag_set/vec4 8;
    %jmp/0xz  T_35.0, 8;
    %pushi/vec4 1, 0, 1;
    %assign/vec4 v0x7f9065562e70_0, 0;
    %jmp T_35.1;
T_35.0 ;
    %load/vec4 v0x7f9065562dd0_0;
    %assign/vec4 v0x7f9065562e70_0, 0;
T_35.1 ;
    %jmp T_35;
    .thread T_35;
    .scope S_0x7f906546e980;
T_36 ;
    %pushi/vec4 0, 0, 1;
    %store/vec4 v0x7f90655631d0_0, 0, 1;
    %end;
    .thread T_36;
    .scope S_0x7f906546e980;
T_37 ;
    %wait E_0x7f9065563020;
    %load/vec4 v0x7f9065563280_0;
    %flag_set/vec4 8;
    %jmp/0xz  T_37.0, 8;
    %pushi/vec4 0, 0, 1;
    %assign/vec4 v0x7f90655631d0_0, 0;
    %jmp T_37.1;
T_37.0 ;
    %load/vec4 v0x7f9065563130_0;
    %assign/vec4 v0x7f90655631d0_0, 0;
T_37.1 ;
    %jmp T_37;
    .thread T_37;
    .scope S_0x7f906546e340;
T_38 ;
    %pushi/vec4 0, 0, 1;
    %store/vec4 v0x7f9065563530_0, 0, 1;
    %end;
    .thread T_38;
    .scope S_0x7f906546e340;
T_39 ;
    %wait E_0x7f9065563380;
    %load/vec4 v0x7f90655635e0_0;
    %flag_set/vec4 8;
    %jmp/0xz  T_39.0, 8;
    %pushi/vec4 1, 0, 1;
    %assign/vec4 v0x7f9065563530_0, 0;
    %jmp T_39.1;
T_39.0 ;
    %load/vec4 v0x7f9065563490_0;
    %assign/vec4 v0x7f9065563530_0, 0;
T_39.1 ;
    %jmp T_39;
    .thread T_39;
    .scope S_0x7f906546e030;
T_40 ;
    %pushi/vec4 0, 0, 1;
    %store/vec4 v0x7f9065563890_0, 0, 1;
    %end;
    .thread T_40;
    .scope S_0x7f906546e030;
T_41 ;
    %wait E_0x7f90655636e0;
    %load/vec4 v0x7f9065563940_0;
    %flag_set/vec4 8;
    %jmp/0xz  T_41.0, 8;
    %pushi/vec4 0, 0, 1;
    %assign/vec4 v0x7f9065563890_0, 0;
    %jmp T_41.1;
T_41.0 ;
    %load/vec4 v0x7f90655637f0_0;
    %assign/vec4 v0x7f9065563890_0, 0;
T_41.1 ;
    %jmp T_41;
    .thread T_41;
    .scope S_0x7f906546da70;
T_42 ;
    %pushi/vec4 0, 0, 1;
    %store/vec4 v0x7f9065563bf0_0, 0, 1;
    %end;
    .thread T_42;
    .scope S_0x7f906546da70;
T_43 ;
    %wait E_0x7f9065563a40;
    %load/vec4 v0x7f9065563ca0_0;
    %flag_set/vec4 8;
    %jmp/0xz  T_43.0, 8;
    %pushi/vec4 1, 0, 1;
    %assign/vec4 v0x7f9065563bf0_0, 0;
    %jmp T_43.1;
T_43.0 ;
    %load/vec4 v0x7f9065563b50_0;
    %assign/vec4 v0x7f9065563bf0_0, 0;
T_43.1 ;
    %jmp T_43;
    .thread T_43;
    .scope S_0x7f906546d730;
T_44 ;
    %pushi/vec4 0, 0, 1;
    %store/vec4 v0x7f9065563f50_0, 0, 1;
    %end;
    .thread T_44;
    .scope S_0x7f906546d730;
T_45 ;
    %wait E_0x7f9065563da0;
    %load/vec4 v0x7f9065564000_0;
    %flag_set/vec4 8;
    %jmp/0xz  T_45.0, 8;
    %pushi/vec4 0, 0, 1;
    %assign/vec4 v0x7f9065563f50_0, 0;
    %jmp T_45.1;
T_45.0 ;
    %load/vec4 v0x7f9065563eb0_0;
    %assign/vec4 v0x7f9065563f50_0, 0;
T_45.1 ;
    %jmp T_45;
    .thread T_45;
    .scope S_0x7f906546d3f0;
T_46 ;
    %pushi/vec4 0, 0, 1;
    %store/vec4 v0x7f90655642b0_0, 0, 1;
    %end;
    .thread T_46;
    .scope S_0x7f906546d3f0;
T_47 ;
    %wait E_0x7f9065564100;
    %load/vec4 v0x7f9065564360_0;
    %flag_set/vec4 8;
    %jmp/0xz  T_47.0, 8;
    %pushi/vec4 1, 0, 1;
    %assign/vec4 v0x7f90655642b0_0, 0;
    %jmp T_47.1;
T_47.0 ;
    %load/vec4 v0x7f9065564210_0;
    %assign/vec4 v0x7f90655642b0_0, 0;
T_47.1 ;
    %jmp T_47;
    .thread T_47;
    .scope S_0x7f906548c360;
T_48 ;
    %wait E_0x7f906548c5e0;
    %load/vec4 v0x7f906575a140_0;
    %assign/vec4 v0x7f906575c8b0_0, 0;
    %jmp T_48;
    .thread T_48;
    .scope S_0x7f906548c360;
T_49 ;
    %wait E_0x7f906548c5e0;
    %load/vec4 v0x7f906575a140_0;
    %flag_set/vec4 8;
    %jmp/0xz  T_49.0, 8;
    %load/vec4 v0x7f9065718be0_0;
    %assign/vec4 v0x7f906575d8b0_0, 0;
T_49.0 ;
    %jmp T_49;
    .thread T_49;
    .scope S_0x7f906548c360;
T_50 ;
    %wait E_0x7f906548c5a0;
    %load/vec4 v0x7f906575c8b0_0;
    %flag_set/vec4 8;
    %jmp/0xz  T_50.0, 8;
    %load/vec4 v0x7f9065718be0_0;
    %assign/vec4 v0x7f9065721530_0, 0;
T_50.0 ;
    %jmp T_50;
    .thread T_50;
    .scope S_0x7f906548c360;
T_51 ;
    %wait E_0x7f906548c520;
    %load/vec4 v0x7f906575a140_0;
    %assign/vec4 v0x7f906570a660_0, 0;
    %jmp T_51;
    .thread T_51;
    .scope S_0x7f906548c360;
T_52 ;
    %wait E_0x7f906548c520;
    %load/vec4 v0x7f906575a140_0;
    %flag_set/vec4 8;
    %jmp/0xz  T_52.0, 8;
    %load/vec4 v0x7f906548c7d0_0;
    %assign/vec4 v0x7f9065721420_0, 0;
T_52.0 ;
    %jmp T_52;
    .thread T_52;
    .scope S_0x7f906548c360;
T_53 ;
    %wait E_0x7f906548c560;
    %load/vec4 v0x7f906570a660_0;
    %flag_set/vec4 8;
    %jmp/0xz  T_53.0, 8;
    %load/vec4 v0x7f906548c860_0;
    %assign/vec4 v0x7f9065723ea0_0, 0;
T_53.0 ;
    %jmp T_53;
    .thread T_53;
    .scope S_0x7f906548c360;
T_54 ;
    %wait E_0x7f906548c520;
    %load/vec4 v0x7f906575a140_0;
    %flag_set/vec4 8;
    %jmp/0xz  T_54.0, 8;
    %load/vec4 v0x7f9065717450_0;
    %assign/vec4 v0x7f906570e6f0_0, 0;
T_54.0 ;
    %jmp T_54;
    .thread T_54;
    .scope S_0x7f9065564760;
T_55 ;
    %wait E_0x7f906548c320;
    %load/vec4 v0x7f906575d8b0_0;
    %store/vec4 v0x7f906575d2f0_0, 0, 1;
    %load/vec4 v0x7f9065721530_0;
    %store/vec4 v0x7f906575d540_0, 0, 1;
    %jmp T_55;
    .thread T_55, $push;
    .scope S_0x7f9065564760;
T_56 ;
    %wait E_0x7f906548c2e0;
    %load/vec4 v0x7f9065711490_0;
    %assign/vec4 v0x7f90657082d0_0, 0;
    %jmp T_56;
    .thread T_56, $push;
    .scope S_0x7f9065564760;
T_57 ;
    %wait E_0x7f906548c2a0;
    %load/vec4 v0x7f90657082d0_0;
    %assign/vec4 v0x7f906571edc0_0, 0;
    %jmp T_57;
    .thread T_57, $push;
    .scope S_0x7f9065564760;
T_58 ;
    %wait E_0x7f906548c260;
    %load/vec4 v0x7f906571edc0_0;
    %pushi/vec4 0, 0, 1;
    %xor;
    %flag_set/vec4 8;
    %jmp/1 T_58.2, 8;
    %pushi/vec4 0, 0, 1;
    %flag_set/vec4 9;
    %flag_or 8, 9;
T_58.2;
    %jmp/0 T_58.0, 8;
    %load/vec4 v0x7f9065721420_0;
    %jmp/1 T_58.1, 8;
T_58.0 ; End of true expr.
    %load/vec4 v0x7f9065723ea0_0;
    %jmp/0 T_58.1, 8;
 ; End of false expr.
    %blend;
T_58.1;
    %store/vec4 v0x7f9065720fd0_0, 0, 1;
    %jmp T_58;
    .thread T_58, $push;
    .scope S_0x7f9065690cf0;
T_59 ;
    %wait E_0x7f9065644be0;
    %load/vec4 v0x7f9065690e60_0;
    %flag_set/vec4 8;
    %jmp/0xz  T_59.0, 8;
    %load/vec4 v0x7f9065691370_0;
    %assign/vec4 v0x7f9065691640_0, 0;
T_59.0 ;
    %jmp T_59;
    .thread T_59;
    .scope S_0x7f9065690cf0;
T_60 ;
    %wait E_0x7f906564ce10;
    %load/vec4 v0x7f9065690e60_0;
    %flag_set/vec4 8;
    %jmp/0xz  T_60.0, 8;
    %load/vec4 v0x7f9065691370_0;
    %assign/vec4 v0x7f90656916d0_0, 0;
T_60.0 ;
    %jmp T_60;
    .thread T_60;
    .scope S_0x7f9065690cf0;
T_61 ;
    %wait E_0x7f906564d980;
    %load/vec4 v0x7f9065690e60_0;
    %flag_set/vec4 8;
    %jmp/0xz  T_61.0, 8;
    %load/vec4 v0x7f9065691010_0;
    %assign/vec4 v0x7f90656918f0_0, 0;
T_61.0 ;
    %jmp T_61;
    .thread T_61;
    .scope S_0x7f9065690cf0;
T_62 ;
    %wait E_0x7f906564d7a0;
    %load/vec4 v0x7f9065690e60_0;
    %flag_set/vec4 8;
    %jmp/0xz  T_62.0, 8;
    %load/vec4 v0x7f90656910a0_0;
    %assign/vec4 v0x7f9065691980_0, 0;
T_62.0 ;
    %jmp T_62;
    .thread T_62;
    .scope S_0x7f9065690cf0;
T_63 ;
    %wait E_0x7f906564d980;
    %load/vec4 v0x7f9065690e60_0;
    %flag_set/vec4 8;
    %jmp/0xz  T_63.0, 8;
    %load/vec4 v0x7f90656912e0_0;
    %assign/vec4 v0x7f9065691b30_0, 0;
T_63.0 ;
    %jmp T_63;
    .thread T_63;
    .scope S_0x7f9065406190;
T_64 ;
    %wait E_0x7f906564d200;
    %load/vec4 v0x7f9065691640_0;
    %store/vec4 v0x7f9065691520_0, 0, 1;
    %load/vec4 v0x7f90656916d0_0;
    %store/vec4 v0x7f90656915b0_0, 0, 1;
    %jmp T_64;
    .thread T_64, $push;
    .scope S_0x7f9065406190;
T_65 ;
    %wait E_0x7f906564cc40;
    %load/vec4 v0x7f9065691250_0;
    %assign/vec4 v0x7f9065691a10_0, 0;
    %jmp T_65;
    .thread T_65, $push;
    .scope S_0x7f9065406190;
T_66 ;
    %wait E_0x7f906564d5f0;
    %load/vec4 v0x7f9065691a10_0;
    %assign/vec4 v0x7f9065691aa0_0, 0;
    %jmp T_66;
    .thread T_66, $push;
    .scope S_0x7f9065406190;
T_67 ;
    %wait E_0x7f906564ca50;
    %load/vec4 v0x7f9065691aa0_0;
    %pushi/vec4 0, 0, 1;
    %xor;
    %flag_set/vec4 8;
    %jmp/1 T_67.2, 8;
    %pushi/vec4 0, 0, 1;
    %flag_set/vec4 9;
    %flag_or 8, 9;
T_67.2;
    %jmp/0 T_67.0, 8;
    %load/vec4 v0x7f90656918f0_0;
    %jmp/1 T_67.1, 8;
T_67.0 ; End of true expr.
    %load/vec4 v0x7f9065691980_0;
    %jmp/0 T_67.1, 8;
 ; End of false expr.
    %blend;
T_67.1;
    %store/vec4 v0x7f9065691760_0, 0, 1;
    %jmp T_67;
    .thread T_67, $push;
    .scope S_0x7f9065564c10;
T_68 ;
    %wait E_0x7f9065564ef0;
    %load/vec4 v0x7f9065564f40_0;
    %flag_set/vec4 8;
    %jmp/0xz  T_68.0, 8;
    %load/vec4 v0x7f90655655b0_0;
    %assign/vec4 v0x7f9065565780_0, 0;
T_68.0 ;
    %jmp T_68;
    .thread T_68;
    .scope S_0x7f9065564c10;
T_69 ;
    %wait E_0x7f9065564e90;
    %load/vec4 v0x7f9065564f40_0;
    %flag_set/vec4 8;
    %jmp/0xz  T_69.0, 8;
    %load/vec4 v0x7f90655655b0_0;
    %assign/vec4 v0x7f9065565820_0, 0;
T_69.0 ;
    %jmp T_69;
    .thread T_69;
    .scope S_0x7f9065564c10;
T_70 ;
    %wait E_0x7f9065564de0;
    %load/vec4 v0x7f9065564f40_0;
    %flag_set/vec4 8;
    %jmp/0xz  T_70.0, 8;
    %load/vec4 v0x7f9065565140_0;
    %assign/vec4 v0x7f9065565960_0, 0;
T_70.0 ;
    %jmp T_70;
    .thread T_70;
    .scope S_0x7f9065564c10;
T_71 ;
    %wait E_0x7f9065564e40;
    %load/vec4 v0x7f9065564f40_0;
    %flag_set/vec4 8;
    %jmp/0xz  T_71.0, 8;
    %load/vec4 v0x7f90655651e0_0;
    %assign/vec4 v0x7f9065565a00_0, 0;
T_71.0 ;
    %jmp T_71;
    .thread T_71;
    .scope S_0x7f9065564c10;
T_72 ;
    %wait E_0x7f9065564de0;
    %load/vec4 v0x7f9065564f40_0;
    %flag_set/vec4 8;
    %jmp/0xz  T_72.0, 8;
    %load/vec4 v0x7f90655654a0_0;
    %assign/vec4 v0x7f9065565cb0_0, 0;
T_72.0 ;
    %jmp T_72;
    .thread T_72;
    .scope S_0x7f9065409dc0;
T_73 ;
    %wait E_0x7f9065564bc0;
    %load/vec4 v0x7f9065565780_0;
    %store/vec4 v0x7f9065565640_0, 0, 1;
    %load/vec4 v0x7f9065565820_0;
    %store/vec4 v0x7f90655656e0_0, 0, 1;
    %jmp T_73;
    .thread T_73, $push;
    .scope S_0x7f9065409dc0;
T_74 ;
    %wait E_0x7f9065564b60;
    %load/vec4 v0x7f9065565400_0;
    %assign/vec4 v0x7f9065565b90_0, 0;
    %jmp T_74;
    .thread T_74, $push;
    .scope S_0x7f9065409dc0;
T_75 ;
    %wait E_0x7f9065564b10;
    %load/vec4 v0x7f9065565b90_0;
    %assign/vec4 v0x7f9065565c20_0, 0;
    %jmp T_75;
    .thread T_75, $push;
    .scope S_0x7f9065409dc0;
T_76 ;
    %wait E_0x7f9065564aa0;
    %load/vec4 v0x7f9065565c20_0;
    %pushi/vec4 0, 0, 1;
    %xor;
    %flag_set/vec4 8;
    %jmp/1 T_76.2, 8;
    %pushi/vec4 0, 0, 1;
    %flag_set/vec4 9;
    %flag_or 8, 9;
T_76.2;
    %jmp/0 T_76.0, 8;
    %load/vec4 v0x7f9065565960_0;
    %jmp/1 T_76.1, 8;
T_76.0 ; End of true expr.
    %load/vec4 v0x7f9065565a00_0;
    %jmp/0 T_76.1, 8;
 ; End of false expr.
    %blend;
T_76.1;
    %store/vec4 v0x7f90655658c0_0, 0, 1;
    %jmp T_76;
    .thread T_76, $push;
    .scope S_0x7f906540bbf0;
T_77 ;
    %wait E_0x7f9065567e60;
    %load/vec4 v0x7f9065568e70_0;
    %flag_set/vec4 8;
    %jmp/0xz  T_77.0, 8;
    %pushi/vec4 0, 0, 16;
    %assign/vec4 v0x7f906548cc00_0, 0;
    %pushi/vec4 0, 0, 16;
    %assign/vec4 v0x7f906548cae0_0, 0;
    %jmp T_77.1;
T_77.0 ;
    %load/vec4 v0x7f9065568800_0;
    %flag_set/vec4 8;
    %jmp/0xz  T_77.2, 8;
    %load/vec4 v0x7f90655688a0_0;
    %nor/r;
    %flag_set/vec4 8;
    %jmp/0xz  T_77.4, 8;
    %load/vec4 v0x7f9065568750_0;
    %assign/vec4 v0x7f906548cc00_0, 0;
T_77.4 ;
    %load/vec4 v0x7f9065568240_0;
    %nor/r;
    %flag_set/vec4 8;
    %jmp/0xz  T_77.6, 8;
    %load/vec4 v0x7f9065567eb0_0;
    %assign/vec4 v0x7f906548cae0_0, 0;
T_77.6 ;
T_77.2 ;
T_77.1 ;
    %jmp T_77;
    .thread T_77;
    .scope S_0x7f906540bbf0;
T_78 ;
    %wait E_0x7f9065567e00;
    %load/vec4 v0x7f9065568dd0_0;
    %flag_set/vec4 8;
    %jmp/0xz  T_78.0, 8;
    %pushi/vec4 0, 0, 16;
    %assign/vec4 v0x7f906548cb70_0, 0;
    %pushi/vec4 0, 0, 16;
    %assign/vec4 v0x7f906548cc90_0, 0;
    %jmp T_78.1;
T_78.0 ;
    %load/vec4 v0x7f9065568800_0;
    %flag_set/vec4 8;
    %jmp/0xz  T_78.2, 8;
    %load/vec4 v0x7f9065568550_0;
    %nor/r;
    %flag_set/vec4 8;
    %jmp/0xz  T_78.4, 8;
    %load/vec4 v0x7f9065568440_0;
    %assign/vec4 v0x7f906548cb70_0, 0;
T_78.4 ;
    %load/vec4 v0x7f9065568c90_0;
    %nor/r;
    %flag_set/vec4 8;
    %jmp/0xz  T_78.6, 8;
    %load/vec4 v0x7f9065568c00_0;
    %assign/vec4 v0x7f906548cc90_0, 0;
T_78.6 ;
T_78.2 ;
T_78.1 ;
    %jmp T_78;
    .thread T_78;
    .scope S_0x7f906540bbf0;
T_79 ;
    %wait E_0x7f9065567e60;
    %load/vec4 v0x7f9065568e70_0;
    %flag_set/vec4 8;
    %jmp/0xz  T_79.0, 8;
    %pushi/vec4 0, 0, 16;
    %assign/vec4 v0x7f906548cd20_0, 0;
    %pushi/vec4 0, 0, 16;
    %assign/vec4 v0x7f906548ced0_0, 0;
    %jmp T_79.1;
T_79.0 ;
    %load/vec4 v0x7f9065568800_0;
    %flag_set/vec4 8;
    %jmp/0xz  T_79.2, 8;
    %load/vec4 v0x7f9065484ff0_0;
    %assign/vec4 v0x7f906548cd20_0, 0;
    %load/vec4 v0x7f906548c9c0_0;
    %assign/vec4 v0x7f906548ced0_0, 0;
T_79.2 ;
T_79.1 ;
    %jmp T_79;
    .thread T_79;
    .scope S_0x7f906540bbf0;
T_80 ;
    %wait E_0x7f9065567e00;
    %load/vec4 v0x7f9065568dd0_0;
    %flag_set/vec4 8;
    %jmp/0xz  T_80.0, 8;
    %pushi/vec4 0, 0, 16;
    %assign/vec4 v0x7f906548cf60_0, 0;
    %pushi/vec4 0, 0, 16;
    %assign/vec4 v0x7f906548cdb0_0, 0;
    %jmp T_80.1;
T_80.0 ;
    %load/vec4 v0x7f9065568800_0;
    %flag_set/vec4 8;
    %jmp/0xz  T_80.2, 8;
    %load/vec4 v0x7f9065485080_0;
    %assign/vec4 v0x7f906548cf60_0, 0;
    %load/vec4 v0x7f906548ca50_0;
    %assign/vec4 v0x7f906548cdb0_0, 0;
T_80.2 ;
T_80.1 ;
    %jmp T_80;
    .thread T_80;
    .scope S_0x7f906540bbf0;
T_81 ;
    %wait E_0x7f9065567e00;
    %load/vec4 v0x7f9065568dd0_0;
    %flag_set/vec4 8;
    %jmp/0xz  T_81.0, 8;
    %pushi/vec4 0, 0, 32;
    %assign/vec4 v0x7f906548ce40_0, 0;
    %jmp T_81.1;
T_81.0 ;
    %load/vec4 v0x7f9065568800_0;
    %flag_set/vec4 8;
    %jmp/0xz  T_81.2, 8;
    %load/vec4 v0x7f906556ca90_0;
    %assign/vec4 v0x7f906548ce40_0, 0;
T_81.2 ;
T_81.1 ;
    %jmp T_81;
    .thread T_81;
    .scope S_0x7f906540bbf0;
T_82 ;
    %wait E_0x7f9065567db0;
    %load/vec4 v0x7f9065569420_0;
    %flag_set/vec4 8;
    %jmp/0xz  T_82.0, 8;
    %pushi/vec4 0, 0, 16;
    %assign/vec4 v0x7f906548cff0_0, 0;
    %jmp T_82.1;
T_82.0 ;
    %load/vec4 v0x7f9065568800_0;
    %flag_set/vec4 8;
    %jmp/0xz  T_82.2, 8;
    %load/vec4 v0x7f90655691a0_0;
    %nor/r;
    %flag_set/vec4 8;
    %jmp/0xz  T_82.4, 8;
    %load/vec4 v0x7f906556cb40_0;
    %assign/vec4 v0x7f906548cff0_0, 0;
T_82.4 ;
T_82.2 ;
T_82.1 ;
    %jmp T_82;
    .thread T_82;
    .scope S_0x7f906540bbf0;
T_83 ;
    %wait E_0x7f90655674d0;
    %load/vec4 v0x7f9065569380_0;
    %flag_set/vec4 8;
    %jmp/0xz  T_83.0, 8;
    %pushi/vec4 0, 0, 16;
    %assign/vec4 v0x7f906548d080_0, 0;
    %jmp T_83.1;
T_83.0 ;
    %load/vec4 v0x7f9065568800_0;
    %flag_set/vec4 8;
    %jmp/0xz  T_83.2, 8;
    %load/vec4 v0x7f9065569100_0;
    %nor/r;
    %flag_set/vec4 8;
    %jmp/0xz  T_83.4, 8;
    %load/vec4 v0x7f906556cca0_0;
    %assign/vec4 v0x7f906548d080_0, 0;
T_83.4 ;
T_83.2 ;
T_83.1 ;
    %jmp T_83;
    .thread T_83;
    .scope S_0x7f906556f4c0;
T_84 ;
    %pushi/vec4 0, 0, 32;
    %store/vec4 v0x7f906548df80_0, 0, 32;
T_84.0 ; Top of for-loop 
    %load/vec4 v0x7f906548df80_0;
    %cmpi/s 16, 0, 32;
    %jmp/0xz T_84.1, 5;
    %pushi/vec4 0, 0, 256;
    %load/vec4 v0x7f906548df80_0;
    %muli 16, 0, 32;
    %part/s 16;
    %pushi/vec4 0, 0, 32;
    %load/vec4 v0x7f906548df80_0;
    %add;
    %ix/vec4/s 4;
    %store/vec4a v0x7f906548e030, 4, 0;
    %pushi/vec4 0, 0, 256;
    %load/vec4 v0x7f906548df80_0;
    %muli 16, 0, 32;
    %part/s 16;
    %pushi/vec4 16, 0, 32;
    %load/vec4 v0x7f906548df80_0;
    %add;
    %ix/vec4/s 4;
    %store/vec4a v0x7f906548e030, 4, 0;
    %pushi/vec4 0, 0, 256;
    %load/vec4 v0x7f906548df80_0;
    %muli 16, 0, 32;
    %part/s 16;
    %pushi/vec4 32, 0, 32;
    %load/vec4 v0x7f906548df80_0;
    %add;
    %ix/vec4/s 4;
    %store/vec4a v0x7f906548e030, 4, 0;
    %pushi/vec4 0, 0, 256;
    %load/vec4 v0x7f906548df80_0;
    %muli 16, 0, 32;
    %part/s 16;
    %pushi/vec4 48, 0, 32;
    %load/vec4 v0x7f906548df80_0;
    %add;
    %ix/vec4/s 4;
    %store/vec4a v0x7f906548e030, 4, 0;
    %pushi/vec4 0, 0, 256;
    %load/vec4 v0x7f906548df80_0;
    %muli 16, 0, 32;
    %part/s 16;
    %pushi/vec4 64, 0, 32;
    %load/vec4 v0x7f906548df80_0;
    %add;
    %ix/vec4/s 4;
    %store/vec4a v0x7f906548e030, 4, 0;
    %pushi/vec4 0, 0, 256;
    %load/vec4 v0x7f906548df80_0;
    %muli 16, 0, 32;
    %part/s 16;
    %pushi/vec4 80, 0, 32;
    %load/vec4 v0x7f906548df80_0;
    %add;
    %ix/vec4/s 4;
    %store/vec4a v0x7f906548e030, 4, 0;
    %pushi/vec4 0, 0, 256;
    %load/vec4 v0x7f906548df80_0;
    %muli 16, 0, 32;
    %part/s 16;
    %pushi/vec4 96, 0, 32;
    %load/vec4 v0x7f906548df80_0;
    %add;
    %ix/vec4/s 4;
    %store/vec4a v0x7f906548e030, 4, 0;
    %pushi/vec4 0, 0, 256;
    %load/vec4 v0x7f906548df80_0;
    %muli 16, 0, 32;
    %part/s 16;
    %pushi/vec4 112, 0, 32;
    %load/vec4 v0x7f906548df80_0;
    %add;
    %ix/vec4/s 4;
    %store/vec4a v0x7f906548e030, 4, 0;
    %pushi/vec4 0, 0, 256;
    %load/vec4 v0x7f906548df80_0;
    %muli 16, 0, 32;
    %part/s 16;
    %pushi/vec4 128, 0, 32;
    %load/vec4 v0x7f906548df80_0;
    %add;
    %ix/vec4/s 4;
    %store/vec4a v0x7f906548e030, 4, 0;
    %pushi/vec4 0, 0, 256;
    %load/vec4 v0x7f906548df80_0;
    %muli 16, 0, 32;
    %part/s 16;
    %pushi/vec4 144, 0, 32;
    %load/vec4 v0x7f906548df80_0;
    %add;
    %ix/vec4/s 4;
    %store/vec4a v0x7f906548e030, 4, 0;
    %pushi/vec4 0, 0, 256;
    %load/vec4 v0x7f906548df80_0;
    %muli 16, 0, 32;
    %part/s 16;
    %pushi/vec4 160, 0, 32;
    %load/vec4 v0x7f906548df80_0;
    %add;
    %ix/vec4/s 4;
    %store/vec4a v0x7f906548e030, 4, 0;
    %pushi/vec4 0, 0, 256;
    %load/vec4 v0x7f906548df80_0;
    %muli 16, 0, 32;
    %part/s 16;
    %pushi/vec4 176, 0, 32;
    %load/vec4 v0x7f906548df80_0;
    %add;
    %ix/vec4/s 4;
    %store/vec4a v0x7f906548e030, 4, 0;
    %pushi/vec4 0, 0, 256;
    %load/vec4 v0x7f906548df80_0;
    %muli 16, 0, 32;
    %part/s 16;
    %pushi/vec4 192, 0, 32;
    %load/vec4 v0x7f906548df80_0;
    %add;
    %ix/vec4/s 4;
    %store/vec4a v0x7f906548e030, 4, 0;
    %pushi/vec4 0, 0, 256;
    %load/vec4 v0x7f906548df80_0;
    %muli 16, 0, 32;
    %part/s 16;
    %pushi/vec4 208, 0, 32;
    %load/vec4 v0x7f906548df80_0;
    %add;
    %ix/vec4/s 4;
    %store/vec4a v0x7f906548e030, 4, 0;
    %pushi/vec4 0, 0, 256;
    %load/vec4 v0x7f906548df80_0;
    %muli 16, 0, 32;
    %part/s 16;
    %pushi/vec4 224, 0, 32;
    %load/vec4 v0x7f906548df80_0;
    %add;
    %ix/vec4/s 4;
    %store/vec4a v0x7f906548e030, 4, 0;
    %pushi/vec4 0, 0, 256;
    %load/vec4 v0x7f906548df80_0;
    %muli 16, 0, 32;
    %part/s 16;
    %pushi/vec4 240, 0, 32;
    %load/vec4 v0x7f906548df80_0;
    %add;
    %ix/vec4/s 4;
    %store/vec4a v0x7f906548e030, 4, 0;
T_84.2 ; for-loop step statement
    %load/vec4 v0x7f906548df80_0;
    %addi 1, 0, 32;
    %store/vec4 v0x7f906548df80_0, 0, 32;
    %jmp T_84.0;
T_84.1 ; for-loop exit label
    %end;
    .thread T_84;
    .scope S_0x7f906556f4c0;
T_85 ;
    %wait E_0x7f9065570e00;
    %load/vec4 v0x7f906548de30_0;
    %flag_set/vec4 9;
    %flag_get/vec4 9;
    %jmp/0 T_85.2, 9;
    %load/vec4 v0x7f906548dc30_0;
    %and;
T_85.2;
    %flag_set/vec4 8;
    %jmp/0xz  T_85.0, 8;
    %load/vec4 v0x7f906548ded0_0;
    %parti/s 1, 0, 2;
    %nor/r;
    %flag_set/vec4 8;
    %jmp/0xz  T_85.3, 8;
    %load/vec4 v0x7f906548dd80_0;
    %parti/s 1, 0, 2;
    %load/vec4 v0x7f906548da80_0;
    %parti/s 8, 0, 2;
    %pad/u 10;
    %ix/vec4 3;
    %ix/load 4, 0, 0; Constant delay
    %assign/vec4/a/d v0x7f906548e030, 0, 4;
T_85.3 ;
    %load/vec4 v0x7f906548ded0_0;
    %parti/s 1, 1, 2;
    %nor/r;
    %flag_set/vec4 8;
    %jmp/0xz  T_85.5, 8;
    %load/vec4 v0x7f906548dd80_0;
    %parti/s 1, 1, 2;
    %load/vec4 v0x7f906548da80_0;
    %parti/s 8, 0, 2;
    %pad/u 10;
    %ix/vec4 3;
    %ix/load 4, 1, 0; part off
    %ix/load 5, 0, 0; Constant delay
    %assign/vec4/a/d v0x7f906548e030, 4, 5;
T_85.5 ;
    %load/vec4 v0x7f906548ded0_0;
    %parti/s 1, 2, 3;
    %nor/r;
    %flag_set/vec4 8;
    %jmp/0xz  T_85.7, 8;
    %load/vec4 v0x7f906548dd80_0;
    %parti/s 1, 2, 3;
    %load/vec4 v0x7f906548da80_0;
    %parti/s 8, 0, 2;
    %pad/u 10;
    %ix/vec4 3;
    %ix/load 4, 2, 0; part off
    %ix/load 5, 0, 0; Constant delay
    %assign/vec4/a/d v0x7f906548e030, 4, 5;
T_85.7 ;
    %load/vec4 v0x7f906548ded0_0;
    %parti/s 1, 3, 3;
    %nor/r;
    %flag_set/vec4 8;
    %jmp/0xz  T_85.9, 8;
    %load/vec4 v0x7f906548dd80_0;
    %parti/s 1, 3, 3;
    %load/vec4 v0x7f906548da80_0;
    %parti/s 8, 0, 2;
    %pad/u 10;
    %ix/vec4 3;
    %ix/load 4, 3, 0; part off
    %ix/load 5, 0, 0; Constant delay
    %assign/vec4/a/d v0x7f906548e030, 4, 5;
T_85.9 ;
    %load/vec4 v0x7f906548ded0_0;
    %parti/s 1, 4, 4;
    %nor/r;
    %flag_set/vec4 8;
    %jmp/0xz  T_85.11, 8;
    %load/vec4 v0x7f906548dd80_0;
    %parti/s 1, 4, 4;
    %load/vec4 v0x7f906548da80_0;
    %parti/s 8, 0, 2;
    %pad/u 10;
    %ix/vec4 3;
    %ix/load 4, 4, 0; part off
    %ix/load 5, 0, 0; Constant delay
    %assign/vec4/a/d v0x7f906548e030, 4, 5;
T_85.11 ;
    %load/vec4 v0x7f906548ded0_0;
    %parti/s 1, 5, 4;
    %nor/r;
    %flag_set/vec4 8;
    %jmp/0xz  T_85.13, 8;
    %load/vec4 v0x7f906548dd80_0;
    %parti/s 1, 5, 4;
    %load/vec4 v0x7f906548da80_0;
    %parti/s 8, 0, 2;
    %pad/u 10;
    %ix/vec4 3;
    %ix/load 4, 5, 0; part off
    %ix/load 5, 0, 0; Constant delay
    %assign/vec4/a/d v0x7f906548e030, 4, 5;
T_85.13 ;
    %load/vec4 v0x7f906548ded0_0;
    %parti/s 1, 6, 4;
    %nor/r;
    %flag_set/vec4 8;
    %jmp/0xz  T_85.15, 8;
    %load/vec4 v0x7f906548dd80_0;
    %parti/s 1, 6, 4;
    %load/vec4 v0x7f906548da80_0;
    %parti/s 8, 0, 2;
    %pad/u 10;
    %ix/vec4 3;
    %ix/load 4, 6, 0; part off
    %ix/load 5, 0, 0; Constant delay
    %assign/vec4/a/d v0x7f906548e030, 4, 5;
T_85.15 ;
    %load/vec4 v0x7f906548ded0_0;
    %parti/s 1, 7, 4;
    %nor/r;
    %flag_set/vec4 8;
    %jmp/0xz  T_85.17, 8;
    %load/vec4 v0x7f906548dd80_0;
    %parti/s 1, 7, 4;
    %load/vec4 v0x7f906548da80_0;
    %parti/s 8, 0, 2;
    %pad/u 10;
    %ix/vec4 3;
    %ix/load 4, 7, 0; part off
    %ix/load 5, 0, 0; Constant delay
    %assign/vec4/a/d v0x7f906548e030, 4, 5;
T_85.17 ;
    %load/vec4 v0x7f906548ded0_0;
    %parti/s 1, 8, 5;
    %nor/r;
    %flag_set/vec4 8;
    %jmp/0xz  T_85.19, 8;
    %load/vec4 v0x7f906548dd80_0;
    %parti/s 1, 8, 5;
    %load/vec4 v0x7f906548da80_0;
    %parti/s 8, 0, 2;
    %pad/u 10;
    %ix/vec4 3;
    %ix/load 4, 8, 0; part off
    %ix/load 5, 0, 0; Constant delay
    %assign/vec4/a/d v0x7f906548e030, 4, 5;
T_85.19 ;
    %load/vec4 v0x7f906548ded0_0;
    %parti/s 1, 9, 5;
    %nor/r;
    %flag_set/vec4 8;
    %jmp/0xz  T_85.21, 8;
    %load/vec4 v0x7f906548dd80_0;
    %parti/s 1, 9, 5;
    %load/vec4 v0x7f906548da80_0;
    %parti/s 8, 0, 2;
    %pad/u 10;
    %ix/vec4 3;
    %ix/load 4, 9, 0; part off
    %ix/load 5, 0, 0; Constant delay
    %assign/vec4/a/d v0x7f906548e030, 4, 5;
T_85.21 ;
    %load/vec4 v0x7f906548ded0_0;
    %parti/s 1, 10, 5;
    %nor/r;
    %flag_set/vec4 8;
    %jmp/0xz  T_85.23, 8;
    %load/vec4 v0x7f906548dd80_0;
    %parti/s 1, 10, 5;
    %load/vec4 v0x7f906548da80_0;
    %parti/s 8, 0, 2;
    %pad/u 10;
    %ix/vec4 3;
    %ix/load 4, 10, 0; part off
    %ix/load 5, 0, 0; Constant delay
    %assign/vec4/a/d v0x7f906548e030, 4, 5;
T_85.23 ;
    %load/vec4 v0x7f906548ded0_0;
    %parti/s 1, 11, 5;
    %nor/r;
    %flag_set/vec4 8;
    %jmp/0xz  T_85.25, 8;
    %load/vec4 v0x7f906548dd80_0;
    %parti/s 1, 11, 5;
    %load/vec4 v0x7f906548da80_0;
    %parti/s 8, 0, 2;
    %pad/u 10;
    %ix/vec4 3;
    %ix/load 4, 11, 0; part off
    %ix/load 5, 0, 0; Constant delay
    %assign/vec4/a/d v0x7f906548e030, 4, 5;
T_85.25 ;
    %load/vec4 v0x7f906548ded0_0;
    %parti/s 1, 12, 5;
    %nor/r;
    %flag_set/vec4 8;
    %jmp/0xz  T_85.27, 8;
    %load/vec4 v0x7f906548dd80_0;
    %parti/s 1, 12, 5;
    %load/vec4 v0x7f906548da80_0;
    %parti/s 8, 0, 2;
    %pad/u 10;
    %ix/vec4 3;
    %ix/load 4, 12, 0; part off
    %ix/load 5, 0, 0; Constant delay
    %assign/vec4/a/d v0x7f906548e030, 4, 5;
T_85.27 ;
    %load/vec4 v0x7f906548ded0_0;
    %parti/s 1, 13, 5;
    %nor/r;
    %flag_set/vec4 8;
    %jmp/0xz  T_85.29, 8;
    %load/vec4 v0x7f906548dd80_0;
    %parti/s 1, 13, 5;
    %load/vec4 v0x7f906548da80_0;
    %parti/s 8, 0, 2;
    %pad/u 10;
    %ix/vec4 3;
    %ix/load 4, 13, 0; part off
    %ix/load 5, 0, 0; Constant delay
    %assign/vec4/a/d v0x7f906548e030, 4, 5;
T_85.29 ;
    %load/vec4 v0x7f906548ded0_0;
    %parti/s 1, 14, 5;
    %nor/r;
    %flag_set/vec4 8;
    %jmp/0xz  T_85.31, 8;
    %load/vec4 v0x7f906548dd80_0;
    %parti/s 1, 14, 5;
    %load/vec4 v0x7f906548da80_0;
    %parti/s 8, 0, 2;
    %pad/u 10;
    %ix/vec4 3;
    %ix/load 4, 14, 0; part off
    %ix/load 5, 0, 0; Constant delay
    %assign/vec4/a/d v0x7f906548e030, 4, 5;
T_85.31 ;
    %load/vec4 v0x7f906548ded0_0;
    %parti/s 1, 15, 5;
    %nor/r;
    %flag_set/vec4 8;
    %jmp/0xz  T_85.33, 8;
    %load/vec4 v0x7f906548dd80_0;
    %parti/s 1, 15, 5;
    %load/vec4 v0x7f906548da80_0;
    %parti/s 8, 0, 2;
    %pad/u 10;
    %ix/vec4 3;
    %ix/load 4, 15, 0; part off
    %ix/load 5, 0, 0; Constant delay
    %assign/vec4/a/d v0x7f906548e030, 4, 5;
T_85.33 ;
T_85.0 ;
    %jmp T_85;
    .thread T_85;
    .scope S_0x7f906556f4c0;
T_86 ;
    %wait E_0x7f9065570da0;
    %load/vec4 v0x7f906548d930_0;
    %flag_set/vec4 9;
    %flag_get/vec4 9;
    %jmp/0 T_86.2, 9;
    %load/vec4 v0x7f906548d6f0_0;
    %and;
T_86.2;
    %flag_set/vec4 8;
    %jmp/0xz  T_86.0, 8;
    %load/vec4 v0x7f906548d5b0_0;
    %parti/s 8, 0, 2;
    %pad/u 10;
    %ix/vec4 4;
    %load/vec4a v0x7f906548e030, 4;
    %load/vec4 v0x7f906548d9d0_0;
    %inv;
    %and;
    %assign/vec4 v0x7f906548d880_0, 0;
T_86.0 ;
    %jmp T_86;
    .thread T_86;
    .scope S_0x7f9065764fc0;
T_87 ;
    %pushi/vec4 0, 0, 32;
    %store/vec4 v0x7f90655739b0_0, 0, 32;
T_87.0 ; Top of for-loop 
    %load/vec4 v0x7f90655739b0_0;
    %cmpi/s 16, 0, 32;
    %jmp/0xz T_87.1, 5;
    %pushi/vec4 0, 0, 256;
    %load/vec4 v0x7f90655739b0_0;
    %muli 16, 0, 32;
    %part/s 16;
    %pushi/vec4 0, 0, 32;
    %load/vec4 v0x7f90655739b0_0;
    %add;
    %ix/vec4/s 4;
    %store/vec4a v0x7f9065573a60, 4, 0;
    %pushi/vec4 0, 0, 256;
    %load/vec4 v0x7f90655739b0_0;
    %muli 16, 0, 32;
    %part/s 16;
    %pushi/vec4 16, 0, 32;
    %load/vec4 v0x7f90655739b0_0;
    %add;
    %ix/vec4/s 4;
    %store/vec4a v0x7f9065573a60, 4, 0;
    %pushi/vec4 0, 0, 256;
    %load/vec4 v0x7f90655739b0_0;
    %muli 16, 0, 32;
    %part/s 16;
    %pushi/vec4 32, 0, 32;
    %load/vec4 v0x7f90655739b0_0;
    %add;
    %ix/vec4/s 4;
    %store/vec4a v0x7f9065573a60, 4, 0;
    %pushi/vec4 0, 0, 256;
    %load/vec4 v0x7f90655739b0_0;
    %muli 16, 0, 32;
    %part/s 16;
    %pushi/vec4 48, 0, 32;
    %load/vec4 v0x7f90655739b0_0;
    %add;
    %ix/vec4/s 4;
    %store/vec4a v0x7f9065573a60, 4, 0;
    %pushi/vec4 0, 0, 256;
    %load/vec4 v0x7f90655739b0_0;
    %muli 16, 0, 32;
    %part/s 16;
    %pushi/vec4 64, 0, 32;
    %load/vec4 v0x7f90655739b0_0;
    %add;
    %ix/vec4/s 4;
    %store/vec4a v0x7f9065573a60, 4, 0;
    %pushi/vec4 0, 0, 256;
    %load/vec4 v0x7f90655739b0_0;
    %muli 16, 0, 32;
    %part/s 16;
    %pushi/vec4 80, 0, 32;
    %load/vec4 v0x7f90655739b0_0;
    %add;
    %ix/vec4/s 4;
    %store/vec4a v0x7f9065573a60, 4, 0;
    %pushi/vec4 0, 0, 256;
    %load/vec4 v0x7f90655739b0_0;
    %muli 16, 0, 32;
    %part/s 16;
    %pushi/vec4 96, 0, 32;
    %load/vec4 v0x7f90655739b0_0;
    %add;
    %ix/vec4/s 4;
    %store/vec4a v0x7f9065573a60, 4, 0;
    %pushi/vec4 0, 0, 256;
    %load/vec4 v0x7f90655739b0_0;
    %muli 16, 0, 32;
    %part/s 16;
    %pushi/vec4 112, 0, 32;
    %load/vec4 v0x7f90655739b0_0;
    %add;
    %ix/vec4/s 4;
    %store/vec4a v0x7f9065573a60, 4, 0;
    %pushi/vec4 0, 0, 256;
    %load/vec4 v0x7f90655739b0_0;
    %muli 16, 0, 32;
    %part/s 16;
    %pushi/vec4 128, 0, 32;
    %load/vec4 v0x7f90655739b0_0;
    %add;
    %ix/vec4/s 4;
    %store/vec4a v0x7f9065573a60, 4, 0;
    %pushi/vec4 0, 0, 256;
    %load/vec4 v0x7f90655739b0_0;
    %muli 16, 0, 32;
    %part/s 16;
    %pushi/vec4 144, 0, 32;
    %load/vec4 v0x7f90655739b0_0;
    %add;
    %ix/vec4/s 4;
    %store/vec4a v0x7f9065573a60, 4, 0;
    %pushi/vec4 0, 0, 256;
    %load/vec4 v0x7f90655739b0_0;
    %muli 16, 0, 32;
    %part/s 16;
    %pushi/vec4 160, 0, 32;
    %load/vec4 v0x7f90655739b0_0;
    %add;
    %ix/vec4/s 4;
    %store/vec4a v0x7f9065573a60, 4, 0;
    %pushi/vec4 0, 0, 256;
    %load/vec4 v0x7f90655739b0_0;
    %muli 16, 0, 32;
    %part/s 16;
    %pushi/vec4 176, 0, 32;
    %load/vec4 v0x7f90655739b0_0;
    %add;
    %ix/vec4/s 4;
    %store/vec4a v0x7f9065573a60, 4, 0;
    %pushi/vec4 0, 0, 256;
    %load/vec4 v0x7f90655739b0_0;
    %muli 16, 0, 32;
    %part/s 16;
    %pushi/vec4 192, 0, 32;
    %load/vec4 v0x7f90655739b0_0;
    %add;
    %ix/vec4/s 4;
    %store/vec4a v0x7f9065573a60, 4, 0;
    %pushi/vec4 0, 0, 256;
    %load/vec4 v0x7f90655739b0_0;
    %muli 16, 0, 32;
    %part/s 16;
    %pushi/vec4 208, 0, 32;
    %load/vec4 v0x7f90655739b0_0;
    %add;
    %ix/vec4/s 4;
    %store/vec4a v0x7f9065573a60, 4, 0;
    %pushi/vec4 0, 0, 256;
    %load/vec4 v0x7f90655739b0_0;
    %muli 16, 0, 32;
    %part/s 16;
    %pushi/vec4 224, 0, 32;
    %load/vec4 v0x7f90655739b0_0;
    %add;
    %ix/vec4/s 4;
    %store/vec4a v0x7f9065573a60, 4, 0;
    %pushi/vec4 0, 0, 256;
    %load/vec4 v0x7f90655739b0_0;
    %muli 16, 0, 32;
    %part/s 16;
    %pushi/vec4 240, 0, 32;
    %load/vec4 v0x7f90655739b0_0;
    %add;
    %ix/vec4/s 4;
    %store/vec4a v0x7f9065573a60, 4, 0;
T_87.2 ; for-loop step statement
    %load/vec4 v0x7f90655739b0_0;
    %addi 1, 0, 32;
    %store/vec4 v0x7f90655739b0_0, 0, 32;
    %jmp T_87.0;
T_87.1 ; for-loop exit label
    %end;
    .thread T_87;
    .scope S_0x7f9065764fc0;
T_88 ;
    %wait E_0x7f9065572810;
    %load/vec4 v0x7f9065573860_0;
    %flag_set/vec4 9;
    %flag_get/vec4 9;
    %jmp/0 T_88.2, 9;
    %load/vec4 v0x7f9065573660_0;
    %and;
T_88.2;
    %flag_set/vec4 8;
    %jmp/0xz  T_88.0, 8;
    %load/vec4 v0x7f9065573900_0;
    %parti/s 1, 0, 2;
    %nor/r;
    %flag_set/vec4 8;
    %jmp/0xz  T_88.3, 8;
    %load/vec4 v0x7f90655737b0_0;
    %parti/s 1, 0, 2;
    %load/vec4 v0x7f90655734b0_0;
    %parti/s 8, 0, 2;
    %pad/u 10;
    %ix/vec4 3;
    %ix/load 4, 0, 0; Constant delay
    %assign/vec4/a/d v0x7f9065573a60, 0, 4;
T_88.3 ;
    %load/vec4 v0x7f9065573900_0;
    %parti/s 1, 1, 2;
    %nor/r;
    %flag_set/vec4 8;
    %jmp/0xz  T_88.5, 8;
    %load/vec4 v0x7f90655737b0_0;
    %parti/s 1, 1, 2;
    %load/vec4 v0x7f90655734b0_0;
    %parti/s 8, 0, 2;
    %pad/u 10;
    %ix/vec4 3;
    %ix/load 4, 1, 0; part off
    %ix/load 5, 0, 0; Constant delay
    %assign/vec4/a/d v0x7f9065573a60, 4, 5;
T_88.5 ;
    %load/vec4 v0x7f9065573900_0;
    %parti/s 1, 2, 3;
    %nor/r;
    %flag_set/vec4 8;
    %jmp/0xz  T_88.7, 8;
    %load/vec4 v0x7f90655737b0_0;
    %parti/s 1, 2, 3;
    %load/vec4 v0x7f90655734b0_0;
    %parti/s 8, 0, 2;
    %pad/u 10;
    %ix/vec4 3;
    %ix/load 4, 2, 0; part off
    %ix/load 5, 0, 0; Constant delay
    %assign/vec4/a/d v0x7f9065573a60, 4, 5;
T_88.7 ;
    %load/vec4 v0x7f9065573900_0;
    %parti/s 1, 3, 3;
    %nor/r;
    %flag_set/vec4 8;
    %jmp/0xz  T_88.9, 8;
    %load/vec4 v0x7f90655737b0_0;
    %parti/s 1, 3, 3;
    %load/vec4 v0x7f90655734b0_0;
    %parti/s 8, 0, 2;
    %pad/u 10;
    %ix/vec4 3;
    %ix/load 4, 3, 0; part off
    %ix/load 5, 0, 0; Constant delay
    %assign/vec4/a/d v0x7f9065573a60, 4, 5;
T_88.9 ;
    %load/vec4 v0x7f9065573900_0;
    %parti/s 1, 4, 4;
    %nor/r;
    %flag_set/vec4 8;
    %jmp/0xz  T_88.11, 8;
    %load/vec4 v0x7f90655737b0_0;
    %parti/s 1, 4, 4;
    %load/vec4 v0x7f90655734b0_0;
    %parti/s 8, 0, 2;
    %pad/u 10;
    %ix/vec4 3;
    %ix/load 4, 4, 0; part off
    %ix/load 5, 0, 0; Constant delay
    %assign/vec4/a/d v0x7f9065573a60, 4, 5;
T_88.11 ;
    %load/vec4 v0x7f9065573900_0;
    %parti/s 1, 5, 4;
    %nor/r;
    %flag_set/vec4 8;
    %jmp/0xz  T_88.13, 8;
    %load/vec4 v0x7f90655737b0_0;
    %parti/s 1, 5, 4;
    %load/vec4 v0x7f90655734b0_0;
    %parti/s 8, 0, 2;
    %pad/u 10;
    %ix/vec4 3;
    %ix/load 4, 5, 0; part off
    %ix/load 5, 0, 0; Constant delay
    %assign/vec4/a/d v0x7f9065573a60, 4, 5;
T_88.13 ;
    %load/vec4 v0x7f9065573900_0;
    %parti/s 1, 6, 4;
    %nor/r;
    %flag_set/vec4 8;
    %jmp/0xz  T_88.15, 8;
    %load/vec4 v0x7f90655737b0_0;
    %parti/s 1, 6, 4;
    %load/vec4 v0x7f90655734b0_0;
    %parti/s 8, 0, 2;
    %pad/u 10;
    %ix/vec4 3;
    %ix/load 4, 6, 0; part off
    %ix/load 5, 0, 0; Constant delay
    %assign/vec4/a/d v0x7f9065573a60, 4, 5;
T_88.15 ;
    %load/vec4 v0x7f9065573900_0;
    %parti/s 1, 7, 4;
    %nor/r;
    %flag_set/vec4 8;
    %jmp/0xz  T_88.17, 8;
    %load/vec4 v0x7f90655737b0_0;
    %parti/s 1, 7, 4;
    %load/vec4 v0x7f90655734b0_0;
    %parti/s 8, 0, 2;
    %pad/u 10;
    %ix/vec4 3;
    %ix/load 4, 7, 0; part off
    %ix/load 5, 0, 0; Constant delay
    %assign/vec4/a/d v0x7f9065573a60, 4, 5;
T_88.17 ;
    %load/vec4 v0x7f9065573900_0;
    %parti/s 1, 8, 5;
    %nor/r;
    %flag_set/vec4 8;
    %jmp/0xz  T_88.19, 8;
    %load/vec4 v0x7f90655737b0_0;
    %parti/s 1, 8, 5;
    %load/vec4 v0x7f90655734b0_0;
    %parti/s 8, 0, 2;
    %pad/u 10;
    %ix/vec4 3;
    %ix/load 4, 8, 0; part off
    %ix/load 5, 0, 0; Constant delay
    %assign/vec4/a/d v0x7f9065573a60, 4, 5;
T_88.19 ;
    %load/vec4 v0x7f9065573900_0;
    %parti/s 1, 9, 5;
    %nor/r;
    %flag_set/vec4 8;
    %jmp/0xz  T_88.21, 8;
    %load/vec4 v0x7f90655737b0_0;
    %parti/s 1, 9, 5;
    %load/vec4 v0x7f90655734b0_0;
    %parti/s 8, 0, 2;
    %pad/u 10;
    %ix/vec4 3;
    %ix/load 4, 9, 0; part off
    %ix/load 5, 0, 0; Constant delay
    %assign/vec4/a/d v0x7f9065573a60, 4, 5;
T_88.21 ;
    %load/vec4 v0x7f9065573900_0;
    %parti/s 1, 10, 5;
    %nor/r;
    %flag_set/vec4 8;
    %jmp/0xz  T_88.23, 8;
    %load/vec4 v0x7f90655737b0_0;
    %parti/s 1, 10, 5;
    %load/vec4 v0x7f90655734b0_0;
    %parti/s 8, 0, 2;
    %pad/u 10;
    %ix/vec4 3;
    %ix/load 4, 10, 0; part off
    %ix/load 5, 0, 0; Constant delay
    %assign/vec4/a/d v0x7f9065573a60, 4, 5;
T_88.23 ;
    %load/vec4 v0x7f9065573900_0;
    %parti/s 1, 11, 5;
    %nor/r;
    %flag_set/vec4 8;
    %jmp/0xz  T_88.25, 8;
    %load/vec4 v0x7f90655737b0_0;
    %parti/s 1, 11, 5;
    %load/vec4 v0x7f90655734b0_0;
    %parti/s 8, 0, 2;
    %pad/u 10;
    %ix/vec4 3;
    %ix/load 4, 11, 0; part off
    %ix/load 5, 0, 0; Constant delay
    %assign/vec4/a/d v0x7f9065573a60, 4, 5;
T_88.25 ;
    %load/vec4 v0x7f9065573900_0;
    %parti/s 1, 12, 5;
    %nor/r;
    %flag_set/vec4 8;
    %jmp/0xz  T_88.27, 8;
    %load/vec4 v0x7f90655737b0_0;
    %parti/s 1, 12, 5;
    %load/vec4 v0x7f90655734b0_0;
    %parti/s 8, 0, 2;
    %pad/u 10;
    %ix/vec4 3;
    %ix/load 4, 12, 0; part off
    %ix/load 5, 0, 0; Constant delay
    %assign/vec4/a/d v0x7f9065573a60, 4, 5;
T_88.27 ;
    %load/vec4 v0x7f9065573900_0;
    %parti/s 1, 13, 5;
    %nor/r;
    %flag_set/vec4 8;
    %jmp/0xz  T_88.29, 8;
    %load/vec4 v0x7f90655737b0_0;
    %parti/s 1, 13, 5;
    %load/vec4 v0x7f90655734b0_0;
    %parti/s 8, 0, 2;
    %pad/u 10;
    %ix/vec4 3;
    %ix/load 4, 13, 0; part off
    %ix/load 5, 0, 0; Constant delay
    %assign/vec4/a/d v0x7f9065573a60, 4, 5;
T_88.29 ;
    %load/vec4 v0x7f9065573900_0;
    %parti/s 1, 14, 5;
    %nor/r;
    %flag_set/vec4 8;
    %jmp/0xz  T_88.31, 8;
    %load/vec4 v0x7f90655737b0_0;
    %parti/s 1, 14, 5;
    %load/vec4 v0x7f90655734b0_0;
    %parti/s 8, 0, 2;
    %pad/u 10;
    %ix/vec4 3;
    %ix/load 4, 14, 0; part off
    %ix/load 5, 0, 0; Constant delay
    %assign/vec4/a/d v0x7f9065573a60, 4, 5;
T_88.31 ;
    %load/vec4 v0x7f9065573900_0;
    %parti/s 1, 15, 5;
    %nor/r;
    %flag_set/vec4 8;
    %jmp/0xz  T_88.33, 8;
    %load/vec4 v0x7f90655737b0_0;
    %parti/s 1, 15, 5;
    %load/vec4 v0x7f90655734b0_0;
    %parti/s 8, 0, 2;
    %pad/u 10;
    %ix/vec4 3;
    %ix/load 4, 15, 0; part off
    %ix/load 5, 0, 0; Constant delay
    %assign/vec4/a/d v0x7f9065573a60, 4, 5;
T_88.33 ;
T_88.0 ;
    %jmp T_88;
    .thread T_88;
    .scope S_0x7f9065764fc0;
T_89 ;
    %wait E_0x7f90655727b0;
    %load/vec4 v0x7f9065573360_0;
    %flag_set/vec4 9;
    %flag_get/vec4 9;
    %jmp/0 T_89.2, 9;
    %load/vec4 v0x7f9065573120_0;
    %and;
T_89.2;
    %flag_set/vec4 8;
    %jmp/0xz  T_89.0, 8;
    %load/vec4 v0x7f9065572fc0_0;
    %parti/s 8, 0, 2;
    %pad/u 10;
    %ix/vec4 4;
    %load/vec4a v0x7f9065573a60, 4;
    %load/vec4 v0x7f9065573400_0;
    %inv;
    %and;
    %assign/vec4 v0x7f90655732b0_0, 0;
T_89.0 ;
    %jmp T_89;
    .thread T_89;
    .scope S_0x7f90655741e0;
T_90 ;
    %pushi/vec4 0, 0, 32;
    %store/vec4 v0x7f9065576d00_0, 0, 32;
T_90.0 ; Top of for-loop 
    %load/vec4 v0x7f9065576d00_0;
    %cmpi/s 16, 0, 32;
    %jmp/0xz T_90.1, 5;
    %pushi/vec4 0, 0, 256;
    %load/vec4 v0x7f9065576d00_0;
    %muli 16, 0, 32;
    %part/s 16;
    %pushi/vec4 0, 0, 32;
    %load/vec4 v0x7f9065576d00_0;
    %add;
    %ix/vec4/s 4;
    %store/vec4a v0x7f9065576db0, 4, 0;
    %pushi/vec4 0, 0, 256;
    %load/vec4 v0x7f9065576d00_0;
    %muli 16, 0, 32;
    %part/s 16;
    %pushi/vec4 16, 0, 32;
    %load/vec4 v0x7f9065576d00_0;
    %add;
    %ix/vec4/s 4;
    %store/vec4a v0x7f9065576db0, 4, 0;
    %pushi/vec4 0, 0, 256;
    %load/vec4 v0x7f9065576d00_0;
    %muli 16, 0, 32;
    %part/s 16;
    %pushi/vec4 32, 0, 32;
    %load/vec4 v0x7f9065576d00_0;
    %add;
    %ix/vec4/s 4;
    %store/vec4a v0x7f9065576db0, 4, 0;
    %pushi/vec4 0, 0, 256;
    %load/vec4 v0x7f9065576d00_0;
    %muli 16, 0, 32;
    %part/s 16;
    %pushi/vec4 48, 0, 32;
    %load/vec4 v0x7f9065576d00_0;
    %add;
    %ix/vec4/s 4;
    %store/vec4a v0x7f9065576db0, 4, 0;
    %pushi/vec4 0, 0, 256;
    %load/vec4 v0x7f9065576d00_0;
    %muli 16, 0, 32;
    %part/s 16;
    %pushi/vec4 64, 0, 32;
    %load/vec4 v0x7f9065576d00_0;
    %add;
    %ix/vec4/s 4;
    %store/vec4a v0x7f9065576db0, 4, 0;
    %pushi/vec4 0, 0, 256;
    %load/vec4 v0x7f9065576d00_0;
    %muli 16, 0, 32;
    %part/s 16;
    %pushi/vec4 80, 0, 32;
    %load/vec4 v0x7f9065576d00_0;
    %add;
    %ix/vec4/s 4;
    %store/vec4a v0x7f9065576db0, 4, 0;
    %pushi/vec4 0, 0, 256;
    %load/vec4 v0x7f9065576d00_0;
    %muli 16, 0, 32;
    %part/s 16;
    %pushi/vec4 96, 0, 32;
    %load/vec4 v0x7f9065576d00_0;
    %add;
    %ix/vec4/s 4;
    %store/vec4a v0x7f9065576db0, 4, 0;
    %pushi/vec4 0, 0, 256;
    %load/vec4 v0x7f9065576d00_0;
    %muli 16, 0, 32;
    %part/s 16;
    %pushi/vec4 112, 0, 32;
    %load/vec4 v0x7f9065576d00_0;
    %add;
    %ix/vec4/s 4;
    %store/vec4a v0x7f9065576db0, 4, 0;
    %pushi/vec4 0, 0, 256;
    %load/vec4 v0x7f9065576d00_0;
    %muli 16, 0, 32;
    %part/s 16;
    %pushi/vec4 128, 0, 32;
    %load/vec4 v0x7f9065576d00_0;
    %add;
    %ix/vec4/s 4;
    %store/vec4a v0x7f9065576db0, 4, 0;
    %pushi/vec4 0, 0, 256;
    %load/vec4 v0x7f9065576d00_0;
    %muli 16, 0, 32;
    %part/s 16;
    %pushi/vec4 144, 0, 32;
    %load/vec4 v0x7f9065576d00_0;
    %add;
    %ix/vec4/s 4;
    %store/vec4a v0x7f9065576db0, 4, 0;
    %pushi/vec4 0, 0, 256;
    %load/vec4 v0x7f9065576d00_0;
    %muli 16, 0, 32;
    %part/s 16;
    %pushi/vec4 160, 0, 32;
    %load/vec4 v0x7f9065576d00_0;
    %add;
    %ix/vec4/s 4;
    %store/vec4a v0x7f9065576db0, 4, 0;
    %pushi/vec4 0, 0, 256;
    %load/vec4 v0x7f9065576d00_0;
    %muli 16, 0, 32;
    %part/s 16;
    %pushi/vec4 176, 0, 32;
    %load/vec4 v0x7f9065576d00_0;
    %add;
    %ix/vec4/s 4;
    %store/vec4a v0x7f9065576db0, 4, 0;
    %pushi/vec4 0, 0, 256;
    %load/vec4 v0x7f9065576d00_0;
    %muli 16, 0, 32;
    %part/s 16;
    %pushi/vec4 192, 0, 32;
    %load/vec4 v0x7f9065576d00_0;
    %add;
    %ix/vec4/s 4;
    %store/vec4a v0x7f9065576db0, 4, 0;
    %pushi/vec4 0, 0, 256;
    %load/vec4 v0x7f9065576d00_0;
    %muli 16, 0, 32;
    %part/s 16;
    %pushi/vec4 208, 0, 32;
    %load/vec4 v0x7f9065576d00_0;
    %add;
    %ix/vec4/s 4;
    %store/vec4a v0x7f9065576db0, 4, 0;
    %pushi/vec4 0, 0, 256;
    %load/vec4 v0x7f9065576d00_0;
    %muli 16, 0, 32;
    %part/s 16;
    %pushi/vec4 224, 0, 32;
    %load/vec4 v0x7f9065576d00_0;
    %add;
    %ix/vec4/s 4;
    %store/vec4a v0x7f9065576db0, 4, 0;
    %pushi/vec4 0, 0, 256;
    %load/vec4 v0x7f9065576d00_0;
    %muli 16, 0, 32;
    %part/s 16;
    %pushi/vec4 240, 0, 32;
    %load/vec4 v0x7f9065576d00_0;
    %add;
    %ix/vec4/s 4;
    %store/vec4a v0x7f9065576db0, 4, 0;
T_90.2 ; for-loop step statement
    %load/vec4 v0x7f9065576d00_0;
    %addi 1, 0, 32;
    %store/vec4 v0x7f9065576d00_0, 0, 32;
    %jmp T_90.0;
T_90.1 ; for-loop exit label
    %end;
    .thread T_90;
    .scope S_0x7f90655741e0;
T_91 ;
    %wait E_0x7f9065575b60;
    %load/vec4 v0x7f9065576bb0_0;
    %flag_set/vec4 9;
    %flag_get/vec4 9;
    %jmp/0 T_91.2, 9;
    %load/vec4 v0x7f90655769b0_0;
    %and;
T_91.2;
    %flag_set/vec4 8;
    %jmp/0xz  T_91.0, 8;
    %load/vec4 v0x7f9065576c50_0;
    %parti/s 1, 0, 2;
    %nor/r;
    %flag_set/vec4 8;
    %jmp/0xz  T_91.3, 8;
    %load/vec4 v0x7f9065576b00_0;
    %parti/s 1, 0, 2;
    %load/vec4 v0x7f9065576800_0;
    %parti/s 8, 0, 2;
    %pad/u 10;
    %ix/vec4 3;
    %ix/load 4, 0, 0; Constant delay
    %assign/vec4/a/d v0x7f9065576db0, 0, 4;
T_91.3 ;
    %load/vec4 v0x7f9065576c50_0;
    %parti/s 1, 1, 2;
    %nor/r;
    %flag_set/vec4 8;
    %jmp/0xz  T_91.5, 8;
    %load/vec4 v0x7f9065576b00_0;
    %parti/s 1, 1, 2;
    %load/vec4 v0x7f9065576800_0;
    %parti/s 8, 0, 2;
    %pad/u 10;
    %ix/vec4 3;
    %ix/load 4, 1, 0; part off
    %ix/load 5, 0, 0; Constant delay
    %assign/vec4/a/d v0x7f9065576db0, 4, 5;
T_91.5 ;
    %load/vec4 v0x7f9065576c50_0;
    %parti/s 1, 2, 3;
    %nor/r;
    %flag_set/vec4 8;
    %jmp/0xz  T_91.7, 8;
    %load/vec4 v0x7f9065576b00_0;
    %parti/s 1, 2, 3;
    %load/vec4 v0x7f9065576800_0;
    %parti/s 8, 0, 2;
    %pad/u 10;
    %ix/vec4 3;
    %ix/load 4, 2, 0; part off
    %ix/load 5, 0, 0; Constant delay
    %assign/vec4/a/d v0x7f9065576db0, 4, 5;
T_91.7 ;
    %load/vec4 v0x7f9065576c50_0;
    %parti/s 1, 3, 3;
    %nor/r;
    %flag_set/vec4 8;
    %jmp/0xz  T_91.9, 8;
    %load/vec4 v0x7f9065576b00_0;
    %parti/s 1, 3, 3;
    %load/vec4 v0x7f9065576800_0;
    %parti/s 8, 0, 2;
    %pad/u 10;
    %ix/vec4 3;
    %ix/load 4, 3, 0; part off
    %ix/load 5, 0, 0; Constant delay
    %assign/vec4/a/d v0x7f9065576db0, 4, 5;
T_91.9 ;
    %load/vec4 v0x7f9065576c50_0;
    %parti/s 1, 4, 4;
    %nor/r;
    %flag_set/vec4 8;
    %jmp/0xz  T_91.11, 8;
    %load/vec4 v0x7f9065576b00_0;
    %parti/s 1, 4, 4;
    %load/vec4 v0x7f9065576800_0;
    %parti/s 8, 0, 2;
    %pad/u 10;
    %ix/vec4 3;
    %ix/load 4, 4, 0; part off
    %ix/load 5, 0, 0; Constant delay
    %assign/vec4/a/d v0x7f9065576db0, 4, 5;
T_91.11 ;
    %load/vec4 v0x7f9065576c50_0;
    %parti/s 1, 5, 4;
    %nor/r;
    %flag_set/vec4 8;
    %jmp/0xz  T_91.13, 8;
    %load/vec4 v0x7f9065576b00_0;
    %parti/s 1, 5, 4;
    %load/vec4 v0x7f9065576800_0;
    %parti/s 8, 0, 2;
    %pad/u 10;
    %ix/vec4 3;
    %ix/load 4, 5, 0; part off
    %ix/load 5, 0, 0; Constant delay
    %assign/vec4/a/d v0x7f9065576db0, 4, 5;
T_91.13 ;
    %load/vec4 v0x7f9065576c50_0;
    %parti/s 1, 6, 4;
    %nor/r;
    %flag_set/vec4 8;
    %jmp/0xz  T_91.15, 8;
    %load/vec4 v0x7f9065576b00_0;
    %parti/s 1, 6, 4;
    %load/vec4 v0x7f9065576800_0;
    %parti/s 8, 0, 2;
    %pad/u 10;
    %ix/vec4 3;
    %ix/load 4, 6, 0; part off
    %ix/load 5, 0, 0; Constant delay
    %assign/vec4/a/d v0x7f9065576db0, 4, 5;
T_91.15 ;
    %load/vec4 v0x7f9065576c50_0;
    %parti/s 1, 7, 4;
    %nor/r;
    %flag_set/vec4 8;
    %jmp/0xz  T_91.17, 8;
    %load/vec4 v0x7f9065576b00_0;
    %parti/s 1, 7, 4;
    %load/vec4 v0x7f9065576800_0;
    %parti/s 8, 0, 2;
    %pad/u 10;
    %ix/vec4 3;
    %ix/load 4, 7, 0; part off
    %ix/load 5, 0, 0; Constant delay
    %assign/vec4/a/d v0x7f9065576db0, 4, 5;
T_91.17 ;
    %load/vec4 v0x7f9065576c50_0;
    %parti/s 1, 8, 5;
    %nor/r;
    %flag_set/vec4 8;
    %jmp/0xz  T_91.19, 8;
    %load/vec4 v0x7f9065576b00_0;
    %parti/s 1, 8, 5;
    %load/vec4 v0x7f9065576800_0;
    %parti/s 8, 0, 2;
    %pad/u 10;
    %ix/vec4 3;
    %ix/load 4, 8, 0; part off
    %ix/load 5, 0, 0; Constant delay
    %assign/vec4/a/d v0x7f9065576db0, 4, 5;
T_91.19 ;
    %load/vec4 v0x7f9065576c50_0;
    %parti/s 1, 9, 5;
    %nor/r;
    %flag_set/vec4 8;
    %jmp/0xz  T_91.21, 8;
    %load/vec4 v0x7f9065576b00_0;
    %parti/s 1, 9, 5;
    %load/vec4 v0x7f9065576800_0;
    %parti/s 8, 0, 2;
    %pad/u 10;
    %ix/vec4 3;
    %ix/load 4, 9, 0; part off
    %ix/load 5, 0, 0; Constant delay
    %assign/vec4/a/d v0x7f9065576db0, 4, 5;
T_91.21 ;
    %load/vec4 v0x7f9065576c50_0;
    %parti/s 1, 10, 5;
    %nor/r;
    %flag_set/vec4 8;
    %jmp/0xz  T_91.23, 8;
    %load/vec4 v0x7f9065576b00_0;
    %parti/s 1, 10, 5;
    %load/vec4 v0x7f9065576800_0;
    %parti/s 8, 0, 2;
    %pad/u 10;
    %ix/vec4 3;
    %ix/load 4, 10, 0; part off
    %ix/load 5, 0, 0; Constant delay
    %assign/vec4/a/d v0x7f9065576db0, 4, 5;
T_91.23 ;
    %load/vec4 v0x7f9065576c50_0;
    %parti/s 1, 11, 5;
    %nor/r;
    %flag_set/vec4 8;
    %jmp/0xz  T_91.25, 8;
    %load/vec4 v0x7f9065576b00_0;
    %parti/s 1, 11, 5;
    %load/vec4 v0x7f9065576800_0;
    %parti/s 8, 0, 2;
    %pad/u 10;
    %ix/vec4 3;
    %ix/load 4, 11, 0; part off
    %ix/load 5, 0, 0; Constant delay
    %assign/vec4/a/d v0x7f9065576db0, 4, 5;
T_91.25 ;
    %load/vec4 v0x7f9065576c50_0;
    %parti/s 1, 12, 5;
    %nor/r;
    %flag_set/vec4 8;
    %jmp/0xz  T_91.27, 8;
    %load/vec4 v0x7f9065576b00_0;
    %parti/s 1, 12, 5;
    %load/vec4 v0x7f9065576800_0;
    %parti/s 8, 0, 2;
    %pad/u 10;
    %ix/vec4 3;
    %ix/load 4, 12, 0; part off
    %ix/load 5, 0, 0; Constant delay
    %assign/vec4/a/d v0x7f9065576db0, 4, 5;
T_91.27 ;
    %load/vec4 v0x7f9065576c50_0;
    %parti/s 1, 13, 5;
    %nor/r;
    %flag_set/vec4 8;
    %jmp/0xz  T_91.29, 8;
    %load/vec4 v0x7f9065576b00_0;
    %parti/s 1, 13, 5;
    %load/vec4 v0x7f9065576800_0;
    %parti/s 8, 0, 2;
    %pad/u 10;
    %ix/vec4 3;
    %ix/load 4, 13, 0; part off
    %ix/load 5, 0, 0; Constant delay
    %assign/vec4/a/d v0x7f9065576db0, 4, 5;
T_91.29 ;
    %load/vec4 v0x7f9065576c50_0;
    %parti/s 1, 14, 5;
    %nor/r;
    %flag_set/vec4 8;
    %jmp/0xz  T_91.31, 8;
    %load/vec4 v0x7f9065576b00_0;
    %parti/s 1, 14, 5;
    %load/vec4 v0x7f9065576800_0;
    %parti/s 8, 0, 2;
    %pad/u 10;
    %ix/vec4 3;
    %ix/load 4, 14, 0; part off
    %ix/load 5, 0, 0; Constant delay
    %assign/vec4/a/d v0x7f9065576db0, 4, 5;
T_91.31 ;
    %load/vec4 v0x7f9065576c50_0;
    %parti/s 1, 15, 5;
    %nor/r;
    %flag_set/vec4 8;
    %jmp/0xz  T_91.33, 8;
    %load/vec4 v0x7f9065576b00_0;
    %parti/s 1, 15, 5;
    %load/vec4 v0x7f9065576800_0;
    %parti/s 8, 0, 2;
    %pad/u 10;
    %ix/vec4 3;
    %ix/load 4, 15, 0; part off
    %ix/load 5, 0, 0; Constant delay
    %assign/vec4/a/d v0x7f9065576db0, 4, 5;
T_91.33 ;
T_91.0 ;
    %jmp T_91;
    .thread T_91;
    .scope S_0x7f90655741e0;
T_92 ;
    %wait E_0x7f9065575b00;
    %load/vec4 v0x7f90655766b0_0;
    %flag_set/vec4 9;
    %flag_get/vec4 9;
    %jmp/0 T_92.2, 9;
    %load/vec4 v0x7f9065576470_0;
    %and;
T_92.2;
    %flag_set/vec4 8;
    %jmp/0xz  T_92.0, 8;
    %load/vec4 v0x7f9065576310_0;
    %parti/s 8, 0, 2;
    %pad/u 10;
    %ix/vec4 4;
    %load/vec4a v0x7f9065576db0, 4;
    %load/vec4 v0x7f9065576750_0;
    %inv;
    %and;
    %assign/vec4 v0x7f9065576600_0, 0;
T_92.0 ;
    %jmp T_92;
    .thread T_92;
    .scope S_0x7f9065489640;
T_93 ;
    %wait E_0x7f906571ba80;
    %pushi/vec4 0, 0, 32;
    %store/vec4 v0x7f9065765760_0, 0, 32;
T_93.0 ; Top of for-loop 
    %load/vec4 v0x7f9065765760_0;
    %cmpi/s 16383, 0, 32;
    %flag_or 5, 4;
    %jmp/0xz T_93.1, 5;
    %pushi/vec4 65535, 65535, 16;
    %ix/getv/s 4, v0x7f9065765760_0;
    %store/vec4a v0x7f90657657f0, 4, 0;
T_93.2 ; for-loop step statement
    %load/vec4 v0x7f9065765760_0;
    %addi 1, 0, 32;
    %store/vec4 v0x7f9065765760_0, 0, 32;
    %jmp T_93.0;
T_93.1 ; for-loop exit label
    %jmp T_93;
    .thread T_93;
    .scope S_0x7f9065489640;
T_94 ;
    %wait E_0x7f906571b4d0;
    %load/vec4 v0x7f9065765880_0;
    %flag_set/vec4 8;
    %jmp/0xz  T_94.0, 8;
    %pushi/vec4 0, 0, 16;
    %assign/vec4 v0x7f9065765370_0, 0;
    %jmp T_94.1;
T_94.0 ;
    %load/vec4 v0x7f90657655b0_0;
    %flag_set/vec4 8;
    %jmp/0xz  T_94.2, 8;
    %pushi/vec4 65535, 65535, 16;
    %assign/vec4 v0x7f9065765370_0, 0;
    %jmp T_94.3;
T_94.2 ;
    %load/vec4 v0x7f90657651c0_0;
    %flag_set/vec4 8;
    %jmp/0xz  T_94.4, 8;
    %load/vec4 v0x7f9065765640_0;
    %nor/r;
    %flag_set/vec4 8;
    %jmp/0xz  T_94.6, 8;
    %load/vec4 v0x7f9065765130_0;
    %pad/u 16;
    %ix/vec4 4;
    %load/vec4a v0x7f90657657f0, 4;
    %assign/vec4 v0x7f9065765370_0, 0;
    %jmp T_94.7;
T_94.6 ;
    %load/vec4 v0x7f9065765400_0;
    %parti/s 1, 0, 2;
    %flag_set/vec4 8;
    %jmp/0xz  T_94.8, 8;
    %load/vec4 v0x7f90657652e0_0;
    %parti/s 4, 0, 2;
    %load/vec4 v0x7f9065765130_0;
    %pad/u 16;
    %ix/vec4 3;
    %ix/load 4, 0, 0; Constant delay
    %assign/vec4/a/d v0x7f90657657f0, 0, 4;
T_94.8 ;
    %load/vec4 v0x7f9065765400_0;
    %parti/s 1, 1, 2;
    %flag_set/vec4 8;
    %jmp/0xz  T_94.10, 8;
    %load/vec4 v0x7f90657652e0_0;
    %parti/s 4, 4, 4;
    %load/vec4 v0x7f9065765130_0;
    %pad/u 16;
    %ix/vec4 3;
    %ix/load 4, 4, 0; part off
    %ix/load 5, 0, 0; Constant delay
    %assign/vec4/a/d v0x7f90657657f0, 4, 5;
T_94.10 ;
    %load/vec4 v0x7f9065765400_0;
    %parti/s 1, 2, 3;
    %flag_set/vec4 8;
    %jmp/0xz  T_94.12, 8;
    %load/vec4 v0x7f90657652e0_0;
    %parti/s 4, 8, 5;
    %load/vec4 v0x7f9065765130_0;
    %pad/u 16;
    %ix/vec4 3;
    %ix/load 4, 8, 0; part off
    %ix/load 5, 0, 0; Constant delay
    %assign/vec4/a/d v0x7f90657657f0, 4, 5;
T_94.12 ;
    %load/vec4 v0x7f9065765400_0;
    %parti/s 1, 3, 3;
    %flag_set/vec4 8;
    %jmp/0xz  T_94.14, 8;
    %load/vec4 v0x7f90657652e0_0;
    %parti/s 4, 12, 5;
    %load/vec4 v0x7f9065765130_0;
    %pad/u 16;
    %ix/vec4 3;
    %ix/load 4, 12, 0; part off
    %ix/load 5, 0, 0; Constant delay
    %assign/vec4/a/d v0x7f90657657f0, 4, 5;
T_94.14 ;
    %pushi/vec4 65535, 65535, 16;
    %assign/vec4 v0x7f9065765370_0, 0;
T_94.7 ;
T_94.4 ;
T_94.3 ;
T_94.1 ;
    %jmp T_94;
    .thread T_94;
    .scope S_0x7f906570b6b0;
T_95 ;
    %wait E_0x7f9065712900;
    %load/vec4 v0x7f9065765eb0_0;
    %cmpi/e 1, 0, 1;
    %jmp/0xz  T_95.0, 4;
    %pushi/vec4 0, 0, 24;
    %assign/vec4 v0x7f9065765b50_0, 0;
    %jmp T_95.1;
T_95.0 ;
    %load/vec4 v0x7f9065765b50_0;
    %cmpi/e 1500000, 0, 24;
    %jmp/0xz  T_95.2, 4;
    %load/vec4 v0x7f9065765be0_0;
    %nor/r;
    %assign/vec4 v0x7f9065765be0_0, 0;
    %pushi/vec4 0, 0, 24;
    %assign/vec4 v0x7f9065765b50_0, 0;
    %jmp T_95.3;
T_95.2 ;
    %load/vec4 v0x7f9065765b50_0;
    %addi 1, 0, 24;
    %assign/vec4 v0x7f9065765b50_0, 0;
T_95.3 ;
T_95.1 ;
    %jmp T_95;
    .thread T_95;
    .scope S_0x7f906570b6b0;
T_96 ;
    %wait E_0x7f9065719570;
    %load/vec4 v0x7f9065765eb0_0;
    %cmpi/e 1, 0, 1;
    %jmp/0xz  T_96.0, 4;
    %pushi/vec4 0, 0, 2;
    %assign/vec4 v0x7f9065765fd0_0, 0;
    %pushi/vec4 0, 0, 4;
    %assign/vec4 v0x7f9065765d90_0, 0;
    %pushi/vec4 0, 0, 1;
    %assign/vec4 v0x7f9065765e20_0, 0;
    %jmp T_96.1;
T_96.0 ;
    %load/vec4 v0x7f9065765fd0_0;
    %dup/vec4;
    %pushi/vec4 0, 0, 2;
    %cmp/u;
    %jmp/1 T_96.2, 6;
    %dup/vec4;
    %pushi/vec4 1, 0, 2;
    %cmp/u;
    %jmp/1 T_96.3, 6;
    %pushi/vec4 0, 0, 2;
    %assign/vec4 v0x7f9065765fd0_0, 0;
    %jmp T_96.5;
T_96.2 ;
    %pushi/vec4 0, 0, 1;
    %assign/vec4 v0x7f9065765e20_0, 0;
    %load/vec4 v0x7f9065765c70_0;
    %cmpi/e 1, 0, 1;
    %jmp/0xz  T_96.6, 4;
    %pushi/vec4 1, 0, 2;
    %assign/vec4 v0x7f9065765fd0_0, 0;
T_96.6 ;
    %jmp T_96.5;
T_96.3 ;
    %load/vec4 v0x7f9065765d90_0;
    %cmpi/e 15, 0, 4;
    %jmp/0xz  T_96.8, 4;
    %pushi/vec4 0, 0, 4;
    %assign/vec4 v0x7f9065765d90_0, 0;
    %pushi/vec4 1, 0, 1;
    %assign/vec4 v0x7f9065765e20_0, 0;
    %pushi/vec4 0, 0, 2;
    %assign/vec4 v0x7f9065765fd0_0, 0;
    %jmp T_96.9;
T_96.8 ;
    %load/vec4 v0x7f9065765d90_0;
    %addi 1, 0, 4;
    %assign/vec4 v0x7f9065765d90_0, 0;
    %pushi/vec4 0, 0, 1;
    %assign/vec4 v0x7f9065765e20_0, 0;
T_96.9 ;
    %jmp T_96.5;
T_96.5 ;
    %pop/vec4 1;
T_96.1 ;
    %jmp T_96;
    .thread T_96;
# The file index is used to find the file name in the following table.
:file_names 4;
    "N/A";
    "<interactive>";
    "/Users/chimdileeze/.apio/packages/tools-oss-cad-suite/share/yosys/ice40/cells_sim.v";
    "fsm_mealy.v";
