#! /Users/chimdileeze/.apio/packages/tools-oss-cad-suite/bin/vvp
:ivl_version "13.0 (devel)" "(s20221226-321-gd22bb3d25)";
:ivl_delay_selection "TYPICAL";
:vpi_time_precision - 12;
:vpi_module "/Users/chimdileeze/.apio/packages/tools-oss-cad-suite/lib/ivl/system.vpi";
:vpi_module "/Users/chimdileeze/.apio/packages/tools-oss-cad-suite/lib/ivl/vhdl_sys.vpi";
:vpi_module "/Users/chimdileeze/.apio/packages/tools-oss-cad-suite/lib/ivl/vhdl_textio.vpi";
:vpi_module "/Users/chimdileeze/.apio/packages/tools-oss-cad-suite/lib/ivl/v2005_math.vpi";
:vpi_module "/Users/chimdileeze/.apio/packages/tools-oss-cad-suite/lib/ivl/va_math.vpi";
S_0x7fc62a53a170 .scope module, "ICESTORM_LC" "ICESTORM_LC" 2 2136;
 .timescale -12 -12;
    .port_info 0 /INPUT 1 "I0";
    .port_info 1 /INPUT 1 "I1";
    .port_info 2 /INPUT 1 "I2";
    .port_info 3 /INPUT 1 "I3";
    .port_info 4 /INPUT 1 "CIN";
    .port_info 5 /INPUT 1 "CLK";
    .port_info 6 /INPUT 1 "CEN";
    .port_info 7 /INPUT 1 "SR";
    .port_info 8 /OUTPUT 1 "LO";
    .port_info 9 /OUTPUT 1 "O";
    .port_info 10 /OUTPUT 1 "COUT";
P_0x7fc62a5172e0 .param/l "ASYNC_SR" 0 2 2148, C4<0>;
P_0x7fc62a517320 .param/l "CARRY_ENABLE" 0 2 2145, C4<0>;
P_0x7fc62a517360 .param/l "CIN_CONST" 0 2 2150, C4<0>;
P_0x7fc62a5173a0 .param/l "CIN_SET" 0 2 2151, C4<0>;
P_0x7fc62a5173e0 .param/l "DFF_ENABLE" 0 2 2146, C4<0>;
P_0x7fc62a517420 .param/l "LUT_INIT" 0 2 2142, C4<0000000000000000>;
P_0x7fc62a517460 .param/l "NEG_CLK" 0 2 2144, C4<0>;
P_0x7fc62a5174a0 .param/l "SET_NORESET" 0 2 2147, C4<0>;
o0x7fc62b042068 .functor BUFZ 1, C4<z>; HiZ drive
L_0x7fc62a76da90 .functor BUFZ 1, o0x7fc62b042068, C4<0>, C4<0>, C4<0>;
L_0x7fc62a7213f0 .functor BUFZ 1, L_0x7fc62a6a7990, C4<0>, C4<0>, C4<0>;
o0x7fc62b042098 .functor BUFZ 1, C4<z>; HiZ drive
L_0x7fc62b073290 .functor BUFT 1, C4<0>, C4<0>, C4<0>, C4<0>;
L_0x7fc62a72a590 .functor XOR 1, o0x7fc62b042098, L_0x7fc62b073290, C4<0>, C4<0>;
L_0x7fc62a7231c0 .functor BUFZ 1, L_0x7fc62a6a7990, C4<0>, C4<0>, C4<0>;
o0x7fc62b042008 .functor BUFZ 1, C4<z>; HiZ drive
v0x7fc62a556400_0 .net "CEN", 0 0, o0x7fc62b042008;  0 drivers
v0x7fc62a565ee0_0 .net "CEN_pu", 0 0, L_0x7fc62a77a1d0;  1 drivers
v0x7fc62a565f80_0 .net "CIN", 0 0, o0x7fc62b042068;  0 drivers
v0x7fc62a566010_0 .net "CLK", 0 0, o0x7fc62b042098;  0 drivers
L_0x7fc62b0731b8 .functor BUFT 1, C4<x>, C4<0>, C4<0>, C4<0>;
v0x7fc62a5660b0_0 .net "COUT", 0 0, L_0x7fc62b0731b8;  1 drivers
o0x7fc62b0420f8 .functor BUFZ 1, C4<z>; HiZ drive
v0x7fc62a566190_0 .net "I0", 0 0, o0x7fc62b0420f8;  0 drivers
v0x7fc62a566230_0 .net "I0_pd", 0 0, L_0x7fc62a6a6e50;  1 drivers
o0x7fc62b042158 .functor BUFZ 1, C4<z>; HiZ drive
v0x7fc62a5662d0_0 .net "I1", 0 0, o0x7fc62b042158;  0 drivers
v0x7fc62a566370_0 .net "I1_pd", 0 0, L_0x7fc62a6a7090;  1 drivers
o0x7fc62b0421b8 .functor BUFZ 1, C4<z>; HiZ drive
v0x7fc62a566480_0 .net "I2", 0 0, o0x7fc62b0421b8;  0 drivers
v0x7fc62a566510_0 .net "I2_pd", 0 0, L_0x7fc62a779e10;  1 drivers
o0x7fc62b042218 .functor BUFZ 1, C4<z>; HiZ drive
v0x7fc62a5665b0_0 .net "I3", 0 0, o0x7fc62b042218;  0 drivers
v0x7fc62a566650_0 .net "I3_pd", 0 0, L_0x7fc62a779f50;  1 drivers
v0x7fc62a5666f0_0 .net "LO", 0 0, L_0x7fc62a7213f0;  1 drivers
v0x7fc62a566790_0 .net "O", 0 0, L_0x7fc62a7231c0;  1 drivers
o0x7fc62b0422d8 .functor BUFZ 1, C4<z>; HiZ drive
v0x7fc62a566830_0 .net "SR", 0 0, o0x7fc62b0422d8;  0 drivers
v0x7fc62a6763d0_0 .net "SR_pd", 0 0, L_0x7fc62a77a090;  1 drivers
o0x7fc62b042338 .functor BUFZ 1, C4<z>; HiZ drive
; Elide local net with no drivers, v0x7fc62a6764b0_0 name=_ivl_0
v0x7fc62a676ea0_0 .net *"_ivl_10", 0 0, L_0x7fc62a6a6f70;  1 drivers
L_0x7fc62b073050 .functor BUFT 1, C4<0>, C4<0>, C4<0>, C4<0>;
v0x7fc62a677f30_0 .net/2u *"_ivl_12", 0 0, L_0x7fc62b073050;  1 drivers
o0x7fc62b0423c8 .functor BUFZ 1, C4<z>; HiZ drive
; Elide local net with no drivers, v0x7fc62a678010_0 name=_ivl_16
v0x7fc62a659e20_0 .net *"_ivl_18", 0 0, L_0x7fc62a6a7210;  1 drivers
v0x7fc62a6570c0_0 .net *"_ivl_2", 0 0, L_0x7fc62a53ab50;  1 drivers
L_0x7fc62b073098 .functor BUFT 1, C4<0>, C4<0>, C4<0>, C4<0>;
v0x7fc62a653430_0 .net/2u *"_ivl_20", 0 0, L_0x7fc62b073098;  1 drivers
o0x7fc62b042488 .functor BUFZ 1, C4<z>; HiZ drive
; Elide local net with no drivers, v0x7fc62a6537c0_0 name=_ivl_24
v0x7fc62a676db0_0 .net *"_ivl_26", 0 0, L_0x7fc62a779eb0;  1 drivers
L_0x7fc62b0730e0 .functor BUFT 1, C4<0>, C4<0>, C4<0>, C4<0>;
v0x7fc62a652a20_0 .net/2u *"_ivl_28", 0 0, L_0x7fc62b0730e0;  1 drivers
o0x7fc62b042518 .functor BUFZ 1, C4<z>; HiZ drive
; Elide local net with no drivers, v0x7fc62a654240_0 name=_ivl_32
v0x7fc62a66e840_0 .net *"_ivl_34", 0 0, L_0x7fc62a779ff0;  1 drivers
L_0x7fc62b073128 .functor BUFT 1, C4<0>, C4<0>, C4<0>, C4<0>;
v0x7fc62a673a40_0 .net/2u *"_ivl_36", 0 0, L_0x7fc62b073128;  1 drivers
L_0x7fc62b073008 .functor BUFT 1, C4<0>, C4<0>, C4<0>, C4<0>;
v0x7fc62a6847a0_0 .net/2u *"_ivl_4", 0 0, L_0x7fc62b073008;  1 drivers
o0x7fc62b0425d8 .functor BUFZ 1, C4<z>; HiZ drive
; Elide local net with no drivers, v0x7fc62a684830_0 name=_ivl_40
v0x7fc62a684560_0 .net *"_ivl_42", 0 0, L_0x7fc62a77a130;  1 drivers
L_0x7fc62b073170 .functor BUFT 1, C4<1>, C4<0>, C4<0>, C4<0>;
v0x7fc62a6845f0_0 .net/2u *"_ivl_44", 0 0, L_0x7fc62b073170;  1 drivers
L_0x7fc62b073200 .functor BUFT 1, C4<00000000>, C4<0>, C4<0>, C4<0>;
v0x7fc62a673b80_0 .net/2u *"_ivl_52", 7 0, L_0x7fc62b073200;  1 drivers
L_0x7fc62b073248 .functor BUFT 1, C4<00000000>, C4<0>, C4<0>, C4<0>;
v0x7fc62a63ce20_0 .net/2u *"_ivl_54", 7 0, L_0x7fc62b073248;  1 drivers
v0x7fc62a63ceb0_0 .net *"_ivl_59", 3 0, L_0x7fc62a6a73a0;  1 drivers
v0x7fc62a63b240_0 .net *"_ivl_61", 3 0, L_0x7fc62a6a7480;  1 drivers
v0x7fc62a63b2d0_0 .net *"_ivl_65", 1 0, L_0x7fc62a6a76e0;  1 drivers
v0x7fc62a66c0b0_0 .net *"_ivl_67", 1 0, L_0x7fc62a6a7850;  1 drivers
v0x7fc62a66c140_0 .net *"_ivl_71", 0 0, L_0x7fc62a6a7a30;  1 drivers
v0x7fc62a6479f0_0 .net *"_ivl_73", 0 0, L_0x7fc62a6a7ad0;  1 drivers
v0x7fc62a647a80_0 .net/2u *"_ivl_78", 0 0, L_0x7fc62b073290;  1 drivers
o0x7fc62b042818 .functor BUFZ 1, C4<z>; HiZ drive
; Elide local net with no drivers, v0x7fc62a6967f0_0 name=_ivl_8
v0x7fc62a696880_0 .net "lut_o", 0 0, L_0x7fc62a6a7990;  1 drivers
v0x7fc62a696430_0 .net "lut_s1", 1 0, L_0x7fc62a6a78f0;  1 drivers
v0x7fc62a6964c0_0 .net "lut_s2", 3 0, L_0x7fc62a6a75a0;  1 drivers
v0x7fc62a696070_0 .net "lut_s3", 7 0, L_0x7fc62a77a270;  1 drivers
v0x7fc62a696100_0 .net "mux_cin", 0 0, L_0x7fc62a76da90;  1 drivers
v0x7fc62a695cb0_0 .var "o_reg", 0 0;
v0x7fc62a695d40_0 .var "o_reg_async", 0 0;
v0x7fc62a690e40_0 .net "polarized_clk", 0 0, L_0x7fc62a72a590;  1 drivers
E_0x7fc62a556380 .event posedge, v0x7fc62a6763d0_0, v0x7fc62a690e40_0;
E_0x7fc62a5563c0 .event posedge, v0x7fc62a690e40_0;
L_0x7fc62a53ab50 .cmp/eeq 1, o0x7fc62b0420f8, o0x7fc62b042338;
L_0x7fc62a6a6e50 .functor MUXZ 1, o0x7fc62b0420f8, L_0x7fc62b073008, L_0x7fc62a53ab50, C4<>;
L_0x7fc62a6a6f70 .cmp/eeq 1, o0x7fc62b042158, o0x7fc62b042818;
L_0x7fc62a6a7090 .functor MUXZ 1, o0x7fc62b042158, L_0x7fc62b073050, L_0x7fc62a6a6f70, C4<>;
L_0x7fc62a6a7210 .cmp/eeq 1, o0x7fc62b0421b8, o0x7fc62b0423c8;
L_0x7fc62a779e10 .functor MUXZ 1, o0x7fc62b0421b8, L_0x7fc62b073098, L_0x7fc62a6a7210, C4<>;
L_0x7fc62a779eb0 .cmp/eeq 1, o0x7fc62b042218, o0x7fc62b042488;
L_0x7fc62a779f50 .functor MUXZ 1, o0x7fc62b042218, L_0x7fc62b0730e0, L_0x7fc62a779eb0, C4<>;
L_0x7fc62a779ff0 .cmp/eeq 1, o0x7fc62b0422d8, o0x7fc62b042518;
L_0x7fc62a77a090 .functor MUXZ 1, o0x7fc62b0422d8, L_0x7fc62b073128, L_0x7fc62a779ff0, C4<>;
L_0x7fc62a77a130 .cmp/eeq 1, o0x7fc62b042008, o0x7fc62b0425d8;
L_0x7fc62a77a1d0 .functor MUXZ 1, o0x7fc62b042008, L_0x7fc62b073170, L_0x7fc62a77a130, C4<>;
L_0x7fc62a77a270 .functor MUXZ 8, L_0x7fc62b073248, L_0x7fc62b073200, L_0x7fc62a779f50, C4<>;
L_0x7fc62a6a73a0 .part L_0x7fc62a77a270, 4, 4;
L_0x7fc62a6a7480 .part L_0x7fc62a77a270, 0, 4;
L_0x7fc62a6a75a0 .functor MUXZ 4, L_0x7fc62a6a7480, L_0x7fc62a6a73a0, L_0x7fc62a779e10, C4<>;
L_0x7fc62a6a76e0 .part L_0x7fc62a6a75a0, 2, 2;
L_0x7fc62a6a7850 .part L_0x7fc62a6a75a0, 0, 2;
L_0x7fc62a6a78f0 .functor MUXZ 2, L_0x7fc62a6a7850, L_0x7fc62a6a76e0, L_0x7fc62a6a7090, C4<>;
L_0x7fc62a6a7a30 .part L_0x7fc62a6a78f0, 1, 1;
L_0x7fc62a6a7ad0 .part L_0x7fc62a6a78f0, 0, 1;
L_0x7fc62a6a7990 .functor MUXZ 1, L_0x7fc62a6a7ad0, L_0x7fc62a6a7a30, L_0x7fc62a6a6e50, C4<>;
S_0x7fc62a53bfe0 .scope module, "ICESTORM_RAM" "ICESTORM_RAM" 2 3167;
 .timescale -12 -12;
    .port_info 0 /OUTPUT 1 "RDATA_15";
    .port_info 1 /OUTPUT 1 "RDATA_14";
    .port_info 2 /OUTPUT 1 "RDATA_13";
    .port_info 3 /OUTPUT 1 "RDATA_12";
    .port_info 4 /OUTPUT 1 "RDATA_11";
    .port_info 5 /OUTPUT 1 "RDATA_10";
    .port_info 6 /OUTPUT 1 "RDATA_9";
    .port_info 7 /OUTPUT 1 "RDATA_8";
    .port_info 8 /OUTPUT 1 "RDATA_7";
    .port_info 9 /OUTPUT 1 "RDATA_6";
    .port_info 10 /OUTPUT 1 "RDATA_5";
    .port_info 11 /OUTPUT 1 "RDATA_4";
    .port_info 12 /OUTPUT 1 "RDATA_3";
    .port_info 13 /OUTPUT 1 "RDATA_2";
    .port_info 14 /OUTPUT 1 "RDATA_1";
    .port_info 15 /OUTPUT 1 "RDATA_0";
    .port_info 16 /INPUT 1 "RCLK";
    .port_info 17 /INPUT 1 "RCLKE";
    .port_info 18 /INPUT 1 "RE";
    .port_info 19 /INPUT 1 "RADDR_10";
    .port_info 20 /INPUT 1 "RADDR_9";
    .port_info 21 /INPUT 1 "RADDR_8";
    .port_info 22 /INPUT 1 "RADDR_7";
    .port_info 23 /INPUT 1 "RADDR_6";
    .port_info 24 /INPUT 1 "RADDR_5";
    .port_info 25 /INPUT 1 "RADDR_4";
    .port_info 26 /INPUT 1 "RADDR_3";
    .port_info 27 /INPUT 1 "RADDR_2";
    .port_info 28 /INPUT 1 "RADDR_1";
    .port_info 29 /INPUT 1 "RADDR_0";
    .port_info 30 /INPUT 1 "WCLK";
    .port_info 31 /INPUT 1 "WCLKE";
    .port_info 32 /INPUT 1 "WE";
    .port_info 33 /INPUT 1 "WADDR_10";
    .port_info 34 /INPUT 1 "WADDR_9";
    .port_info 35 /INPUT 1 "WADDR_8";
    .port_info 36 /INPUT 1 "WADDR_7";
    .port_info 37 /INPUT 1 "WADDR_6";
    .port_info 38 /INPUT 1 "WADDR_5";
    .port_info 39 /INPUT 1 "WADDR_4";
    .port_info 40 /INPUT 1 "WADDR_3";
    .port_info 41 /INPUT 1 "WADDR_2";
    .port_info 42 /INPUT 1 "WADDR_1";
    .port_info 43 /INPUT 1 "WADDR_0";
    .port_info 44 /INPUT 1 "MASK_15";
    .port_info 45 /INPUT 1 "MASK_14";
    .port_info 46 /INPUT 1 "MASK_13";
    .port_info 47 /INPUT 1 "MASK_12";
    .port_info 48 /INPUT 1 "MASK_11";
    .port_info 49 /INPUT 1 "MASK_10";
    .port_info 50 /INPUT 1 "MASK_9";
    .port_info 51 /INPUT 1 "MASK_8";
    .port_info 52 /INPUT 1 "MASK_7";
    .port_info 53 /INPUT 1 "MASK_6";
    .port_info 54 /INPUT 1 "MASK_5";
    .port_info 55 /INPUT 1 "MASK_4";
    .port_info 56 /INPUT 1 "MASK_3";
    .port_info 57 /INPUT 1 "MASK_2";
    .port_info 58 /INPUT 1 "MASK_1";
    .port_info 59 /INPUT 1 "MASK_0";
    .port_info 60 /INPUT 1 "WDATA_15";
    .port_info 61 /INPUT 1 "WDATA_14";
    .port_info 62 /INPUT 1 "WDATA_13";
    .port_info 63 /INPUT 1 "WDATA_12";
    .port_info 64 /INPUT 1 "WDATA_11";
    .port_info 65 /INPUT 1 "WDATA_10";
    .port_info 66 /INPUT 1 "WDATA_9";
    .port_info 67 /INPUT 1 "WDATA_8";
    .port_info 68 /INPUT 1 "WDATA_7";
    .port_info 69 /INPUT 1 "WDATA_6";
    .port_info 70 /INPUT 1 "WDATA_5";
    .port_info 71 /INPUT 1 "WDATA_4";
    .port_info 72 /INPUT 1 "WDATA_3";
    .port_info 73 /INPUT 1 "WDATA_2";
    .port_info 74 /INPUT 1 "WDATA_1";
    .port_info 75 /INPUT 1 "WDATA_0";
P_0x7fc62c814e00 .param/l "INIT_0" 0 2 3182, C4<0000000000000000000000000000000000000000000000000000000000000000000000000000000000000000000000000000000000000000000000000000000000000000000000000000000000000000000000000000000000000000000000000000000000000000000000000000000000000000000000000000000000000000>;
P_0x7fc62c814e40 .param/l "INIT_1" 0 2 3183, C4<0000000000000000000000000000000000000000000000000000000000000000000000000000000000000000000000000000000000000000000000000000000000000000000000000000000000000000000000000000000000000000000000000000000000000000000000000000000000000000000000000000000000000000>;
P_0x7fc62c814e80 .param/l "INIT_2" 0 2 3184, C4<0000000000000000000000000000000000000000000000000000000000000000000000000000000000000000000000000000000000000000000000000000000000000000000000000000000000000000000000000000000000000000000000000000000000000000000000000000000000000000000000000000000000000000>;
P_0x7fc62c814ec0 .param/l "INIT_3" 0 2 3185, C4<0000000000000000000000000000000000000000000000000000000000000000000000000000000000000000000000000000000000000000000000000000000000000000000000000000000000000000000000000000000000000000000000000000000000000000000000000000000000000000000000000000000000000000>;
P_0x7fc62c814f00 .param/l "INIT_4" 0 2 3186, C4<0000000000000000000000000000000000000000000000000000000000000000000000000000000000000000000000000000000000000000000000000000000000000000000000000000000000000000000000000000000000000000000000000000000000000000000000000000000000000000000000000000000000000000>;
P_0x7fc62c814f40 .param/l "INIT_5" 0 2 3187, C4<0000000000000000000000000000000000000000000000000000000000000000000000000000000000000000000000000000000000000000000000000000000000000000000000000000000000000000000000000000000000000000000000000000000000000000000000000000000000000000000000000000000000000000>;
P_0x7fc62c814f80 .param/l "INIT_6" 0 2 3188, C4<0000000000000000000000000000000000000000000000000000000000000000000000000000000000000000000000000000000000000000000000000000000000000000000000000000000000000000000000000000000000000000000000000000000000000000000000000000000000000000000000000000000000000000>;
P_0x7fc62c814fc0 .param/l "INIT_7" 0 2 3189, C4<0000000000000000000000000000000000000000000000000000000000000000000000000000000000000000000000000000000000000000000000000000000000000000000000000000000000000000000000000000000000000000000000000000000000000000000000000000000000000000000000000000000000000000>;
P_0x7fc62c815000 .param/l "INIT_8" 0 2 3190, C4<0000000000000000000000000000000000000000000000000000000000000000000000000000000000000000000000000000000000000000000000000000000000000000000000000000000000000000000000000000000000000000000000000000000000000000000000000000000000000000000000000000000000000000>;
P_0x7fc62c815040 .param/l "INIT_9" 0 2 3191, C4<0000000000000000000000000000000000000000000000000000000000000000000000000000000000000000000000000000000000000000000000000000000000000000000000000000000000000000000000000000000000000000000000000000000000000000000000000000000000000000000000000000000000000000>;
P_0x7fc62c815080 .param/l "INIT_A" 0 2 3192, C4<0000000000000000000000000000000000000000000000000000000000000000000000000000000000000000000000000000000000000000000000000000000000000000000000000000000000000000000000000000000000000000000000000000000000000000000000000000000000000000000000000000000000000000>;
P_0x7fc62c8150c0 .param/l "INIT_B" 0 2 3193, C4<0000000000000000000000000000000000000000000000000000000000000000000000000000000000000000000000000000000000000000000000000000000000000000000000000000000000000000000000000000000000000000000000000000000000000000000000000000000000000000000000000000000000000000>;
P_0x7fc62c815100 .param/l "INIT_C" 0 2 3194, C4<0000000000000000000000000000000000000000000000000000000000000000000000000000000000000000000000000000000000000000000000000000000000000000000000000000000000000000000000000000000000000000000000000000000000000000000000000000000000000000000000000000000000000000>;
P_0x7fc62c815140 .param/l "INIT_D" 0 2 3195, C4<0000000000000000000000000000000000000000000000000000000000000000000000000000000000000000000000000000000000000000000000000000000000000000000000000000000000000000000000000000000000000000000000000000000000000000000000000000000000000000000000000000000000000000>;
P_0x7fc62c815180 .param/l "INIT_E" 0 2 3196, C4<0000000000000000000000000000000000000000000000000000000000000000000000000000000000000000000000000000000000000000000000000000000000000000000000000000000000000000000000000000000000000000000000000000000000000000000000000000000000000000000000000000000000000000>;
P_0x7fc62c8151c0 .param/l "INIT_F" 0 2 3197, C4<0000000000000000000000000000000000000000000000000000000000000000000000000000000000000000000000000000000000000000000000000000000000000000000000000000000000000000000000000000000000000000000000000000000000000000000000000000000000000000000000000000000000000000>;
P_0x7fc62c815200 .param/l "NEG_CLK_R" 0 2 3179, C4<0>;
P_0x7fc62c815240 .param/l "NEG_CLK_W" 0 2 3180, C4<0>;
P_0x7fc62c815280 .param/l "READ_MODE" 0 2 3177, +C4<00000000000000000000000000000000>;
P_0x7fc62c8152c0 .param/l "WRITE_MODE" 0 2 3176, +C4<00000000000000000000000000000000>;
L_0x7fc62b073320 .functor BUFT 1, C4<0>, C4<0>, C4<0>, C4<0>;
L_0x7fc62a54ed40 .functor XOR 1, L_0x7fc62a555bc0, L_0x7fc62b073320, C4<0>, C4<0>;
L_0x7fc62b073368 .functor BUFT 1, C4<0>, C4<0>, C4<0>, C4<0>;
L_0x7fc62a515fd0 .functor XOR 1, L_0x7fc62a567090, L_0x7fc62b073368, C4<0>, C4<0>;
o0x7fc62b0431a8 .functor BUFZ 1, C4<z>; HiZ drive
v0x7fc62a694fa0_0 .net "MASK_0", 0 0, o0x7fc62b0431a8;  0 drivers
o0x7fc62b0431d8 .functor BUFZ 1, C4<z>; HiZ drive
v0x7fc62a695030_0 .net "MASK_1", 0 0, o0x7fc62b0431d8;  0 drivers
o0x7fc62b043208 .functor BUFZ 1, C4<z>; HiZ drive
v0x7fc62a691580_0 .net "MASK_10", 0 0, o0x7fc62b043208;  0 drivers
o0x7fc62b043238 .functor BUFZ 1, C4<z>; HiZ drive
v0x7fc62a691610_0 .net "MASK_11", 0 0, o0x7fc62b043238;  0 drivers
o0x7fc62b043268 .functor BUFZ 1, C4<z>; HiZ drive
v0x7fc62a684c30_0 .net "MASK_12", 0 0, o0x7fc62b043268;  0 drivers
o0x7fc62b043298 .functor BUFZ 1, C4<z>; HiZ drive
v0x7fc62a684cc0_0 .net "MASK_13", 0 0, o0x7fc62b043298;  0 drivers
o0x7fc62b0432c8 .functor BUFZ 1, C4<z>; HiZ drive
v0x7fc62a665cf0_0 .net "MASK_14", 0 0, o0x7fc62b0432c8;  0 drivers
o0x7fc62b0432f8 .functor BUFZ 1, C4<z>; HiZ drive
v0x7fc62a665d80_0 .net "MASK_15", 0 0, o0x7fc62b0432f8;  0 drivers
o0x7fc62b043328 .functor BUFZ 1, C4<z>; HiZ drive
v0x7fc62a6656b0_0 .net "MASK_2", 0 0, o0x7fc62b043328;  0 drivers
o0x7fc62b043358 .functor BUFZ 1, C4<z>; HiZ drive
v0x7fc62a665740_0 .net "MASK_3", 0 0, o0x7fc62b043358;  0 drivers
o0x7fc62b043388 .functor BUFZ 1, C4<z>; HiZ drive
v0x7fc62a665380_0 .net "MASK_4", 0 0, o0x7fc62b043388;  0 drivers
o0x7fc62b0433b8 .functor BUFZ 1, C4<z>; HiZ drive
v0x7fc62a665410_0 .net "MASK_5", 0 0, o0x7fc62b0433b8;  0 drivers
o0x7fc62b0433e8 .functor BUFZ 1, C4<z>; HiZ drive
v0x7fc62a663430_0 .net "MASK_6", 0 0, o0x7fc62b0433e8;  0 drivers
o0x7fc62b043418 .functor BUFZ 1, C4<z>; HiZ drive
v0x7fc62a6634c0_0 .net "MASK_7", 0 0, o0x7fc62b043418;  0 drivers
o0x7fc62b043448 .functor BUFZ 1, C4<z>; HiZ drive
v0x7fc62a675250_0 .net "MASK_8", 0 0, o0x7fc62b043448;  0 drivers
o0x7fc62b043478 .functor BUFZ 1, C4<z>; HiZ drive
v0x7fc62a6752e0_0 .net "MASK_9", 0 0, o0x7fc62b043478;  0 drivers
o0x7fc62b0434a8 .functor BUFZ 1, C4<z>; HiZ drive
v0x7fc62a670e00_0 .net "RADDR_0", 0 0, o0x7fc62b0434a8;  0 drivers
o0x7fc62b0434d8 .functor BUFZ 1, C4<z>; HiZ drive
v0x7fc62a670e90_0 .net "RADDR_1", 0 0, o0x7fc62b0434d8;  0 drivers
o0x7fc62b043508 .functor BUFZ 1, C4<z>; HiZ drive
v0x7fc62a66b6d0_0 .net "RADDR_10", 0 0, o0x7fc62b043508;  0 drivers
o0x7fc62b043538 .functor BUFZ 1, C4<z>; HiZ drive
v0x7fc62a66b760_0 .net "RADDR_2", 0 0, o0x7fc62b043538;  0 drivers
o0x7fc62b043568 .functor BUFZ 1, C4<z>; HiZ drive
v0x7fc62a65a790_0 .net "RADDR_3", 0 0, o0x7fc62b043568;  0 drivers
o0x7fc62b043598 .functor BUFZ 1, C4<z>; HiZ drive
v0x7fc62a65a820_0 .net "RADDR_4", 0 0, o0x7fc62b043598;  0 drivers
o0x7fc62b0435c8 .functor BUFZ 1, C4<z>; HiZ drive
v0x7fc62a657a30_0 .net "RADDR_5", 0 0, o0x7fc62b0435c8;  0 drivers
o0x7fc62b0435f8 .functor BUFZ 1, C4<z>; HiZ drive
v0x7fc62a657ac0_0 .net "RADDR_6", 0 0, o0x7fc62b0435f8;  0 drivers
o0x7fc62b043628 .functor BUFZ 1, C4<z>; HiZ drive
v0x7fc62a63d100_0 .net "RADDR_7", 0 0, o0x7fc62b043628;  0 drivers
o0x7fc62b043658 .functor BUFZ 1, C4<z>; HiZ drive
v0x7fc62a63d190_0 .net "RADDR_8", 0 0, o0x7fc62b043658;  0 drivers
o0x7fc62b043688 .functor BUFZ 1, C4<z>; HiZ drive
v0x7fc62a62fb80_0 .net "RADDR_9", 0 0, o0x7fc62b043688;  0 drivers
o0x7fc62b0436b8 .functor BUFZ 1, C4<z>; HiZ drive
v0x7fc62a62fc10_0 .net "RCLK", 0 0, o0x7fc62b0436b8;  0 drivers
o0x7fc62b0436e8 .functor BUFZ 1, C4<z>; HiZ drive
v0x7fc62a679870_0 .net "RCLKE", 0 0, o0x7fc62b0436e8;  0 drivers
v0x7fc62a679900_0 .net "RDATA_0", 0 0, L_0x7fc62a555b20;  1 drivers
v0x7fc62a65fdb0_0 .net "RDATA_1", 0 0, L_0x7fc62a54bb20;  1 drivers
v0x7fc62a65fe40_0 .net "RDATA_10", 0 0, L_0x7fc62a77a630;  1 drivers
v0x7fc62a65fa70_0 .net "RDATA_11", 0 0, L_0x7fc62a77a590;  1 drivers
v0x7fc62a65fb00_0 .net "RDATA_12", 0 0, L_0x7fc62a77a4f0;  1 drivers
v0x7fc62a60e7f0_0 .net "RDATA_13", 0 0, L_0x7fc62a77a450;  1 drivers
v0x7fc62a60e880_0 .net "RDATA_14", 0 0, L_0x7fc62a77a3b0;  1 drivers
v0x7fc62a6702d0_0 .net "RDATA_15", 0 0, L_0x7fc62a77a310;  1 drivers
v0x7fc62a670360_0 .net "RDATA_2", 0 0, L_0x7fc62a54cff0;  1 drivers
v0x7fc62a65f730_0 .net "RDATA_3", 0 0, L_0x7fc62a77ab90;  1 drivers
v0x7fc62a65f7c0_0 .net "RDATA_4", 0 0, L_0x7fc62a77aaf0;  1 drivers
v0x7fc62a66bdd0_0 .net "RDATA_5", 0 0, L_0x7fc62a77aa50;  1 drivers
v0x7fc62a66be60_0 .net "RDATA_6", 0 0, L_0x7fc62a77a9b0;  1 drivers
v0x7fc62a66b9d0_0 .net "RDATA_7", 0 0, L_0x7fc62a77a910;  1 drivers
v0x7fc62a66ba60_0 .net "RDATA_8", 0 0, L_0x7fc62a77a870;  1 drivers
v0x7fc62a6600f0_0 .net "RDATA_9", 0 0, L_0x7fc62a77a6d0;  1 drivers
o0x7fc62b043a18 .functor BUFZ 1, C4<z>; HiZ drive
v0x7fc62a660180_0 .net "RE", 0 0, o0x7fc62b043a18;  0 drivers
o0x7fc62b043a48 .functor BUFZ 1, C4<z>; HiZ drive
v0x7fc62a654780_0 .net "WADDR_0", 0 0, o0x7fc62b043a48;  0 drivers
o0x7fc62b043a78 .functor BUFZ 1, C4<z>; HiZ drive
v0x7fc62a654810_0 .net "WADDR_1", 0 0, o0x7fc62b043a78;  0 drivers
o0x7fc62b043aa8 .functor BUFZ 1, C4<z>; HiZ drive
v0x7fc62a652230_0 .net "WADDR_10", 0 0, o0x7fc62b043aa8;  0 drivers
o0x7fc62b043ad8 .functor BUFZ 1, C4<z>; HiZ drive
v0x7fc62a6522c0_0 .net "WADDR_2", 0 0, o0x7fc62b043ad8;  0 drivers
o0x7fc62b043b08 .functor BUFZ 1, C4<z>; HiZ drive
v0x7fc62a685620_0 .net "WADDR_3", 0 0, o0x7fc62b043b08;  0 drivers
o0x7fc62b043b38 .functor BUFZ 1, C4<z>; HiZ drive
v0x7fc62a6856b0_0 .net "WADDR_4", 0 0, o0x7fc62b043b38;  0 drivers
o0x7fc62b043b68 .functor BUFZ 1, C4<z>; HiZ drive
v0x7fc62a6852b0_0 .net "WADDR_5", 0 0, o0x7fc62b043b68;  0 drivers
o0x7fc62b043b98 .functor BUFZ 1, C4<z>; HiZ drive
v0x7fc62a685340_0 .net "WADDR_6", 0 0, o0x7fc62b043b98;  0 drivers
o0x7fc62b043bc8 .functor BUFZ 1, C4<z>; HiZ drive
v0x7fc62a67a290_0 .net "WADDR_7", 0 0, o0x7fc62b043bc8;  0 drivers
o0x7fc62b043bf8 .functor BUFZ 1, C4<z>; HiZ drive
v0x7fc62a67a320_0 .net "WADDR_8", 0 0, o0x7fc62b043bf8;  0 drivers
o0x7fc62b043c28 .functor BUFZ 1, C4<z>; HiZ drive
v0x7fc62a679f20_0 .net "WADDR_9", 0 0, o0x7fc62b043c28;  0 drivers
o0x7fc62b043c58 .functor BUFZ 1, C4<z>; HiZ drive
v0x7fc62a679fb0_0 .net "WCLK", 0 0, o0x7fc62b043c58;  0 drivers
o0x7fc62b043c88 .functor BUFZ 1, C4<z>; HiZ drive
v0x7fc62a665fe0_0 .net "WCLKE", 0 0, o0x7fc62b043c88;  0 drivers
o0x7fc62b043cb8 .functor BUFZ 1, C4<z>; HiZ drive
v0x7fc62a666070_0 .net "WDATA_0", 0 0, o0x7fc62b043cb8;  0 drivers
o0x7fc62b043ce8 .functor BUFZ 1, C4<z>; HiZ drive
v0x7fc62a6659a0_0 .net "WDATA_1", 0 0, o0x7fc62b043ce8;  0 drivers
o0x7fc62b043d18 .functor BUFZ 1, C4<z>; HiZ drive
v0x7fc62a665a30_0 .net "WDATA_10", 0 0, o0x7fc62b043d18;  0 drivers
o0x7fc62b043d48 .functor BUFZ 1, C4<z>; HiZ drive
v0x7fc62a664fa0_0 .net "WDATA_11", 0 0, o0x7fc62b043d48;  0 drivers
o0x7fc62b043d78 .functor BUFZ 1, C4<z>; HiZ drive
v0x7fc62a665030_0 .net "WDATA_12", 0 0, o0x7fc62b043d78;  0 drivers
o0x7fc62b043da8 .functor BUFZ 1, C4<z>; HiZ drive
v0x7fc62a6641d0_0 .net "WDATA_13", 0 0, o0x7fc62b043da8;  0 drivers
o0x7fc62b043dd8 .functor BUFZ 1, C4<z>; HiZ drive
v0x7fc62a664260_0 .net "WDATA_14", 0 0, o0x7fc62b043dd8;  0 drivers
o0x7fc62b043e08 .functor BUFZ 1, C4<z>; HiZ drive
v0x7fc62a6711a0_0 .net "WDATA_15", 0 0, o0x7fc62b043e08;  0 drivers
o0x7fc62b043e38 .functor BUFZ 1, C4<z>; HiZ drive
v0x7fc62a671230_0 .net "WDATA_2", 0 0, o0x7fc62b043e38;  0 drivers
o0x7fc62b043e68 .functor BUFZ 1, C4<z>; HiZ drive
v0x7fc62a65aae0_0 .net "WDATA_3", 0 0, o0x7fc62b043e68;  0 drivers
o0x7fc62b043e98 .functor BUFZ 1, C4<z>; HiZ drive
v0x7fc62a65ab70_0 .net "WDATA_4", 0 0, o0x7fc62b043e98;  0 drivers
o0x7fc62b043ec8 .functor BUFZ 1, C4<z>; HiZ drive
v0x7fc62a657d80_0 .net "WDATA_5", 0 0, o0x7fc62b043ec8;  0 drivers
o0x7fc62b043ef8 .functor BUFZ 1, C4<z>; HiZ drive
v0x7fc62a657e10_0 .net "WDATA_6", 0 0, o0x7fc62b043ef8;  0 drivers
o0x7fc62b043f28 .functor BUFZ 1, C4<z>; HiZ drive
v0x7fc62a652560_0 .net "WDATA_7", 0 0, o0x7fc62b043f28;  0 drivers
o0x7fc62b043f58 .functor BUFZ 1, C4<z>; HiZ drive
v0x7fc62a6525f0_0 .net "WDATA_8", 0 0, o0x7fc62b043f58;  0 drivers
o0x7fc62b043f88 .functor BUFZ 1, C4<z>; HiZ drive
v0x7fc62a654e50_0 .net "WDATA_9", 0 0, o0x7fc62b043f88;  0 drivers
o0x7fc62b043fb8 .functor BUFZ 1, C4<z>; HiZ drive
v0x7fc62a654ee0_0 .net "WE", 0 0, o0x7fc62b043fb8;  0 drivers
v0x7fc62a654ae0_0 .net *"_ivl_100", 0 0, L_0x7fc62a5683e0;  1 drivers
v0x7fc62a654b70_0 .net *"_ivl_102", 0 0, L_0x7fc62a5684c0;  1 drivers
v0x7fc62a674f80_0 .net *"_ivl_104", 0 0, L_0x7fc62a5685a0;  1 drivers
v0x7fc62a675010_0 .net *"_ivl_106", 0 0, L_0x7fc62a568680;  1 drivers
v0x7fc62a6750a0_0 .net *"_ivl_108", 0 0, L_0x7fc62a568770;  1 drivers
v0x7fc62a670000_0 .net *"_ivl_110", 0 0, L_0x7fc62a568860;  1 drivers
v0x7fc62a670090_0 .net *"_ivl_112", 0 0, L_0x7fc62a568950;  1 drivers
v0x7fc62a670120_0 .net *"_ivl_114", 0 0, L_0x7fc62a568a40;  1 drivers
v0x7fc62a673cc0_0 .net *"_ivl_116", 0 0, L_0x7fc62a568b40;  1 drivers
v0x7fc62a673d50_0 .net *"_ivl_120", 0 0, L_0x7fc62a568d40;  1 drivers
v0x7fc62a673de0_0 .net *"_ivl_122", 0 0, L_0x7fc62a568de0;  1 drivers
v0x7fc62a66e980_0 .net *"_ivl_124", 0 0, L_0x7fc62a568e80;  1 drivers
v0x7fc62a66ea10_0 .net *"_ivl_126", 0 0, L_0x7fc62a5695d0;  1 drivers
v0x7fc62a66eaa0_0 .net *"_ivl_128", 0 0, L_0x7fc62a5693c0;  1 drivers
v0x7fc62a60e5f0_0 .net *"_ivl_130", 0 0, L_0x7fc62a569460;  1 drivers
v0x7fc62a60e680_0 .net *"_ivl_132", 0 0, L_0x7fc62a569500;  1 drivers
v0x7fc62a60e710_0 .net *"_ivl_134", 0 0, L_0x7fc62a5698a0;  1 drivers
v0x7fc62a604600_0 .net *"_ivl_136", 0 0, L_0x7fc62a569670;  1 drivers
v0x7fc62a604690_0 .net *"_ivl_138", 0 0, L_0x7fc62a569760;  1 drivers
v0x7fc62a604720_0 .net *"_ivl_140", 0 0, L_0x7fc62a6a7ca0;  1 drivers
v0x7fc62a6047b0_0 .net *"_ivl_142", 0 0, L_0x7fc62a6a7d40;  1 drivers
v0x7fc62a604840_0 .net *"_ivl_144", 0 0, L_0x7fc62a6a7de0;  1 drivers
v0x7fc62a60c130_0 .net *"_ivl_146", 0 0, L_0x7fc62a6a7e80;  1 drivers
v0x7fc62a60c1c0_0 .net *"_ivl_148", 0 0, L_0x7fc62a6a7f20;  1 drivers
v0x7fc62a60c250_0 .net *"_ivl_150", 0 0, L_0x7fc62a6a7fc0;  1 drivers
v0x7fc62a60c2e0_0 .net *"_ivl_18", 0 0, L_0x7fc62a555bc0;  1 drivers
v0x7fc62a60c370_0 .net/2u *"_ivl_19", 0 0, L_0x7fc62b073320;  1 drivers
v0x7fc62a60ae00_0 .net *"_ivl_28", 0 0, L_0x7fc62a566b40;  1 drivers
v0x7fc62a60ae90_0 .net *"_ivl_30", 0 0, L_0x7fc62a566be0;  1 drivers
v0x7fc62a60af20_0 .net *"_ivl_32", 0 0, L_0x7fc62a566aa0;  1 drivers
v0x7fc62a60afb0_0 .net *"_ivl_34", 0 0, L_0x7fc62a5668c0;  1 drivers
v0x7fc62a60b040_0 .net *"_ivl_36", 0 0, L_0x7fc62a566d40;  1 drivers
v0x7fc62a60b0d0_0 .net *"_ivl_38", 0 0, L_0x7fc62a566de0;  1 drivers
v0x7fc62a609b50_0 .net *"_ivl_40", 0 0, L_0x7fc62a566f50;  1 drivers
v0x7fc62a609be0_0 .net *"_ivl_42", 0 0, L_0x7fc62a566ff0;  1 drivers
v0x7fc62a609c70_0 .net *"_ivl_44", 0 0, L_0x7fc62a566c80;  1 drivers
v0x7fc62a609d00_0 .net *"_ivl_46", 0 0, L_0x7fc62a567170;  1 drivers
v0x7fc62a609d90_0 .net *"_ivl_48", 0 0, L_0x7fc62a566e80;  1 drivers
v0x7fc62a609e20_0 .net *"_ivl_52", 0 0, L_0x7fc62a567090;  1 drivers
v0x7fc62a697800_0 .net/2u *"_ivl_53", 0 0, L_0x7fc62b073368;  1 drivers
v0x7fc62a697890_0 .net *"_ivl_62", 0 0, L_0x7fc62a567550;  1 drivers
v0x7fc62a697920_0 .net *"_ivl_64", 0 0, L_0x7fc62a5673a0;  1 drivers
v0x7fc62a6979b0_0 .net *"_ivl_66", 0 0, L_0x7fc62a567710;  1 drivers
v0x7fc62a697a40_0 .net *"_ivl_68", 0 0, L_0x7fc62a5675f0;  1 drivers
v0x7fc62a697ad0_0 .net *"_ivl_70", 0 0, L_0x7fc62a5678e0;  1 drivers
v0x7fc62a697b60_0 .net *"_ivl_72", 0 0, L_0x7fc62a5677b0;  1 drivers
v0x7fc62a697bf0_0 .net *"_ivl_74", 0 0, L_0x7fc62a567ac0;  1 drivers
v0x7fc62a697c80_0 .net *"_ivl_76", 0 0, L_0x7fc62a567980;  1 drivers
v0x7fc62a697d10_0 .net *"_ivl_78", 0 0, L_0x7fc62a567a20;  1 drivers
v0x7fc62a697da0_0 .net *"_ivl_80", 0 0, L_0x7fc62a567cc0;  1 drivers
v0x7fc62a697e30_0 .net *"_ivl_82", 0 0, L_0x7fc62a567d60;  1 drivers
v0x7fc62a697ec0_0 .net *"_ivl_86", 0 0, L_0x7fc62a568070;  1 drivers
v0x7fc62a697f50_0 .net *"_ivl_88", 0 0, L_0x7fc62a567e00;  1 drivers
v0x7fc62a697fe0_0 .net *"_ivl_90", 0 0, L_0x7fc62a567ea0;  1 drivers
v0x7fc62a698070_0 .net *"_ivl_92", 0 0, L_0x7fc62a5682a0;  1 drivers
v0x7fc62a698100_0 .net *"_ivl_94", 0 0, L_0x7fc62a568340;  1 drivers
v0x7fc62a698190_0 .net *"_ivl_96", 0 0, L_0x7fc62a568110;  1 drivers
v0x7fc62a698220_0 .net *"_ivl_98", 0 0, L_0x7fc62a5681d0;  1 drivers
L_0x7fc62a77a310 .part v0x7fc62a643640_0, 15, 1;
L_0x7fc62a77a3b0 .part v0x7fc62a643640_0, 14, 1;
L_0x7fc62a77a450 .part v0x7fc62a643640_0, 13, 1;
L_0x7fc62a77a4f0 .part v0x7fc62a643640_0, 12, 1;
L_0x7fc62a77a590 .part v0x7fc62a643640_0, 11, 1;
L_0x7fc62a77a630 .part v0x7fc62a643640_0, 10, 1;
L_0x7fc62a77a6d0 .part v0x7fc62a643640_0, 9, 1;
L_0x7fc62a77a870 .part v0x7fc62a643640_0, 8, 1;
L_0x7fc62a77a910 .part v0x7fc62a643640_0, 7, 1;
L_0x7fc62a77a9b0 .part v0x7fc62a643640_0, 6, 1;
L_0x7fc62a77aa50 .part v0x7fc62a643640_0, 5, 1;
L_0x7fc62a77aaf0 .part v0x7fc62a643640_0, 4, 1;
L_0x7fc62a77ab90 .part v0x7fc62a643640_0, 3, 1;
L_0x7fc62a54cff0 .part v0x7fc62a643640_0, 2, 1;
L_0x7fc62a54bb20 .part v0x7fc62a643640_0, 1, 1;
L_0x7fc62a555b20 .part v0x7fc62a643640_0, 0, 1;
L_0x7fc62a555bc0 .ufunc/vec4 TD_ICESTORM_RAM.pd, 1, o0x7fc62b0436b8 (v0x7fc62a6948c0_0) S_0x7fc62a62da80;
L_0x7fc62a566960 .ufunc/vec4 TD_ICESTORM_RAM.pu, 1, o0x7fc62b0436e8 (v0x7fc62a695a80_0) S_0x7fc62a696c10;
L_0x7fc62a566a00 .ufunc/vec4 TD_ICESTORM_RAM.pd, 1, o0x7fc62b043a18 (v0x7fc62a6948c0_0) S_0x7fc62a62da80;
L_0x7fc62a566b40 .ufunc/vec4 TD_ICESTORM_RAM.pd, 1, o0x7fc62b043508 (v0x7fc62a6948c0_0) S_0x7fc62a62da80;
L_0x7fc62a566be0 .ufunc/vec4 TD_ICESTORM_RAM.pd, 1, o0x7fc62b043688 (v0x7fc62a6948c0_0) S_0x7fc62a62da80;
L_0x7fc62a566aa0 .ufunc/vec4 TD_ICESTORM_RAM.pd, 1, o0x7fc62b043658 (v0x7fc62a6948c0_0) S_0x7fc62a62da80;
L_0x7fc62a5668c0 .ufunc/vec4 TD_ICESTORM_RAM.pd, 1, o0x7fc62b043628 (v0x7fc62a6948c0_0) S_0x7fc62a62da80;
L_0x7fc62a566d40 .ufunc/vec4 TD_ICESTORM_RAM.pd, 1, o0x7fc62b0435f8 (v0x7fc62a6948c0_0) S_0x7fc62a62da80;
L_0x7fc62a566de0 .ufunc/vec4 TD_ICESTORM_RAM.pd, 1, o0x7fc62b0435c8 (v0x7fc62a6948c0_0) S_0x7fc62a62da80;
L_0x7fc62a566f50 .ufunc/vec4 TD_ICESTORM_RAM.pd, 1, o0x7fc62b043598 (v0x7fc62a6948c0_0) S_0x7fc62a62da80;
L_0x7fc62a566ff0 .ufunc/vec4 TD_ICESTORM_RAM.pd, 1, o0x7fc62b043568 (v0x7fc62a6948c0_0) S_0x7fc62a62da80;
L_0x7fc62a566c80 .ufunc/vec4 TD_ICESTORM_RAM.pd, 1, o0x7fc62b043538 (v0x7fc62a6948c0_0) S_0x7fc62a62da80;
L_0x7fc62a567170 .ufunc/vec4 TD_ICESTORM_RAM.pd, 1, o0x7fc62b0434d8 (v0x7fc62a6948c0_0) S_0x7fc62a62da80;
L_0x7fc62a566e80 .ufunc/vec4 TD_ICESTORM_RAM.pd, 1, o0x7fc62b0434a8 (v0x7fc62a6948c0_0) S_0x7fc62a62da80;
LS_0x7fc62a567300_0_0 .concat [ 1 1 1 1], L_0x7fc62a566e80, L_0x7fc62a567170, L_0x7fc62a566c80, L_0x7fc62a566ff0;
LS_0x7fc62a567300_0_4 .concat [ 1 1 1 1], L_0x7fc62a566f50, L_0x7fc62a566de0, L_0x7fc62a566d40, L_0x7fc62a5668c0;
LS_0x7fc62a567300_0_8 .concat [ 1 1 1 0], L_0x7fc62a566aa0, L_0x7fc62a566be0, L_0x7fc62a566b40;
L_0x7fc62a567300 .concat [ 4 4 3 0], LS_0x7fc62a567300_0_0, LS_0x7fc62a567300_0_4, LS_0x7fc62a567300_0_8;
L_0x7fc62a567090 .ufunc/vec4 TD_ICESTORM_RAM.pd, 1, o0x7fc62b043c58 (v0x7fc62a6948c0_0) S_0x7fc62a62da80;
L_0x7fc62a567210 .ufunc/vec4 TD_ICESTORM_RAM.pu, 1, o0x7fc62b043c88 (v0x7fc62a695a80_0) S_0x7fc62a696c10;
L_0x7fc62a5674b0 .ufunc/vec4 TD_ICESTORM_RAM.pd, 1, o0x7fc62b043fb8 (v0x7fc62a6948c0_0) S_0x7fc62a62da80;
L_0x7fc62a567550 .ufunc/vec4 TD_ICESTORM_RAM.pd, 1, o0x7fc62b043aa8 (v0x7fc62a6948c0_0) S_0x7fc62a62da80;
L_0x7fc62a5673a0 .ufunc/vec4 TD_ICESTORM_RAM.pd, 1, o0x7fc62b043c28 (v0x7fc62a6948c0_0) S_0x7fc62a62da80;
L_0x7fc62a567710 .ufunc/vec4 TD_ICESTORM_RAM.pd, 1, o0x7fc62b043bf8 (v0x7fc62a6948c0_0) S_0x7fc62a62da80;
L_0x7fc62a5675f0 .ufunc/vec4 TD_ICESTORM_RAM.pd, 1, o0x7fc62b043bc8 (v0x7fc62a6948c0_0) S_0x7fc62a62da80;
L_0x7fc62a5678e0 .ufunc/vec4 TD_ICESTORM_RAM.pd, 1, o0x7fc62b043b98 (v0x7fc62a6948c0_0) S_0x7fc62a62da80;
L_0x7fc62a5677b0 .ufunc/vec4 TD_ICESTORM_RAM.pd, 1, o0x7fc62b043b68 (v0x7fc62a6948c0_0) S_0x7fc62a62da80;
L_0x7fc62a567ac0 .ufunc/vec4 TD_ICESTORM_RAM.pd, 1, o0x7fc62b043b38 (v0x7fc62a6948c0_0) S_0x7fc62a62da80;
L_0x7fc62a567980 .ufunc/vec4 TD_ICESTORM_RAM.pd, 1, o0x7fc62b043b08 (v0x7fc62a6948c0_0) S_0x7fc62a62da80;
L_0x7fc62a567a20 .ufunc/vec4 TD_ICESTORM_RAM.pd, 1, o0x7fc62b043ad8 (v0x7fc62a6948c0_0) S_0x7fc62a62da80;
L_0x7fc62a567cc0 .ufunc/vec4 TD_ICESTORM_RAM.pd, 1, o0x7fc62b043a78 (v0x7fc62a6948c0_0) S_0x7fc62a62da80;
L_0x7fc62a567d60 .ufunc/vec4 TD_ICESTORM_RAM.pd, 1, o0x7fc62b043a48 (v0x7fc62a6948c0_0) S_0x7fc62a62da80;
LS_0x7fc62a567b60_0_0 .concat [ 1 1 1 1], L_0x7fc62a567d60, L_0x7fc62a567cc0, L_0x7fc62a567a20, L_0x7fc62a567980;
LS_0x7fc62a567b60_0_4 .concat [ 1 1 1 1], L_0x7fc62a567ac0, L_0x7fc62a5677b0, L_0x7fc62a5678e0, L_0x7fc62a5675f0;
LS_0x7fc62a567b60_0_8 .concat [ 1 1 1 0], L_0x7fc62a567710, L_0x7fc62a5673a0, L_0x7fc62a567550;
L_0x7fc62a567b60 .concat [ 4 4 3 0], LS_0x7fc62a567b60_0_0, LS_0x7fc62a567b60_0_4, LS_0x7fc62a567b60_0_8;
L_0x7fc62a568070 .ufunc/vec4 TD_ICESTORM_RAM.pd, 1, o0x7fc62b0432f8 (v0x7fc62a6948c0_0) S_0x7fc62a62da80;
L_0x7fc62a567e00 .ufunc/vec4 TD_ICESTORM_RAM.pd, 1, o0x7fc62b0432c8 (v0x7fc62a6948c0_0) S_0x7fc62a62da80;
L_0x7fc62a567ea0 .ufunc/vec4 TD_ICESTORM_RAM.pd, 1, o0x7fc62b043298 (v0x7fc62a6948c0_0) S_0x7fc62a62da80;
L_0x7fc62a5682a0 .ufunc/vec4 TD_ICESTORM_RAM.pd, 1, o0x7fc62b043268 (v0x7fc62a6948c0_0) S_0x7fc62a62da80;
L_0x7fc62a568340 .ufunc/vec4 TD_ICESTORM_RAM.pd, 1, o0x7fc62b043238 (v0x7fc62a6948c0_0) S_0x7fc62a62da80;
L_0x7fc62a568110 .ufunc/vec4 TD_ICESTORM_RAM.pd, 1, o0x7fc62b043208 (v0x7fc62a6948c0_0) S_0x7fc62a62da80;
L_0x7fc62a5681d0 .ufunc/vec4 TD_ICESTORM_RAM.pd, 1, o0x7fc62b043478 (v0x7fc62a6948c0_0) S_0x7fc62a62da80;
L_0x7fc62a5683e0 .ufunc/vec4 TD_ICESTORM_RAM.pd, 1, o0x7fc62b043448 (v0x7fc62a6948c0_0) S_0x7fc62a62da80;
L_0x7fc62a5684c0 .ufunc/vec4 TD_ICESTORM_RAM.pd, 1, o0x7fc62b043418 (v0x7fc62a6948c0_0) S_0x7fc62a62da80;
L_0x7fc62a5685a0 .ufunc/vec4 TD_ICESTORM_RAM.pd, 1, o0x7fc62b0433e8 (v0x7fc62a6948c0_0) S_0x7fc62a62da80;
L_0x7fc62a568680 .ufunc/vec4 TD_ICESTORM_RAM.pd, 1, o0x7fc62b0433b8 (v0x7fc62a6948c0_0) S_0x7fc62a62da80;
L_0x7fc62a568770 .ufunc/vec4 TD_ICESTORM_RAM.pd, 1, o0x7fc62b043388 (v0x7fc62a6948c0_0) S_0x7fc62a62da80;
L_0x7fc62a568860 .ufunc/vec4 TD_ICESTORM_RAM.pd, 1, o0x7fc62b043358 (v0x7fc62a6948c0_0) S_0x7fc62a62da80;
L_0x7fc62a568950 .ufunc/vec4 TD_ICESTORM_RAM.pd, 1, o0x7fc62b043328 (v0x7fc62a6948c0_0) S_0x7fc62a62da80;
L_0x7fc62a568a40 .ufunc/vec4 TD_ICESTORM_RAM.pd, 1, o0x7fc62b0431d8 (v0x7fc62a6948c0_0) S_0x7fc62a62da80;
L_0x7fc62a568b40 .ufunc/vec4 TD_ICESTORM_RAM.pd, 1, o0x7fc62b0431a8 (v0x7fc62a6948c0_0) S_0x7fc62a62da80;
LS_0x7fc62a568c20_0_0 .concat [ 1 1 1 1], L_0x7fc62a568b40, L_0x7fc62a568a40, L_0x7fc62a568950, L_0x7fc62a568860;
LS_0x7fc62a568c20_0_4 .concat [ 1 1 1 1], L_0x7fc62a568770, L_0x7fc62a568680, L_0x7fc62a5685a0, L_0x7fc62a5684c0;
LS_0x7fc62a568c20_0_8 .concat [ 1 1 1 1], L_0x7fc62a5683e0, L_0x7fc62a5681d0, L_0x7fc62a568110, L_0x7fc62a568340;
LS_0x7fc62a568c20_0_12 .concat [ 1 1 1 1], L_0x7fc62a5682a0, L_0x7fc62a567ea0, L_0x7fc62a567e00, L_0x7fc62a568070;
L_0x7fc62a568c20 .concat [ 4 4 4 4], LS_0x7fc62a568c20_0_0, LS_0x7fc62a568c20_0_4, LS_0x7fc62a568c20_0_8, LS_0x7fc62a568c20_0_12;
L_0x7fc62a568d40 .ufunc/vec4 TD_ICESTORM_RAM.pd, 1, o0x7fc62b043e08 (v0x7fc62a6948c0_0) S_0x7fc62a62da80;
L_0x7fc62a568de0 .ufunc/vec4 TD_ICESTORM_RAM.pd, 1, o0x7fc62b043dd8 (v0x7fc62a6948c0_0) S_0x7fc62a62da80;
L_0x7fc62a568e80 .ufunc/vec4 TD_ICESTORM_RAM.pd, 1, o0x7fc62b043da8 (v0x7fc62a6948c0_0) S_0x7fc62a62da80;
L_0x7fc62a5695d0 .ufunc/vec4 TD_ICESTORM_RAM.pd, 1, o0x7fc62b043d78 (v0x7fc62a6948c0_0) S_0x7fc62a62da80;
L_0x7fc62a5693c0 .ufunc/vec4 TD_ICESTORM_RAM.pd, 1, o0x7fc62b043d48 (v0x7fc62a6948c0_0) S_0x7fc62a62da80;
L_0x7fc62a569460 .ufunc/vec4 TD_ICESTORM_RAM.pd, 1, o0x7fc62b043d18 (v0x7fc62a6948c0_0) S_0x7fc62a62da80;
L_0x7fc62a569500 .ufunc/vec4 TD_ICESTORM_RAM.pd, 1, o0x7fc62b043f88 (v0x7fc62a6948c0_0) S_0x7fc62a62da80;
L_0x7fc62a5698a0 .ufunc/vec4 TD_ICESTORM_RAM.pd, 1, o0x7fc62b043f58 (v0x7fc62a6948c0_0) S_0x7fc62a62da80;
L_0x7fc62a569670 .ufunc/vec4 TD_ICESTORM_RAM.pd, 1, o0x7fc62b043f28 (v0x7fc62a6948c0_0) S_0x7fc62a62da80;
L_0x7fc62a569760 .ufunc/vec4 TD_ICESTORM_RAM.pd, 1, o0x7fc62b043ef8 (v0x7fc62a6948c0_0) S_0x7fc62a62da80;
L_0x7fc62a6a7ca0 .ufunc/vec4 TD_ICESTORM_RAM.pd, 1, o0x7fc62b043ec8 (v0x7fc62a6948c0_0) S_0x7fc62a62da80;
L_0x7fc62a6a7d40 .ufunc/vec4 TD_ICESTORM_RAM.pd, 1, o0x7fc62b043e98 (v0x7fc62a6948c0_0) S_0x7fc62a62da80;
L_0x7fc62a6a7de0 .ufunc/vec4 TD_ICESTORM_RAM.pd, 1, o0x7fc62b043e68 (v0x7fc62a6948c0_0) S_0x7fc62a62da80;
L_0x7fc62a6a7e80 .ufunc/vec4 TD_ICESTORM_RAM.pd, 1, o0x7fc62b043e38 (v0x7fc62a6948c0_0) S_0x7fc62a62da80;
L_0x7fc62a6a7f20 .ufunc/vec4 TD_ICESTORM_RAM.pd, 1, o0x7fc62b043ce8 (v0x7fc62a6948c0_0) S_0x7fc62a62da80;
L_0x7fc62a6a7fc0 .ufunc/vec4 TD_ICESTORM_RAM.pd, 1, o0x7fc62b043cb8 (v0x7fc62a6948c0_0) S_0x7fc62a62da80;
LS_0x7fc62a6a8060_0_0 .concat [ 1 1 1 1], L_0x7fc62a6a7fc0, L_0x7fc62a6a7f20, L_0x7fc62a6a7e80, L_0x7fc62a6a7de0;
LS_0x7fc62a6a8060_0_4 .concat [ 1 1 1 1], L_0x7fc62a6a7d40, L_0x7fc62a6a7ca0, L_0x7fc62a569760, L_0x7fc62a569670;
LS_0x7fc62a6a8060_0_8 .concat [ 1 1 1 1], L_0x7fc62a5698a0, L_0x7fc62a569500, L_0x7fc62a569460, L_0x7fc62a5693c0;
LS_0x7fc62a6a8060_0_12 .concat [ 1 1 1 1], L_0x7fc62a5695d0, L_0x7fc62a568e80, L_0x7fc62a568de0, L_0x7fc62a568d40;
L_0x7fc62a6a8060 .concat [ 4 4 4 4], LS_0x7fc62a6a8060_0_0, LS_0x7fc62a6a8060_0_4, LS_0x7fc62a6a8060_0_8, LS_0x7fc62a6a8060_0_12;
S_0x7fc62a6955b0 .scope module, "RAM" "SB_RAM40_4K" 2 3233, 2 1487 0, S_0x7fc62a53bfe0;
 .timescale -12 -12;
    .port_info 0 /OUTPUT 16 "RDATA";
    .port_info 1 /INPUT 1 "RCLK";
    .port_info 2 /INPUT 1 "RCLKE";
    .port_info 3 /INPUT 1 "RE";
    .port_info 4 /INPUT 11 "RADDR";
    .port_info 5 /INPUT 1 "WCLK";
    .port_info 6 /INPUT 1 "WCLKE";
    .port_info 7 /INPUT 1 "WE";
    .port_info 8 /INPUT 11 "WADDR";
    .port_info 9 /INPUT 16 "MASK";
    .port_info 10 /INPUT 16 "WDATA";
P_0x7fc62b81c800 .param/l "INIT_0" 0 2 1507, C4<0000000000000000000000000000000000000000000000000000000000000000000000000000000000000000000000000000000000000000000000000000000000000000000000000000000000000000000000000000000000000000000000000000000000000000000000000000000000000000000000000000000000000000>;
P_0x7fc62b81c840 .param/l "INIT_1" 0 2 1508, C4<0000000000000000000000000000000000000000000000000000000000000000000000000000000000000000000000000000000000000000000000000000000000000000000000000000000000000000000000000000000000000000000000000000000000000000000000000000000000000000000000000000000000000000>;
P_0x7fc62b81c880 .param/l "INIT_2" 0 2 1509, C4<0000000000000000000000000000000000000000000000000000000000000000000000000000000000000000000000000000000000000000000000000000000000000000000000000000000000000000000000000000000000000000000000000000000000000000000000000000000000000000000000000000000000000000>;
P_0x7fc62b81c8c0 .param/l "INIT_3" 0 2 1510, C4<0000000000000000000000000000000000000000000000000000000000000000000000000000000000000000000000000000000000000000000000000000000000000000000000000000000000000000000000000000000000000000000000000000000000000000000000000000000000000000000000000000000000000000>;
P_0x7fc62b81c900 .param/l "INIT_4" 0 2 1511, C4<0000000000000000000000000000000000000000000000000000000000000000000000000000000000000000000000000000000000000000000000000000000000000000000000000000000000000000000000000000000000000000000000000000000000000000000000000000000000000000000000000000000000000000>;
P_0x7fc62b81c940 .param/l "INIT_5" 0 2 1512, C4<0000000000000000000000000000000000000000000000000000000000000000000000000000000000000000000000000000000000000000000000000000000000000000000000000000000000000000000000000000000000000000000000000000000000000000000000000000000000000000000000000000000000000000>;
P_0x7fc62b81c980 .param/l "INIT_6" 0 2 1513, C4<0000000000000000000000000000000000000000000000000000000000000000000000000000000000000000000000000000000000000000000000000000000000000000000000000000000000000000000000000000000000000000000000000000000000000000000000000000000000000000000000000000000000000000>;
P_0x7fc62b81c9c0 .param/l "INIT_7" 0 2 1514, C4<0000000000000000000000000000000000000000000000000000000000000000000000000000000000000000000000000000000000000000000000000000000000000000000000000000000000000000000000000000000000000000000000000000000000000000000000000000000000000000000000000000000000000000>;
P_0x7fc62b81ca00 .param/l "INIT_8" 0 2 1515, C4<0000000000000000000000000000000000000000000000000000000000000000000000000000000000000000000000000000000000000000000000000000000000000000000000000000000000000000000000000000000000000000000000000000000000000000000000000000000000000000000000000000000000000000>;
P_0x7fc62b81ca40 .param/l "INIT_9" 0 2 1516, C4<0000000000000000000000000000000000000000000000000000000000000000000000000000000000000000000000000000000000000000000000000000000000000000000000000000000000000000000000000000000000000000000000000000000000000000000000000000000000000000000000000000000000000000>;
P_0x7fc62b81ca80 .param/l "INIT_A" 0 2 1517, C4<0000000000000000000000000000000000000000000000000000000000000000000000000000000000000000000000000000000000000000000000000000000000000000000000000000000000000000000000000000000000000000000000000000000000000000000000000000000000000000000000000000000000000000>;
P_0x7fc62b81cac0 .param/l "INIT_B" 0 2 1518, C4<0000000000000000000000000000000000000000000000000000000000000000000000000000000000000000000000000000000000000000000000000000000000000000000000000000000000000000000000000000000000000000000000000000000000000000000000000000000000000000000000000000000000000000>;
P_0x7fc62b81cb00 .param/l "INIT_C" 0 2 1519, C4<0000000000000000000000000000000000000000000000000000000000000000000000000000000000000000000000000000000000000000000000000000000000000000000000000000000000000000000000000000000000000000000000000000000000000000000000000000000000000000000000000000000000000000>;
P_0x7fc62b81cb40 .param/l "INIT_D" 0 2 1520, C4<0000000000000000000000000000000000000000000000000000000000000000000000000000000000000000000000000000000000000000000000000000000000000000000000000000000000000000000000000000000000000000000000000000000000000000000000000000000000000000000000000000000000000000>;
P_0x7fc62b81cb80 .param/l "INIT_E" 0 2 1521, C4<0000000000000000000000000000000000000000000000000000000000000000000000000000000000000000000000000000000000000000000000000000000000000000000000000000000000000000000000000000000000000000000000000000000000000000000000000000000000000000000000000000000000000000>;
P_0x7fc62b81cbc0 .param/l "INIT_F" 0 2 1522, C4<0000000000000000000000000000000000000000000000000000000000000000000000000000000000000000000000000000000000000000000000000000000000000000000000000000000000000000000000000000000000000000000000000000000000000000000000000000000000000000000000000000000000000000>;
P_0x7fc62b81cc00 .param/str "INIT_FILE" 0 2 1524, "\000";
P_0x7fc62b81cc40 .param/l "READ_MODE" 0 2 1505, +C4<00000000000000000000000000000000>;
P_0x7fc62b81cc80 .param/l "WRITE_MODE" 0 2 1504, +C4<00000000000000000000000000000000>;
v0x7fc62a690ed0_0 .net "MASK", 15 0, L_0x7fc62a568c20;  1 drivers
v0x7fc62a65df30_0 .net "RADDR", 10 0, L_0x7fc62a567300;  1 drivers
v0x7fc62a65dfc0_0 .net "RCLK", 0 0, L_0x7fc62a54ed40;  1 drivers
v0x7fc62a65d410_0 .net "RCLKE", 0 0, L_0x7fc62a566960;  1 drivers
v0x7fc62a65d4a0_0 .net "RDATA", 15 0, v0x7fc62a643640_0;  1 drivers
v0x7fc62a643640_0 .var "RDATA_I", 15 0;
v0x7fc62a6436d0_0 .net "RE", 0 0, L_0x7fc62a566a00;  1 drivers
L_0x7fc62b0732d8 .functor BUFT 1, C4<0000000000000000>, C4<0>, C4<0>, C4<0>;
v0x7fc62a63feb0_0 .net "RMASK_I", 15 0, L_0x7fc62b0732d8;  1 drivers
v0x7fc62a63ff40_0 .net "WADDR", 10 0, L_0x7fc62a567b60;  1 drivers
v0x7fc62a64aa90_0 .net "WCLK", 0 0, L_0x7fc62a515fd0;  1 drivers
v0x7fc62a64ab20_0 .net "WCLKE", 0 0, L_0x7fc62a567210;  1 drivers
v0x7fc62a6471f0_0 .net "WDATA", 15 0, L_0x7fc62a6a8060;  1 drivers
v0x7fc62a647280_0 .net "WDATA_I", 15 0, L_0x7fc62a723400;  1 drivers
v0x7fc62a62f720_0 .net "WE", 0 0, L_0x7fc62a5674b0;  1 drivers
v0x7fc62a62f7b0_0 .net "WMASK_I", 15 0, L_0x7fc62a722f80;  1 drivers
v0x7fc62a62ee50_0 .var/i "i", 31 0;
v0x7fc62a62eee0 .array "memory", 255 0, 15 0;
E_0x7fc62a6107d0 .event posedge, v0x7fc62a65dfc0_0;
E_0x7fc62a60ee90 .event posedge, v0x7fc62a64aa90_0;
S_0x7fc62a66fb50 .scope generate, "genblk1" "genblk1" 2 1534, 2 1534 0, S_0x7fc62a6955b0;
 .timescale -12 -12;
L_0x7fc62a722f80 .functor BUFZ 16, L_0x7fc62a568c20, C4<0000000000000000>, C4<0000000000000000>, C4<0000000000000000>;
S_0x7fc62a66b240 .scope generate, "genblk2" "genblk2" 2 1555, 2 1555 0, S_0x7fc62a6955b0;
 .timescale -12 -12;
S_0x7fc62a65c8f0 .scope generate, "genblk3" "genblk3" 2 1576, 2 1576 0, S_0x7fc62a6955b0;
 .timescale -12 -12;
L_0x7fc62a723400 .functor BUFZ 16, L_0x7fc62a6a8060, C4<0000000000000000>, C4<0000000000000000>, C4<0000000000000000>;
S_0x7fc62a65ebd0 .scope generate, "genblk4" "genblk4" 2 1595, 2 1595 0, S_0x7fc62a6955b0;
 .timescale -12 -12;
S_0x7fc62a62da80 .scope function.vec4.s1, "pd" "pd" 2 3200, 2 3200 0, S_0x7fc62a53bfe0;
 .timescale -12 -12;
; Variable pd is vec4 return value of scope S_0x7fc62a62da80
v0x7fc62a6948c0_0 .var "x", 0 0;
TD_ICESTORM_RAM.pd ;
    %load/vec4 v0x7fc62a6948c0_0;
    %cmpi/e 0, 1, 1;
    %flag_mov 8, 6;
    %jmp/0 T_0.0, 8;
    %pushi/vec4 0, 0, 1;
    %jmp/1 T_0.1, 8;
T_0.0 ; End of true expr.
    %load/vec4 v0x7fc62a6948c0_0;
    %jmp/0 T_0.1, 8;
 ; End of false expr.
    %blend;
T_0.1;
    %ret/vec4 0, 0, 1;  Assign to pd (store_vec4_to_lval)
    %end;
S_0x7fc62a696c10 .scope function.vec4.s1, "pu" "pu" 2 3207, 2 3207 0, S_0x7fc62a53bfe0;
 .timescale -12 -12;
; Variable pu is vec4 return value of scope S_0x7fc62a696c10
v0x7fc62a695a80_0 .var "x", 0 0;
TD_ICESTORM_RAM.pu ;
    %load/vec4 v0x7fc62a695a80_0;
    %cmpi/e 0, 1, 1;
    %flag_mov 8, 6;
    %jmp/0 T_1.2, 8;
    %pushi/vec4 1, 0, 1;
    %jmp/1 T_1.3, 8;
T_1.2 ; End of true expr.
    %load/vec4 v0x7fc62a695a80_0;
    %jmp/0 T_1.3, 8;
 ; End of false expr.
    %blend;
T_1.3;
    %ret/vec4 0, 0, 1;  Assign to pu (store_vec4_to_lval)
    %end;
S_0x7fc62a508a30 .scope module, "SB_CARRY" "SB_CARRY" 2 228;
 .timescale -12 -12;
    .port_info 0 /OUTPUT 1 "CO";
    .port_info 1 /INPUT 1 "I0";
    .port_info 2 /INPUT 1 "I1";
    .port_info 3 /INPUT 1 "CI";
o0x7fc62b045968 .functor BUFZ 1, C4<z>; HiZ drive
o0x7fc62b045998 .functor BUFZ 1, C4<z>; HiZ drive
L_0x7fc62a6a8590 .functor AND 1, o0x7fc62b045968, o0x7fc62b045998, C4<1>, C4<1>;
L_0x7fc62a6a8600 .functor OR 1, o0x7fc62b045968, o0x7fc62b045998, C4<0>, C4<0>;
o0x7fc62b045908 .functor BUFZ 1, C4<z>; HiZ drive
L_0x7fc62a6a86f0 .functor AND 1, L_0x7fc62a6a8600, o0x7fc62b045908, C4<1>, C4<1>;
L_0x7fc62a6a87a0 .functor OR 1, L_0x7fc62a6a8590, L_0x7fc62a6a86f0, C4<0>, C4<0>;
v0x7fc62a698510_0 .net "CI", 0 0, o0x7fc62b045908;  0 drivers
v0x7fc62a6985a0_0 .net "CO", 0 0, L_0x7fc62a6a87a0;  1 drivers
v0x7fc62a698630_0 .net "I0", 0 0, o0x7fc62b045968;  0 drivers
v0x7fc62a6986c0_0 .net "I1", 0 0, o0x7fc62b045998;  0 drivers
v0x7fc62a698750_0 .net *"_ivl_1", 0 0, L_0x7fc62a6a8590;  1 drivers
v0x7fc62a6987e0_0 .net *"_ivl_3", 0 0, L_0x7fc62a6a8600;  1 drivers
v0x7fc62a698870_0 .net *"_ivl_5", 0 0, L_0x7fc62a6a86f0;  1 drivers
S_0x7fc62a508ba0 .scope module, "SB_DFF" "SB_DFF" 2 265;
 .timescale -12 -12;
    .port_info 0 /OUTPUT 1 "Q";
    .port_info 1 /INPUT 1 "C";
    .port_info 2 /INPUT 1 "D";
o0x7fc62b045b18 .functor BUFZ 1, C4<z>; HiZ drive
v0x7fc62a698900_0 .net "C", 0 0, o0x7fc62b045b18;  0 drivers
o0x7fc62b045b48 .functor BUFZ 1, C4<z>; HiZ drive
v0x7fc62a698990_0 .net "D", 0 0, o0x7fc62b045b48;  0 drivers
v0x7fc62a698a20_0 .var "Q", 0 0;
E_0x7fc62a60e7a0 .event posedge, v0x7fc62a698900_0;
S_0x7fc62a507f60 .scope module, "SB_DFFE" "SB_DFFE" 2 303;
 .timescale -12 -12;
    .port_info 0 /OUTPUT 1 "Q";
    .port_info 1 /INPUT 1 "C";
    .port_info 2 /INPUT 1 "E";
    .port_info 3 /INPUT 1 "D";
o0x7fc62b045c38 .functor BUFZ 1, C4<z>; HiZ drive
v0x7fc62a698ab0_0 .net "C", 0 0, o0x7fc62b045c38;  0 drivers
o0x7fc62b045c68 .functor BUFZ 1, C4<z>; HiZ drive
v0x7fc62a698b40_0 .net "D", 0 0, o0x7fc62b045c68;  0 drivers
o0x7fc62b045c98 .functor BUFZ 1, C4<z>; HiZ drive
v0x7fc62a698bd0_0 .net "E", 0 0, o0x7fc62b045c98;  0 drivers
v0x7fc62a698c60_0 .var "Q", 0 0;
E_0x7fc62a63ffd0 .event posedge, v0x7fc62a698ab0_0;
S_0x7fc62a5080d0 .scope module, "SB_DFFER" "SB_DFFER" 2 653;
 .timescale -12 -12;
    .port_info 0 /OUTPUT 1 "Q";
    .port_info 1 /INPUT 1 "C";
    .port_info 2 /INPUT 1 "E";
    .port_info 3 /INPUT 1 "R";
    .port_info 4 /INPUT 1 "D";
o0x7fc62b045db8 .functor BUFZ 1, C4<z>; HiZ drive
v0x7fc62a698cf0_0 .net "C", 0 0, o0x7fc62b045db8;  0 drivers
o0x7fc62b045de8 .functor BUFZ 1, C4<z>; HiZ drive
v0x7fc62a698d80_0 .net "D", 0 0, o0x7fc62b045de8;  0 drivers
o0x7fc62b045e18 .functor BUFZ 1, C4<z>; HiZ drive
v0x7fc62a698e10_0 .net "E", 0 0, o0x7fc62b045e18;  0 drivers
v0x7fc62a698ea0_0 .var "Q", 0 0;
o0x7fc62b045e78 .functor BUFZ 1, C4<z>; HiZ drive
v0x7fc62a698f30_0 .net "R", 0 0, o0x7fc62b045e78;  0 drivers
E_0x7fc62a670410 .event posedge, v0x7fc62a698f30_0, v0x7fc62a698cf0_0;
S_0x7fc62a5495a0 .scope module, "SB_DFFES" "SB_DFFES" 2 794;
 .timescale -12 -12;
    .port_info 0 /OUTPUT 1 "Q";
    .port_info 1 /INPUT 1 "C";
    .port_info 2 /INPUT 1 "E";
    .port_info 3 /INPUT 1 "S";
    .port_info 4 /INPUT 1 "D";
o0x7fc62b045f98 .functor BUFZ 1, C4<z>; HiZ drive
v0x7fc62a698fc0_0 .net "C", 0 0, o0x7fc62b045f98;  0 drivers
o0x7fc62b045fc8 .functor BUFZ 1, C4<z>; HiZ drive
v0x7fc62a699050_0 .net "D", 0 0, o0x7fc62b045fc8;  0 drivers
o0x7fc62b045ff8 .functor BUFZ 1, C4<z>; HiZ drive
v0x7fc62a6990e0_0 .net "E", 0 0, o0x7fc62b045ff8;  0 drivers
v0x7fc62a699170_0 .var "Q", 0 0;
o0x7fc62b046058 .functor BUFZ 1, C4<z>; HiZ drive
v0x7fc62a699200_0 .net "S", 0 0, o0x7fc62b046058;  0 drivers
E_0x7fc62a66b7f0 .event posedge, v0x7fc62a699200_0, v0x7fc62a698fc0_0;
S_0x7fc62a549710 .scope module, "SB_DFFESR" "SB_DFFESR" 2 592;
 .timescale -12 -12;
    .port_info 0 /OUTPUT 1 "Q";
    .port_info 1 /INPUT 1 "C";
    .port_info 2 /INPUT 1 "E";
    .port_info 3 /INPUT 1 "R";
    .port_info 4 /INPUT 1 "D";
o0x7fc62b046178 .functor BUFZ 1, C4<z>; HiZ drive
v0x7fc62a699290_0 .net "C", 0 0, o0x7fc62b046178;  0 drivers
o0x7fc62b0461a8 .functor BUFZ 1, C4<z>; HiZ drive
v0x7fc62a699320_0 .net "D", 0 0, o0x7fc62b0461a8;  0 drivers
o0x7fc62b0461d8 .functor BUFZ 1, C4<z>; HiZ drive
v0x7fc62a6993b0_0 .net "E", 0 0, o0x7fc62b0461d8;  0 drivers
v0x7fc62a699440_0 .var "Q", 0 0;
o0x7fc62b046238 .functor BUFZ 1, C4<z>; HiZ drive
v0x7fc62a6994d0_0 .net "R", 0 0, o0x7fc62b046238;  0 drivers
E_0x7fc62a663570 .event posedge, v0x7fc62a699290_0;
S_0x7fc62a549960 .scope module, "SB_DFFESS" "SB_DFFESS" 2 733;
 .timescale -12 -12;
    .port_info 0 /OUTPUT 1 "Q";
    .port_info 1 /INPUT 1 "C";
    .port_info 2 /INPUT 1 "E";
    .port_info 3 /INPUT 1 "S";
    .port_info 4 /INPUT 1 "D";
o0x7fc62b046358 .functor BUFZ 1, C4<z>; HiZ drive
v0x7fc62a699560_0 .net "C", 0 0, o0x7fc62b046358;  0 drivers
o0x7fc62b046388 .functor BUFZ 1, C4<z>; HiZ drive
v0x7fc62a6995f0_0 .net "D", 0 0, o0x7fc62b046388;  0 drivers
o0x7fc62b0463b8 .functor BUFZ 1, C4<z>; HiZ drive
v0x7fc62a699680_0 .net "E", 0 0, o0x7fc62b0463b8;  0 drivers
v0x7fc62a699710_0 .var "Q", 0 0;
o0x7fc62b046418 .functor BUFZ 1, C4<z>; HiZ drive
v0x7fc62a6997a0_0 .net "S", 0 0, o0x7fc62b046418;  0 drivers
E_0x7fc62a684d60 .event posedge, v0x7fc62a699560_0;
S_0x7fc62a549ad0 .scope module, "SB_DFFN" "SB_DFFN" 2 876;
 .timescale -12 -12;
    .port_info 0 /OUTPUT 1 "Q";
    .port_info 1 /INPUT 1 "C";
    .port_info 2 /INPUT 1 "D";
o0x7fc62b046538 .functor BUFZ 1, C4<z>; HiZ drive
v0x7fc62a699830_0 .net "C", 0 0, o0x7fc62b046538;  0 drivers
o0x7fc62b046568 .functor BUFZ 1, C4<z>; HiZ drive
v0x7fc62a6998c0_0 .net "D", 0 0, o0x7fc62b046568;  0 drivers
v0x7fc62a699950_0 .var "Q", 0 0;
E_0x7fc62a694950 .event negedge, v0x7fc62a699830_0;
S_0x7fc62a549c40 .scope module, "SB_DFFNE" "SB_DFFNE" 2 914;
 .timescale -12 -12;
    .port_info 0 /OUTPUT 1 "Q";
    .port_info 1 /INPUT 1 "C";
    .port_info 2 /INPUT 1 "E";
    .port_info 3 /INPUT 1 "D";
o0x7fc62b046658 .functor BUFZ 1, C4<z>; HiZ drive
v0x7fc62a6999e0_0 .net "C", 0 0, o0x7fc62b046658;  0 drivers
o0x7fc62b046688 .functor BUFZ 1, C4<z>; HiZ drive
v0x7fc62a699a70_0 .net "D", 0 0, o0x7fc62b046688;  0 drivers
o0x7fc62b0466b8 .functor BUFZ 1, C4<z>; HiZ drive
v0x7fc62a699b00_0 .net "E", 0 0, o0x7fc62b0466b8;  0 drivers
v0x7fc62a699b90_0 .var "Q", 0 0;
E_0x7fc62a614000 .event negedge, v0x7fc62a6999e0_0;
S_0x7fc62a549db0 .scope module, "SB_DFFNER" "SB_DFFNER" 2 1264;
 .timescale -12 -12;
    .port_info 0 /OUTPUT 1 "Q";
    .port_info 1 /INPUT 1 "C";
    .port_info 2 /INPUT 1 "E";
    .port_info 3 /INPUT 1 "R";
    .port_info 4 /INPUT 1 "D";
o0x7fc62b0467d8 .functor BUFZ 1, C4<z>; HiZ drive
v0x7fc62a699c20_0 .net "C", 0 0, o0x7fc62b0467d8;  0 drivers
o0x7fc62b046808 .functor BUFZ 1, C4<z>; HiZ drive
v0x7fc62a699cb0_0 .net "D", 0 0, o0x7fc62b046808;  0 drivers
o0x7fc62b046838 .functor BUFZ 1, C4<z>; HiZ drive
v0x7fc62a699d40_0 .net "E", 0 0, o0x7fc62b046838;  0 drivers
v0x7fc62a699dd0_0 .var "Q", 0 0;
o0x7fc62b046898 .functor BUFZ 1, C4<z>; HiZ drive
v0x7fc62a699e60_0 .net "R", 0 0, o0x7fc62b046898;  0 drivers
E_0x7fc62a604f30/0 .event negedge, v0x7fc62a699c20_0;
E_0x7fc62a604f30/1 .event posedge, v0x7fc62a699e60_0;
E_0x7fc62a604f30 .event/or E_0x7fc62a604f30/0, E_0x7fc62a604f30/1;
S_0x7fc62a549f20 .scope module, "SB_DFFNES" "SB_DFFNES" 2 1405;
 .timescale -12 -12;
    .port_info 0 /OUTPUT 1 "Q";
    .port_info 1 /INPUT 1 "C";
    .port_info 2 /INPUT 1 "E";
    .port_info 3 /INPUT 1 "S";
    .port_info 4 /INPUT 1 "D";
o0x7fc62b0469b8 .functor BUFZ 1, C4<z>; HiZ drive
v0x7fc62a699ef0_0 .net "C", 0 0, o0x7fc62b0469b8;  0 drivers
o0x7fc62b0469e8 .functor BUFZ 1, C4<z>; HiZ drive
v0x7fc62a699f80_0 .net "D", 0 0, o0x7fc62b0469e8;  0 drivers
o0x7fc62b046a18 .functor BUFZ 1, C4<z>; HiZ drive
v0x7fc62a69a010_0 .net "E", 0 0, o0x7fc62b046a18;  0 drivers
v0x7fc62a69a0a0_0 .var "Q", 0 0;
o0x7fc62b046a78 .functor BUFZ 1, C4<z>; HiZ drive
v0x7fc62a69a130_0 .net "S", 0 0, o0x7fc62b046a78;  0 drivers
E_0x7fc62a60a070/0 .event negedge, v0x7fc62a699ef0_0;
E_0x7fc62a60a070/1 .event posedge, v0x7fc62a69a130_0;
E_0x7fc62a60a070 .event/or E_0x7fc62a60a070/0, E_0x7fc62a60a070/1;
S_0x7fc62a54a090 .scope module, "SB_DFFNESR" "SB_DFFNESR" 2 1203;
 .timescale -12 -12;
    .port_info 0 /OUTPUT 1 "Q";
    .port_info 1 /INPUT 1 "C";
    .port_info 2 /INPUT 1 "E";
    .port_info 3 /INPUT 1 "R";
    .port_info 4 /INPUT 1 "D";
o0x7fc62b046b98 .functor BUFZ 1, C4<z>; HiZ drive
v0x7fc62a69a1c0_0 .net "C", 0 0, o0x7fc62b046b98;  0 drivers
o0x7fc62b046bc8 .functor BUFZ 1, C4<z>; HiZ drive
v0x7fc62a69a250_0 .net "D", 0 0, o0x7fc62b046bc8;  0 drivers
o0x7fc62b046bf8 .functor BUFZ 1, C4<z>; HiZ drive
v0x7fc62a69a2e0_0 .net "E", 0 0, o0x7fc62b046bf8;  0 drivers
v0x7fc62a69a370_0 .var "Q", 0 0;
o0x7fc62b046c58 .functor BUFZ 1, C4<z>; HiZ drive
v0x7fc62a69a400_0 .net "R", 0 0, o0x7fc62b046c58;  0 drivers
E_0x7fc62a60b320 .event negedge, v0x7fc62a69a1c0_0;
S_0x7fc62a54a200 .scope module, "SB_DFFNESS" "SB_DFFNESS" 2 1344;
 .timescale -12 -12;
    .port_info 0 /OUTPUT 1 "Q";
    .port_info 1 /INPUT 1 "C";
    .port_info 2 /INPUT 1 "E";
    .port_info 3 /INPUT 1 "S";
    .port_info 4 /INPUT 1 "D";
o0x7fc62b046d78 .functor BUFZ 1, C4<z>; HiZ drive
v0x7fc62a69a490_0 .net "C", 0 0, o0x7fc62b046d78;  0 drivers
o0x7fc62b046da8 .functor BUFZ 1, C4<z>; HiZ drive
v0x7fc62a69a520_0 .net "D", 0 0, o0x7fc62b046da8;  0 drivers
o0x7fc62b046dd8 .functor BUFZ 1, C4<z>; HiZ drive
v0x7fc62a69a5b0_0 .net "E", 0 0, o0x7fc62b046dd8;  0 drivers
v0x7fc62a69a640_0 .var "Q", 0 0;
o0x7fc62b046e38 .functor BUFZ 1, C4<z>; HiZ drive
v0x7fc62a69a6d0_0 .net "S", 0 0, o0x7fc62b046e38;  0 drivers
E_0x7fc62a6090d0 .event negedge, v0x7fc62a69a490_0;
S_0x7fc62a54a370 .scope module, "SB_DFFNR" "SB_DFFNR" 2 1011;
 .timescale -12 -12;
    .port_info 0 /OUTPUT 1 "Q";
    .port_info 1 /INPUT 1 "C";
    .port_info 2 /INPUT 1 "R";
    .port_info 3 /INPUT 1 "D";
o0x7fc62b046f58 .functor BUFZ 1, C4<z>; HiZ drive
v0x7fc62a69a760_0 .net "C", 0 0, o0x7fc62b046f58;  0 drivers
o0x7fc62b046f88 .functor BUFZ 1, C4<z>; HiZ drive
v0x7fc62a69a7f0_0 .net "D", 0 0, o0x7fc62b046f88;  0 drivers
v0x7fc62a69a880_0 .var "Q", 0 0;
o0x7fc62b046fe8 .functor BUFZ 1, C4<z>; HiZ drive
v0x7fc62a69a910_0 .net "R", 0 0, o0x7fc62b046fe8;  0 drivers
E_0x7fc62a60cbf0/0 .event negedge, v0x7fc62a69a760_0;
E_0x7fc62a60cbf0/1 .event posedge, v0x7fc62a69a910_0;
E_0x7fc62a60cbf0 .event/or E_0x7fc62a60cbf0/0, E_0x7fc62a60cbf0/1;
S_0x7fc62a54a4e0 .scope module, "SB_DFFNS" "SB_DFFNS" 2 1132;
 .timescale -12 -12;
    .port_info 0 /OUTPUT 1 "Q";
    .port_info 1 /INPUT 1 "C";
    .port_info 2 /INPUT 1 "S";
    .port_info 3 /INPUT 1 "D";
o0x7fc62b0470d8 .functor BUFZ 1, C4<z>; HiZ drive
v0x7fc62a69a9a0_0 .net "C", 0 0, o0x7fc62b0470d8;  0 drivers
o0x7fc62b047108 .functor BUFZ 1, C4<z>; HiZ drive
v0x7fc62a69aa30_0 .net "D", 0 0, o0x7fc62b047108;  0 drivers
v0x7fc62a69aac0_0 .var "Q", 0 0;
o0x7fc62b047168 .functor BUFZ 1, C4<z>; HiZ drive
v0x7fc62a69ab50_0 .net "S", 0 0, o0x7fc62b047168;  0 drivers
E_0x7fc62a611360/0 .event negedge, v0x7fc62a69a9a0_0;
E_0x7fc62a611360/1 .event posedge, v0x7fc62a69ab50_0;
E_0x7fc62a611360 .event/or E_0x7fc62a611360/0, E_0x7fc62a611360/1;
S_0x7fc62a54a750 .scope module, "SB_DFFNSR" "SB_DFFNSR" 2 961;
 .timescale -12 -12;
    .port_info 0 /OUTPUT 1 "Q";
    .port_info 1 /INPUT 1 "C";
    .port_info 2 /INPUT 1 "R";
    .port_info 3 /INPUT 1 "D";
o0x7fc62b047258 .functor BUFZ 1, C4<z>; HiZ drive
v0x7fc62a69abe0_0 .net "C", 0 0, o0x7fc62b047258;  0 drivers
o0x7fc62b047288 .functor BUFZ 1, C4<z>; HiZ drive
v0x7fc62a69ac70_0 .net "D", 0 0, o0x7fc62b047288;  0 drivers
v0x7fc62a69ad00_0 .var "Q", 0 0;
o0x7fc62b0472e8 .functor BUFZ 1, C4<z>; HiZ drive
v0x7fc62a69ad90_0 .net "R", 0 0, o0x7fc62b0472e8;  0 drivers
E_0x7fc62a612360 .event negedge, v0x7fc62a69abe0_0;
S_0x7fc62a54a8c0 .scope module, "SB_DFFNSS" "SB_DFFNSS" 2 1082;
 .timescale -12 -12;
    .port_info 0 /OUTPUT 1 "Q";
    .port_info 1 /INPUT 1 "C";
    .port_info 2 /INPUT 1 "S";
    .port_info 3 /INPUT 1 "D";
o0x7fc62b0473d8 .functor BUFZ 1, C4<z>; HiZ drive
v0x7fc62a69ae20_0 .net "C", 0 0, o0x7fc62b0473d8;  0 drivers
o0x7fc62b047408 .functor BUFZ 1, C4<z>; HiZ drive
v0x7fc62a69aeb0_0 .net "D", 0 0, o0x7fc62b047408;  0 drivers
v0x7fc62a69af40_0 .var "Q", 0 0;
o0x7fc62b047468 .functor BUFZ 1, C4<z>; HiZ drive
v0x7fc62a69afd0_0 .net "S", 0 0, o0x7fc62b047468;  0 drivers
E_0x7fc62a6117e0 .event negedge, v0x7fc62a69ae20_0;
S_0x7fc62a54aa30 .scope module, "SB_DFFR" "SB_DFFR" 2 400;
 .timescale -12 -12;
    .port_info 0 /OUTPUT 1 "Q";
    .port_info 1 /INPUT 1 "C";
    .port_info 2 /INPUT 1 "R";
    .port_info 3 /INPUT 1 "D";
o0x7fc62b047558 .functor BUFZ 1, C4<z>; HiZ drive
v0x7fc62a69b060_0 .net "C", 0 0, o0x7fc62b047558;  0 drivers
o0x7fc62b047588 .functor BUFZ 1, C4<z>; HiZ drive
v0x7fc62a69b0f0_0 .net "D", 0 0, o0x7fc62b047588;  0 drivers
v0x7fc62a69b180_0 .var "Q", 0 0;
o0x7fc62b0475e8 .functor BUFZ 1, C4<z>; HiZ drive
v0x7fc62a69b210_0 .net "R", 0 0, o0x7fc62b0475e8;  0 drivers
E_0x7fc62a6115a0 .event posedge, v0x7fc62a69b210_0, v0x7fc62a69b060_0;
S_0x7fc62a54aba0 .scope module, "SB_DFFS" "SB_DFFS" 2 521;
 .timescale -12 -12;
    .port_info 0 /OUTPUT 1 "Q";
    .port_info 1 /INPUT 1 "C";
    .port_info 2 /INPUT 1 "S";
    .port_info 3 /INPUT 1 "D";
o0x7fc62b0476d8 .functor BUFZ 1, C4<z>; HiZ drive
v0x7fc62a69b2a0_0 .net "C", 0 0, o0x7fc62b0476d8;  0 drivers
o0x7fc62b047708 .functor BUFZ 1, C4<z>; HiZ drive
v0x7fc62a69b330_0 .net "D", 0 0, o0x7fc62b047708;  0 drivers
v0x7fc62a69b3c0_0 .var "Q", 0 0;
o0x7fc62b047768 .functor BUFZ 1, C4<z>; HiZ drive
v0x7fc62a69b450_0 .net "S", 0 0, o0x7fc62b047768;  0 drivers
E_0x7fc62a604900 .event posedge, v0x7fc62a69b450_0, v0x7fc62a69b2a0_0;
S_0x7fc62a54ad10 .scope module, "SB_DFFSR" "SB_DFFSR" 2 350;
 .timescale -12 -12;
    .port_info 0 /OUTPUT 1 "Q";
    .port_info 1 /INPUT 1 "C";
    .port_info 2 /INPUT 1 "R";
    .port_info 3 /INPUT 1 "D";
o0x7fc62b047858 .functor BUFZ 1, C4<z>; HiZ drive
v0x7fc62a69b4e0_0 .net "C", 0 0, o0x7fc62b047858;  0 drivers
o0x7fc62b047888 .functor BUFZ 1, C4<z>; HiZ drive
v0x7fc62a69b570_0 .net "D", 0 0, o0x7fc62b047888;  0 drivers
v0x7fc62a69b600_0 .var "Q", 0 0;
o0x7fc62b0478e8 .functor BUFZ 1, C4<z>; HiZ drive
v0x7fc62a69b690_0 .net "R", 0 0, o0x7fc62b0478e8;  0 drivers
E_0x7fc62a660210 .event posedge, v0x7fc62a69b4e0_0;
S_0x7fc62a54ae80 .scope module, "SB_DFFSS" "SB_DFFSS" 2 471;
 .timescale -12 -12;
    .port_info 0 /OUTPUT 1 "Q";
    .port_info 1 /INPUT 1 "C";
    .port_info 2 /INPUT 1 "S";
    .port_info 3 /INPUT 1 "D";
o0x7fc62b0479d8 .functor BUFZ 1, C4<z>; HiZ drive
v0x7fc62a69b720_0 .net "C", 0 0, o0x7fc62b0479d8;  0 drivers
o0x7fc62b047a08 .functor BUFZ 1, C4<z>; HiZ drive
v0x7fc62a69b7b0_0 .net "D", 0 0, o0x7fc62b047a08;  0 drivers
v0x7fc62a69b840_0 .var "Q", 0 0;
o0x7fc62b047a68 .functor BUFZ 1, C4<z>; HiZ drive
v0x7fc62a69b8d0_0 .net "S", 0 0, o0x7fc62b047a68;  0 drivers
E_0x7fc62a65f850 .event posedge, v0x7fc62a69b720_0;
S_0x7fc62a54aff0 .scope module, "SB_FILTER_50NS" "SB_FILTER_50NS" 2 2856;
 .timescale -12 -12;
    .port_info 0 /INPUT 1 "FILTERIN";
    .port_info 1 /OUTPUT 1 "FILTEROUT";
o0x7fc62b047b58 .functor BUFZ 1, C4<z>; HiZ drive
v0x7fc62a69b960_0 .net "FILTERIN", 0 0, o0x7fc62b047b58;  0 drivers
o0x7fc62b047b88 .functor BUFZ 1, C4<z>; HiZ drive
v0x7fc62a69b9f0_0 .net "FILTEROUT", 0 0, o0x7fc62b047b88;  0 drivers
S_0x7fc62a54b160 .scope module, "SB_GB" "SB_GB" 2 162;
 .timescale -12 -12;
    .port_info 0 /INPUT 1 "USER_SIGNAL_TO_GLOBAL_BUFFER";
    .port_info 1 /OUTPUT 1 "GLOBAL_BUFFER_OUTPUT";
o0x7fc62b047c48 .functor BUFZ 1, C4<z>; HiZ drive
L_0x7fc62a6a8890 .functor BUFZ 1, o0x7fc62b047c48, C4<0>, C4<0>, C4<0>;
v0x7fc62a69ba80_0 .net "GLOBAL_BUFFER_OUTPUT", 0 0, L_0x7fc62a6a8890;  1 drivers
v0x7fc62a69bb10_0 .net "USER_SIGNAL_TO_GLOBAL_BUFFER", 0 0, o0x7fc62b047c48;  0 drivers
S_0x7fc62a54b2d0 .scope module, "SB_GB_IO" "SB_GB_IO" 2 123;
 .timescale -12 -12;
    .port_info 0 /INOUT 1 "PACKAGE_PIN";
    .port_info 1 /OUTPUT 1 "GLOBAL_BUFFER_OUTPUT";
    .port_info 2 /INPUT 1 "LATCH_INPUT_VALUE";
    .port_info 3 /INPUT 1 "CLOCK_ENABLE";
    .port_info 4 /INPUT 1 "INPUT_CLK";
    .port_info 5 /INPUT 1 "OUTPUT_CLK";
    .port_info 6 /INPUT 1 "OUTPUT_ENABLE";
    .port_info 7 /INPUT 1 "D_OUT_0";
    .port_info 8 /INPUT 1 "D_OUT_1";
    .port_info 9 /OUTPUT 1 "D_IN_0";
    .port_info 10 /OUTPUT 1 "D_IN_1";
P_0x7fc62a54b440 .param/str "IO_STANDARD" 0 2 139, "SB_LVCMOS";
P_0x7fc62a54b480 .param/l "NEG_TRIGGER" 0 2 138, C4<0>;
P_0x7fc62a54b4c0 .param/l "PIN_TYPE" 0 2 136, C4<000000>;
P_0x7fc62a54b500 .param/l "PULLUP" 0 2 137, C4<0>;
o0x7fc62b047e88 .functor BUFZ 1, C4<z>; HiZ drive
L_0x7fc62a6a8900 .functor BUFZ 1, o0x7fc62b047e88, C4<0>, C4<0>, C4<0>;
o0x7fc62b047cd8 .functor BUFZ 1, C4<z>; HiZ drive
v0x7fc62a69cfd0_0 .net "CLOCK_ENABLE", 0 0, o0x7fc62b047cd8;  0 drivers
v0x7fc62a69d060_0 .net "D_IN_0", 0 0, L_0x7fc62a6a8b40;  1 drivers
v0x7fc62a69d0f0_0 .net "D_IN_1", 0 0, L_0x7fc62a6a8bf0;  1 drivers
o0x7fc62b047d68 .functor BUFZ 1, C4<z>; HiZ drive
v0x7fc62a69d180_0 .net "D_OUT_0", 0 0, o0x7fc62b047d68;  0 drivers
o0x7fc62b047d98 .functor BUFZ 1, C4<z>; HiZ drive
v0x7fc62a69d210_0 .net "D_OUT_1", 0 0, o0x7fc62b047d98;  0 drivers
v0x7fc62a69d2a0_0 .net "GLOBAL_BUFFER_OUTPUT", 0 0, L_0x7fc62a6a8900;  1 drivers
o0x7fc62b047dc8 .functor BUFZ 1, C4<z>; HiZ drive
v0x7fc62a69d330_0 .net "INPUT_CLK", 0 0, o0x7fc62b047dc8;  0 drivers
o0x7fc62b047df8 .functor BUFZ 1, C4<z>; HiZ drive
v0x7fc62a69d3c0_0 .net "LATCH_INPUT_VALUE", 0 0, o0x7fc62b047df8;  0 drivers
o0x7fc62b047e28 .functor BUFZ 1, C4<z>; HiZ drive
v0x7fc62a69d450_0 .net "OUTPUT_CLK", 0 0, o0x7fc62b047e28;  0 drivers
o0x7fc62b047e58 .functor BUFZ 1, C4<z>; HiZ drive
v0x7fc62a69d4e0_0 .net "OUTPUT_ENABLE", 0 0, o0x7fc62b047e58;  0 drivers
v0x7fc62a69d570_0 .net "PACKAGE_PIN", 0 0, o0x7fc62b047e88;  0 drivers
S_0x7fc62a69bba0 .scope module, "IO" "SB_IO" 2 148, 2 17 0, S_0x7fc62a54b2d0;
 .timescale -12 -12;
    .port_info 0 /INOUT 1 "PACKAGE_PIN";
    .port_info 1 /INPUT 1 "LATCH_INPUT_VALUE";
    .port_info 2 /INPUT 1 "CLOCK_ENABLE";
    .port_info 3 /INPUT 1 "INPUT_CLK";
    .port_info 4 /INPUT 1 "OUTPUT_CLK";
    .port_info 5 /INPUT 1 "OUTPUT_ENABLE";
    .port_info 6 /INPUT 1 "D_OUT_0";
    .port_info 7 /INPUT 1 "D_OUT_1";
    .port_info 8 /OUTPUT 1 "D_IN_0";
    .port_info 9 /OUTPUT 1 "D_IN_1";
P_0x7fc62a69bd10 .param/str "IO_STANDARD" 0 2 32, "SB_LVCMOS";
P_0x7fc62a69bd50 .param/l "NEG_TRIGGER" 0 2 31, C4<0>;
P_0x7fc62a69bd90 .param/l "PIN_TYPE" 0 2 29, C4<000000>;
P_0x7fc62a69bdd0 .param/l "PULLUP" 0 2 30, C4<0>;
L_0x7fc62a6a8a90 .functor OR 1, o0x7fc62b047cd8, L_0x7fc62a6a89b0, C4<0>, C4<0>;
L_0x7fc62a6a8b40 .functor BUFZ 1, v0x7fc62a69c930_0, C4<0>, C4<0>, C4<0>;
L_0x7fc62a6a8bf0 .functor BUFZ 1, v0x7fc62a69c9c0_0, C4<0>, C4<0>, C4<0>;
v0x7fc62a69c0c0_0 .net "CLOCK_ENABLE", 0 0, o0x7fc62b047cd8;  alias, 0 drivers
v0x7fc62a69c150_0 .net "D_IN_0", 0 0, L_0x7fc62a6a8b40;  alias, 1 drivers
v0x7fc62a69c1e0_0 .net "D_IN_1", 0 0, L_0x7fc62a6a8bf0;  alias, 1 drivers
v0x7fc62a69c270_0 .net "D_OUT_0", 0 0, o0x7fc62b047d68;  alias, 0 drivers
v0x7fc62a69c300_0 .net "D_OUT_1", 0 0, o0x7fc62b047d98;  alias, 0 drivers
v0x7fc62a69c390_0 .net "INPUT_CLK", 0 0, o0x7fc62b047dc8;  alias, 0 drivers
v0x7fc62a69c420_0 .net "LATCH_INPUT_VALUE", 0 0, o0x7fc62b047df8;  alias, 0 drivers
v0x7fc62a69c4b0_0 .net "OUTPUT_CLK", 0 0, o0x7fc62b047e28;  alias, 0 drivers
v0x7fc62a69c540_0 .net "OUTPUT_ENABLE", 0 0, o0x7fc62b047e58;  alias, 0 drivers
v0x7fc62a69c5d0_0 .net "PACKAGE_PIN", 0 0, o0x7fc62b047e88;  alias, 0 drivers
o0x7fc62b047eb8 .functor BUFZ 1, C4<z>; HiZ drive
; Elide local net with no drivers, v0x7fc62a69c660_0 name=_ivl_0
v0x7fc62a69c6f0_0 .net *"_ivl_2", 0 0, L_0x7fc62a6a89b0;  1 drivers
v0x7fc62a69c780_0 .net "clken_pulled", 0 0, L_0x7fc62a6a8a90;  1 drivers
v0x7fc62a69c810_0 .var "clken_pulled_ri", 0 0;
v0x7fc62a69c8a0_0 .var "clken_pulled_ro", 0 0;
v0x7fc62a69c930_0 .var "din_0", 0 0;
v0x7fc62a69c9c0_0 .var "din_1", 0 0;
v0x7fc62a69cb50_0 .var "din_q_0", 0 0;
v0x7fc62a69cbe0_0 .var "din_q_1", 0 0;
v0x7fc62a69cc70_0 .var "dout", 0 0;
v0x7fc62a69cd00_0 .var "dout_q_0", 0 0;
v0x7fc62a69cd90_0 .var "dout_q_1", 0 0;
v0x7fc62a69ce20_0 .var "outclk_delayed_1", 0 0;
v0x7fc62a69ceb0_0 .var "outclk_delayed_2", 0 0;
v0x7fc62a69cf40_0 .var "outena_q", 0 0;
E_0x7fc62a6670b0 .event anyedge, v0x7fc62a69ceb0_0, v0x7fc62a69cd00_0, v0x7fc62a69cd90_0;
E_0x7fc62a673c10 .event anyedge, v0x7fc62a69ce20_0;
E_0x7fc62a673ad0 .event anyedge, v0x7fc62a69c4b0_0;
E_0x7fc62a66e8d0 .event anyedge, v0x7fc62a69cb50_0, v0x7fc62a69cbe0_0;
L_0x7fc62a6a89b0 .cmp/eeq 1, o0x7fc62b047cd8, o0x7fc62b047eb8;
S_0x7fc62a69bf50 .scope generate, "genblk1" "genblk1" 2 45, 2 45 0, S_0x7fc62a69bba0;
 .timescale -12 -12;
E_0x7fc62a676cc0 .event posedge, v0x7fc62a69c4b0_0;
E_0x7fc62a677e00 .event negedge, v0x7fc62a69c4b0_0;
E_0x7fc62a659d20 .event negedge, v0x7fc62a69c390_0;
E_0x7fc62a656fc0 .event posedge, v0x7fc62a69c390_0;
S_0x7fc62a54b6a0 .scope module, "SB_HFOSC" "SB_HFOSC" 2 2664;
 .timescale -12 -12;
    .port_info 0 /INPUT 1 "TRIM0";
    .port_info 1 /INPUT 1 "TRIM1";
    .port_info 2 /INPUT 1 "TRIM2";
    .port_info 3 /INPUT 1 "TRIM3";
    .port_info 4 /INPUT 1 "TRIM4";
    .port_info 5 /INPUT 1 "TRIM5";
    .port_info 6 /INPUT 1 "TRIM6";
    .port_info 7 /INPUT 1 "TRIM7";
    .port_info 8 /INPUT 1 "TRIM8";
    .port_info 9 /INPUT 1 "TRIM9";
    .port_info 10 /INPUT 1 "CLKHFPU";
    .port_info 11 /INPUT 1 "CLKHFEN";
    .port_info 12 /OUTPUT 1 "CLKHF";
P_0x7fc62a50e910 .param/str "CLKHF_DIV" 0 2 2680, "0b00";
P_0x7fc62a50e950 .param/str "TRIM_EN" 0 2 2679, "0b0";
o0x7fc62b0485a8 .functor BUFZ 1, C4<z>; HiZ drive
v0x7fc62a69d600_0 .net "CLKHF", 0 0, o0x7fc62b0485a8;  0 drivers
o0x7fc62b0485d8 .functor BUFZ 1, C4<z>; HiZ drive
v0x7fc62a69d690_0 .net "CLKHFEN", 0 0, o0x7fc62b0485d8;  0 drivers
o0x7fc62b048608 .functor BUFZ 1, C4<z>; HiZ drive
v0x7fc62a69d720_0 .net "CLKHFPU", 0 0, o0x7fc62b048608;  0 drivers
o0x7fc62b048638 .functor BUFZ 1, C4<z>; HiZ drive
v0x7fc62a69d7b0_0 .net "TRIM0", 0 0, o0x7fc62b048638;  0 drivers
o0x7fc62b048668 .functor BUFZ 1, C4<z>; HiZ drive
v0x7fc62a69d840_0 .net "TRIM1", 0 0, o0x7fc62b048668;  0 drivers
o0x7fc62b048698 .functor BUFZ 1, C4<z>; HiZ drive
v0x7fc62a69d8d0_0 .net "TRIM2", 0 0, o0x7fc62b048698;  0 drivers
o0x7fc62b0486c8 .functor BUFZ 1, C4<z>; HiZ drive
v0x7fc62a69d960_0 .net "TRIM3", 0 0, o0x7fc62b0486c8;  0 drivers
o0x7fc62b0486f8 .functor BUFZ 1, C4<z>; HiZ drive
v0x7fc62a69d9f0_0 .net "TRIM4", 0 0, o0x7fc62b0486f8;  0 drivers
o0x7fc62b048728 .functor BUFZ 1, C4<z>; HiZ drive
v0x7fc62a69da80_0 .net "TRIM5", 0 0, o0x7fc62b048728;  0 drivers
o0x7fc62b048758 .functor BUFZ 1, C4<z>; HiZ drive
v0x7fc62a69db10_0 .net "TRIM6", 0 0, o0x7fc62b048758;  0 drivers
o0x7fc62b048788 .functor BUFZ 1, C4<z>; HiZ drive
v0x7fc62a69dba0_0 .net "TRIM7", 0 0, o0x7fc62b048788;  0 drivers
o0x7fc62b0487b8 .functor BUFZ 1, C4<z>; HiZ drive
v0x7fc62a69dc30_0 .net "TRIM8", 0 0, o0x7fc62b0487b8;  0 drivers
o0x7fc62b0487e8 .functor BUFZ 1, C4<z>; HiZ drive
v0x7fc62a69dcc0_0 .net "TRIM9", 0 0, o0x7fc62b0487e8;  0 drivers
S_0x7fc62a54b9b0 .scope module, "SB_I2C" "SB_I2C" 2 2733;
 .timescale -12 -12;
    .port_info 0 /INPUT 1 "SBCLKI";
    .port_info 1 /INPUT 1 "SBRWI";
    .port_info 2 /INPUT 1 "SBSTBI";
    .port_info 3 /INPUT 1 "SBADRI7";
    .port_info 4 /INPUT 1 "SBADRI6";
    .port_info 5 /INPUT 1 "SBADRI5";
    .port_info 6 /INPUT 1 "SBADRI4";
    .port_info 7 /INPUT 1 "SBADRI3";
    .port_info 8 /INPUT 1 "SBADRI2";
    .port_info 9 /INPUT 1 "SBADRI1";
    .port_info 10 /INPUT 1 "SBADRI0";
    .port_info 11 /INPUT 1 "SBDATI7";
    .port_info 12 /INPUT 1 "SBDATI6";
    .port_info 13 /INPUT 1 "SBDATI5";
    .port_info 14 /INPUT 1 "SBDATI4";
    .port_info 15 /INPUT 1 "SBDATI3";
    .port_info 16 /INPUT 1 "SBDATI2";
    .port_info 17 /INPUT 1 "SBDATI1";
    .port_info 18 /INPUT 1 "SBDATI0";
    .port_info 19 /INPUT 1 "SCLI";
    .port_info 20 /INPUT 1 "SDAI";
    .port_info 21 /OUTPUT 1 "SBDATO7";
    .port_info 22 /OUTPUT 1 "SBDATO6";
    .port_info 23 /OUTPUT 1 "SBDATO5";
    .port_info 24 /OUTPUT 1 "SBDATO4";
    .port_info 25 /OUTPUT 1 "SBDATO3";
    .port_info 26 /OUTPUT 1 "SBDATO2";
    .port_info 27 /OUTPUT 1 "SBDATO1";
    .port_info 28 /OUTPUT 1 "SBDATO0";
    .port_info 29 /OUTPUT 1 "SBACKO";
    .port_info 30 /OUTPUT 1 "I2CIRQ";
    .port_info 31 /OUTPUT 1 "I2CWKUP";
    .port_info 32 /OUTPUT 1 "SCLO";
    .port_info 33 /OUTPUT 1 "SCLOE";
    .port_info 34 /OUTPUT 1 "SDAO";
    .port_info 35 /OUTPUT 1 "SDAOE";
P_0x7fc62a50eb10 .param/str "BUS_ADDR74" 0 2 2772, "0b0001";
P_0x7fc62a50eb50 .param/str "I2C_SLAVE_INIT_ADDR" 0 2 2771, "0b1111100001";
o0x7fc62b048a88 .functor BUFZ 1, C4<z>; HiZ drive
v0x7fc62a69dd50_0 .net "I2CIRQ", 0 0, o0x7fc62b048a88;  0 drivers
o0x7fc62b048ab8 .functor BUFZ 1, C4<z>; HiZ drive
v0x7fc62a69dde0_0 .net "I2CWKUP", 0 0, o0x7fc62b048ab8;  0 drivers
o0x7fc62b048ae8 .functor BUFZ 1, C4<z>; HiZ drive
v0x7fc62a69de70_0 .net "SBACKO", 0 0, o0x7fc62b048ae8;  0 drivers
o0x7fc62b048b18 .functor BUFZ 1, C4<z>; HiZ drive
v0x7fc62a69df00_0 .net "SBADRI0", 0 0, o0x7fc62b048b18;  0 drivers
o0x7fc62b048b48 .functor BUFZ 1, C4<z>; HiZ drive
v0x7fc62a69df90_0 .net "SBADRI1", 0 0, o0x7fc62b048b48;  0 drivers
o0x7fc62b048b78 .functor BUFZ 1, C4<z>; HiZ drive
v0x7fc62a69e020_0 .net "SBADRI2", 0 0, o0x7fc62b048b78;  0 drivers
o0x7fc62b048ba8 .functor BUFZ 1, C4<z>; HiZ drive
v0x7fc62a69e0b0_0 .net "SBADRI3", 0 0, o0x7fc62b048ba8;  0 drivers
o0x7fc62b048bd8 .functor BUFZ 1, C4<z>; HiZ drive
v0x7fc62a69e140_0 .net "SBADRI4", 0 0, o0x7fc62b048bd8;  0 drivers
o0x7fc62b048c08 .functor BUFZ 1, C4<z>; HiZ drive
v0x7fc62a69e1d0_0 .net "SBADRI5", 0 0, o0x7fc62b048c08;  0 drivers
o0x7fc62b048c38 .functor BUFZ 1, C4<z>; HiZ drive
v0x7fc62a69e260_0 .net "SBADRI6", 0 0, o0x7fc62b048c38;  0 drivers
o0x7fc62b048c68 .functor BUFZ 1, C4<z>; HiZ drive
v0x7fc62a69e2f0_0 .net "SBADRI7", 0 0, o0x7fc62b048c68;  0 drivers
o0x7fc62b048c98 .functor BUFZ 1, C4<z>; HiZ drive
v0x7fc62a69e380_0 .net "SBCLKI", 0 0, o0x7fc62b048c98;  0 drivers
o0x7fc62b048cc8 .functor BUFZ 1, C4<z>; HiZ drive
v0x7fc62a69e410_0 .net "SBDATI0", 0 0, o0x7fc62b048cc8;  0 drivers
o0x7fc62b048cf8 .functor BUFZ 1, C4<z>; HiZ drive
v0x7fc62a69e4a0_0 .net "SBDATI1", 0 0, o0x7fc62b048cf8;  0 drivers
o0x7fc62b048d28 .functor BUFZ 1, C4<z>; HiZ drive
v0x7fc62a69e530_0 .net "SBDATI2", 0 0, o0x7fc62b048d28;  0 drivers
o0x7fc62b048d58 .functor BUFZ 1, C4<z>; HiZ drive
v0x7fc62a69e5c0_0 .net "SBDATI3", 0 0, o0x7fc62b048d58;  0 drivers
o0x7fc62b048d88 .functor BUFZ 1, C4<z>; HiZ drive
v0x7fc62a69e650_0 .net "SBDATI4", 0 0, o0x7fc62b048d88;  0 drivers
o0x7fc62b048db8 .functor BUFZ 1, C4<z>; HiZ drive
v0x7fc62a69e7e0_0 .net "SBDATI5", 0 0, o0x7fc62b048db8;  0 drivers
o0x7fc62b048de8 .functor BUFZ 1, C4<z>; HiZ drive
v0x7fc62a69e870_0 .net "SBDATI6", 0 0, o0x7fc62b048de8;  0 drivers
o0x7fc62b048e18 .functor BUFZ 1, C4<z>; HiZ drive
v0x7fc62a69e900_0 .net "SBDATI7", 0 0, o0x7fc62b048e18;  0 drivers
o0x7fc62b048e48 .functor BUFZ 1, C4<z>; HiZ drive
v0x7fc62a69e990_0 .net "SBDATO0", 0 0, o0x7fc62b048e48;  0 drivers
o0x7fc62b048e78 .functor BUFZ 1, C4<z>; HiZ drive
v0x7fc62a69ea20_0 .net "SBDATO1", 0 0, o0x7fc62b048e78;  0 drivers
o0x7fc62b048ea8 .functor BUFZ 1, C4<z>; HiZ drive
v0x7fc62a69eab0_0 .net "SBDATO2", 0 0, o0x7fc62b048ea8;  0 drivers
o0x7fc62b048ed8 .functor BUFZ 1, C4<z>; HiZ drive
v0x7fc62a69eb40_0 .net "SBDATO3", 0 0, o0x7fc62b048ed8;  0 drivers
o0x7fc62b048f08 .functor BUFZ 1, C4<z>; HiZ drive
v0x7fc62a69ebd0_0 .net "SBDATO4", 0 0, o0x7fc62b048f08;  0 drivers
o0x7fc62b048f38 .functor BUFZ 1, C4<z>; HiZ drive
v0x7fc62a69ec60_0 .net "SBDATO5", 0 0, o0x7fc62b048f38;  0 drivers
o0x7fc62b048f68 .functor BUFZ 1, C4<z>; HiZ drive
v0x7fc62a69ecf0_0 .net "SBDATO6", 0 0, o0x7fc62b048f68;  0 drivers
o0x7fc62b048f98 .functor BUFZ 1, C4<z>; HiZ drive
v0x7fc62a69ed80_0 .net "SBDATO7", 0 0, o0x7fc62b048f98;  0 drivers
o0x7fc62b048fc8 .functor BUFZ 1, C4<z>; HiZ drive
v0x7fc62a69ee10_0 .net "SBRWI", 0 0, o0x7fc62b048fc8;  0 drivers
o0x7fc62b048ff8 .functor BUFZ 1, C4<z>; HiZ drive
v0x7fc62a69eea0_0 .net "SBSTBI", 0 0, o0x7fc62b048ff8;  0 drivers
o0x7fc62b049028 .functor BUFZ 1, C4<z>; HiZ drive
v0x7fc62a69ef30_0 .net "SCLI", 0 0, o0x7fc62b049028;  0 drivers
o0x7fc62b049058 .functor BUFZ 1, C4<z>; HiZ drive
v0x7fc62a69efc0_0 .net "SCLO", 0 0, o0x7fc62b049058;  0 drivers
o0x7fc62b049088 .functor BUFZ 1, C4<z>; HiZ drive
v0x7fc62a69f050_0 .net "SCLOE", 0 0, o0x7fc62b049088;  0 drivers
o0x7fc62b0490b8 .functor BUFZ 1, C4<z>; HiZ drive
v0x7fc62a69e6e0_0 .net "SDAI", 0 0, o0x7fc62b0490b8;  0 drivers
o0x7fc62b0490e8 .functor BUFZ 1, C4<z>; HiZ drive
v0x7fc62a69f2e0_0 .net "SDAO", 0 0, o0x7fc62b0490e8;  0 drivers
o0x7fc62b049118 .functor BUFZ 1, C4<z>; HiZ drive
v0x7fc62a69f370_0 .net "SDAOE", 0 0, o0x7fc62b049118;  0 drivers
S_0x7fc62a54bc40 .scope module, "SB_IO_I3C" "SB_IO_I3C" 2 2862;
 .timescale -12 -12;
    .port_info 0 /INOUT 1 "PACKAGE_PIN";
    .port_info 1 /INPUT 1 "LATCH_INPUT_VALUE";
    .port_info 2 /INPUT 1 "CLOCK_ENABLE";
    .port_info 3 /INPUT 1 "INPUT_CLK";
    .port_info 4 /INPUT 1 "OUTPUT_CLK";
    .port_info 5 /INPUT 1 "OUTPUT_ENABLE";
    .port_info 6 /INPUT 1 "D_OUT_0";
    .port_info 7 /INPUT 1 "D_OUT_1";
    .port_info 8 /OUTPUT 1 "D_IN_0";
    .port_info 9 /OUTPUT 1 "D_IN_1";
    .port_info 10 /INPUT 1 "PU_ENB";
    .port_info 11 /INPUT 1 "WEAK_PU_ENB";
P_0x7fc62a54bdb0 .param/str "IO_STANDARD" 0 2 2880, "SB_LVCMOS";
P_0x7fc62a54bdf0 .param/l "NEG_TRIGGER" 0 2 2879, C4<0>;
P_0x7fc62a54be30 .param/l "PIN_TYPE" 0 2 2876, C4<000000>;
P_0x7fc62a54be70 .param/l "PULLUP" 0 2 2877, C4<0>;
P_0x7fc62a54beb0 .param/l "WEAK_PULLUP" 0 2 2878, C4<0>;
L_0x7fc62a6a8ca0 .functor BUFZ 1, v0x7fc62a76ce00_0, C4<0>, C4<0>, C4<0>;
L_0x7fc62a6a8d10 .functor BUFZ 1, v0x7fc62a735370_0, C4<0>, C4<0>, C4<0>;
o0x7fc62b049808 .functor BUFZ 1, C4<z>; HiZ drive
v0x7fc62a69f520_0 .net "CLOCK_ENABLE", 0 0, o0x7fc62b049808;  0 drivers
v0x7fc62a69f5b0_0 .net "D_IN_0", 0 0, L_0x7fc62a6a8ca0;  1 drivers
v0x7fc62a69f640_0 .net "D_IN_1", 0 0, L_0x7fc62a6a8d10;  1 drivers
o0x7fc62b049898 .functor BUFZ 1, C4<z>; HiZ drive
v0x7fc62a69f6d0_0 .net "D_OUT_0", 0 0, o0x7fc62b049898;  0 drivers
o0x7fc62b0498c8 .functor BUFZ 1, C4<z>; HiZ drive
v0x7fc62a69f760_0 .net "D_OUT_1", 0 0, o0x7fc62b0498c8;  0 drivers
o0x7fc62b0498f8 .functor BUFZ 1, C4<z>; HiZ drive
v0x7fc62a69f7f0_0 .net "INPUT_CLK", 0 0, o0x7fc62b0498f8;  0 drivers
o0x7fc62b049928 .functor BUFZ 1, C4<z>; HiZ drive
v0x7fc62a69f880_0 .net "LATCH_INPUT_VALUE", 0 0, o0x7fc62b049928;  0 drivers
o0x7fc62b049958 .functor BUFZ 1, C4<z>; HiZ drive
v0x7fc62a69f910_0 .net "OUTPUT_CLK", 0 0, o0x7fc62b049958;  0 drivers
o0x7fc62b049988 .functor BUFZ 1, C4<z>; HiZ drive
v0x7fc62a711920_0 .net "OUTPUT_ENABLE", 0 0, o0x7fc62b049988;  0 drivers
o0x7fc62b0499b8 .functor BUFZ 1, C4<z>; HiZ drive
v0x7fc62a712e40_0 .net "PACKAGE_PIN", 0 0, o0x7fc62b0499b8;  0 drivers
o0x7fc62b0499e8 .functor BUFZ 1, C4<z>; HiZ drive
v0x7fc62a72b910_0 .net "PU_ENB", 0 0, o0x7fc62b0499e8;  0 drivers
o0x7fc62b049a18 .functor BUFZ 1, C4<z>; HiZ drive
v0x7fc62a722b20_0 .net "WEAK_PU_ENB", 0 0, o0x7fc62b049a18;  0 drivers
v0x7fc62a76ce00_0 .var "din_0", 0 0;
v0x7fc62a735370_0 .var "din_1", 0 0;
v0x7fc62a735400_0 .var "din_q_0", 0 0;
v0x7fc62a717b90_0 .var "din_q_1", 0 0;
v0x7fc62a717c20_0 .var "dout", 0 0;
v0x7fc62a717eb0_0 .var "dout_q_0", 0 0;
v0x7fc62a717f40_0 .var "dout_q_1", 0 0;
v0x7fc62a717fd0_0 .var "outclk_delayed_1", 0 0;
v0x7fc62a718060_0 .var "outclk_delayed_2", 0 0;
v0x7fc62a731920_0 .var "outena_q", 0 0;
E_0x7fc62a6109d0 .event anyedge, v0x7fc62a718060_0, v0x7fc62a717eb0_0, v0x7fc62a717f40_0;
E_0x7fc62a440770 .event anyedge, v0x7fc62a717fd0_0;
E_0x7fc62a4508e0 .event anyedge, v0x7fc62a69f910_0;
E_0x7fc62a442520 .event anyedge, v0x7fc62a735400_0, v0x7fc62a717b90_0;
S_0x7fc62a486fb0 .scope generate, "genblk1" "genblk1" 2 2888, 2 2888 0, S_0x7fc62a54bc40;
 .timescale -12 -12;
E_0x7fc62a41dd30 .event posedge, v0x7fc62a69f910_0;
E_0x7fc62a610ad0 .event negedge, v0x7fc62a69f910_0;
E_0x7fc62a610b10 .event negedge, v0x7fc62a69f7f0_0;
E_0x7fc62a665ac0 .event posedge, v0x7fc62a69f7f0_0;
S_0x7fc62a54c070 .scope module, "SB_IO_OD" "SB_IO_OD" 2 2931;
 .timescale -12 -12;
    .port_info 0 /INOUT 1 "PACKAGEPIN";
    .port_info 1 /INPUT 1 "LATCHINPUTVALUE";
    .port_info 2 /INPUT 1 "CLOCKENABLE";
    .port_info 3 /INPUT 1 "INPUTCLK";
    .port_info 4 /INPUT 1 "OUTPUTCLK";
    .port_info 5 /INPUT 1 "OUTPUTENABLE";
    .port_info 6 /INPUT 1 "DOUT1";
    .port_info 7 /INPUT 1 "DOUT0";
    .port_info 8 /OUTPUT 1 "DIN1";
    .port_info 9 /OUTPUT 1 "DIN0";
P_0x7fc62a5133d0 .param/l "NEG_TRIGGER" 0 2 2944, C4<0>;
P_0x7fc62a513410 .param/l "PIN_TYPE" 0 2 2943, C4<000000>;
L_0x7fc62a6a8d80 .functor BUFZ 1, v0x7fc62a7212d0_0, C4<0>, C4<0>, C4<0>;
L_0x7fc62a6a8df0 .functor BUFZ 1, v0x7fc62a721360_0, C4<0>, C4<0>, C4<0>;
o0x7fc62b049e68 .functor BUFZ 1, C4<z>; HiZ drive
v0x7fc62a731b20_0 .net "CLOCKENABLE", 0 0, o0x7fc62b049e68;  0 drivers
v0x7fc62a731bb0_0 .net "DIN0", 0 0, L_0x7fc62a6a8d80;  1 drivers
v0x7fc62a72a2c0_0 .net "DIN1", 0 0, L_0x7fc62a6a8df0;  1 drivers
o0x7fc62b049ef8 .functor BUFZ 1, C4<z>; HiZ drive
v0x7fc62a72a350_0 .net "DOUT0", 0 0, o0x7fc62b049ef8;  0 drivers
o0x7fc62b049f28 .functor BUFZ 1, C4<z>; HiZ drive
v0x7fc62a72a3e0_0 .net "DOUT1", 0 0, o0x7fc62b049f28;  0 drivers
o0x7fc62b049f58 .functor BUFZ 1, C4<z>; HiZ drive
v0x7fc62a72a470_0 .net "INPUTCLK", 0 0, o0x7fc62b049f58;  0 drivers
o0x7fc62b049f88 .functor BUFZ 1, C4<z>; HiZ drive
v0x7fc62a72a500_0 .net "LATCHINPUTVALUE", 0 0, o0x7fc62b049f88;  0 drivers
o0x7fc62b049fb8 .functor BUFZ 1, C4<z>; HiZ drive
v0x7fc62a721120_0 .net "OUTPUTCLK", 0 0, o0x7fc62b049fb8;  0 drivers
o0x7fc62b049fe8 .functor BUFZ 1, C4<z>; HiZ drive
v0x7fc62a7211b0_0 .net "OUTPUTENABLE", 0 0, o0x7fc62b049fe8;  0 drivers
o0x7fc62b04a018 .functor BUFZ 1, C4<z>; HiZ drive
v0x7fc62a721240_0 .net "PACKAGEPIN", 0 0, o0x7fc62b04a018;  0 drivers
v0x7fc62a7212d0_0 .var "din_0", 0 0;
v0x7fc62a721360_0 .var "din_1", 0 0;
v0x7fc62a704740_0 .var "din_q_0", 0 0;
v0x7fc62a7047d0_0 .var "din_q_1", 0 0;
v0x7fc62a704860_0 .var "dout", 0 0;
v0x7fc62a7048f0_0 .var "dout_q_0", 0 0;
v0x7fc62a704980_0 .var "dout_q_1", 0 0;
v0x7fc62a704a10_0 .var "outclk_delayed_1", 0 0;
v0x7fc62a711d40_0 .var "outclk_delayed_2", 0 0;
v0x7fc62a711dd0_0 .var "outena_q", 0 0;
E_0x7fc62a720220 .event anyedge, v0x7fc62a711d40_0, v0x7fc62a7048f0_0, v0x7fc62a704980_0;
E_0x7fc62a749380 .event anyedge, v0x7fc62a704a10_0;
E_0x7fc62a748f70 .event anyedge, v0x7fc62a721120_0;
E_0x7fc62a748e00 .event anyedge, v0x7fc62a704740_0, v0x7fc62a7047d0_0;
S_0x7fc62a7319b0 .scope generate, "genblk1" "genblk1" 2 2952, 2 2952 0, S_0x7fc62a54c070;
 .timescale -12 -12;
E_0x7fc62a749790 .event posedge, v0x7fc62a721120_0;
E_0x7fc62a719960 .event negedge, v0x7fc62a721120_0;
E_0x7fc62a718450 .event negedge, v0x7fc62a72a470_0;
E_0x7fc62a71a8e0 .event posedge, v0x7fc62a72a470_0;
S_0x7fc62a54c320 .scope module, "SB_LEDDA_IP" "SB_LEDDA_IP" 2 2830;
 .timescale -12 -12;
    .port_info 0 /INPUT 1 "LEDDCS";
    .port_info 1 /INPUT 1 "LEDDCLK";
    .port_info 2 /INPUT 1 "LEDDDAT7";
    .port_info 3 /INPUT 1 "LEDDDAT6";
    .port_info 4 /INPUT 1 "LEDDDAT5";
    .port_info 5 /INPUT 1 "LEDDDAT4";
    .port_info 6 /INPUT 1 "LEDDDAT3";
    .port_info 7 /INPUT 1 "LEDDDAT2";
    .port_info 8 /INPUT 1 "LEDDDAT1";
    .port_info 9 /INPUT 1 "LEDDDAT0";
    .port_info 10 /INPUT 1 "LEDDADDR3";
    .port_info 11 /INPUT 1 "LEDDADDR2";
    .port_info 12 /INPUT 1 "LEDDADDR1";
    .port_info 13 /INPUT 1 "LEDDADDR0";
    .port_info 14 /INPUT 1 "LEDDDEN";
    .port_info 15 /INPUT 1 "LEDDEXE";
    .port_info 16 /INPUT 1 "LEDDRST";
    .port_info 17 /OUTPUT 1 "PWMOUT0";
    .port_info 18 /OUTPUT 1 "PWMOUT1";
    .port_info 19 /OUTPUT 1 "PWMOUT2";
    .port_info 20 /OUTPUT 1 "LEDDON";
o0x7fc62b04a408 .functor BUFZ 1, C4<z>; HiZ drive
v0x7fc62a711e60_0 .net "LEDDADDR0", 0 0, o0x7fc62b04a408;  0 drivers
o0x7fc62b04a438 .functor BUFZ 1, C4<z>; HiZ drive
v0x7fc62a711ef0_0 .net "LEDDADDR1", 0 0, o0x7fc62b04a438;  0 drivers
o0x7fc62b04a468 .functor BUFZ 1, C4<z>; HiZ drive
v0x7fc62a710ec0_0 .net "LEDDADDR2", 0 0, o0x7fc62b04a468;  0 drivers
o0x7fc62b04a498 .functor BUFZ 1, C4<z>; HiZ drive
v0x7fc62a710f50_0 .net "LEDDADDR3", 0 0, o0x7fc62b04a498;  0 drivers
o0x7fc62b04a4c8 .functor BUFZ 1, C4<z>; HiZ drive
v0x7fc62a710fe0_0 .net "LEDDCLK", 0 0, o0x7fc62b04a4c8;  0 drivers
o0x7fc62b04a4f8 .functor BUFZ 1, C4<z>; HiZ drive
v0x7fc62a711070_0 .net "LEDDCS", 0 0, o0x7fc62b04a4f8;  0 drivers
o0x7fc62b04a528 .functor BUFZ 1, C4<z>; HiZ drive
v0x7fc62a711100_0 .net "LEDDDAT0", 0 0, o0x7fc62b04a528;  0 drivers
o0x7fc62b04a558 .functor BUFZ 1, C4<z>; HiZ drive
v0x7fc62a711190_0 .net "LEDDDAT1", 0 0, o0x7fc62b04a558;  0 drivers
o0x7fc62b04a588 .functor BUFZ 1, C4<z>; HiZ drive
v0x7fc62a7057e0_0 .net "LEDDDAT2", 0 0, o0x7fc62b04a588;  0 drivers
o0x7fc62b04a5b8 .functor BUFZ 1, C4<z>; HiZ drive
v0x7fc62a705870_0 .net "LEDDDAT3", 0 0, o0x7fc62b04a5b8;  0 drivers
o0x7fc62b04a5e8 .functor BUFZ 1, C4<z>; HiZ drive
v0x7fc62a705900_0 .net "LEDDDAT4", 0 0, o0x7fc62b04a5e8;  0 drivers
o0x7fc62b04a618 .functor BUFZ 1, C4<z>; HiZ drive
v0x7fc62a705990_0 .net "LEDDDAT5", 0 0, o0x7fc62b04a618;  0 drivers
o0x7fc62b04a648 .functor BUFZ 1, C4<z>; HiZ drive
v0x7fc62a705a20_0 .net "LEDDDAT6", 0 0, o0x7fc62b04a648;  0 drivers
o0x7fc62b04a678 .functor BUFZ 1, C4<z>; HiZ drive
v0x7fc62a705ab0_0 .net "LEDDDAT7", 0 0, o0x7fc62b04a678;  0 drivers
o0x7fc62b04a6a8 .functor BUFZ 1, C4<z>; HiZ drive
v0x7fc62a713330_0 .net "LEDDDEN", 0 0, o0x7fc62b04a6a8;  0 drivers
o0x7fc62b04a6d8 .functor BUFZ 1, C4<z>; HiZ drive
v0x7fc62a7133c0_0 .net "LEDDEXE", 0 0, o0x7fc62b04a6d8;  0 drivers
o0x7fc62b04a708 .functor BUFZ 1, C4<z>; HiZ drive
v0x7fc62a713450_0 .net "LEDDON", 0 0, o0x7fc62b04a708;  0 drivers
o0x7fc62b04a738 .functor BUFZ 1, C4<z>; HiZ drive
v0x7fc62a7135e0_0 .net "LEDDRST", 0 0, o0x7fc62b04a738;  0 drivers
o0x7fc62b04a768 .functor BUFZ 1, C4<z>; HiZ drive
v0x7fc62a711480_0 .net "PWMOUT0", 0 0, o0x7fc62b04a768;  0 drivers
o0x7fc62b04a798 .functor BUFZ 1, C4<z>; HiZ drive
v0x7fc62a711510_0 .net "PWMOUT1", 0 0, o0x7fc62b04a798;  0 drivers
o0x7fc62b04a7c8 .functor BUFZ 1, C4<z>; HiZ drive
v0x7fc62a7115a0_0 .net "PWMOUT2", 0 0, o0x7fc62b04a7c8;  0 drivers
S_0x7fc62a54c730 .scope module, "SB_LED_DRV_CUR" "SB_LED_DRV_CUR" 2 2709;
 .timescale -12 -12;
    .port_info 0 /INPUT 1 "EN";
    .port_info 1 /OUTPUT 1 "LEDPU";
o0x7fc62b04abe8 .functor BUFZ 1, C4<z>; HiZ drive
v0x7fc62a7116e0_0 .net "EN", 0 0, o0x7fc62b04abe8;  0 drivers
o0x7fc62b04ac18 .functor BUFZ 1, C4<z>; HiZ drive
v0x7fc62a711770_0 .net "LEDPU", 0 0, o0x7fc62b04ac18;  0 drivers
S_0x7fc62a54c8a0 .scope module, "SB_LFOSC" "SB_LFOSC" 2 2684;
 .timescale -12 -12;
    .port_info 0 /INPUT 1 "CLKLFPU";
    .port_info 1 /INPUT 1 "CLKLFEN";
    .port_info 2 /OUTPUT 1 "CLKLF";
o0x7fc62b04aca8 .functor BUFZ 1, C4<z>; HiZ drive
v0x7fc62a71dc80_0 .net "CLKLF", 0 0, o0x7fc62b04aca8;  0 drivers
o0x7fc62b04acd8 .functor BUFZ 1, C4<z>; HiZ drive
v0x7fc62a71dd10_0 .net "CLKLFEN", 0 0, o0x7fc62b04acd8;  0 drivers
o0x7fc62b04ad08 .functor BUFZ 1, C4<z>; HiZ drive
v0x7fc62a71dda0_0 .net "CLKLFPU", 0 0, o0x7fc62b04ad08;  0 drivers
S_0x7fc62a54cc10 .scope module, "SB_LUT4" "SB_LUT4" 2 177;
 .timescale -12 -12;
    .port_info 0 /OUTPUT 1 "O";
    .port_info 1 /INPUT 1 "I0";
    .port_info 2 /INPUT 1 "I1";
    .port_info 3 /INPUT 1 "I2";
    .port_info 4 /INPUT 1 "I3";
P_0x7fc62a506d40 .param/l "LUT_INIT" 0 2 184, C4<0000000000000000>;
o0x7fc62b04adc8 .functor BUFZ 1, C4<z>; HiZ drive
v0x7fc62a71de30_0 .net "I0", 0 0, o0x7fc62b04adc8;  0 drivers
o0x7fc62b04adf8 .functor BUFZ 1, C4<z>; HiZ drive
v0x7fc62a71dec0_0 .net "I1", 0 0, o0x7fc62b04adf8;  0 drivers
o0x7fc62b04ae28 .functor BUFZ 1, C4<z>; HiZ drive
v0x7fc62a71df50_0 .net "I2", 0 0, o0x7fc62b04ae28;  0 drivers
o0x7fc62b04ae58 .functor BUFZ 1, C4<z>; HiZ drive
v0x7fc62a71dfe0_0 .net "I3", 0 0, o0x7fc62b04ae58;  0 drivers
v0x7fc62a71e070_0 .net "O", 0 0, L_0x7fc62a6a96d0;  1 drivers
L_0x7fc62b0733b0 .functor BUFT 1, C4<00000000>, C4<0>, C4<0>, C4<0>;
v0x7fc62a71e100_0 .net/2u *"_ivl_0", 7 0, L_0x7fc62b0733b0;  1 drivers
v0x7fc62a720930_0 .net *"_ivl_13", 1 0, L_0x7fc62a6a9220;  1 drivers
v0x7fc62a7209c0_0 .net *"_ivl_15", 1 0, L_0x7fc62a6a9300;  1 drivers
v0x7fc62a720a50_0 .net *"_ivl_19", 0 0, L_0x7fc62a6a9500;  1 drivers
L_0x7fc62b0733f8 .functor BUFT 1, C4<00000000>, C4<0>, C4<0>, C4<0>;
v0x7fc62a720ae0_0 .net/2u *"_ivl_2", 7 0, L_0x7fc62b0733f8;  1 drivers
v0x7fc62a720b70_0 .net *"_ivl_21", 0 0, L_0x7fc62a6a95e0;  1 drivers
v0x7fc62a720c00_0 .net *"_ivl_7", 3 0, L_0x7fc62a6a8f80;  1 drivers
v0x7fc62a720c90_0 .net *"_ivl_9", 3 0, L_0x7fc62a6a9060;  1 drivers
v0x7fc62a76cec0_0 .net "s1", 1 0, L_0x7fc62a6a93a0;  1 drivers
v0x7fc62a76cf50_0 .net "s2", 3 0, L_0x7fc62a6a9100;  1 drivers
v0x7fc62a76cfe0_0 .net "s3", 7 0, L_0x7fc62a6a8e60;  1 drivers
L_0x7fc62a6a8e60 .functor MUXZ 8, L_0x7fc62b0733f8, L_0x7fc62b0733b0, o0x7fc62b04ae58, C4<>;
L_0x7fc62a6a8f80 .part L_0x7fc62a6a8e60, 4, 4;
L_0x7fc62a6a9060 .part L_0x7fc62a6a8e60, 0, 4;
L_0x7fc62a6a9100 .functor MUXZ 4, L_0x7fc62a6a9060, L_0x7fc62a6a8f80, o0x7fc62b04ae28, C4<>;
L_0x7fc62a6a9220 .part L_0x7fc62a6a9100, 2, 2;
L_0x7fc62a6a9300 .part L_0x7fc62a6a9100, 0, 2;
L_0x7fc62a6a93a0 .functor MUXZ 2, L_0x7fc62a6a9300, L_0x7fc62a6a9220, o0x7fc62b04adf8, C4<>;
L_0x7fc62a6a9500 .part L_0x7fc62a6a93a0, 1, 1;
L_0x7fc62a6a95e0 .part L_0x7fc62a6a93a0, 0, 1;
L_0x7fc62a6a96d0 .functor MUXZ 1, L_0x7fc62a6a95e0, L_0x7fc62a6a9500, o0x7fc62b04adc8, C4<>;
S_0x7fc62a54cd80 .scope module, "SB_MAC16" "SB_MAC16" 2 2996;
 .timescale -12 -12;
    .port_info 0 /INPUT 1 "CLK";
    .port_info 1 /INPUT 1 "CE";
    .port_info 2 /INPUT 16 "C";
    .port_info 3 /INPUT 16 "A";
    .port_info 4 /INPUT 16 "B";
    .port_info 5 /INPUT 16 "D";
    .port_info 6 /INPUT 1 "AHOLD";
    .port_info 7 /INPUT 1 "BHOLD";
    .port_info 8 /INPUT 1 "CHOLD";
    .port_info 9 /INPUT 1 "DHOLD";
    .port_info 10 /INPUT 1 "IRSTTOP";
    .port_info 11 /INPUT 1 "IRSTBOT";
    .port_info 12 /INPUT 1 "ORSTTOP";
    .port_info 13 /INPUT 1 "ORSTBOT";
    .port_info 14 /INPUT 1 "OLOADTOP";
    .port_info 15 /INPUT 1 "OLOADBOT";
    .port_info 16 /INPUT 1 "ADDSUBTOP";
    .port_info 17 /INPUT 1 "ADDSUBBOT";
    .port_info 18 /INPUT 1 "OHOLDTOP";
    .port_info 19 /INPUT 1 "OHOLDBOT";
    .port_info 20 /INPUT 1 "CI";
    .port_info 21 /INPUT 1 "ACCUMCI";
    .port_info 22 /INPUT 1 "SIGNEXTIN";
    .port_info 23 /OUTPUT 32 "O";
    .port_info 24 /OUTPUT 1 "CO";
    .port_info 25 /OUTPUT 1 "ACCUMCO";
    .port_info 26 /OUTPUT 1 "SIGNEXTOUT";
P_0x7fc62c809200 .param/l "A_REG" 0 2 3011, C4<0>;
P_0x7fc62c809240 .param/l "A_SIGNED" 0 2 3027, C4<0>;
P_0x7fc62c809280 .param/l "BOTADDSUB_CARRYSELECT" 0 2 3025, C4<00>;
P_0x7fc62c8092c0 .param/l "BOTADDSUB_LOWERINPUT" 0 2 3023, C4<00>;
P_0x7fc62c809300 .param/l "BOTADDSUB_UPPERINPUT" 0 2 3024, C4<0>;
P_0x7fc62c809340 .param/l "BOTOUTPUT_SELECT" 0 2 3022, C4<00>;
P_0x7fc62c809380 .param/l "BOT_8x8_MULT_REG" 0 2 3015, C4<0>;
P_0x7fc62c8093c0 .param/l "B_REG" 0 2 3012, C4<0>;
P_0x7fc62c809400 .param/l "B_SIGNED" 0 2 3028, C4<0>;
P_0x7fc62c809440 .param/l "C_REG" 0 2 3010, C4<0>;
P_0x7fc62c809480 .param/l "D_REG" 0 2 3013, C4<0>;
P_0x7fc62c8094c0 .param/l "MODE_8x8" 0 2 3026, C4<0>;
P_0x7fc62c809500 .param/l "NEG_TRIGGER" 0 2 3009, C4<0>;
P_0x7fc62c809540 .param/l "PIPELINE_16x16_MULT_REG1" 0 2 3016, C4<0>;
P_0x7fc62c809580 .param/l "PIPELINE_16x16_MULT_REG2" 0 2 3017, C4<0>;
P_0x7fc62c8095c0 .param/l "TOPADDSUB_CARRYSELECT" 0 2 3021, C4<00>;
P_0x7fc62c809600 .param/l "TOPADDSUB_LOWERINPUT" 0 2 3019, C4<00>;
P_0x7fc62c809640 .param/l "TOPADDSUB_UPPERINPUT" 0 2 3020, C4<0>;
P_0x7fc62c809680 .param/l "TOPOUTPUT_SELECT" 0 2 3018, C4<00>;
P_0x7fc62c8096c0 .param/l "TOP_8x8_MULT_REG" 0 2 3014, C4<0>;
o0x7fc62b04b4b8 .functor BUFZ 1, C4<z>; HiZ drive
L_0x7fc62b073440 .functor BUFT 1, C4<0>, C4<0>, C4<0>, C4<0>;
L_0x7fc62a6a97b0 .functor XOR 1, o0x7fc62b04b4b8, L_0x7fc62b073440, C4<0>, C4<0>;
o0x7fc62b04b3f8 .functor BUFZ 16, C4<zzzzzzzzzzzzzzzz>; HiZ drive
L_0x7fc62a6a9860 .functor BUFZ 16, o0x7fc62b04b3f8, C4<0000000000000000>, C4<0000000000000000>, C4<0000000000000000>;
o0x7fc62b04b1b8 .functor BUFZ 16, C4<zzzzzzzzzzzzzzzz>; HiZ drive
L_0x7fc62a6a98d0 .functor BUFZ 16, o0x7fc62b04b1b8, C4<0000000000000000>, C4<0000000000000000>, C4<0000000000000000>;
o0x7fc62b04b338 .functor BUFZ 16, C4<zzzzzzzzzzzzzzzz>; HiZ drive
L_0x7fc62a6a9940 .functor BUFZ 16, o0x7fc62b04b338, C4<0000000000000000>, C4<0000000000000000>, C4<0000000000000000>;
o0x7fc62b04b518 .functor BUFZ 16, C4<zzzzzzzzzzzzzzzz>; HiZ drive
L_0x7fc62a7175d0 .functor BUFZ 16, o0x7fc62b04b518, C4<0000000000000000>, C4<0000000000000000>, C4<0000000000000000>;
L_0x7fc62a705000 .functor BUFZ 16, L_0x7fc62a77b130, C4<0000000000000000>, C4<0000000000000000>, C4<0000000000000000>;
L_0x7fc62a77b630 .functor BUFZ 16, L_0x7fc62a77b310, C4<0000000000000000>, C4<0000000000000000>, C4<0000000000000000>;
L_0x7fc62a77b6a0 .functor BUFZ 16, L_0x7fc62a77b4f0, C4<0000000000000000>, C4<0000000000000000>, C4<0000000000000000>;
L_0x7fc62a77b710 .functor BUFZ 16, L_0x7fc62a77b590, C4<0000000000000000>, C4<0000000000000000>, C4<0000000000000000>;
L_0x7fc62a72bd50 .functor BUFZ 32, L_0x7fc62a77c260, C4<00000000000000000000000000000000>, C4<00000000000000000000000000000000>, C4<00000000000000000000000000000000>;
L_0x7fc62a77b820 .functor BUFZ 16, v0x7fc62a771c90_0, C4<0000000000000000>, C4<0000000000000000>, C4<0000000000000000>;
L_0x7fc62a77c170 .functor BUFZ 16, L_0x7fc62a6a98d0, C4<0000000000000000>, C4<0000000000000000>, C4<0000000000000000>;
L_0x7fc62a77c5d0 .functor XOR 17, L_0x7fc62a77c650, L_0x7fc62a77ca10, C4<00000000000000000>, C4<00000000000000000>;
o0x7fc62b04b278 .functor BUFZ 1, C4<z>; HiZ drive
L_0x7fc62a77cd10 .functor XOR 1, L_0x7fc62a77c400, o0x7fc62b04b278, C4<0>, C4<0>;
L_0x7fc62a77caf0 .functor XOR 16, L_0x7fc62a77c4a0, L_0x7fc62a77cd80, C4<0000000000000000>, C4<0000000000000000>;
L_0x7fc62a77cc80 .functor BUFZ 16, L_0x7fc62a77cbe0, C4<0000000000000000>, C4<0000000000000000>, C4<0000000000000000>;
L_0x7fc62a77cb60 .functor BUFZ 16, v0x7fc62a771d20_0, C4<0000000000000000>, C4<0000000000000000>, C4<0000000000000000>;
L_0x7fc62a77d200 .functor BUFZ 16, L_0x7fc62a6a9940, C4<0000000000000000>, C4<0000000000000000>, C4<0000000000000000>;
L_0x7fc62a77d6e0 .functor XOR 17, L_0x7fc62a77d5a0, L_0x7fc62a77d760, C4<00000000000000000>, C4<00000000000000000>;
L_0x7fc62a77d9e0 .functor XOR 16, L_0x7fc62a77d0b0, L_0x7fc62a77dbf0, C4<0000000000000000>, C4<0000000000000000>;
L_0x7fc62a77db70 .functor BUFZ 16, L_0x7fc62a77d2f0, C4<0000000000000000>, C4<0000000000000000>, C4<0000000000000000>;
v0x7fc62a76d070_0 .net "A", 15 0, o0x7fc62b04b1b8;  0 drivers
o0x7fc62b04b1e8 .functor BUFZ 1, C4<z>; HiZ drive
v0x7fc62a76d100_0 .net "ACCUMCI", 0 0, o0x7fc62b04b1e8;  0 drivers
v0x7fc62a76d190_0 .net "ACCUMCO", 0 0, L_0x7fc62a77c400;  1 drivers
o0x7fc62b04b248 .functor BUFZ 1, C4<z>; HiZ drive
v0x7fc62a76d220_0 .net "ADDSUBBOT", 0 0, o0x7fc62b04b248;  0 drivers
v0x7fc62a76d2b0_0 .net "ADDSUBTOP", 0 0, o0x7fc62b04b278;  0 drivers
o0x7fc62b04b2a8 .functor BUFZ 1, C4<z>; HiZ drive
v0x7fc62a76d340_0 .net "AHOLD", 0 0, o0x7fc62b04b2a8;  0 drivers
v0x7fc62a76d3d0_0 .net "Ah", 15 0, L_0x7fc62a77acd0;  1 drivers
v0x7fc62a76d460_0 .net "Al", 15 0, L_0x7fc62a77ae10;  1 drivers
v0x7fc62a76d4f0_0 .net "B", 15 0, o0x7fc62b04b338;  0 drivers
o0x7fc62b04b368 .functor BUFZ 1, C4<z>; HiZ drive
v0x7fc62a76d580_0 .net "BHOLD", 0 0, o0x7fc62b04b368;  0 drivers
v0x7fc62a76d610_0 .net "Bh", 15 0, L_0x7fc62a77af50;  1 drivers
v0x7fc62a76d6a0_0 .net "Bl", 15 0, L_0x7fc62a77b090;  1 drivers
v0x7fc62a76d730_0 .net "C", 15 0, o0x7fc62b04b3f8;  0 drivers
o0x7fc62b04b428 .functor BUFZ 1, C4<z>; HiZ drive
v0x7fc62a76d7c0_0 .net "CE", 0 0, o0x7fc62b04b428;  0 drivers
o0x7fc62b04b458 .functor BUFZ 1, C4<z>; HiZ drive
v0x7fc62a76d850_0 .net "CHOLD", 0 0, o0x7fc62b04b458;  0 drivers
o0x7fc62b04b488 .functor BUFZ 1, C4<z>; HiZ drive
v0x7fc62a76d8e0_0 .net "CI", 0 0, o0x7fc62b04b488;  0 drivers
v0x7fc62a76d970_0 .net "CLK", 0 0, o0x7fc62b04b4b8;  0 drivers
v0x7fc62a76db00_0 .net "CO", 0 0, L_0x7fc62a77cd10;  1 drivers
v0x7fc62a76db90_0 .net "D", 15 0, o0x7fc62b04b518;  0 drivers
o0x7fc62b04b548 .functor BUFZ 1, C4<z>; HiZ drive
v0x7fc62a76dc20_0 .net "DHOLD", 0 0, o0x7fc62b04b548;  0 drivers
L_0x7fc62b073998 .functor BUFT 1, C4<0>, C4<0>, C4<0>, C4<0>;
v0x7fc62a76dcb0_0 .net "HCI", 0 0, L_0x7fc62b073998;  1 drivers
o0x7fc62b04b5a8 .functor BUFZ 1, C4<z>; HiZ drive
v0x7fc62a76dd40_0 .net "IRSTBOT", 0 0, o0x7fc62b04b5a8;  0 drivers
o0x7fc62b04b5d8 .functor BUFZ 1, C4<z>; HiZ drive
v0x7fc62a76ddd0_0 .net "IRSTTOP", 0 0, o0x7fc62b04b5d8;  0 drivers
L_0x7fc62b073ab8 .functor BUFT 1, C4<0>, C4<0>, C4<0>, C4<0>;
v0x7fc62a76de60_0 .net "LCI", 0 0, L_0x7fc62b073ab8;  1 drivers
v0x7fc62a76def0_0 .net "LCO", 0 0, L_0x7fc62a77d390;  1 drivers
v0x7fc62a76df80_0 .net "O", 31 0, L_0x7fc62a77da50;  1 drivers
o0x7fc62b04b698 .functor BUFZ 1, C4<z>; HiZ drive
v0x7fc62a76e010_0 .net "OHOLDBOT", 0 0, o0x7fc62b04b698;  0 drivers
o0x7fc62b04b6c8 .functor BUFZ 1, C4<z>; HiZ drive
v0x7fc62a76e0a0_0 .net "OHOLDTOP", 0 0, o0x7fc62b04b6c8;  0 drivers
o0x7fc62b04b6f8 .functor BUFZ 1, C4<z>; HiZ drive
v0x7fc62a76e130_0 .net "OLOADBOT", 0 0, o0x7fc62b04b6f8;  0 drivers
o0x7fc62b04b728 .functor BUFZ 1, C4<z>; HiZ drive
v0x7fc62a76e1c0_0 .net "OLOADTOP", 0 0, o0x7fc62b04b728;  0 drivers
o0x7fc62b04b758 .functor BUFZ 1, C4<z>; HiZ drive
v0x7fc62a76e250_0 .net "ORSTBOT", 0 0, o0x7fc62b04b758;  0 drivers
o0x7fc62b04b788 .functor BUFZ 1, C4<z>; HiZ drive
v0x7fc62a76e2e0_0 .net "ORSTTOP", 0 0, o0x7fc62b04b788;  0 drivers
v0x7fc62a76e370_0 .net "Oh", 15 0, L_0x7fc62a77cc80;  1 drivers
v0x7fc62a76da00_0 .net "Ol", 15 0, L_0x7fc62a77db70;  1 drivers
o0x7fc62b04b818 .functor BUFZ 1, C4<z>; HiZ drive
v0x7fc62a76e600_0 .net "SIGNEXTIN", 0 0, o0x7fc62b04b818;  0 drivers
v0x7fc62a76e690_0 .net "SIGNEXTOUT", 0 0, L_0x7fc62a77cf70;  1 drivers
v0x7fc62a76e720_0 .net "XW", 15 0, L_0x7fc62a77c4a0;  1 drivers
v0x7fc62a76e7b0_0 .net "YZ", 15 0, L_0x7fc62a77d0b0;  1 drivers
v0x7fc62a76e840_0 .net/2u *"_ivl_0", 0 0, L_0x7fc62b073440;  1 drivers
v0x7fc62a76e8d0_0 .net *"_ivl_100", 31 0, L_0x7fc62a77c0d0;  1 drivers
L_0x7fc62b073830 .functor BUFT 1, C4<0000000000000000>, C4<0>, C4<0>, C4<0>;
v0x7fc62a76e960_0 .net *"_ivl_103", 15 0, L_0x7fc62b073830;  1 drivers
v0x7fc62a76e9f0_0 .net *"_ivl_104", 31 0, L_0x7fc62a77bff0;  1 drivers
v0x7fc62a76ea80_0 .net *"_ivl_106", 15 0, L_0x7fc62a77be80;  1 drivers
L_0x7fc62b073878 .functor BUFT 1, C4<0000000000000000>, C4<0>, C4<0>, C4<0>;
v0x7fc62a76eb10_0 .net *"_ivl_108", 15 0, L_0x7fc62b073878;  1 drivers
L_0x7fc62b073488 .functor BUFT 1, C4<00000000>, C4<0>, C4<0>, C4<0>;
v0x7fc62a76eba0_0 .net/2u *"_ivl_12", 7 0, L_0x7fc62b073488;  1 drivers
v0x7fc62a76ec30_0 .net *"_ivl_121", 16 0, L_0x7fc62a77c300;  1 drivers
L_0x7fc62b0738c0 .functor BUFT 1, C4<0>, C4<0>, C4<0>, C4<0>;
v0x7fc62a76ecc0_0 .net *"_ivl_124", 0 0, L_0x7fc62b0738c0;  1 drivers
v0x7fc62a76ed50_0 .net *"_ivl_125", 16 0, L_0x7fc62a77c650;  1 drivers
L_0x7fc62b073908 .functor BUFT 1, C4<0>, C4<0>, C4<0>, C4<0>;
v0x7fc62a76ede0_0 .net *"_ivl_128", 0 0, L_0x7fc62b073908;  1 drivers
v0x7fc62a76ee70_0 .net *"_ivl_129", 15 0, L_0x7fc62a77a770;  1 drivers
v0x7fc62a76ef00_0 .net *"_ivl_131", 16 0, L_0x7fc62a77ca10;  1 drivers
L_0x7fc62b073950 .functor BUFT 1, C4<0>, C4<0>, C4<0>, C4<0>;
v0x7fc62a76ef90_0 .net *"_ivl_134", 0 0, L_0x7fc62b073950;  1 drivers
v0x7fc62a76f020_0 .net *"_ivl_135", 16 0, L_0x7fc62a77c5d0;  1 drivers
v0x7fc62a76f0b0_0 .net *"_ivl_137", 16 0, L_0x7fc62a77c760;  1 drivers
L_0x7fc62b073bd8 .functor BUFT 1, C4<00000000000000000>, C4<0>, C4<0>, C4<0>;
v0x7fc62a76f140_0 .net *"_ivl_139", 16 0, L_0x7fc62b073bd8;  1 drivers
v0x7fc62a76f1d0_0 .net *"_ivl_143", 16 0, L_0x7fc62a77ce40;  1 drivers
v0x7fc62a76f260_0 .net *"_ivl_147", 15 0, L_0x7fc62a77cd80;  1 drivers
v0x7fc62a76f2f0_0 .net *"_ivl_149", 15 0, L_0x7fc62a77caf0;  1 drivers
v0x7fc62a76f380_0 .net *"_ivl_15", 7 0, L_0x7fc62a77ac30;  1 drivers
v0x7fc62a76f410_0 .net *"_ivl_168", 16 0, L_0x7fc62a77d150;  1 drivers
L_0x7fc62b0739e0 .functor BUFT 1, C4<0>, C4<0>, C4<0>, C4<0>;
v0x7fc62a76f4a0_0 .net *"_ivl_171", 0 0, L_0x7fc62b0739e0;  1 drivers
v0x7fc62a76f530_0 .net *"_ivl_172", 16 0, L_0x7fc62a77d5a0;  1 drivers
L_0x7fc62b073a28 .functor BUFT 1, C4<0>, C4<0>, C4<0>, C4<0>;
v0x7fc62a76f5c0_0 .net *"_ivl_175", 0 0, L_0x7fc62b073a28;  1 drivers
v0x7fc62a76f650_0 .net *"_ivl_176", 15 0, L_0x7fc62a77d640;  1 drivers
v0x7fc62a76f6e0_0 .net *"_ivl_178", 16 0, L_0x7fc62a77d760;  1 drivers
L_0x7fc62b0734d0 .functor BUFT 1, C4<00000000>, C4<0>, C4<0>, C4<0>;
v0x7fc62a76e400_0 .net/2u *"_ivl_18", 7 0, L_0x7fc62b0734d0;  1 drivers
L_0x7fc62b073a70 .functor BUFT 1, C4<0>, C4<0>, C4<0>, C4<0>;
v0x7fc62a76e490_0 .net *"_ivl_181", 0 0, L_0x7fc62b073a70;  1 drivers
v0x7fc62a76e520_0 .net *"_ivl_182", 16 0, L_0x7fc62a77d6e0;  1 drivers
v0x7fc62a76f770_0 .net *"_ivl_184", 16 0, L_0x7fc62a77d430;  1 drivers
L_0x7fc62b073c20 .functor BUFT 1, C4<00000000000000000>, C4<0>, C4<0>, C4<0>;
v0x7fc62a76f800_0 .net *"_ivl_186", 16 0, L_0x7fc62b073c20;  1 drivers
v0x7fc62a76f890_0 .net *"_ivl_190", 16 0, L_0x7fc62a77d4d0;  1 drivers
v0x7fc62a76f920_0 .net *"_ivl_192", 15 0, L_0x7fc62a77dbf0;  1 drivers
v0x7fc62a76f9b0_0 .net *"_ivl_194", 15 0, L_0x7fc62a77d9e0;  1 drivers
v0x7fc62a76fa40_0 .net *"_ivl_21", 7 0, L_0x7fc62a77ad70;  1 drivers
L_0x7fc62b073518 .functor BUFT 1, C4<00000000>, C4<0>, C4<0>, C4<0>;
v0x7fc62a76fad0_0 .net/2u *"_ivl_24", 7 0, L_0x7fc62b073518;  1 drivers
v0x7fc62a76fb60_0 .net *"_ivl_27", 7 0, L_0x7fc62a77aeb0;  1 drivers
L_0x7fc62b073560 .functor BUFT 1, C4<00000000>, C4<0>, C4<0>, C4<0>;
v0x7fc62a76fbf0_0 .net/2u *"_ivl_30", 7 0, L_0x7fc62b073560;  1 drivers
v0x7fc62a76fc80_0 .net *"_ivl_33", 7 0, L_0x7fc62a77aff0;  1 drivers
L_0x7fc62b0735a8 .functor BUFT 1, C4<00000000>, C4<0>, C4<0>, C4<0>;
v0x7fc62a76fd10_0 .net/2u *"_ivl_38", 7 0, L_0x7fc62b0735a8;  1 drivers
v0x7fc62a76fda0_0 .net *"_ivl_41", 7 0, L_0x7fc62a77b1d0;  1 drivers
v0x7fc62a76fe30_0 .net *"_ivl_42", 15 0, L_0x7fc62a77b270;  1 drivers
L_0x7fc62b0735f0 .functor BUFT 1, C4<00000000>, C4<0>, C4<0>, C4<0>;
v0x7fc62a76fec0_0 .net/2u *"_ivl_46", 7 0, L_0x7fc62b0735f0;  1 drivers
v0x7fc62a76ff50_0 .net *"_ivl_49", 7 0, L_0x7fc62a77b3b0;  1 drivers
v0x7fc62a76ffe0_0 .net *"_ivl_50", 15 0, L_0x7fc62a77b450;  1 drivers
L_0x7fc62b073638 .functor BUFT 1, C4<00000000>, C4<0>, C4<0>, C4<0>;
v0x7fc62a770070_0 .net/2u *"_ivl_64", 7 0, L_0x7fc62b073638;  1 drivers
L_0x7fc62b073680 .functor BUFT 1, C4<00000000>, C4<0>, C4<0>, C4<0>;
v0x7fc62a770100_0 .net/2u *"_ivl_68", 7 0, L_0x7fc62b073680;  1 drivers
v0x7fc62a770190_0 .net *"_ivl_72", 31 0, L_0x7fc62a77b950;  1 drivers
L_0x7fc62b0736c8 .functor BUFT 1, C4<0000000000000000>, C4<0>, C4<0>, C4<0>;
v0x7fc62a770220_0 .net *"_ivl_75", 15 0, L_0x7fc62b0736c8;  1 drivers
v0x7fc62a7702b0_0 .net *"_ivl_76", 31 0, L_0x7fc62a77ba90;  1 drivers
L_0x7fc62b073710 .functor BUFT 1, C4<00000000>, C4<0>, C4<0>, C4<0>;
v0x7fc62a770340_0 .net *"_ivl_79", 7 0, L_0x7fc62b073710;  1 drivers
v0x7fc62a7703d0_0 .net *"_ivl_80", 31 0, L_0x7fc62a77b9f0;  1 drivers
v0x7fc62a770460_0 .net *"_ivl_82", 23 0, L_0x7fc62a77bb30;  1 drivers
L_0x7fc62b073758 .functor BUFT 1, C4<00000000>, C4<0>, C4<0>, C4<0>;
v0x7fc62a7704f0_0 .net *"_ivl_84", 7 0, L_0x7fc62b073758;  1 drivers
v0x7fc62a770580_0 .net *"_ivl_86", 31 0, L_0x7fc62a77bc80;  1 drivers
v0x7fc62a770610_0 .net *"_ivl_88", 31 0, L_0x7fc62a77bde0;  1 drivers
L_0x7fc62b0737a0 .functor BUFT 1, C4<00000000>, C4<0>, C4<0>, C4<0>;
v0x7fc62a7706a0_0 .net *"_ivl_91", 7 0, L_0x7fc62b0737a0;  1 drivers
v0x7fc62a770730_0 .net *"_ivl_92", 31 0, L_0x7fc62a77bd20;  1 drivers
v0x7fc62a7707c0_0 .net *"_ivl_94", 23 0, L_0x7fc62a77bbd0;  1 drivers
L_0x7fc62b0737e8 .functor BUFT 1, C4<00000000>, C4<0>, C4<0>, C4<0>;
v0x7fc62a770850_0 .net *"_ivl_96", 7 0, L_0x7fc62b0737e8;  1 drivers
v0x7fc62a7708e0_0 .net *"_ivl_98", 31 0, L_0x7fc62a77bf50;  1 drivers
v0x7fc62a770970_0 .net "clock", 0 0, L_0x7fc62a6a97b0;  1 drivers
v0x7fc62a770a00_0 .net "iA", 15 0, L_0x7fc62a6a98d0;  1 drivers
v0x7fc62a770a90_0 .net "iB", 15 0, L_0x7fc62a6a9940;  1 drivers
v0x7fc62a770b20_0 .net "iC", 15 0, L_0x7fc62a6a9860;  1 drivers
v0x7fc62a770bb0_0 .net "iD", 15 0, L_0x7fc62a7175d0;  1 drivers
v0x7fc62a770c40_0 .net "iF", 15 0, L_0x7fc62a705000;  1 drivers
v0x7fc62a770cd0_0 .net "iG", 15 0, L_0x7fc62a77b710;  1 drivers
v0x7fc62a770d60_0 .net "iH", 31 0, L_0x7fc62a72bd50;  1 drivers
v0x7fc62a770df0_0 .net "iJ", 15 0, L_0x7fc62a77b630;  1 drivers
v0x7fc62a770e80_0 .net "iJ_e", 23 0, L_0x7fc62a77b8b0;  1 drivers
v0x7fc62a770f10_0 .net "iK", 15 0, L_0x7fc62a77b6a0;  1 drivers
v0x7fc62a770fa0_0 .net "iK_e", 23 0, L_0x7fc62a77b780;  1 drivers
v0x7fc62a771030_0 .net "iL", 31 0, L_0x7fc62a77c260;  1 drivers
v0x7fc62a7710c0_0 .net "iP", 15 0, L_0x7fc62a77cbe0;  1 drivers
v0x7fc62a771150_0 .net "iQ", 15 0, v0x7fc62a771c90_0;  1 drivers
v0x7fc62a7711e0_0 .net "iR", 15 0, L_0x7fc62a77d2f0;  1 drivers
v0x7fc62a771270_0 .net "iS", 15 0, v0x7fc62a771d20_0;  1 drivers
v0x7fc62a771300_0 .net "iW", 15 0, L_0x7fc62a77b820;  1 drivers
v0x7fc62a771390_0 .net "iX", 15 0, L_0x7fc62a77c170;  1 drivers
v0x7fc62a771420_0 .net "iY", 15 0, L_0x7fc62a77cb60;  1 drivers
v0x7fc62a7714b0_0 .net "iZ", 15 0, L_0x7fc62a77d200;  1 drivers
v0x7fc62a771540_0 .net "p_Ah_Bh", 15 0, L_0x7fc62a77b130;  1 drivers
v0x7fc62a7715d0_0 .net "p_Ah_Bl", 15 0, L_0x7fc62a77b4f0;  1 drivers
v0x7fc62a771660_0 .net "p_Al_Bh", 15 0, L_0x7fc62a77b310;  1 drivers
v0x7fc62a7716f0_0 .net "p_Al_Bl", 15 0, L_0x7fc62a77b590;  1 drivers
v0x7fc62a771780_0 .var "rA", 15 0;
v0x7fc62a771810_0 .var "rB", 15 0;
v0x7fc62a7718a0_0 .var "rC", 15 0;
v0x7fc62a771930_0 .var "rD", 15 0;
v0x7fc62a7719c0_0 .var "rF", 15 0;
v0x7fc62a771a50_0 .var "rG", 15 0;
v0x7fc62a771ae0_0 .var "rH", 31 0;
v0x7fc62a771b70_0 .var "rJ", 15 0;
v0x7fc62a771c00_0 .var "rK", 15 0;
v0x7fc62a771c90_0 .var "rQ", 15 0;
v0x7fc62a771d20_0 .var "rS", 15 0;
E_0x7fc62a71bf60 .event posedge, v0x7fc62a76e250_0, v0x7fc62a770970_0;
E_0x7fc62a713670 .event posedge, v0x7fc62a76e2e0_0, v0x7fc62a770970_0;
E_0x7fc62a720d20 .event posedge, v0x7fc62a76dd40_0, v0x7fc62a770970_0;
E_0x7fc62a71c600 .event posedge, v0x7fc62a76ddd0_0, v0x7fc62a770970_0;
L_0x7fc62a77ac30 .part L_0x7fc62a6a98d0, 8, 8;
L_0x7fc62a77acd0 .concat [ 8 8 0 0], L_0x7fc62a77ac30, L_0x7fc62b073488;
L_0x7fc62a77ad70 .part L_0x7fc62a6a98d0, 0, 8;
L_0x7fc62a77ae10 .concat [ 8 8 0 0], L_0x7fc62a77ad70, L_0x7fc62b0734d0;
L_0x7fc62a77aeb0 .part L_0x7fc62a6a9940, 8, 8;
L_0x7fc62a77af50 .concat [ 8 8 0 0], L_0x7fc62a77aeb0, L_0x7fc62b073518;
L_0x7fc62a77aff0 .part L_0x7fc62a6a9940, 0, 8;
L_0x7fc62a77b090 .concat [ 8 8 0 0], L_0x7fc62a77aff0, L_0x7fc62b073560;
L_0x7fc62a77b130 .arith/mult 16, L_0x7fc62a77acd0, L_0x7fc62a77af50;
L_0x7fc62a77b1d0 .part L_0x7fc62a77ae10, 0, 8;
L_0x7fc62a77b270 .concat [ 8 8 0 0], L_0x7fc62a77b1d0, L_0x7fc62b0735a8;
L_0x7fc62a77b310 .arith/mult 16, L_0x7fc62a77b270, L_0x7fc62a77af50;
L_0x7fc62a77b3b0 .part L_0x7fc62a77b090, 0, 8;
L_0x7fc62a77b450 .concat [ 8 8 0 0], L_0x7fc62a77b3b0, L_0x7fc62b0735f0;
L_0x7fc62a77b4f0 .arith/mult 16, L_0x7fc62a77acd0, L_0x7fc62a77b450;
L_0x7fc62a77b590 .arith/mult 16, L_0x7fc62a77ae10, L_0x7fc62a77b090;
L_0x7fc62a77b780 .concat [ 16 8 0 0], L_0x7fc62a77b6a0, L_0x7fc62b073638;
L_0x7fc62a77b8b0 .concat [ 16 8 0 0], L_0x7fc62a77b630, L_0x7fc62b073680;
L_0x7fc62a77b950 .concat [ 16 16 0 0], L_0x7fc62a77b710, L_0x7fc62b0736c8;
L_0x7fc62a77ba90 .concat [ 24 8 0 0], L_0x7fc62a77b780, L_0x7fc62b073710;
L_0x7fc62a77bb30 .part L_0x7fc62a77ba90, 0, 24;
L_0x7fc62a77b9f0 .concat [ 8 24 0 0], L_0x7fc62b073758, L_0x7fc62a77bb30;
L_0x7fc62a77bc80 .arith/sum 32, L_0x7fc62a77b950, L_0x7fc62a77b9f0;
L_0x7fc62a77bde0 .concat [ 24 8 0 0], L_0x7fc62a77b8b0, L_0x7fc62b0737a0;
L_0x7fc62a77bbd0 .part L_0x7fc62a77bde0, 0, 24;
L_0x7fc62a77bd20 .concat [ 8 24 0 0], L_0x7fc62b0737e8, L_0x7fc62a77bbd0;
L_0x7fc62a77bf50 .arith/sum 32, L_0x7fc62a77bc80, L_0x7fc62a77bd20;
L_0x7fc62a77c0d0 .concat [ 16 16 0 0], L_0x7fc62a705000, L_0x7fc62b073830;
L_0x7fc62a77be80 .part L_0x7fc62a77c0d0, 0, 16;
L_0x7fc62a77bff0 .concat [ 16 16 0 0], L_0x7fc62b073878, L_0x7fc62a77be80;
L_0x7fc62a77c260 .arith/sum 32, L_0x7fc62a77bf50, L_0x7fc62a77bff0;
L_0x7fc62a77c400 .part L_0x7fc62a77ce40, 16, 1;
L_0x7fc62a77c4a0 .part L_0x7fc62a77ce40, 0, 16;
L_0x7fc62a77c300 .concat [ 16 1 0 0], L_0x7fc62a77c170, L_0x7fc62b0738c0;
L_0x7fc62a77c650 .concat [ 16 1 0 0], L_0x7fc62a77b820, L_0x7fc62b073908;
LS_0x7fc62a77a770_0_0 .concat [ 1 1 1 1], o0x7fc62b04b278, o0x7fc62b04b278, o0x7fc62b04b278, o0x7fc62b04b278;
LS_0x7fc62a77a770_0_4 .concat [ 1 1 1 1], o0x7fc62b04b278, o0x7fc62b04b278, o0x7fc62b04b278, o0x7fc62b04b278;
LS_0x7fc62a77a770_0_8 .concat [ 1 1 1 1], o0x7fc62b04b278, o0x7fc62b04b278, o0x7fc62b04b278, o0x7fc62b04b278;
LS_0x7fc62a77a770_0_12 .concat [ 1 1 1 1], o0x7fc62b04b278, o0x7fc62b04b278, o0x7fc62b04b278, o0x7fc62b04b278;
L_0x7fc62a77a770 .concat [ 4 4 4 4], LS_0x7fc62a77a770_0_0, LS_0x7fc62a77a770_0_4, LS_0x7fc62a77a770_0_8, LS_0x7fc62a77a770_0_12;
L_0x7fc62a77ca10 .concat [ 16 1 0 0], L_0x7fc62a77a770, L_0x7fc62b073950;
L_0x7fc62a77c760 .arith/sum 17, L_0x7fc62a77c300, L_0x7fc62a77c5d0;
L_0x7fc62a77ce40 .arith/sum 17, L_0x7fc62a77c760, L_0x7fc62b073bd8;
LS_0x7fc62a77cd80_0_0 .concat [ 1 1 1 1], o0x7fc62b04b278, o0x7fc62b04b278, o0x7fc62b04b278, o0x7fc62b04b278;
LS_0x7fc62a77cd80_0_4 .concat [ 1 1 1 1], o0x7fc62b04b278, o0x7fc62b04b278, o0x7fc62b04b278, o0x7fc62b04b278;
LS_0x7fc62a77cd80_0_8 .concat [ 1 1 1 1], o0x7fc62b04b278, o0x7fc62b04b278, o0x7fc62b04b278, o0x7fc62b04b278;
LS_0x7fc62a77cd80_0_12 .concat [ 1 1 1 1], o0x7fc62b04b278, o0x7fc62b04b278, o0x7fc62b04b278, o0x7fc62b04b278;
L_0x7fc62a77cd80 .concat [ 4 4 4 4], LS_0x7fc62a77cd80_0_0, LS_0x7fc62a77cd80_0_4, LS_0x7fc62a77cd80_0_8, LS_0x7fc62a77cd80_0_12;
L_0x7fc62a77cbe0 .functor MUXZ 16, L_0x7fc62a77caf0, L_0x7fc62a6a9860, o0x7fc62b04b728, C4<>;
L_0x7fc62a77cf70 .part L_0x7fc62a77c170, 15, 1;
L_0x7fc62a77d390 .part L_0x7fc62a77d4d0, 16, 1;
L_0x7fc62a77d0b0 .part L_0x7fc62a77d4d0, 0, 16;
L_0x7fc62a77d150 .concat [ 16 1 0 0], L_0x7fc62a77d200, L_0x7fc62b0739e0;
L_0x7fc62a77d5a0 .concat [ 16 1 0 0], L_0x7fc62a77cb60, L_0x7fc62b073a28;
LS_0x7fc62a77d640_0_0 .concat [ 1 1 1 1], o0x7fc62b04b248, o0x7fc62b04b248, o0x7fc62b04b248, o0x7fc62b04b248;
LS_0x7fc62a77d640_0_4 .concat [ 1 1 1 1], o0x7fc62b04b248, o0x7fc62b04b248, o0x7fc62b04b248, o0x7fc62b04b248;
LS_0x7fc62a77d640_0_8 .concat [ 1 1 1 1], o0x7fc62b04b248, o0x7fc62b04b248, o0x7fc62b04b248, o0x7fc62b04b248;
LS_0x7fc62a77d640_0_12 .concat [ 1 1 1 1], o0x7fc62b04b248, o0x7fc62b04b248, o0x7fc62b04b248, o0x7fc62b04b248;
L_0x7fc62a77d640 .concat [ 4 4 4 4], LS_0x7fc62a77d640_0_0, LS_0x7fc62a77d640_0_4, LS_0x7fc62a77d640_0_8, LS_0x7fc62a77d640_0_12;
L_0x7fc62a77d760 .concat [ 16 1 0 0], L_0x7fc62a77d640, L_0x7fc62b073a70;
L_0x7fc62a77d430 .arith/sum 17, L_0x7fc62a77d150, L_0x7fc62a77d6e0;
L_0x7fc62a77d4d0 .arith/sum 17, L_0x7fc62a77d430, L_0x7fc62b073c20;
LS_0x7fc62a77dbf0_0_0 .concat [ 1 1 1 1], o0x7fc62b04b248, o0x7fc62b04b248, o0x7fc62b04b248, o0x7fc62b04b248;
LS_0x7fc62a77dbf0_0_4 .concat [ 1 1 1 1], o0x7fc62b04b248, o0x7fc62b04b248, o0x7fc62b04b248, o0x7fc62b04b248;
LS_0x7fc62a77dbf0_0_8 .concat [ 1 1 1 1], o0x7fc62b04b248, o0x7fc62b04b248, o0x7fc62b04b248, o0x7fc62b04b248;
LS_0x7fc62a77dbf0_0_12 .concat [ 1 1 1 1], o0x7fc62b04b248, o0x7fc62b04b248, o0x7fc62b04b248, o0x7fc62b04b248;
L_0x7fc62a77dbf0 .concat [ 4 4 4 4], LS_0x7fc62a77dbf0_0_0, LS_0x7fc62a77dbf0_0_4, LS_0x7fc62a77dbf0_0_8, LS_0x7fc62a77dbf0_0_12;
L_0x7fc62a77d2f0 .functor MUXZ 16, L_0x7fc62a77d9e0, L_0x7fc62a7175d0, o0x7fc62b04b6f8, C4<>;
L_0x7fc62a77da50 .concat [ 16 16 0 0], L_0x7fc62a77db70, L_0x7fc62a77cc80;
S_0x7fc62a54d430 .scope module, "SB_PLL40_2F_CORE" "SB_PLL40_2F_CORE" 2 2521;
 .timescale -12 -12;
    .port_info 0 /INPUT 1 "REFERENCECLK";
    .port_info 1 /OUTPUT 1 "PLLOUTCOREA";
    .port_info 2 /OUTPUT 1 "PLLOUTGLOBALA";
    .port_info 3 /OUTPUT 1 "PLLOUTCOREB";
    .port_info 4 /OUTPUT 1 "PLLOUTGLOBALB";
    .port_info 5 /INPUT 1 "EXTFEEDBACK";
    .port_info 6 /INPUT 8 "DYNAMICDELAY";
    .port_info 7 /OUTPUT 1 "LOCK";
    .port_info 8 /INPUT 1 "BYPASS";
    .port_info 9 /INPUT 1 "RESETB";
    .port_info 10 /INPUT 1 "LATCHINPUTVALUE";
    .port_info 11 /OUTPUT 1 "SDO";
    .port_info 12 /INPUT 1 "SDI";
    .port_info 13 /INPUT 1 "SCLK";
P_0x7fc62c815400 .param/str "DELAY_ADJUSTMENT_MODE_FEEDBACK" 0 2 2538, "FIXED";
P_0x7fc62c815440 .param/str "DELAY_ADJUSTMENT_MODE_RELATIVE" 0 2 2539, "FIXED";
P_0x7fc62c815480 .param/l "DIVF" 0 2 2546, C4<0000000>;
P_0x7fc62c8154c0 .param/l "DIVQ" 0 2 2547, C4<000>;
P_0x7fc62c815500 .param/l "DIVR" 0 2 2545, C4<0000>;
P_0x7fc62c815540 .param/l "ENABLE_ICEGATE_PORTA" 0 2 2549, C4<0>;
P_0x7fc62c815580 .param/l "ENABLE_ICEGATE_PORTB" 0 2 2550, C4<0>;
P_0x7fc62c8155c0 .param/l "EXTERNAL_DIVIDE_FACTOR" 0 2 2552, +C4<00000000000000000000000000000001>;
P_0x7fc62c815600 .param/l "FDA_FEEDBACK" 0 2 2541, C4<0000>;
P_0x7fc62c815640 .param/l "FDA_RELATIVE" 0 2 2542, C4<0000>;
P_0x7fc62c815680 .param/str "FEEDBACK_PATH" 0 2 2537, "SIMPLE";
P_0x7fc62c8156c0 .param/l "FILTER_RANGE" 0 2 2548, C4<000>;
P_0x7fc62c815700 .param/str "PLLOUT_SELECT_PORTA" 0 2 2543, "GENCLK";
P_0x7fc62c815740 .param/str "PLLOUT_SELECT_PORTB" 0 2 2544, "GENCLK";
P_0x7fc62c815780 .param/l "SHIFTREG_DIV_MODE" 0 2 2540, C4<0>;
P_0x7fc62c8157c0 .param/l "TEST_MODE" 0 2 2551, C4<0>;
o0x7fc62b04d048 .functor BUFZ 1, C4<z>; HiZ drive
v0x7fc62a69f9a0_0 .net "BYPASS", 0 0, o0x7fc62b04d048;  0 drivers
o0x7fc62b04d078 .functor BUFZ 8, C4<zzzzzzzz>; HiZ drive
v0x7fc62a69fa30_0 .net "DYNAMICDELAY", 7 0, o0x7fc62b04d078;  0 drivers
o0x7fc62b04d0a8 .functor BUFZ 1, C4<z>; HiZ drive
v0x7fc62a69fac0_0 .net "EXTFEEDBACK", 0 0, o0x7fc62b04d0a8;  0 drivers
o0x7fc62b04d0d8 .functor BUFZ 1, C4<z>; HiZ drive
v0x7fc62a69fb50_0 .net "LATCHINPUTVALUE", 0 0, o0x7fc62b04d0d8;  0 drivers
o0x7fc62b04d108 .functor BUFZ 1, C4<z>; HiZ drive
v0x7fc62a69fbe0_0 .net "LOCK", 0 0, o0x7fc62b04d108;  0 drivers
o0x7fc62b04d138 .functor BUFZ 1, C4<z>; HiZ drive
v0x7fc62a69fc70_0 .net "PLLOUTCOREA", 0 0, o0x7fc62b04d138;  0 drivers
o0x7fc62b04d168 .functor BUFZ 1, C4<z>; HiZ drive
v0x7fc62a69fd00_0 .net "PLLOUTCOREB", 0 0, o0x7fc62b04d168;  0 drivers
o0x7fc62b04d198 .functor BUFZ 1, C4<z>; HiZ drive
v0x7fc62a69fd90_0 .net "PLLOUTGLOBALA", 0 0, o0x7fc62b04d198;  0 drivers
o0x7fc62b04d1c8 .functor BUFZ 1, C4<z>; HiZ drive
v0x7fc62a69fe20_0 .net "PLLOUTGLOBALB", 0 0, o0x7fc62b04d1c8;  0 drivers
o0x7fc62b04d1f8 .functor BUFZ 1, C4<z>; HiZ drive
v0x7fc62a69feb0_0 .net "REFERENCECLK", 0 0, o0x7fc62b04d1f8;  0 drivers
o0x7fc62b04d228 .functor BUFZ 1, C4<z>; HiZ drive
v0x7fc62a69ff40_0 .net "RESETB", 0 0, o0x7fc62b04d228;  0 drivers
o0x7fc62b04d258 .functor BUFZ 1, C4<z>; HiZ drive
v0x7fc62a69ffd0_0 .net "SCLK", 0 0, o0x7fc62b04d258;  0 drivers
o0x7fc62b04d288 .functor BUFZ 1, C4<z>; HiZ drive
v0x7fc62a6a0060_0 .net "SDI", 0 0, o0x7fc62b04d288;  0 drivers
o0x7fc62b04d2b8 .functor BUFZ 1, C4<z>; HiZ drive
v0x7fc62a6a00f0_0 .net "SDO", 0 0, o0x7fc62b04d2b8;  0 drivers
S_0x7fc62a54dbd0 .scope module, "SB_PLL40_2F_PAD" "SB_PLL40_2F_PAD" 2 2556;
 .timescale -12 -12;
    .port_info 0 /INPUT 1 "PACKAGEPIN";
    .port_info 1 /OUTPUT 1 "PLLOUTCOREA";
    .port_info 2 /OUTPUT 1 "PLLOUTGLOBALA";
    .port_info 3 /OUTPUT 1 "PLLOUTCOREB";
    .port_info 4 /OUTPUT 1 "PLLOUTGLOBALB";
    .port_info 5 /INPUT 1 "EXTFEEDBACK";
    .port_info 6 /INPUT 8 "DYNAMICDELAY";
    .port_info 7 /OUTPUT 1 "LOCK";
    .port_info 8 /INPUT 1 "BYPASS";
    .port_info 9 /INPUT 1 "RESETB";
    .port_info 10 /INPUT 1 "LATCHINPUTVALUE";
    .port_info 11 /OUTPUT 1 "SDO";
    .port_info 12 /INPUT 1 "SDI";
    .port_info 13 /INPUT 1 "SCLK";
P_0x7fc62c809800 .param/str "DELAY_ADJUSTMENT_MODE_FEEDBACK" 0 2 2573, "FIXED";
P_0x7fc62c809840 .param/str "DELAY_ADJUSTMENT_MODE_RELATIVE" 0 2 2574, "FIXED";
P_0x7fc62c809880 .param/l "DIVF" 0 2 2581, C4<0000000>;
P_0x7fc62c8098c0 .param/l "DIVQ" 0 2 2582, C4<000>;
P_0x7fc62c809900 .param/l "DIVR" 0 2 2580, C4<0000>;
P_0x7fc62c809940 .param/l "ENABLE_ICEGATE_PORTA" 0 2 2584, C4<0>;
P_0x7fc62c809980 .param/l "ENABLE_ICEGATE_PORTB" 0 2 2585, C4<0>;
P_0x7fc62c8099c0 .param/l "EXTERNAL_DIVIDE_FACTOR" 0 2 2587, +C4<00000000000000000000000000000001>;
P_0x7fc62c809a00 .param/l "FDA_FEEDBACK" 0 2 2576, C4<0000>;
P_0x7fc62c809a40 .param/l "FDA_RELATIVE" 0 2 2577, C4<0000>;
P_0x7fc62c809a80 .param/str "FEEDBACK_PATH" 0 2 2572, "SIMPLE";
P_0x7fc62c809ac0 .param/l "FILTER_RANGE" 0 2 2583, C4<000>;
P_0x7fc62c809b00 .param/str "PLLOUT_SELECT_PORTA" 0 2 2578, "GENCLK";
P_0x7fc62c809b40 .param/str "PLLOUT_SELECT_PORTB" 0 2 2579, "GENCLK";
P_0x7fc62c809b80 .param/l "SHIFTREG_DIV_MODE" 0 2 2575, C4<00>;
P_0x7fc62c809bc0 .param/l "TEST_MODE" 0 2 2586, C4<0>;
o0x7fc62b04d588 .functor BUFZ 1, C4<z>; HiZ drive
v0x7fc62a6a0240_0 .net "BYPASS", 0 0, o0x7fc62b04d588;  0 drivers
o0x7fc62b04d5b8 .functor BUFZ 8, C4<zzzzzzzz>; HiZ drive
v0x7fc62a6a02f0_0 .net "DYNAMICDELAY", 7 0, o0x7fc62b04d5b8;  0 drivers
o0x7fc62b04d5e8 .functor BUFZ 1, C4<z>; HiZ drive
v0x7fc62a6a0390_0 .net "EXTFEEDBACK", 0 0, o0x7fc62b04d5e8;  0 drivers
o0x7fc62b04d618 .functor BUFZ 1, C4<z>; HiZ drive
v0x7fc62a6a0420_0 .net "LATCHINPUTVALUE", 0 0, o0x7fc62b04d618;  0 drivers
o0x7fc62b04d648 .functor BUFZ 1, C4<z>; HiZ drive
v0x7fc62a6a04b0_0 .net "LOCK", 0 0, o0x7fc62b04d648;  0 drivers
o0x7fc62b04d678 .functor BUFZ 1, C4<z>; HiZ drive
v0x7fc62a6a0590_0 .net "PACKAGEPIN", 0 0, o0x7fc62b04d678;  0 drivers
o0x7fc62b04d6a8 .functor BUFZ 1, C4<z>; HiZ drive
v0x7fc62a6a0630_0 .net "PLLOUTCOREA", 0 0, o0x7fc62b04d6a8;  0 drivers
o0x7fc62b04d6d8 .functor BUFZ 1, C4<z>; HiZ drive
v0x7fc62a6a06d0_0 .net "PLLOUTCOREB", 0 0, o0x7fc62b04d6d8;  0 drivers
o0x7fc62b04d708 .functor BUFZ 1, C4<z>; HiZ drive
v0x7fc62a6a0770_0 .net "PLLOUTGLOBALA", 0 0, o0x7fc62b04d708;  0 drivers
o0x7fc62b04d738 .functor BUFZ 1, C4<z>; HiZ drive
v0x7fc62a6a0880_0 .net "PLLOUTGLOBALB", 0 0, o0x7fc62b04d738;  0 drivers
o0x7fc62b04d768 .functor BUFZ 1, C4<z>; HiZ drive
v0x7fc62a6a0910_0 .net "RESETB", 0 0, o0x7fc62b04d768;  0 drivers
o0x7fc62b04d798 .functor BUFZ 1, C4<z>; HiZ drive
v0x7fc62a6a09b0_0 .net "SCLK", 0 0, o0x7fc62b04d798;  0 drivers
o0x7fc62b04d7c8 .functor BUFZ 1, C4<z>; HiZ drive
v0x7fc62a6a0a50_0 .net "SDI", 0 0, o0x7fc62b04d7c8;  0 drivers
o0x7fc62b04d7f8 .functor BUFZ 1, C4<z>; HiZ drive
v0x7fc62a6a0af0_0 .net "SDO", 0 0, o0x7fc62b04d7f8;  0 drivers
S_0x7fc62a54e370 .scope module, "SB_PLL40_2_PAD" "SB_PLL40_2_PAD" 2 2487;
 .timescale -12 -12;
    .port_info 0 /INPUT 1 "PACKAGEPIN";
    .port_info 1 /OUTPUT 1 "PLLOUTCOREA";
    .port_info 2 /OUTPUT 1 "PLLOUTGLOBALA";
    .port_info 3 /OUTPUT 1 "PLLOUTCOREB";
    .port_info 4 /OUTPUT 1 "PLLOUTGLOBALB";
    .port_info 5 /INPUT 1 "EXTFEEDBACK";
    .port_info 6 /INPUT 8 "DYNAMICDELAY";
    .port_info 7 /OUTPUT 1 "LOCK";
    .port_info 8 /INPUT 1 "BYPASS";
    .port_info 9 /INPUT 1 "RESETB";
    .port_info 10 /INPUT 1 "LATCHINPUTVALUE";
    .port_info 11 /OUTPUT 1 "SDO";
    .port_info 12 /INPUT 1 "SDI";
    .port_info 13 /INPUT 1 "SCLK";
P_0x7fc62a54e4e0 .param/str "DELAY_ADJUSTMENT_MODE_FEEDBACK" 0 2 2504, "FIXED";
P_0x7fc62a54e520 .param/str "DELAY_ADJUSTMENT_MODE_RELATIVE" 0 2 2505, "FIXED";
P_0x7fc62a54e560 .param/l "DIVF" 0 2 2511, C4<0000000>;
P_0x7fc62a54e5a0 .param/l "DIVQ" 0 2 2512, C4<000>;
P_0x7fc62a54e5e0 .param/l "DIVR" 0 2 2510, C4<0000>;
P_0x7fc62a54e620 .param/l "ENABLE_ICEGATE_PORTA" 0 2 2514, C4<0>;
P_0x7fc62a54e660 .param/l "ENABLE_ICEGATE_PORTB" 0 2 2515, C4<0>;
P_0x7fc62a54e6a0 .param/l "EXTERNAL_DIVIDE_FACTOR" 0 2 2517, +C4<00000000000000000000000000000001>;
P_0x7fc62a54e6e0 .param/l "FDA_FEEDBACK" 0 2 2507, C4<0000>;
P_0x7fc62a54e720 .param/l "FDA_RELATIVE" 0 2 2508, C4<0000>;
P_0x7fc62a54e760 .param/str "FEEDBACK_PATH" 0 2 2503, "SIMPLE";
P_0x7fc62a54e7a0 .param/l "FILTER_RANGE" 0 2 2513, C4<000>;
P_0x7fc62a54e7e0 .param/str "PLLOUT_SELECT_PORTB" 0 2 2509, "GENCLK";
P_0x7fc62a54e820 .param/l "SHIFTREG_DIV_MODE" 0 2 2506, C4<0>;
P_0x7fc62a54e860 .param/l "TEST_MODE" 0 2 2516, C4<0>;
o0x7fc62b04dac8 .functor BUFZ 1, C4<z>; HiZ drive
v0x7fc62a6a0ce0_0 .net "BYPASS", 0 0, o0x7fc62b04dac8;  0 drivers
o0x7fc62b04daf8 .functor BUFZ 8, C4<zzzzzzzz>; HiZ drive
v0x7fc62a6a0d90_0 .net "DYNAMICDELAY", 7 0, o0x7fc62b04daf8;  0 drivers
o0x7fc62b04db28 .functor BUFZ 1, C4<z>; HiZ drive
v0x7fc62a6a0e30_0 .net "EXTFEEDBACK", 0 0, o0x7fc62b04db28;  0 drivers
o0x7fc62b04db58 .functor BUFZ 1, C4<z>; HiZ drive
v0x7fc62a6a0ec0_0 .net "LATCHINPUTVALUE", 0 0, o0x7fc62b04db58;  0 drivers
o0x7fc62b04db88 .functor BUFZ 1, C4<z>; HiZ drive
v0x7fc62a6a0f50_0 .net "LOCK", 0 0, o0x7fc62b04db88;  0 drivers
o0x7fc62b04dbb8 .functor BUFZ 1, C4<z>; HiZ drive
v0x7fc62a6a1030_0 .net "PACKAGEPIN", 0 0, o0x7fc62b04dbb8;  0 drivers
o0x7fc62b04dbe8 .functor BUFZ 1, C4<z>; HiZ drive
v0x7fc62a6a10d0_0 .net "PLLOUTCOREA", 0 0, o0x7fc62b04dbe8;  0 drivers
o0x7fc62b04dc18 .functor BUFZ 1, C4<z>; HiZ drive
v0x7fc62a6a1170_0 .net "PLLOUTCOREB", 0 0, o0x7fc62b04dc18;  0 drivers
o0x7fc62b04dc48 .functor BUFZ 1, C4<z>; HiZ drive
v0x7fc62a6a1210_0 .net "PLLOUTGLOBALA", 0 0, o0x7fc62b04dc48;  0 drivers
o0x7fc62b04dc78 .functor BUFZ 1, C4<z>; HiZ drive
v0x7fc62a6a1320_0 .net "PLLOUTGLOBALB", 0 0, o0x7fc62b04dc78;  0 drivers
o0x7fc62b04dca8 .functor BUFZ 1, C4<z>; HiZ drive
v0x7fc62a6a13b0_0 .net "RESETB", 0 0, o0x7fc62b04dca8;  0 drivers
o0x7fc62b04dcd8 .functor BUFZ 1, C4<z>; HiZ drive
v0x7fc62a6a1450_0 .net "SCLK", 0 0, o0x7fc62b04dcd8;  0 drivers
o0x7fc62b04dd08 .functor BUFZ 1, C4<z>; HiZ drive
v0x7fc62a6a14f0_0 .net "SDI", 0 0, o0x7fc62b04dd08;  0 drivers
o0x7fc62b04dd38 .functor BUFZ 1, C4<z>; HiZ drive
v0x7fc62a6a1590_0 .net "SDO", 0 0, o0x7fc62b04dd38;  0 drivers
S_0x7fc62a54ef70 .scope module, "SB_PLL40_CORE" "SB_PLL40_CORE" 2 2425;
 .timescale -12 -12;
    .port_info 0 /INPUT 1 "REFERENCECLK";
    .port_info 1 /OUTPUT 1 "PLLOUTCORE";
    .port_info 2 /OUTPUT 1 "PLLOUTGLOBAL";
    .port_info 3 /INPUT 1 "EXTFEEDBACK";
    .port_info 4 /INPUT 8 "DYNAMICDELAY";
    .port_info 5 /OUTPUT 1 "LOCK";
    .port_info 6 /INPUT 1 "BYPASS";
    .port_info 7 /INPUT 1 "RESETB";
    .port_info 8 /INPUT 1 "LATCHINPUTVALUE";
    .port_info 9 /OUTPUT 1 "SDO";
    .port_info 10 /INPUT 1 "SDI";
    .port_info 11 /INPUT 1 "SCLK";
P_0x7fc62a54f0e0 .param/str "DELAY_ADJUSTMENT_MODE_FEEDBACK" 0 2 2440, "FIXED";
P_0x7fc62a54f120 .param/str "DELAY_ADJUSTMENT_MODE_RELATIVE" 0 2 2441, "FIXED";
P_0x7fc62a54f160 .param/l "DIVF" 0 2 2447, C4<0000000>;
P_0x7fc62a54f1a0 .param/l "DIVQ" 0 2 2448, C4<000>;
P_0x7fc62a54f1e0 .param/l "DIVR" 0 2 2446, C4<0000>;
P_0x7fc62a54f220 .param/l "ENABLE_ICEGATE" 0 2 2450, C4<0>;
P_0x7fc62a54f260 .param/l "EXTERNAL_DIVIDE_FACTOR" 0 2 2452, +C4<00000000000000000000000000000001>;
P_0x7fc62a54f2a0 .param/l "FDA_FEEDBACK" 0 2 2443, C4<0000>;
P_0x7fc62a54f2e0 .param/l "FDA_RELATIVE" 0 2 2444, C4<0000>;
P_0x7fc62a54f320 .param/str "FEEDBACK_PATH" 0 2 2439, "SIMPLE";
P_0x7fc62a54f360 .param/l "FILTER_RANGE" 0 2 2449, C4<000>;
P_0x7fc62a54f3a0 .param/str "PLLOUT_SELECT" 0 2 2445, "GENCLK";
P_0x7fc62a54f3e0 .param/l "SHIFTREG_DIV_MODE" 0 2 2442, C4<0>;
P_0x7fc62a54f420 .param/l "TEST_MODE" 0 2 2451, C4<0>;
o0x7fc62b04e008 .functor BUFZ 1, C4<z>; HiZ drive
v0x7fc62a6a1780_0 .net "BYPASS", 0 0, o0x7fc62b04e008;  0 drivers
o0x7fc62b04e038 .functor BUFZ 8, C4<zzzzzzzz>; HiZ drive
v0x7fc62a6a1830_0 .net "DYNAMICDELAY", 7 0, o0x7fc62b04e038;  0 drivers
o0x7fc62b04e068 .functor BUFZ 1, C4<z>; HiZ drive
v0x7fc62a6a18d0_0 .net "EXTFEEDBACK", 0 0, o0x7fc62b04e068;  0 drivers
o0x7fc62b04e098 .functor BUFZ 1, C4<z>; HiZ drive
v0x7fc62a6a1960_0 .net "LATCHINPUTVALUE", 0 0, o0x7fc62b04e098;  0 drivers
o0x7fc62b04e0c8 .functor BUFZ 1, C4<z>; HiZ drive
v0x7fc62a6a19f0_0 .net "LOCK", 0 0, o0x7fc62b04e0c8;  0 drivers
o0x7fc62b04e0f8 .functor BUFZ 1, C4<z>; HiZ drive
v0x7fc62a6a1ad0_0 .net "PLLOUTCORE", 0 0, o0x7fc62b04e0f8;  0 drivers
o0x7fc62b04e128 .functor BUFZ 1, C4<z>; HiZ drive
v0x7fc62a6a1b70_0 .net "PLLOUTGLOBAL", 0 0, o0x7fc62b04e128;  0 drivers
o0x7fc62b04e158 .functor BUFZ 1, C4<z>; HiZ drive
v0x7fc62a6a1c10_0 .net "REFERENCECLK", 0 0, o0x7fc62b04e158;  0 drivers
o0x7fc62b04e188 .functor BUFZ 1, C4<z>; HiZ drive
v0x7fc62a6a1cb0_0 .net "RESETB", 0 0, o0x7fc62b04e188;  0 drivers
o0x7fc62b04e1b8 .functor BUFZ 1, C4<z>; HiZ drive
v0x7fc62a6a1dc0_0 .net "SCLK", 0 0, o0x7fc62b04e1b8;  0 drivers
o0x7fc62b04e1e8 .functor BUFZ 1, C4<z>; HiZ drive
v0x7fc62a6a1e50_0 .net "SDI", 0 0, o0x7fc62b04e1e8;  0 drivers
o0x7fc62b04e218 .functor BUFZ 1, C4<z>; HiZ drive
v0x7fc62a6a1ef0_0 .net "SDO", 0 0, o0x7fc62b04e218;  0 drivers
S_0x7fc62a54fad0 .scope module, "SB_PLL40_PAD" "SB_PLL40_PAD" 2 2456;
 .timescale -12 -12;
    .port_info 0 /INPUT 1 "PACKAGEPIN";
    .port_info 1 /OUTPUT 1 "PLLOUTCORE";
    .port_info 2 /OUTPUT 1 "PLLOUTGLOBAL";
    .port_info 3 /INPUT 1 "EXTFEEDBACK";
    .port_info 4 /INPUT 8 "DYNAMICDELAY";
    .port_info 5 /OUTPUT 1 "LOCK";
    .port_info 6 /INPUT 1 "BYPASS";
    .port_info 7 /INPUT 1 "RESETB";
    .port_info 8 /INPUT 1 "LATCHINPUTVALUE";
    .port_info 9 /OUTPUT 1 "SDO";
    .port_info 10 /INPUT 1 "SDI";
    .port_info 11 /INPUT 1 "SCLK";
P_0x7fc62a54fc40 .param/str "DELAY_ADJUSTMENT_MODE_FEEDBACK" 0 2 2471, "FIXED";
P_0x7fc62a54fc80 .param/str "DELAY_ADJUSTMENT_MODE_RELATIVE" 0 2 2472, "FIXED";
P_0x7fc62a54fcc0 .param/l "DIVF" 0 2 2478, C4<0000000>;
P_0x7fc62a54fd00 .param/l "DIVQ" 0 2 2479, C4<000>;
P_0x7fc62a54fd40 .param/l "DIVR" 0 2 2477, C4<0000>;
P_0x7fc62a54fd80 .param/l "ENABLE_ICEGATE" 0 2 2481, C4<0>;
P_0x7fc62a54fdc0 .param/l "EXTERNAL_DIVIDE_FACTOR" 0 2 2483, +C4<00000000000000000000000000000001>;
P_0x7fc62a54fe00 .param/l "FDA_FEEDBACK" 0 2 2474, C4<0000>;
P_0x7fc62a54fe40 .param/l "FDA_RELATIVE" 0 2 2475, C4<0000>;
P_0x7fc62a54fe80 .param/str "FEEDBACK_PATH" 0 2 2470, "SIMPLE";
P_0x7fc62a54fec0 .param/l "FILTER_RANGE" 0 2 2480, C4<000>;
P_0x7fc62a54ff00 .param/str "PLLOUT_SELECT" 0 2 2476, "GENCLK";
P_0x7fc62a54ff40 .param/l "SHIFTREG_DIV_MODE" 0 2 2473, C4<0>;
P_0x7fc62a54ff80 .param/l "TEST_MODE" 0 2 2482, C4<0>;
o0x7fc62b04e488 .functor BUFZ 1, C4<z>; HiZ drive
v0x7fc62a6a20b0_0 .net "BYPASS", 0 0, o0x7fc62b04e488;  0 drivers
o0x7fc62b04e4b8 .functor BUFZ 8, C4<zzzzzzzz>; HiZ drive
v0x7fc62a6a2160_0 .net "DYNAMICDELAY", 7 0, o0x7fc62b04e4b8;  0 drivers
o0x7fc62b04e4e8 .functor BUFZ 1, C4<z>; HiZ drive
v0x7fc62a6a2200_0 .net "EXTFEEDBACK", 0 0, o0x7fc62b04e4e8;  0 drivers
o0x7fc62b04e518 .functor BUFZ 1, C4<z>; HiZ drive
v0x7fc62a6a2290_0 .net "LATCHINPUTVALUE", 0 0, o0x7fc62b04e518;  0 drivers
o0x7fc62b04e548 .functor BUFZ 1, C4<z>; HiZ drive
v0x7fc62a6a2320_0 .net "LOCK", 0 0, o0x7fc62b04e548;  0 drivers
o0x7fc62b04e578 .functor BUFZ 1, C4<z>; HiZ drive
v0x7fc62a6a2400_0 .net "PACKAGEPIN", 0 0, o0x7fc62b04e578;  0 drivers
o0x7fc62b04e5a8 .functor BUFZ 1, C4<z>; HiZ drive
v0x7fc62a6a24a0_0 .net "PLLOUTCORE", 0 0, o0x7fc62b04e5a8;  0 drivers
o0x7fc62b04e5d8 .functor BUFZ 1, C4<z>; HiZ drive
v0x7fc62a6a2540_0 .net "PLLOUTGLOBAL", 0 0, o0x7fc62b04e5d8;  0 drivers
o0x7fc62b04e608 .functor BUFZ 1, C4<z>; HiZ drive
v0x7fc62a6a25e0_0 .net "RESETB", 0 0, o0x7fc62b04e608;  0 drivers
o0x7fc62b04e638 .functor BUFZ 1, C4<z>; HiZ drive
v0x7fc62a6a26f0_0 .net "SCLK", 0 0, o0x7fc62b04e638;  0 drivers
o0x7fc62b04e668 .functor BUFZ 1, C4<z>; HiZ drive
v0x7fc62a6a2780_0 .net "SDI", 0 0, o0x7fc62b04e668;  0 drivers
o0x7fc62b04e698 .functor BUFZ 1, C4<z>; HiZ drive
v0x7fc62a6a2820_0 .net "SDO", 0 0, o0x7fc62b04e698;  0 drivers
S_0x7fc62a550630 .scope module, "SB_RAM40_4KNR" "SB_RAM40_4KNR" 2 1726;
 .timescale -12 -12;
    .port_info 0 /OUTPUT 16 "RDATA";
    .port_info 1 /INPUT 1 "RCLKN";
    .port_info 2 /INPUT 1 "RCLKE";
    .port_info 3 /INPUT 1 "RE";
    .port_info 4 /INPUT 11 "RADDR";
    .port_info 5 /INPUT 1 "WCLK";
    .port_info 6 /INPUT 1 "WCLKE";
    .port_info 7 /INPUT 1 "WE";
    .port_info 8 /INPUT 11 "WADDR";
    .port_info 9 /INPUT 16 "MASK";
    .port_info 10 /INPUT 16 "WDATA";
P_0x7fc62c809c00 .param/l "INIT_0" 0 2 1742, C4<0000000000000000000000000000000000000000000000000000000000000000000000000000000000000000000000000000000000000000000000000000000000000000000000000000000000000000000000000000000000000000000000000000000000000000000000000000000000000000000000000000000000000000>;
P_0x7fc62c809c40 .param/l "INIT_1" 0 2 1743, C4<0000000000000000000000000000000000000000000000000000000000000000000000000000000000000000000000000000000000000000000000000000000000000000000000000000000000000000000000000000000000000000000000000000000000000000000000000000000000000000000000000000000000000000>;
P_0x7fc62c809c80 .param/l "INIT_2" 0 2 1744, C4<0000000000000000000000000000000000000000000000000000000000000000000000000000000000000000000000000000000000000000000000000000000000000000000000000000000000000000000000000000000000000000000000000000000000000000000000000000000000000000000000000000000000000000>;
P_0x7fc62c809cc0 .param/l "INIT_3" 0 2 1745, C4<0000000000000000000000000000000000000000000000000000000000000000000000000000000000000000000000000000000000000000000000000000000000000000000000000000000000000000000000000000000000000000000000000000000000000000000000000000000000000000000000000000000000000000>;
P_0x7fc62c809d00 .param/l "INIT_4" 0 2 1746, C4<0000000000000000000000000000000000000000000000000000000000000000000000000000000000000000000000000000000000000000000000000000000000000000000000000000000000000000000000000000000000000000000000000000000000000000000000000000000000000000000000000000000000000000>;
P_0x7fc62c809d40 .param/l "INIT_5" 0 2 1747, C4<0000000000000000000000000000000000000000000000000000000000000000000000000000000000000000000000000000000000000000000000000000000000000000000000000000000000000000000000000000000000000000000000000000000000000000000000000000000000000000000000000000000000000000>;
P_0x7fc62c809d80 .param/l "INIT_6" 0 2 1748, C4<0000000000000000000000000000000000000000000000000000000000000000000000000000000000000000000000000000000000000000000000000000000000000000000000000000000000000000000000000000000000000000000000000000000000000000000000000000000000000000000000000000000000000000>;
P_0x7fc62c809dc0 .param/l "INIT_7" 0 2 1749, C4<0000000000000000000000000000000000000000000000000000000000000000000000000000000000000000000000000000000000000000000000000000000000000000000000000000000000000000000000000000000000000000000000000000000000000000000000000000000000000000000000000000000000000000>;
P_0x7fc62c809e00 .param/l "INIT_8" 0 2 1750, C4<0000000000000000000000000000000000000000000000000000000000000000000000000000000000000000000000000000000000000000000000000000000000000000000000000000000000000000000000000000000000000000000000000000000000000000000000000000000000000000000000000000000000000000>;
P_0x7fc62c809e40 .param/l "INIT_9" 0 2 1751, C4<0000000000000000000000000000000000000000000000000000000000000000000000000000000000000000000000000000000000000000000000000000000000000000000000000000000000000000000000000000000000000000000000000000000000000000000000000000000000000000000000000000000000000000>;
P_0x7fc62c809e80 .param/l "INIT_A" 0 2 1752, C4<0000000000000000000000000000000000000000000000000000000000000000000000000000000000000000000000000000000000000000000000000000000000000000000000000000000000000000000000000000000000000000000000000000000000000000000000000000000000000000000000000000000000000000>;
P_0x7fc62c809ec0 .param/l "INIT_B" 0 2 1753, C4<0000000000000000000000000000000000000000000000000000000000000000000000000000000000000000000000000000000000000000000000000000000000000000000000000000000000000000000000000000000000000000000000000000000000000000000000000000000000000000000000000000000000000000>;
P_0x7fc62c809f00 .param/l "INIT_C" 0 2 1754, C4<0000000000000000000000000000000000000000000000000000000000000000000000000000000000000000000000000000000000000000000000000000000000000000000000000000000000000000000000000000000000000000000000000000000000000000000000000000000000000000000000000000000000000000>;
P_0x7fc62c809f40 .param/l "INIT_D" 0 2 1755, C4<0000000000000000000000000000000000000000000000000000000000000000000000000000000000000000000000000000000000000000000000000000000000000000000000000000000000000000000000000000000000000000000000000000000000000000000000000000000000000000000000000000000000000000>;
P_0x7fc62c809f80 .param/l "INIT_E" 0 2 1756, C4<0000000000000000000000000000000000000000000000000000000000000000000000000000000000000000000000000000000000000000000000000000000000000000000000000000000000000000000000000000000000000000000000000000000000000000000000000000000000000000000000000000000000000000>;
P_0x7fc62c809fc0 .param/l "INIT_F" 0 2 1757, C4<0000000000000000000000000000000000000000000000000000000000000000000000000000000000000000000000000000000000000000000000000000000000000000000000000000000000000000000000000000000000000000000000000000000000000000000000000000000000000000000000000000000000000000>;
P_0x7fc62c80a000 .param/str "INIT_FILE" 0 2 1759, "\000";
P_0x7fc62c80a040 .param/l "READ_MODE" 0 2 1740, +C4<00000000000000000000000000000000>;
P_0x7fc62c80a080 .param/l "WRITE_MODE" 0 2 1739, +C4<00000000000000000000000000000000>;
o0x7fc62b04ee18 .functor BUFZ 1, C4<z>; HiZ drive
L_0x7fc62a77df90 .functor NOT 1, o0x7fc62b04ee18, C4<0>, C4<0>, C4<0>;
o0x7fc62b04e908 .functor BUFZ 16, C4<zzzzzzzzzzzzzzzz>; HiZ drive
v0x7fc62a773c40_0 .net "MASK", 15 0, o0x7fc62b04e908;  0 drivers
o0x7fc62b04e938 .functor BUFZ 11, C4<zzzzzzzzzzz>; HiZ drive
v0x7fc62a773cd0_0 .net "RADDR", 10 0, o0x7fc62b04e938;  0 drivers
o0x7fc62b04e998 .functor BUFZ 1, C4<z>; HiZ drive
v0x7fc62a773d60_0 .net "RCLKE", 0 0, o0x7fc62b04e998;  0 drivers
v0x7fc62a773df0_0 .net "RCLKN", 0 0, o0x7fc62b04ee18;  0 drivers
v0x7fc62a773e80_0 .net "RDATA", 15 0, L_0x7fc62a77d920;  1 drivers
o0x7fc62b04ea28 .functor BUFZ 1, C4<z>; HiZ drive
v0x7fc62a773f10_0 .net "RE", 0 0, o0x7fc62b04ea28;  0 drivers
o0x7fc62b04ea88 .functor BUFZ 11, C4<zzzzzzzzzzz>; HiZ drive
v0x7fc62a773fa0_0 .net "WADDR", 10 0, o0x7fc62b04ea88;  0 drivers
o0x7fc62b04eab8 .functor BUFZ 1, C4<z>; HiZ drive
v0x7fc62a774030_0 .net "WCLK", 0 0, o0x7fc62b04eab8;  0 drivers
o0x7fc62b04eae8 .functor BUFZ 1, C4<z>; HiZ drive
v0x7fc62a7740c0_0 .net "WCLKE", 0 0, o0x7fc62b04eae8;  0 drivers
o0x7fc62b04eb18 .functor BUFZ 16, C4<zzzzzzzzzzzzzzzz>; HiZ drive
v0x7fc62a774150_0 .net "WDATA", 15 0, o0x7fc62b04eb18;  0 drivers
o0x7fc62b04eb78 .functor BUFZ 1, C4<z>; HiZ drive
v0x7fc62a7741e0_0 .net "WE", 0 0, o0x7fc62b04eb78;  0 drivers
S_0x7fc62a6a29e0 .scope module, "RAM" "SB_RAM40_4K" 2 1781, 2 1487 0, S_0x7fc62a550630;
 .timescale -12 -12;
    .port_info 0 /OUTPUT 16 "RDATA";
    .port_info 1 /INPUT 1 "RCLK";
    .port_info 2 /INPUT 1 "RCLKE";
    .port_info 3 /INPUT 1 "RE";
    .port_info 4 /INPUT 11 "RADDR";
    .port_info 5 /INPUT 1 "WCLK";
    .port_info 6 /INPUT 1 "WCLKE";
    .port_info 7 /INPUT 1 "WE";
    .port_info 8 /INPUT 11 "WADDR";
    .port_info 9 /INPUT 16 "MASK";
    .port_info 10 /INPUT 16 "WDATA";
P_0x7fc62b81da00 .param/l "INIT_0" 0 2 1507, C4<0000000000000000000000000000000000000000000000000000000000000000000000000000000000000000000000000000000000000000000000000000000000000000000000000000000000000000000000000000000000000000000000000000000000000000000000000000000000000000000000000000000000000000>;
P_0x7fc62b81da40 .param/l "INIT_1" 0 2 1508, C4<0000000000000000000000000000000000000000000000000000000000000000000000000000000000000000000000000000000000000000000000000000000000000000000000000000000000000000000000000000000000000000000000000000000000000000000000000000000000000000000000000000000000000000>;
P_0x7fc62b81da80 .param/l "INIT_2" 0 2 1509, C4<0000000000000000000000000000000000000000000000000000000000000000000000000000000000000000000000000000000000000000000000000000000000000000000000000000000000000000000000000000000000000000000000000000000000000000000000000000000000000000000000000000000000000000>;
P_0x7fc62b81dac0 .param/l "INIT_3" 0 2 1510, C4<0000000000000000000000000000000000000000000000000000000000000000000000000000000000000000000000000000000000000000000000000000000000000000000000000000000000000000000000000000000000000000000000000000000000000000000000000000000000000000000000000000000000000000>;
P_0x7fc62b81db00 .param/l "INIT_4" 0 2 1511, C4<0000000000000000000000000000000000000000000000000000000000000000000000000000000000000000000000000000000000000000000000000000000000000000000000000000000000000000000000000000000000000000000000000000000000000000000000000000000000000000000000000000000000000000>;
P_0x7fc62b81db40 .param/l "INIT_5" 0 2 1512, C4<0000000000000000000000000000000000000000000000000000000000000000000000000000000000000000000000000000000000000000000000000000000000000000000000000000000000000000000000000000000000000000000000000000000000000000000000000000000000000000000000000000000000000000>;
P_0x7fc62b81db80 .param/l "INIT_6" 0 2 1513, C4<0000000000000000000000000000000000000000000000000000000000000000000000000000000000000000000000000000000000000000000000000000000000000000000000000000000000000000000000000000000000000000000000000000000000000000000000000000000000000000000000000000000000000000>;
P_0x7fc62b81dbc0 .param/l "INIT_7" 0 2 1514, C4<0000000000000000000000000000000000000000000000000000000000000000000000000000000000000000000000000000000000000000000000000000000000000000000000000000000000000000000000000000000000000000000000000000000000000000000000000000000000000000000000000000000000000000>;
P_0x7fc62b81dc00 .param/l "INIT_8" 0 2 1515, C4<0000000000000000000000000000000000000000000000000000000000000000000000000000000000000000000000000000000000000000000000000000000000000000000000000000000000000000000000000000000000000000000000000000000000000000000000000000000000000000000000000000000000000000>;
P_0x7fc62b81dc40 .param/l "INIT_9" 0 2 1516, C4<0000000000000000000000000000000000000000000000000000000000000000000000000000000000000000000000000000000000000000000000000000000000000000000000000000000000000000000000000000000000000000000000000000000000000000000000000000000000000000000000000000000000000000>;
P_0x7fc62b81dc80 .param/l "INIT_A" 0 2 1517, C4<0000000000000000000000000000000000000000000000000000000000000000000000000000000000000000000000000000000000000000000000000000000000000000000000000000000000000000000000000000000000000000000000000000000000000000000000000000000000000000000000000000000000000000>;
P_0x7fc62b81dcc0 .param/l "INIT_B" 0 2 1518, C4<0000000000000000000000000000000000000000000000000000000000000000000000000000000000000000000000000000000000000000000000000000000000000000000000000000000000000000000000000000000000000000000000000000000000000000000000000000000000000000000000000000000000000000>;
P_0x7fc62b81dd00 .param/l "INIT_C" 0 2 1519, C4<0000000000000000000000000000000000000000000000000000000000000000000000000000000000000000000000000000000000000000000000000000000000000000000000000000000000000000000000000000000000000000000000000000000000000000000000000000000000000000000000000000000000000000>;
P_0x7fc62b81dd40 .param/l "INIT_D" 0 2 1520, C4<0000000000000000000000000000000000000000000000000000000000000000000000000000000000000000000000000000000000000000000000000000000000000000000000000000000000000000000000000000000000000000000000000000000000000000000000000000000000000000000000000000000000000000>;
P_0x7fc62b81dd80 .param/l "INIT_E" 0 2 1521, C4<0000000000000000000000000000000000000000000000000000000000000000000000000000000000000000000000000000000000000000000000000000000000000000000000000000000000000000000000000000000000000000000000000000000000000000000000000000000000000000000000000000000000000000>;
P_0x7fc62b81ddc0 .param/l "INIT_F" 0 2 1522, C4<0000000000000000000000000000000000000000000000000000000000000000000000000000000000000000000000000000000000000000000000000000000000000000000000000000000000000000000000000000000000000000000000000000000000000000000000000000000000000000000000000000000000000000>;
P_0x7fc62b81de00 .param/str "INIT_FILE" 0 2 1524, "\000";
P_0x7fc62b81de40 .param/l "READ_MODE" 0 2 1505, +C4<00000000000000000000000000000000>;
P_0x7fc62b81de80 .param/l "WRITE_MODE" 0 2 1504, +C4<00000000000000000000000000000000>;
v0x7fc62a7731b0_0 .net "MASK", 15 0, o0x7fc62b04e908;  alias, 0 drivers
v0x7fc62a773240_0 .net "RADDR", 10 0, o0x7fc62b04e938;  alias, 0 drivers
v0x7fc62a7732d0_0 .net "RCLK", 0 0, L_0x7fc62a77df90;  1 drivers
v0x7fc62a773360_0 .net "RCLKE", 0 0, o0x7fc62b04e998;  alias, 0 drivers
v0x7fc62a7733f0_0 .net "RDATA", 15 0, L_0x7fc62a77d920;  alias, 1 drivers
v0x7fc62a773480_0 .var "RDATA_I", 15 0;
v0x7fc62a773510_0 .net "RE", 0 0, o0x7fc62b04ea28;  alias, 0 drivers
L_0x7fc62b073b00 .functor BUFT 1, C4<0000000000000000>, C4<0>, C4<0>, C4<0>;
v0x7fc62a7735a0_0 .net "RMASK_I", 15 0, L_0x7fc62b073b00;  1 drivers
v0x7fc62a773630_0 .net "WADDR", 10 0, o0x7fc62b04ea88;  alias, 0 drivers
v0x7fc62a7736c0_0 .net "WCLK", 0 0, o0x7fc62b04eab8;  alias, 0 drivers
v0x7fc62a773750_0 .net "WCLKE", 0 0, o0x7fc62b04eae8;  alias, 0 drivers
v0x7fc62a7737e0_0 .net "WDATA", 15 0, o0x7fc62b04eb18;  alias, 0 drivers
v0x7fc62a773870_0 .net "WDATA_I", 15 0, L_0x7fc62a77d8b0;  1 drivers
v0x7fc62a773900_0 .net "WE", 0 0, o0x7fc62b04eb78;  alias, 0 drivers
v0x7fc62a773990_0 .net "WMASK_I", 15 0, L_0x7fc62a77d840;  1 drivers
v0x7fc62a773a20_0 .var/i "i", 31 0;
v0x7fc62a773ab0 .array "memory", 255 0, 15 0;
E_0x7fc62a71c9c0 .event posedge, v0x7fc62a7732d0_0;
E_0x7fc62a71a700 .event posedge, v0x7fc62a7736c0_0;
S_0x7fc62a772bf0 .scope generate, "genblk1" "genblk1" 2 1534, 2 1534 0, S_0x7fc62a6a29e0;
 .timescale -12 -12;
L_0x7fc62a77d840 .functor BUFZ 16, o0x7fc62b04e908, C4<0000000000000000>, C4<0000000000000000>, C4<0000000000000000>;
S_0x7fc62a772d60 .scope generate, "genblk2" "genblk2" 2 1555, 2 1555 0, S_0x7fc62a6a29e0;
 .timescale -12 -12;
S_0x7fc62a772ed0 .scope generate, "genblk3" "genblk3" 2 1576, 2 1576 0, S_0x7fc62a6a29e0;
 .timescale -12 -12;
L_0x7fc62a77d8b0 .functor BUFZ 16, o0x7fc62b04eb18, C4<0000000000000000>, C4<0000000000000000>, C4<0000000000000000>;
S_0x7fc62a773040 .scope generate, "genblk4" "genblk4" 2 1595, 2 1595 0, S_0x7fc62a6a29e0;
 .timescale -12 -12;
L_0x7fc62a77d920 .functor BUFZ 16, v0x7fc62a773480_0, C4<0000000000000000>, C4<0000000000000000>, C4<0000000000000000>;
S_0x7fc62a551ee0 .scope module, "SB_RAM40_4KNRNW" "SB_RAM40_4KNRNW" 2 1998;
 .timescale -12 -12;
    .port_info 0 /OUTPUT 16 "RDATA";
    .port_info 1 /INPUT 1 "RCLKN";
    .port_info 2 /INPUT 1 "RCLKE";
    .port_info 3 /INPUT 1 "RE";
    .port_info 4 /INPUT 11 "RADDR";
    .port_info 5 /INPUT 1 "WCLKN";
    .port_info 6 /INPUT 1 "WCLKE";
    .port_info 7 /INPUT 1 "WE";
    .port_info 8 /INPUT 11 "WADDR";
    .port_info 9 /INPUT 16 "MASK";
    .port_info 10 /INPUT 16 "WDATA";
P_0x7fc62c80a600 .param/l "INIT_0" 0 2 2014, C4<0000000000000000000000000000000000000000000000000000000000000000000000000000000000000000000000000000000000000000000000000000000000000000000000000000000000000000000000000000000000000000000000000000000000000000000000000000000000000000000000000000000000000000>;
P_0x7fc62c80a640 .param/l "INIT_1" 0 2 2015, C4<0000000000000000000000000000000000000000000000000000000000000000000000000000000000000000000000000000000000000000000000000000000000000000000000000000000000000000000000000000000000000000000000000000000000000000000000000000000000000000000000000000000000000000>;
P_0x7fc62c80a680 .param/l "INIT_2" 0 2 2016, C4<0000000000000000000000000000000000000000000000000000000000000000000000000000000000000000000000000000000000000000000000000000000000000000000000000000000000000000000000000000000000000000000000000000000000000000000000000000000000000000000000000000000000000000>;
P_0x7fc62c80a6c0 .param/l "INIT_3" 0 2 2017, C4<0000000000000000000000000000000000000000000000000000000000000000000000000000000000000000000000000000000000000000000000000000000000000000000000000000000000000000000000000000000000000000000000000000000000000000000000000000000000000000000000000000000000000000>;
P_0x7fc62c80a700 .param/l "INIT_4" 0 2 2018, C4<0000000000000000000000000000000000000000000000000000000000000000000000000000000000000000000000000000000000000000000000000000000000000000000000000000000000000000000000000000000000000000000000000000000000000000000000000000000000000000000000000000000000000000>;
P_0x7fc62c80a740 .param/l "INIT_5" 0 2 2019, C4<0000000000000000000000000000000000000000000000000000000000000000000000000000000000000000000000000000000000000000000000000000000000000000000000000000000000000000000000000000000000000000000000000000000000000000000000000000000000000000000000000000000000000000>;
P_0x7fc62c80a780 .param/l "INIT_6" 0 2 2020, C4<0000000000000000000000000000000000000000000000000000000000000000000000000000000000000000000000000000000000000000000000000000000000000000000000000000000000000000000000000000000000000000000000000000000000000000000000000000000000000000000000000000000000000000>;
P_0x7fc62c80a7c0 .param/l "INIT_7" 0 2 2021, C4<0000000000000000000000000000000000000000000000000000000000000000000000000000000000000000000000000000000000000000000000000000000000000000000000000000000000000000000000000000000000000000000000000000000000000000000000000000000000000000000000000000000000000000>;
P_0x7fc62c80a800 .param/l "INIT_8" 0 2 2022, C4<0000000000000000000000000000000000000000000000000000000000000000000000000000000000000000000000000000000000000000000000000000000000000000000000000000000000000000000000000000000000000000000000000000000000000000000000000000000000000000000000000000000000000000>;
P_0x7fc62c80a840 .param/l "INIT_9" 0 2 2023, C4<0000000000000000000000000000000000000000000000000000000000000000000000000000000000000000000000000000000000000000000000000000000000000000000000000000000000000000000000000000000000000000000000000000000000000000000000000000000000000000000000000000000000000000>;
P_0x7fc62c80a880 .param/l "INIT_A" 0 2 2024, C4<0000000000000000000000000000000000000000000000000000000000000000000000000000000000000000000000000000000000000000000000000000000000000000000000000000000000000000000000000000000000000000000000000000000000000000000000000000000000000000000000000000000000000000>;
P_0x7fc62c80a8c0 .param/l "INIT_B" 0 2 2025, C4<0000000000000000000000000000000000000000000000000000000000000000000000000000000000000000000000000000000000000000000000000000000000000000000000000000000000000000000000000000000000000000000000000000000000000000000000000000000000000000000000000000000000000000>;
P_0x7fc62c80a900 .param/l "INIT_C" 0 2 2026, C4<0000000000000000000000000000000000000000000000000000000000000000000000000000000000000000000000000000000000000000000000000000000000000000000000000000000000000000000000000000000000000000000000000000000000000000000000000000000000000000000000000000000000000000>;
P_0x7fc62c80a940 .param/l "INIT_D" 0 2 2027, C4<0000000000000000000000000000000000000000000000000000000000000000000000000000000000000000000000000000000000000000000000000000000000000000000000000000000000000000000000000000000000000000000000000000000000000000000000000000000000000000000000000000000000000000>;
P_0x7fc62c80a980 .param/l "INIT_E" 0 2 2028, C4<0000000000000000000000000000000000000000000000000000000000000000000000000000000000000000000000000000000000000000000000000000000000000000000000000000000000000000000000000000000000000000000000000000000000000000000000000000000000000000000000000000000000000000>;
P_0x7fc62c80a9c0 .param/l "INIT_F" 0 2 2029, C4<0000000000000000000000000000000000000000000000000000000000000000000000000000000000000000000000000000000000000000000000000000000000000000000000000000000000000000000000000000000000000000000000000000000000000000000000000000000000000000000000000000000000000000>;
P_0x7fc62c80aa00 .param/str "INIT_FILE" 0 2 2031, "\000";
P_0x7fc62c80aa40 .param/l "READ_MODE" 0 2 2012, +C4<00000000000000000000000000000000>;
P_0x7fc62c80aa80 .param/l "WRITE_MODE" 0 2 2011, +C4<00000000000000000000000000000000>;
o0x7fc62b04f568 .functor BUFZ 1, C4<z>; HiZ drive
L_0x7fc62a77e150 .functor NOT 1, o0x7fc62b04f568, C4<0>, C4<0>, C4<0>;
o0x7fc62b04f598 .functor BUFZ 1, C4<z>; HiZ drive
L_0x7fc62a77e1c0 .functor NOT 1, o0x7fc62b04f598, C4<0>, C4<0>, C4<0>;
o0x7fc62b04f058 .functor BUFZ 16, C4<zzzzzzzzzzzzzzzz>; HiZ drive
v0x7fc62a776590_0 .net "MASK", 15 0, o0x7fc62b04f058;  0 drivers
o0x7fc62b04f088 .functor BUFZ 11, C4<zzzzzzzzzzz>; HiZ drive
v0x7fc62a776620_0 .net "RADDR", 10 0, o0x7fc62b04f088;  0 drivers
o0x7fc62b04f0e8 .functor BUFZ 1, C4<z>; HiZ drive
v0x7fc62a7766b0_0 .net "RCLKE", 0 0, o0x7fc62b04f0e8;  0 drivers
v0x7fc62a776740_0 .net "RCLKN", 0 0, o0x7fc62b04f568;  0 drivers
v0x7fc62a7767d0_0 .net "RDATA", 15 0, L_0x7fc62a77e0e0;  1 drivers
o0x7fc62b04f178 .functor BUFZ 1, C4<z>; HiZ drive
v0x7fc62a776860_0 .net "RE", 0 0, o0x7fc62b04f178;  0 drivers
o0x7fc62b04f1d8 .functor BUFZ 11, C4<zzzzzzzzzzz>; HiZ drive
v0x7fc62a7768f0_0 .net "WADDR", 10 0, o0x7fc62b04f1d8;  0 drivers
o0x7fc62b04f238 .functor BUFZ 1, C4<z>; HiZ drive
v0x7fc62a776980_0 .net "WCLKE", 0 0, o0x7fc62b04f238;  0 drivers
v0x7fc62a776a10_0 .net "WCLKN", 0 0, o0x7fc62b04f598;  0 drivers
o0x7fc62b04f268 .functor BUFZ 16, C4<zzzzzzzzzzzzzzzz>; HiZ drive
v0x7fc62a776aa0_0 .net "WDATA", 15 0, o0x7fc62b04f268;  0 drivers
o0x7fc62b04f2c8 .functor BUFZ 1, C4<z>; HiZ drive
v0x7fc62a776b30_0 .net "WE", 0 0, o0x7fc62b04f2c8;  0 drivers
S_0x7fc62a774270 .scope module, "RAM" "SB_RAM40_4K" 2 2053, 2 1487 0, S_0x7fc62a551ee0;
 .timescale -12 -12;
    .port_info 0 /OUTPUT 16 "RDATA";
    .port_info 1 /INPUT 1 "RCLK";
    .port_info 2 /INPUT 1 "RCLKE";
    .port_info 3 /INPUT 1 "RE";
    .port_info 4 /INPUT 11 "RADDR";
    .port_info 5 /INPUT 1 "WCLK";
    .port_info 6 /INPUT 1 "WCLKE";
    .port_info 7 /INPUT 1 "WE";
    .port_info 8 /INPUT 11 "WADDR";
    .port_info 9 /INPUT 16 "MASK";
    .port_info 10 /INPUT 16 "WDATA";
P_0x7fc62c012000 .param/l "INIT_0" 0 2 1507, C4<0000000000000000000000000000000000000000000000000000000000000000000000000000000000000000000000000000000000000000000000000000000000000000000000000000000000000000000000000000000000000000000000000000000000000000000000000000000000000000000000000000000000000000>;
P_0x7fc62c012040 .param/l "INIT_1" 0 2 1508, C4<0000000000000000000000000000000000000000000000000000000000000000000000000000000000000000000000000000000000000000000000000000000000000000000000000000000000000000000000000000000000000000000000000000000000000000000000000000000000000000000000000000000000000000>;
P_0x7fc62c012080 .param/l "INIT_2" 0 2 1509, C4<0000000000000000000000000000000000000000000000000000000000000000000000000000000000000000000000000000000000000000000000000000000000000000000000000000000000000000000000000000000000000000000000000000000000000000000000000000000000000000000000000000000000000000>;
P_0x7fc62c0120c0 .param/l "INIT_3" 0 2 1510, C4<0000000000000000000000000000000000000000000000000000000000000000000000000000000000000000000000000000000000000000000000000000000000000000000000000000000000000000000000000000000000000000000000000000000000000000000000000000000000000000000000000000000000000000>;
P_0x7fc62c012100 .param/l "INIT_4" 0 2 1511, C4<0000000000000000000000000000000000000000000000000000000000000000000000000000000000000000000000000000000000000000000000000000000000000000000000000000000000000000000000000000000000000000000000000000000000000000000000000000000000000000000000000000000000000000>;
P_0x7fc62c012140 .param/l "INIT_5" 0 2 1512, C4<0000000000000000000000000000000000000000000000000000000000000000000000000000000000000000000000000000000000000000000000000000000000000000000000000000000000000000000000000000000000000000000000000000000000000000000000000000000000000000000000000000000000000000>;
P_0x7fc62c012180 .param/l "INIT_6" 0 2 1513, C4<0000000000000000000000000000000000000000000000000000000000000000000000000000000000000000000000000000000000000000000000000000000000000000000000000000000000000000000000000000000000000000000000000000000000000000000000000000000000000000000000000000000000000000>;
P_0x7fc62c0121c0 .param/l "INIT_7" 0 2 1514, C4<0000000000000000000000000000000000000000000000000000000000000000000000000000000000000000000000000000000000000000000000000000000000000000000000000000000000000000000000000000000000000000000000000000000000000000000000000000000000000000000000000000000000000000>;
P_0x7fc62c012200 .param/l "INIT_8" 0 2 1515, C4<0000000000000000000000000000000000000000000000000000000000000000000000000000000000000000000000000000000000000000000000000000000000000000000000000000000000000000000000000000000000000000000000000000000000000000000000000000000000000000000000000000000000000000>;
P_0x7fc62c012240 .param/l "INIT_9" 0 2 1516, C4<0000000000000000000000000000000000000000000000000000000000000000000000000000000000000000000000000000000000000000000000000000000000000000000000000000000000000000000000000000000000000000000000000000000000000000000000000000000000000000000000000000000000000000>;
P_0x7fc62c012280 .param/l "INIT_A" 0 2 1517, C4<0000000000000000000000000000000000000000000000000000000000000000000000000000000000000000000000000000000000000000000000000000000000000000000000000000000000000000000000000000000000000000000000000000000000000000000000000000000000000000000000000000000000000000>;
P_0x7fc62c0122c0 .param/l "INIT_B" 0 2 1518, C4<0000000000000000000000000000000000000000000000000000000000000000000000000000000000000000000000000000000000000000000000000000000000000000000000000000000000000000000000000000000000000000000000000000000000000000000000000000000000000000000000000000000000000000>;
P_0x7fc62c012300 .param/l "INIT_C" 0 2 1519, C4<0000000000000000000000000000000000000000000000000000000000000000000000000000000000000000000000000000000000000000000000000000000000000000000000000000000000000000000000000000000000000000000000000000000000000000000000000000000000000000000000000000000000000000>;
P_0x7fc62c012340 .param/l "INIT_D" 0 2 1520, C4<0000000000000000000000000000000000000000000000000000000000000000000000000000000000000000000000000000000000000000000000000000000000000000000000000000000000000000000000000000000000000000000000000000000000000000000000000000000000000000000000000000000000000000>;
P_0x7fc62c012380 .param/l "INIT_E" 0 2 1521, C4<0000000000000000000000000000000000000000000000000000000000000000000000000000000000000000000000000000000000000000000000000000000000000000000000000000000000000000000000000000000000000000000000000000000000000000000000000000000000000000000000000000000000000000>;
P_0x7fc62c0123c0 .param/l "INIT_F" 0 2 1522, C4<0000000000000000000000000000000000000000000000000000000000000000000000000000000000000000000000000000000000000000000000000000000000000000000000000000000000000000000000000000000000000000000000000000000000000000000000000000000000000000000000000000000000000000>;
P_0x7fc62c012400 .param/str "INIT_FILE" 0 2 1524, "\000";
P_0x7fc62c012440 .param/l "READ_MODE" 0 2 1505, +C4<00000000000000000000000000000000>;
P_0x7fc62c012480 .param/l "WRITE_MODE" 0 2 1504, +C4<00000000000000000000000000000000>;
v0x7fc62a775b00_0 .net "MASK", 15 0, o0x7fc62b04f058;  alias, 0 drivers
v0x7fc62a775b90_0 .net "RADDR", 10 0, o0x7fc62b04f088;  alias, 0 drivers
v0x7fc62a775c20_0 .net "RCLK", 0 0, L_0x7fc62a77e150;  1 drivers
v0x7fc62a775cb0_0 .net "RCLKE", 0 0, o0x7fc62b04f0e8;  alias, 0 drivers
v0x7fc62a775d40_0 .net "RDATA", 15 0, L_0x7fc62a77e0e0;  alias, 1 drivers
v0x7fc62a775dd0_0 .var "RDATA_I", 15 0;
v0x7fc62a775e60_0 .net "RE", 0 0, o0x7fc62b04f178;  alias, 0 drivers
L_0x7fc62b073b48 .functor BUFT 1, C4<0000000000000000>, C4<0>, C4<0>, C4<0>;
v0x7fc62a775ef0_0 .net "RMASK_I", 15 0, L_0x7fc62b073b48;  1 drivers
v0x7fc62a775f80_0 .net "WADDR", 10 0, o0x7fc62b04f1d8;  alias, 0 drivers
v0x7fc62a776010_0 .net "WCLK", 0 0, L_0x7fc62a77e1c0;  1 drivers
v0x7fc62a7760a0_0 .net "WCLKE", 0 0, o0x7fc62b04f238;  alias, 0 drivers
v0x7fc62a776130_0 .net "WDATA", 15 0, o0x7fc62b04f268;  alias, 0 drivers
v0x7fc62a7761c0_0 .net "WDATA_I", 15 0, L_0x7fc62a77e070;  1 drivers
v0x7fc62a776250_0 .net "WE", 0 0, o0x7fc62b04f2c8;  alias, 0 drivers
v0x7fc62a7762e0_0 .net "WMASK_I", 15 0, L_0x7fc62a77e000;  1 drivers
v0x7fc62a776370_0 .var/i "i", 31 0;
v0x7fc62a776400 .array "memory", 255 0, 15 0;
E_0x7fc62a73e230 .event posedge, v0x7fc62a775c20_0;
E_0x7fc62a73e0f0 .event posedge, v0x7fc62a776010_0;
S_0x7fc62a775540 .scope generate, "genblk1" "genblk1" 2 1534, 2 1534 0, S_0x7fc62a774270;
 .timescale -12 -12;
L_0x7fc62a77e000 .functor BUFZ 16, o0x7fc62b04f058, C4<0000000000000000>, C4<0000000000000000>, C4<0000000000000000>;
S_0x7fc62a7756b0 .scope generate, "genblk2" "genblk2" 2 1555, 2 1555 0, S_0x7fc62a774270;
 .timescale -12 -12;
S_0x7fc62a775820 .scope generate, "genblk3" "genblk3" 2 1576, 2 1576 0, S_0x7fc62a774270;
 .timescale -12 -12;
L_0x7fc62a77e070 .functor BUFZ 16, o0x7fc62b04f268, C4<0000000000000000>, C4<0000000000000000>, C4<0000000000000000>;
S_0x7fc62a775990 .scope generate, "genblk4" "genblk4" 2 1595, 2 1595 0, S_0x7fc62a774270;
 .timescale -12 -12;
L_0x7fc62a77e0e0 .functor BUFZ 16, v0x7fc62a775dd0_0, C4<0000000000000000>, C4<0000000000000000>, C4<0000000000000000>;
S_0x7fc62a553720 .scope module, "SB_RAM40_4KNW" "SB_RAM40_4KNW" 2 1862;
 .timescale -12 -12;
    .port_info 0 /OUTPUT 16 "RDATA";
    .port_info 1 /INPUT 1 "RCLK";
    .port_info 2 /INPUT 1 "RCLKE";
    .port_info 3 /INPUT 1 "RE";
    .port_info 4 /INPUT 11 "RADDR";
    .port_info 5 /INPUT 1 "WCLKN";
    .port_info 6 /INPUT 1 "WCLKE";
    .port_info 7 /INPUT 1 "WE";
    .port_info 8 /INPUT 11 "WADDR";
    .port_info 9 /INPUT 16 "MASK";
    .port_info 10 /INPUT 16 "WDATA";
P_0x7fc62c80ac00 .param/l "INIT_0" 0 2 1878, C4<0000000000000000000000000000000000000000000000000000000000000000000000000000000000000000000000000000000000000000000000000000000000000000000000000000000000000000000000000000000000000000000000000000000000000000000000000000000000000000000000000000000000000000>;
P_0x7fc62c80ac40 .param/l "INIT_1" 0 2 1879, C4<0000000000000000000000000000000000000000000000000000000000000000000000000000000000000000000000000000000000000000000000000000000000000000000000000000000000000000000000000000000000000000000000000000000000000000000000000000000000000000000000000000000000000000>;
P_0x7fc62c80ac80 .param/l "INIT_2" 0 2 1880, C4<0000000000000000000000000000000000000000000000000000000000000000000000000000000000000000000000000000000000000000000000000000000000000000000000000000000000000000000000000000000000000000000000000000000000000000000000000000000000000000000000000000000000000000>;
P_0x7fc62c80acc0 .param/l "INIT_3" 0 2 1881, C4<0000000000000000000000000000000000000000000000000000000000000000000000000000000000000000000000000000000000000000000000000000000000000000000000000000000000000000000000000000000000000000000000000000000000000000000000000000000000000000000000000000000000000000>;
P_0x7fc62c80ad00 .param/l "INIT_4" 0 2 1882, C4<0000000000000000000000000000000000000000000000000000000000000000000000000000000000000000000000000000000000000000000000000000000000000000000000000000000000000000000000000000000000000000000000000000000000000000000000000000000000000000000000000000000000000000>;
P_0x7fc62c80ad40 .param/l "INIT_5" 0 2 1883, C4<0000000000000000000000000000000000000000000000000000000000000000000000000000000000000000000000000000000000000000000000000000000000000000000000000000000000000000000000000000000000000000000000000000000000000000000000000000000000000000000000000000000000000000>;
P_0x7fc62c80ad80 .param/l "INIT_6" 0 2 1884, C4<0000000000000000000000000000000000000000000000000000000000000000000000000000000000000000000000000000000000000000000000000000000000000000000000000000000000000000000000000000000000000000000000000000000000000000000000000000000000000000000000000000000000000000>;
P_0x7fc62c80adc0 .param/l "INIT_7" 0 2 1885, C4<0000000000000000000000000000000000000000000000000000000000000000000000000000000000000000000000000000000000000000000000000000000000000000000000000000000000000000000000000000000000000000000000000000000000000000000000000000000000000000000000000000000000000000>;
P_0x7fc62c80ae00 .param/l "INIT_8" 0 2 1886, C4<0000000000000000000000000000000000000000000000000000000000000000000000000000000000000000000000000000000000000000000000000000000000000000000000000000000000000000000000000000000000000000000000000000000000000000000000000000000000000000000000000000000000000000>;
P_0x7fc62c80ae40 .param/l "INIT_9" 0 2 1887, C4<0000000000000000000000000000000000000000000000000000000000000000000000000000000000000000000000000000000000000000000000000000000000000000000000000000000000000000000000000000000000000000000000000000000000000000000000000000000000000000000000000000000000000000>;
P_0x7fc62c80ae80 .param/l "INIT_A" 0 2 1888, C4<0000000000000000000000000000000000000000000000000000000000000000000000000000000000000000000000000000000000000000000000000000000000000000000000000000000000000000000000000000000000000000000000000000000000000000000000000000000000000000000000000000000000000000>;
P_0x7fc62c80aec0 .param/l "INIT_B" 0 2 1889, C4<0000000000000000000000000000000000000000000000000000000000000000000000000000000000000000000000000000000000000000000000000000000000000000000000000000000000000000000000000000000000000000000000000000000000000000000000000000000000000000000000000000000000000000>;
P_0x7fc62c80af00 .param/l "INIT_C" 0 2 1890, C4<0000000000000000000000000000000000000000000000000000000000000000000000000000000000000000000000000000000000000000000000000000000000000000000000000000000000000000000000000000000000000000000000000000000000000000000000000000000000000000000000000000000000000000>;
P_0x7fc62c80af40 .param/l "INIT_D" 0 2 1891, C4<0000000000000000000000000000000000000000000000000000000000000000000000000000000000000000000000000000000000000000000000000000000000000000000000000000000000000000000000000000000000000000000000000000000000000000000000000000000000000000000000000000000000000000>;
P_0x7fc62c80af80 .param/l "INIT_E" 0 2 1892, C4<0000000000000000000000000000000000000000000000000000000000000000000000000000000000000000000000000000000000000000000000000000000000000000000000000000000000000000000000000000000000000000000000000000000000000000000000000000000000000000000000000000000000000000>;
P_0x7fc62c80afc0 .param/l "INIT_F" 0 2 1893, C4<0000000000000000000000000000000000000000000000000000000000000000000000000000000000000000000000000000000000000000000000000000000000000000000000000000000000000000000000000000000000000000000000000000000000000000000000000000000000000000000000000000000000000000>;
P_0x7fc62c80b000 .param/str "INIT_FILE" 0 2 1895, "\000";
P_0x7fc62c80b040 .param/l "READ_MODE" 0 2 1876, +C4<00000000000000000000000000000000>;
P_0x7fc62c80b080 .param/l "WRITE_MODE" 0 2 1875, +C4<00000000000000000000000000000000>;
o0x7fc62b04fce8 .functor BUFZ 1, C4<z>; HiZ drive
L_0x7fc62a77e380 .functor NOT 1, o0x7fc62b04fce8, C4<0>, C4<0>, C4<0>;
o0x7fc62b04f7d8 .functor BUFZ 16, C4<zzzzzzzzzzzzzzzz>; HiZ drive
v0x7fc62a778ee0_0 .net "MASK", 15 0, o0x7fc62b04f7d8;  0 drivers
o0x7fc62b04f808 .functor BUFZ 11, C4<zzzzzzzzzzz>; HiZ drive
v0x7fc62a778f70_0 .net "RADDR", 10 0, o0x7fc62b04f808;  0 drivers
o0x7fc62b04f838 .functor BUFZ 1, C4<z>; HiZ drive
v0x7fc62a779000_0 .net "RCLK", 0 0, o0x7fc62b04f838;  0 drivers
o0x7fc62b04f868 .functor BUFZ 1, C4<z>; HiZ drive
v0x7fc62a779090_0 .net "RCLKE", 0 0, o0x7fc62b04f868;  0 drivers
v0x7fc62a779120_0 .net "RDATA", 15 0, L_0x7fc62a77e310;  1 drivers
o0x7fc62b04f8f8 .functor BUFZ 1, C4<z>; HiZ drive
v0x7fc62a7791b0_0 .net "RE", 0 0, o0x7fc62b04f8f8;  0 drivers
o0x7fc62b04f958 .functor BUFZ 11, C4<zzzzzzzzzzz>; HiZ drive
v0x7fc62a779240_0 .net "WADDR", 10 0, o0x7fc62b04f958;  0 drivers
o0x7fc62b04f9b8 .functor BUFZ 1, C4<z>; HiZ drive
v0x7fc62a7792d0_0 .net "WCLKE", 0 0, o0x7fc62b04f9b8;  0 drivers
v0x7fc62a779360_0 .net "WCLKN", 0 0, o0x7fc62b04fce8;  0 drivers
o0x7fc62b04f9e8 .functor BUFZ 16, C4<zzzzzzzzzzzzzzzz>; HiZ drive
v0x7fc62a7793f0_0 .net "WDATA", 15 0, o0x7fc62b04f9e8;  0 drivers
o0x7fc62b04fa48 .functor BUFZ 1, C4<z>; HiZ drive
v0x7fc62a779480_0 .net "WE", 0 0, o0x7fc62b04fa48;  0 drivers
S_0x7fc62a776bc0 .scope module, "RAM" "SB_RAM40_4K" 2 1917, 2 1487 0, S_0x7fc62a553720;
 .timescale -12 -12;
    .port_info 0 /OUTPUT 16 "RDATA";
    .port_info 1 /INPUT 1 "RCLK";
    .port_info 2 /INPUT 1 "RCLKE";
    .port_info 3 /INPUT 1 "RE";
    .port_info 4 /INPUT 11 "RADDR";
    .port_info 5 /INPUT 1 "WCLK";
    .port_info 6 /INPUT 1 "WCLKE";
    .port_info 7 /INPUT 1 "WE";
    .port_info 8 /INPUT 11 "WADDR";
    .port_info 9 /INPUT 16 "MASK";
    .port_info 10 /INPUT 16 "WDATA";
P_0x7fc62c012600 .param/l "INIT_0" 0 2 1507, C4<0000000000000000000000000000000000000000000000000000000000000000000000000000000000000000000000000000000000000000000000000000000000000000000000000000000000000000000000000000000000000000000000000000000000000000000000000000000000000000000000000000000000000000>;
P_0x7fc62c012640 .param/l "INIT_1" 0 2 1508, C4<0000000000000000000000000000000000000000000000000000000000000000000000000000000000000000000000000000000000000000000000000000000000000000000000000000000000000000000000000000000000000000000000000000000000000000000000000000000000000000000000000000000000000000>;
P_0x7fc62c012680 .param/l "INIT_2" 0 2 1509, C4<0000000000000000000000000000000000000000000000000000000000000000000000000000000000000000000000000000000000000000000000000000000000000000000000000000000000000000000000000000000000000000000000000000000000000000000000000000000000000000000000000000000000000000>;
P_0x7fc62c0126c0 .param/l "INIT_3" 0 2 1510, C4<0000000000000000000000000000000000000000000000000000000000000000000000000000000000000000000000000000000000000000000000000000000000000000000000000000000000000000000000000000000000000000000000000000000000000000000000000000000000000000000000000000000000000000>;
P_0x7fc62c012700 .param/l "INIT_4" 0 2 1511, C4<0000000000000000000000000000000000000000000000000000000000000000000000000000000000000000000000000000000000000000000000000000000000000000000000000000000000000000000000000000000000000000000000000000000000000000000000000000000000000000000000000000000000000000>;
P_0x7fc62c012740 .param/l "INIT_5" 0 2 1512, C4<0000000000000000000000000000000000000000000000000000000000000000000000000000000000000000000000000000000000000000000000000000000000000000000000000000000000000000000000000000000000000000000000000000000000000000000000000000000000000000000000000000000000000000>;
P_0x7fc62c012780 .param/l "INIT_6" 0 2 1513, C4<0000000000000000000000000000000000000000000000000000000000000000000000000000000000000000000000000000000000000000000000000000000000000000000000000000000000000000000000000000000000000000000000000000000000000000000000000000000000000000000000000000000000000000>;
P_0x7fc62c0127c0 .param/l "INIT_7" 0 2 1514, C4<0000000000000000000000000000000000000000000000000000000000000000000000000000000000000000000000000000000000000000000000000000000000000000000000000000000000000000000000000000000000000000000000000000000000000000000000000000000000000000000000000000000000000000>;
P_0x7fc62c012800 .param/l "INIT_8" 0 2 1515, C4<0000000000000000000000000000000000000000000000000000000000000000000000000000000000000000000000000000000000000000000000000000000000000000000000000000000000000000000000000000000000000000000000000000000000000000000000000000000000000000000000000000000000000000>;
P_0x7fc62c012840 .param/l "INIT_9" 0 2 1516, C4<0000000000000000000000000000000000000000000000000000000000000000000000000000000000000000000000000000000000000000000000000000000000000000000000000000000000000000000000000000000000000000000000000000000000000000000000000000000000000000000000000000000000000000>;
P_0x7fc62c012880 .param/l "INIT_A" 0 2 1517, C4<0000000000000000000000000000000000000000000000000000000000000000000000000000000000000000000000000000000000000000000000000000000000000000000000000000000000000000000000000000000000000000000000000000000000000000000000000000000000000000000000000000000000000000>;
P_0x7fc62c0128c0 .param/l "INIT_B" 0 2 1518, C4<0000000000000000000000000000000000000000000000000000000000000000000000000000000000000000000000000000000000000000000000000000000000000000000000000000000000000000000000000000000000000000000000000000000000000000000000000000000000000000000000000000000000000000>;
P_0x7fc62c012900 .param/l "INIT_C" 0 2 1519, C4<0000000000000000000000000000000000000000000000000000000000000000000000000000000000000000000000000000000000000000000000000000000000000000000000000000000000000000000000000000000000000000000000000000000000000000000000000000000000000000000000000000000000000000>;
P_0x7fc62c012940 .param/l "INIT_D" 0 2 1520, C4<0000000000000000000000000000000000000000000000000000000000000000000000000000000000000000000000000000000000000000000000000000000000000000000000000000000000000000000000000000000000000000000000000000000000000000000000000000000000000000000000000000000000000000>;
P_0x7fc62c012980 .param/l "INIT_E" 0 2 1521, C4<0000000000000000000000000000000000000000000000000000000000000000000000000000000000000000000000000000000000000000000000000000000000000000000000000000000000000000000000000000000000000000000000000000000000000000000000000000000000000000000000000000000000000000>;
P_0x7fc62c0129c0 .param/l "INIT_F" 0 2 1522, C4<0000000000000000000000000000000000000000000000000000000000000000000000000000000000000000000000000000000000000000000000000000000000000000000000000000000000000000000000000000000000000000000000000000000000000000000000000000000000000000000000000000000000000000>;
P_0x7fc62c012a00 .param/str "INIT_FILE" 0 2 1524, "\000";
P_0x7fc62c012a40 .param/l "READ_MODE" 0 2 1505, +C4<00000000000000000000000000000000>;
P_0x7fc62c012a80 .param/l "WRITE_MODE" 0 2 1504, +C4<00000000000000000000000000000000>;
v0x7fc62a778450_0 .net "MASK", 15 0, o0x7fc62b04f7d8;  alias, 0 drivers
v0x7fc62a7784e0_0 .net "RADDR", 10 0, o0x7fc62b04f808;  alias, 0 drivers
v0x7fc62a778570_0 .net "RCLK", 0 0, o0x7fc62b04f838;  alias, 0 drivers
v0x7fc62a778600_0 .net "RCLKE", 0 0, o0x7fc62b04f868;  alias, 0 drivers
v0x7fc62a778690_0 .net "RDATA", 15 0, L_0x7fc62a77e310;  alias, 1 drivers
v0x7fc62a778720_0 .var "RDATA_I", 15 0;
v0x7fc62a7787b0_0 .net "RE", 0 0, o0x7fc62b04f8f8;  alias, 0 drivers
L_0x7fc62b073b90 .functor BUFT 1, C4<0000000000000000>, C4<0>, C4<0>, C4<0>;
v0x7fc62a778840_0 .net "RMASK_I", 15 0, L_0x7fc62b073b90;  1 drivers
v0x7fc62a7788d0_0 .net "WADDR", 10 0, o0x7fc62b04f958;  alias, 0 drivers
v0x7fc62a778960_0 .net "WCLK", 0 0, L_0x7fc62a77e380;  1 drivers
v0x7fc62a7789f0_0 .net "WCLKE", 0 0, o0x7fc62b04f9b8;  alias, 0 drivers
v0x7fc62a778a80_0 .net "WDATA", 15 0, o0x7fc62b04f9e8;  alias, 0 drivers
v0x7fc62a778b10_0 .net "WDATA_I", 15 0, L_0x7fc62a77e2a0;  1 drivers
v0x7fc62a778ba0_0 .net "WE", 0 0, o0x7fc62b04fa48;  alias, 0 drivers
v0x7fc62a778c30_0 .net "WMASK_I", 15 0, L_0x7fc62a77e230;  1 drivers
v0x7fc62a778cc0_0 .var/i "i", 31 0;
v0x7fc62a778d50 .array "memory", 255 0, 15 0;
E_0x7fc62a733af0 .event posedge, v0x7fc62a778570_0;
E_0x7fc62a735580 .event posedge, v0x7fc62a778960_0;
S_0x7fc62a777e90 .scope generate, "genblk1" "genblk1" 2 1534, 2 1534 0, S_0x7fc62a776bc0;
 .timescale -12 -12;
L_0x7fc62a77e230 .functor BUFZ 16, o0x7fc62b04f7d8, C4<0000000000000000>, C4<0000000000000000>, C4<0000000000000000>;
S_0x7fc62a778000 .scope generate, "genblk2" "genblk2" 2 1555, 2 1555 0, S_0x7fc62a776bc0;
 .timescale -12 -12;
S_0x7fc62a778170 .scope generate, "genblk3" "genblk3" 2 1576, 2 1576 0, S_0x7fc62a776bc0;
 .timescale -12 -12;
L_0x7fc62a77e2a0 .functor BUFZ 16, o0x7fc62b04f9e8, C4<0000000000000000>, C4<0000000000000000>, C4<0000000000000000>;
S_0x7fc62a7782e0 .scope generate, "genblk4" "genblk4" 2 1595, 2 1595 0, S_0x7fc62a776bc0;
 .timescale -12 -12;
L_0x7fc62a77e310 .functor BUFZ 16, v0x7fc62a778720_0, C4<0000000000000000>, C4<0000000000000000>, C4<0000000000000000>;
S_0x7fc62a554f60 .scope module, "SB_RGBA_DRV" "SB_RGBA_DRV" 2 2692;
 .timescale -12 -12;
    .port_info 0 /INPUT 1 "CURREN";
    .port_info 1 /INPUT 1 "RGBLEDEN";
    .port_info 2 /INPUT 1 "RGB0PWM";
    .port_info 3 /INPUT 1 "RGB1PWM";
    .port_info 4 /INPUT 1 "RGB2PWM";
    .port_info 5 /OUTPUT 1 "RGB0";
    .port_info 6 /OUTPUT 1 "RGB1";
    .port_info 7 /OUTPUT 1 "RGB2";
P_0x7fc62a5550d0 .param/str "CURRENT_MODE" 0 2 2702, "0b0";
P_0x7fc62a555110 .param/str "RGB0_CURRENT" 0 2 2703, "0b000000";
P_0x7fc62a555150 .param/str "RGB1_CURRENT" 0 2 2704, "0b000000";
P_0x7fc62a555190 .param/str "RGB2_CURRENT" 0 2 2705, "0b000000";
o0x7fc62b04ff28 .functor BUFZ 1, C4<z>; HiZ drive
v0x7fc62a779510_0 .net "CURREN", 0 0, o0x7fc62b04ff28;  0 drivers
o0x7fc62b04ff58 .functor BUFZ 1, C4<z>; HiZ drive
v0x7fc62a7795a0_0 .net "RGB0", 0 0, o0x7fc62b04ff58;  0 drivers
o0x7fc62b04ff88 .functor BUFZ 1, C4<z>; HiZ drive
v0x7fc62a779630_0 .net "RGB0PWM", 0 0, o0x7fc62b04ff88;  0 drivers
o0x7fc62b04ffb8 .functor BUFZ 1, C4<z>; HiZ drive
v0x7fc62a7796c0_0 .net "RGB1", 0 0, o0x7fc62b04ffb8;  0 drivers
o0x7fc62b04ffe8 .functor BUFZ 1, C4<z>; HiZ drive
v0x7fc62a779750_0 .net "RGB1PWM", 0 0, o0x7fc62b04ffe8;  0 drivers
o0x7fc62b050018 .functor BUFZ 1, C4<z>; HiZ drive
v0x7fc62a7797e0_0 .net "RGB2", 0 0, o0x7fc62b050018;  0 drivers
o0x7fc62b050048 .functor BUFZ 1, C4<z>; HiZ drive
v0x7fc62a779870_0 .net "RGB2PWM", 0 0, o0x7fc62b050048;  0 drivers
o0x7fc62b050078 .functor BUFZ 1, C4<z>; HiZ drive
v0x7fc62a779900_0 .net "RGBLEDEN", 0 0, o0x7fc62b050078;  0 drivers
S_0x7fc62a555440 .scope module, "SB_RGB_DRV" "SB_RGB_DRV" 2 2716;
 .timescale -12 -12;
    .port_info 0 /INPUT 1 "RGBLEDEN";
    .port_info 1 /INPUT 1 "RGB0PWM";
    .port_info 2 /INPUT 1 "RGB1PWM";
    .port_info 3 /INPUT 1 "RGB2PWM";
    .port_info 4 /INPUT 1 "RGBPU";
    .port_info 5 /OUTPUT 1 "RGB0";
    .port_info 6 /OUTPUT 1 "RGB1";
    .port_info 7 /OUTPUT 1 "RGB2";
P_0x7fc62a5555b0 .param/str "CURRENT_MODE" 0 2 2726, "0b0";
P_0x7fc62a5555f0 .param/str "RGB0_CURRENT" 0 2 2727, "0b000000";
P_0x7fc62a555630 .param/str "RGB1_CURRENT" 0 2 2728, "0b000000";
P_0x7fc62a555670 .param/str "RGB2_CURRENT" 0 2 2729, "0b000000";
o0x7fc62b050228 .functor BUFZ 1, C4<z>; HiZ drive
v0x7fc62a779990_0 .net "RGB0", 0 0, o0x7fc62b050228;  0 drivers
o0x7fc62b050258 .functor BUFZ 1, C4<z>; HiZ drive
v0x7fc62a779a20_0 .net "RGB0PWM", 0 0, o0x7fc62b050258;  0 drivers
o0x7fc62b050288 .functor BUFZ 1, C4<z>; HiZ drive
v0x7fc62a779ab0_0 .net "RGB1", 0 0, o0x7fc62b050288;  0 drivers
o0x7fc62b0502b8 .functor BUFZ 1, C4<z>; HiZ drive
v0x7fc62a779b40_0 .net "RGB1PWM", 0 0, o0x7fc62b0502b8;  0 drivers
o0x7fc62b0502e8 .functor BUFZ 1, C4<z>; HiZ drive
v0x7fc62a779bd0_0 .net "RGB2", 0 0, o0x7fc62b0502e8;  0 drivers
o0x7fc62b050318 .functor BUFZ 1, C4<z>; HiZ drive
v0x7fc62a779c60_0 .net "RGB2PWM", 0 0, o0x7fc62b050318;  0 drivers
o0x7fc62b050348 .functor BUFZ 1, C4<z>; HiZ drive
v0x7fc62a779cf0_0 .net "RGBLEDEN", 0 0, o0x7fc62b050348;  0 drivers
o0x7fc62b050378 .functor BUFZ 1, C4<z>; HiZ drive
v0x7fc62a779d80_0 .net "RGBPU", 0 0, o0x7fc62b050378;  0 drivers
S_0x7fc62a555910 .scope module, "SB_SPI" "SB_SPI" 2 2776;
 .timescale -12 -12;
    .port_info 0 /INPUT 1 "SBCLKI";
    .port_info 1 /INPUT 1 "SBRWI";
    .port_info 2 /INPUT 1 "SBSTBI";
    .port_info 3 /INPUT 1 "SBADRI7";
    .port_info 4 /INPUT 1 "SBADRI6";
    .port_info 5 /INPUT 1 "SBADRI5";
    .port_info 6 /INPUT 1 "SBADRI4";
    .port_info 7 /INPUT 1 "SBADRI3";
    .port_info 8 /INPUT 1 "SBADRI2";
    .port_info 9 /INPUT 1 "SBADRI1";
    .port_info 10 /INPUT 1 "SBADRI0";
    .port_info 11 /INPUT 1 "SBDATI7";
    .port_info 12 /INPUT 1 "SBDATI6";
    .port_info 13 /INPUT 1 "SBDATI5";
    .port_info 14 /INPUT 1 "SBDATI4";
    .port_info 15 /INPUT 1 "SBDATI3";
    .port_info 16 /INPUT 1 "SBDATI2";
    .port_info 17 /INPUT 1 "SBDATI1";
    .port_info 18 /INPUT 1 "SBDATI0";
    .port_info 19 /INPUT 1 "MI";
    .port_info 20 /INPUT 1 "SI";
    .port_info 21 /INPUT 1 "SCKI";
    .port_info 22 /INPUT 1 "SCSNI";
    .port_info 23 /OUTPUT 1 "SBDATO7";
    .port_info 24 /OUTPUT 1 "SBDATO6";
    .port_info 25 /OUTPUT 1 "SBDATO5";
    .port_info 26 /OUTPUT 1 "SBDATO4";
    .port_info 27 /OUTPUT 1 "SBDATO3";
    .port_info 28 /OUTPUT 1 "SBDATO2";
    .port_info 29 /OUTPUT 1 "SBDATO1";
    .port_info 30 /OUTPUT 1 "SBDATO0";
    .port_info 31 /OUTPUT 1 "SBACKO";
    .port_info 32 /OUTPUT 1 "SPIIRQ";
    .port_info 33 /OUTPUT 1 "SPIWKUP";
    .port_info 34 /OUTPUT 1 "SO";
    .port_info 35 /OUTPUT 1 "SOE";
    .port_info 36 /OUTPUT 1 "MO";
    .port_info 37 /OUTPUT 1 "MOE";
    .port_info 38 /OUTPUT 1 "SCKO";
    .port_info 39 /OUTPUT 1 "SCKOE";
    .port_info 40 /OUTPUT 1 "MCSNO3";
    .port_info 41 /OUTPUT 1 "MCSNO2";
    .port_info 42 /OUTPUT 1 "MCSNO1";
    .port_info 43 /OUTPUT 1 "MCSNO0";
    .port_info 44 /OUTPUT 1 "MCSNOE3";
    .port_info 45 /OUTPUT 1 "MCSNOE2";
    .port_info 46 /OUTPUT 1 "MCSNOE1";
    .port_info 47 /OUTPUT 1 "MCSNOE0";
P_0x7fc62a555a80 .param/str "BUS_ADDR74" 0 2 2826, "0b0000";
o0x7fc62b050528 .functor BUFZ 1, C4<z>; HiZ drive
v0x7fc62a6a3070_0 .net "MCSNO0", 0 0, o0x7fc62b050528;  0 drivers
o0x7fc62b050558 .functor BUFZ 1, C4<z>; HiZ drive
v0x7fc62a6a3120_0 .net "MCSNO1", 0 0, o0x7fc62b050558;  0 drivers
o0x7fc62b050588 .functor BUFZ 1, C4<z>; HiZ drive
v0x7fc62a6a31c0_0 .net "MCSNO2", 0 0, o0x7fc62b050588;  0 drivers
o0x7fc62b0505b8 .functor BUFZ 1, C4<z>; HiZ drive
v0x7fc62a6a3270_0 .net "MCSNO3", 0 0, o0x7fc62b0505b8;  0 drivers
o0x7fc62b0505e8 .functor BUFZ 1, C4<z>; HiZ drive
v0x7fc62a6a3310_0 .net "MCSNOE0", 0 0, o0x7fc62b0505e8;  0 drivers
o0x7fc62b050618 .functor BUFZ 1, C4<z>; HiZ drive
v0x7fc62a6a33f0_0 .net "MCSNOE1", 0 0, o0x7fc62b050618;  0 drivers
o0x7fc62b050648 .functor BUFZ 1, C4<z>; HiZ drive
v0x7fc62a6a3490_0 .net "MCSNOE2", 0 0, o0x7fc62b050648;  0 drivers
o0x7fc62b050678 .functor BUFZ 1, C4<z>; HiZ drive
v0x7fc62a6a3530_0 .net "MCSNOE3", 0 0, o0x7fc62b050678;  0 drivers
o0x7fc62b0506a8 .functor BUFZ 1, C4<z>; HiZ drive
v0x7fc62a6a35d0_0 .net "MI", 0 0, o0x7fc62b0506a8;  0 drivers
o0x7fc62b0506d8 .functor BUFZ 1, C4<z>; HiZ drive
v0x7fc62a6a36e0_0 .net "MO", 0 0, o0x7fc62b0506d8;  0 drivers
o0x7fc62b050708 .functor BUFZ 1, C4<z>; HiZ drive
v0x7fc62a6a3770_0 .net "MOE", 0 0, o0x7fc62b050708;  0 drivers
o0x7fc62b050738 .functor BUFZ 1, C4<z>; HiZ drive
v0x7fc62a6a3810_0 .net "SBACKO", 0 0, o0x7fc62b050738;  0 drivers
o0x7fc62b050768 .functor BUFZ 1, C4<z>; HiZ drive
v0x7fc62a6a38b0_0 .net "SBADRI0", 0 0, o0x7fc62b050768;  0 drivers
o0x7fc62b050798 .functor BUFZ 1, C4<z>; HiZ drive
v0x7fc62a6a3950_0 .net "SBADRI1", 0 0, o0x7fc62b050798;  0 drivers
o0x7fc62b0507c8 .functor BUFZ 1, C4<z>; HiZ drive
v0x7fc62a6a39f0_0 .net "SBADRI2", 0 0, o0x7fc62b0507c8;  0 drivers
o0x7fc62b0507f8 .functor BUFZ 1, C4<z>; HiZ drive
v0x7fc62a6a3a90_0 .net "SBADRI3", 0 0, o0x7fc62b0507f8;  0 drivers
o0x7fc62b050828 .functor BUFZ 1, C4<z>; HiZ drive
v0x7fc62a6a3b30_0 .net "SBADRI4", 0 0, o0x7fc62b050828;  0 drivers
o0x7fc62b050858 .functor BUFZ 1, C4<z>; HiZ drive
v0x7fc62a6a3cc0_0 .net "SBADRI5", 0 0, o0x7fc62b050858;  0 drivers
o0x7fc62b050888 .functor BUFZ 1, C4<z>; HiZ drive
v0x7fc62a6a3d50_0 .net "SBADRI6", 0 0, o0x7fc62b050888;  0 drivers
o0x7fc62b0508b8 .functor BUFZ 1, C4<z>; HiZ drive
v0x7fc62a6a3de0_0 .net "SBADRI7", 0 0, o0x7fc62b0508b8;  0 drivers
o0x7fc62b0508e8 .functor BUFZ 1, C4<z>; HiZ drive
v0x7fc62a6a3e70_0 .net "SBCLKI", 0 0, o0x7fc62b0508e8;  0 drivers
o0x7fc62b050918 .functor BUFZ 1, C4<z>; HiZ drive
v0x7fc62a6a3f10_0 .net "SBDATI0", 0 0, o0x7fc62b050918;  0 drivers
o0x7fc62b050948 .functor BUFZ 1, C4<z>; HiZ drive
v0x7fc62a6a3fb0_0 .net "SBDATI1", 0 0, o0x7fc62b050948;  0 drivers
o0x7fc62b050978 .functor BUFZ 1, C4<z>; HiZ drive
v0x7fc62a6a4050_0 .net "SBDATI2", 0 0, o0x7fc62b050978;  0 drivers
o0x7fc62b0509a8 .functor BUFZ 1, C4<z>; HiZ drive
v0x7fc62a6a40f0_0 .net "SBDATI3", 0 0, o0x7fc62b0509a8;  0 drivers
o0x7fc62b0509d8 .functor BUFZ 1, C4<z>; HiZ drive
v0x7fc62a6a4190_0 .net "SBDATI4", 0 0, o0x7fc62b0509d8;  0 drivers
o0x7fc62b050a08 .functor BUFZ 1, C4<z>; HiZ drive
v0x7fc62a6a4230_0 .net "SBDATI5", 0 0, o0x7fc62b050a08;  0 drivers
o0x7fc62b050a38 .functor BUFZ 1, C4<z>; HiZ drive
v0x7fc62a6a42d0_0 .net "SBDATI6", 0 0, o0x7fc62b050a38;  0 drivers
o0x7fc62b050a68 .functor BUFZ 1, C4<z>; HiZ drive
v0x7fc62a6a4370_0 .net "SBDATI7", 0 0, o0x7fc62b050a68;  0 drivers
o0x7fc62b050a98 .functor BUFZ 1, C4<z>; HiZ drive
v0x7fc62a6a4410_0 .net "SBDATO0", 0 0, o0x7fc62b050a98;  0 drivers
o0x7fc62b050ac8 .functor BUFZ 1, C4<z>; HiZ drive
v0x7fc62a6a44b0_0 .net "SBDATO1", 0 0, o0x7fc62b050ac8;  0 drivers
o0x7fc62b050af8 .functor BUFZ 1, C4<z>; HiZ drive
v0x7fc62a6a4550_0 .net "SBDATO2", 0 0, o0x7fc62b050af8;  0 drivers
o0x7fc62b050b28 .functor BUFZ 1, C4<z>; HiZ drive
v0x7fc62a6a45f0_0 .net "SBDATO3", 0 0, o0x7fc62b050b28;  0 drivers
o0x7fc62b050b58 .functor BUFZ 1, C4<z>; HiZ drive
v0x7fc62a6a3bd0_0 .net "SBDATO4", 0 0, o0x7fc62b050b58;  0 drivers
o0x7fc62b050b88 .functor BUFZ 1, C4<z>; HiZ drive
v0x7fc62a6a4880_0 .net "SBDATO5", 0 0, o0x7fc62b050b88;  0 drivers
o0x7fc62b050bb8 .functor BUFZ 1, C4<z>; HiZ drive
v0x7fc62a6a4910_0 .net "SBDATO6", 0 0, o0x7fc62b050bb8;  0 drivers
o0x7fc62b050be8 .functor BUFZ 1, C4<z>; HiZ drive
v0x7fc62a6a49a0_0 .net "SBDATO7", 0 0, o0x7fc62b050be8;  0 drivers
o0x7fc62b050c18 .functor BUFZ 1, C4<z>; HiZ drive
v0x7fc62a6a4a30_0 .net "SBRWI", 0 0, o0x7fc62b050c18;  0 drivers
o0x7fc62b050c48 .functor BUFZ 1, C4<z>; HiZ drive
v0x7fc62a6a4ac0_0 .net "SBSTBI", 0 0, o0x7fc62b050c48;  0 drivers
o0x7fc62b050c78 .functor BUFZ 1, C4<z>; HiZ drive
v0x7fc62a6a4b50_0 .net "SCKI", 0 0, o0x7fc62b050c78;  0 drivers
o0x7fc62b050ca8 .functor BUFZ 1, C4<z>; HiZ drive
v0x7fc62a6a4bf0_0 .net "SCKO", 0 0, o0x7fc62b050ca8;  0 drivers
o0x7fc62b050cd8 .functor BUFZ 1, C4<z>; HiZ drive
v0x7fc62a6a4c90_0 .net "SCKOE", 0 0, o0x7fc62b050cd8;  0 drivers
o0x7fc62b050d08 .functor BUFZ 1, C4<z>; HiZ drive
v0x7fc62a6a4d30_0 .net "SCSNI", 0 0, o0x7fc62b050d08;  0 drivers
o0x7fc62b050d38 .functor BUFZ 1, C4<z>; HiZ drive
v0x7fc62a6a4dd0_0 .net "SI", 0 0, o0x7fc62b050d38;  0 drivers
o0x7fc62b050d68 .functor BUFZ 1, C4<z>; HiZ drive
v0x7fc62a6a4e70_0 .net "SO", 0 0, o0x7fc62b050d68;  0 drivers
o0x7fc62b050d98 .functor BUFZ 1, C4<z>; HiZ drive
v0x7fc62a6a4f10_0 .net "SOE", 0 0, o0x7fc62b050d98;  0 drivers
o0x7fc62b050dc8 .functor BUFZ 1, C4<z>; HiZ drive
v0x7fc62a6a4fb0_0 .net "SPIIRQ", 0 0, o0x7fc62b050dc8;  0 drivers
o0x7fc62b050df8 .functor BUFZ 1, C4<z>; HiZ drive
v0x7fc62a6a5050_0 .net "SPIWKUP", 0 0, o0x7fc62b050df8;  0 drivers
S_0x7fc62a555cb0 .scope module, "SB_SPRAM256KA" "SB_SPRAM256KA" 2 2600;
 .timescale -12 -12;
    .port_info 0 /INPUT 14 "ADDRESS";
    .port_info 1 /INPUT 16 "DATAIN";
    .port_info 2 /INPUT 4 "MASKWREN";
    .port_info 3 /INPUT 1 "WREN";
    .port_info 4 /INPUT 1 "CHIPSELECT";
    .port_info 5 /INPUT 1 "CLOCK";
    .port_info 6 /INPUT 1 "STANDBY";
    .port_info 7 /INPUT 1 "SLEEP";
    .port_info 8 /INPUT 1 "POWEROFF";
    .port_info 9 /OUTPUT 16 "DATAOUT";
o0x7fc62b051878 .functor BUFZ 1, C4<z>; HiZ drive
L_0x7fc62a77e490 .functor OR 1, o0x7fc62b051878, L_0x7fc62a77e3f0, C4<0>, C4<0>;
o0x7fc62b051728 .functor BUFZ 14, C4<zzzzzzzzzzzzzz>; HiZ drive
v0x7fc62a6a5490_0 .net "ADDRESS", 13 0, o0x7fc62b051728;  0 drivers
o0x7fc62b051758 .functor BUFZ 1, C4<z>; HiZ drive
v0x7fc62a6a5550_0 .net "CHIPSELECT", 0 0, o0x7fc62b051758;  0 drivers
o0x7fc62b051788 .functor BUFZ 1, C4<z>; HiZ drive
v0x7fc62a6a55f0_0 .net "CLOCK", 0 0, o0x7fc62b051788;  0 drivers
o0x7fc62b0517b8 .functor BUFZ 16, C4<zzzzzzzzzzzzzzzz>; HiZ drive
v0x7fc62a6a5680_0 .net "DATAIN", 15 0, o0x7fc62b0517b8;  0 drivers
v0x7fc62a6a5710_0 .var "DATAOUT", 15 0;
o0x7fc62b051818 .functor BUFZ 4, C4<zzzz>; HiZ drive
v0x7fc62a6a57c0_0 .net "MASKWREN", 3 0, o0x7fc62b051818;  0 drivers
o0x7fc62b051848 .functor BUFZ 1, C4<z>; HiZ drive
v0x7fc62a6a5870_0 .net "POWEROFF", 0 0, o0x7fc62b051848;  0 drivers
v0x7fc62a6a5910_0 .net "SLEEP", 0 0, o0x7fc62b051878;  0 drivers
o0x7fc62b0518a8 .functor BUFZ 1, C4<z>; HiZ drive
v0x7fc62a6a59b0_0 .net "STANDBY", 0 0, o0x7fc62b0518a8;  0 drivers
o0x7fc62b0518d8 .functor BUFZ 1, C4<z>; HiZ drive
v0x7fc62a6a5ac0_0 .net "WREN", 0 0, o0x7fc62b0518d8;  0 drivers
v0x7fc62a6a5b50_0 .net *"_ivl_1", 0 0, L_0x7fc62a77e3f0;  1 drivers
v0x7fc62a6a5bf0_0 .var/i "i", 31 0;
v0x7fc62a6a5ca0 .array "mem", 16383 0, 15 0;
v0x7fc62a6a5d40_0 .net "off", 0 0, L_0x7fc62a77e490;  1 drivers
E_0x7fc62a6a53e0 .event posedge, v0x7fc62a6a5d40_0, v0x7fc62a6a55f0_0;
E_0x7fc62a6a5440 .event negedge, v0x7fc62a6a5870_0;
L_0x7fc62a77e3f0 .reduce/nor o0x7fc62b051848;
S_0x7fc62a555fb0 .scope module, "SB_WARMBOOT" "SB_WARMBOOT" 2 2593;
 .timescale -12 -12;
    .port_info 0 /INPUT 1 "BOOT";
    .port_info 1 /INPUT 1 "S1";
    .port_info 2 /INPUT 1 "S0";
o0x7fc62b051b78 .functor BUFZ 1, C4<z>; HiZ drive
v0x7fc62a6a5ed0_0 .net "BOOT", 0 0, o0x7fc62b051b78;  0 drivers
o0x7fc62b051ba8 .functor BUFZ 1, C4<z>; HiZ drive
v0x7fc62a6a5f80_0 .net "S0", 0 0, o0x7fc62b051ba8;  0 drivers
o0x7fc62b051bd8 .functor BUFZ 1, C4<z>; HiZ drive
v0x7fc62a6a6020_0 .net "S1", 0 0, o0x7fc62b051bd8;  0 drivers
S_0x7fc62a5561d0 .scope module, "adder" "adder" 3 5;
 .timescale -12 -12;
    .port_info 0 /OUTPUT 2 "led";
    .port_info 1 /INPUT 3 "pmod";
L_0x7fc62a77e8c0 .functor XOR 1, L_0x7fc62a77e5a0, L_0x7fc62a77e6e0, C4<0>, C4<0>;
L_0x7fc62a77e930 .functor XOR 1, L_0x7fc62a77e8c0, L_0x7fc62a77e820, C4<0>, C4<0>;
L_0x7fc62a77ea20 .functor BUFZ 1, L_0x7fc62a77e930, C4<0>, C4<0>, C4<0>;
L_0x7fc62a77ead0 .functor XOR 1, L_0x7fc62a77e5a0, L_0x7fc62a77e6e0, C4<0>, C4<0>;
L_0x7fc62a77eb40 .functor AND 1, L_0x7fc62a77ead0, L_0x7fc62a77e820, C4<1>, C4<1>;
L_0x7fc62a77ebf0 .functor AND 1, L_0x7fc62a77e5a0, L_0x7fc62a77e6e0, C4<1>, C4<1>;
L_0x7fc62a77ed60 .functor OR 1, L_0x7fc62a77eb40, L_0x7fc62a77ebf0, C4<0>, C4<0>;
L_0x7fc62a77ee10 .functor BUFZ 1, L_0x7fc62a77ed60, C4<0>, C4<0>, C4<0>;
L_0x7fc62a77eec0 .functor BUFZ 1, L_0x7fc62a77ea20, C4<0>, C4<0>, C4<0>;
L_0x7fc62a77f0a0 .functor BUFZ 1, L_0x7fc62a77ee10, C4<0>, C4<0>, C4<0>;
v0x7fc62a6a60e0_0 .net *"_ivl_1", 0 0, L_0x7fc62a77e500;  1 drivers
v0x7fc62a6a61a0_0 .net *"_ivl_12", 0 0, L_0x7fc62a77e8c0;  1 drivers
v0x7fc62a6a6250_0 .net *"_ivl_31", 0 0, L_0x7fc62a77eec0;  1 drivers
v0x7fc62a6a6310_0 .net *"_ivl_36", 0 0, L_0x7fc62a77f0a0;  1 drivers
v0x7fc62a6a63c0_0 .net *"_ivl_5", 0 0, L_0x7fc62a77e640;  1 drivers
v0x7fc62a6a64b0_0 .net *"_ivl_9", 0 0, L_0x7fc62a77e780;  1 drivers
v0x7fc62a6a6560_0 .net "a", 0 0, L_0x7fc62a77e5a0;  1 drivers
v0x7fc62a6a6600_0 .net "and_a_b", 0 0, L_0x7fc62a77ebf0;  1 drivers
v0x7fc62a6a66a0_0 .net "b", 0 0, L_0x7fc62a77e6e0;  1 drivers
v0x7fc62a6a67b0_0 .net "c", 0 0, L_0x7fc62a77e820;  1 drivers
v0x7fc62a6a6840_0 .net "led", 1 0, L_0x7fc62a77efc0;  1 drivers
v0x7fc62a6a68f0_0 .net "or_gate", 0 0, L_0x7fc62a77ed60;  1 drivers
o0x7fc62b051ed8 .functor BUFZ 3, C4<zzz>; HiZ drive
v0x7fc62a6a6990_0 .net "pmod", 2 0, o0x7fc62b051ed8;  0 drivers
v0x7fc62a6a6a40_0 .net "tens", 0 0, L_0x7fc62a77ee10;  1 drivers
v0x7fc62a6a6ae0_0 .net "unit", 0 0, L_0x7fc62a77ea20;  1 drivers
v0x7fc62a6a6b80_0 .net "xor_a_b", 0 0, L_0x7fc62a77ead0;  1 drivers
v0x7fc62a6a6c20_0 .net "xor_a_b_and_c", 0 0, L_0x7fc62a77eb40;  1 drivers
v0x7fc62a6a6db0_0 .net "xor_a_b_c", 0 0, L_0x7fc62a77e930;  1 drivers
L_0x7fc62a77e500 .part o0x7fc62b051ed8, 0, 1;
L_0x7fc62a77e5a0 .reduce/nor L_0x7fc62a77e500;
L_0x7fc62a77e640 .part o0x7fc62b051ed8, 1, 1;
L_0x7fc62a77e6e0 .reduce/nor L_0x7fc62a77e640;
L_0x7fc62a77e780 .part o0x7fc62b051ed8, 2, 1;
L_0x7fc62a77e820 .reduce/nor L_0x7fc62a77e780;
L_0x7fc62a77efc0 .concat8 [ 1 1 0 0], L_0x7fc62a77eec0, L_0x7fc62a77f0a0;
    .scope S_0x7fc62a53a170;
T_2 ;
    %pushi/vec4 0, 0, 1;
    %store/vec4 v0x7fc62a695cb0_0, 0, 1;
    %pushi/vec4 0, 0, 1;
    %store/vec4 v0x7fc62a695d40_0, 0, 1;
    %end;
    .thread T_2;
    .scope S_0x7fc62a53a170;
T_3 ;
    %wait E_0x7fc62a5563c0;
    %load/vec4 v0x7fc62a565ee0_0;
    %flag_set/vec4 8;
    %jmp/0xz  T_3.0, 8;
    %load/vec4 v0x7fc62a6763d0_0;
    %flag_set/vec4 8;
    %jmp/0 T_3.2, 8;
    %pushi/vec4 0, 0, 1;
    %jmp/1 T_3.3, 8;
T_3.2 ; End of true expr.
    %load/vec4 v0x7fc62a696880_0;
    %jmp/0 T_3.3, 8;
 ; End of false expr.
    %blend;
T_3.3;
    %assign/vec4 v0x7fc62a695cb0_0, 0;
T_3.0 ;
    %jmp T_3;
    .thread T_3;
    .scope S_0x7fc62a53a170;
T_4 ;
    %wait E_0x7fc62a556380;
    %load/vec4 v0x7fc62a6763d0_0;
    %flag_set/vec4 8;
    %jmp/0xz  T_4.0, 8;
    %pushi/vec4 0, 0, 1;
    %assign/vec4 v0x7fc62a695d40_0, 0;
    %jmp T_4.1;
T_4.0 ;
    %load/vec4 v0x7fc62a565ee0_0;
    %flag_set/vec4 8;
    %jmp/0xz  T_4.2, 8;
    %load/vec4 v0x7fc62a696880_0;
    %assign/vec4 v0x7fc62a695d40_0, 0;
T_4.2 ;
T_4.1 ;
    %jmp T_4;
    .thread T_4;
    .scope S_0x7fc62a6955b0;
T_5 ;
    %pushi/vec4 0, 0, 32;
    %store/vec4 v0x7fc62a62ee50_0, 0, 32;
T_5.0 ; Top of for-loop 
    %load/vec4 v0x7fc62a62ee50_0;
    %cmpi/s 16, 0, 32;
    %jmp/0xz T_5.1, 5;
    %pushi/vec4 0, 0, 256;
    %load/vec4 v0x7fc62a62ee50_0;
    %muli 16, 0, 32;
    %part/s 16;
    %pushi/vec4 0, 0, 32;
    %load/vec4 v0x7fc62a62ee50_0;
    %add;
    %ix/vec4/s 4;
    %store/vec4a v0x7fc62a62eee0, 4, 0;
    %pushi/vec4 0, 0, 256;
    %load/vec4 v0x7fc62a62ee50_0;
    %muli 16, 0, 32;
    %part/s 16;
    %pushi/vec4 16, 0, 32;
    %load/vec4 v0x7fc62a62ee50_0;
    %add;
    %ix/vec4/s 4;
    %store/vec4a v0x7fc62a62eee0, 4, 0;
    %pushi/vec4 0, 0, 256;
    %load/vec4 v0x7fc62a62ee50_0;
    %muli 16, 0, 32;
    %part/s 16;
    %pushi/vec4 32, 0, 32;
    %load/vec4 v0x7fc62a62ee50_0;
    %add;
    %ix/vec4/s 4;
    %store/vec4a v0x7fc62a62eee0, 4, 0;
    %pushi/vec4 0, 0, 256;
    %load/vec4 v0x7fc62a62ee50_0;
    %muli 16, 0, 32;
    %part/s 16;
    %pushi/vec4 48, 0, 32;
    %load/vec4 v0x7fc62a62ee50_0;
    %add;
    %ix/vec4/s 4;
    %store/vec4a v0x7fc62a62eee0, 4, 0;
    %pushi/vec4 0, 0, 256;
    %load/vec4 v0x7fc62a62ee50_0;
    %muli 16, 0, 32;
    %part/s 16;
    %pushi/vec4 64, 0, 32;
    %load/vec4 v0x7fc62a62ee50_0;
    %add;
    %ix/vec4/s 4;
    %store/vec4a v0x7fc62a62eee0, 4, 0;
    %pushi/vec4 0, 0, 256;
    %load/vec4 v0x7fc62a62ee50_0;
    %muli 16, 0, 32;
    %part/s 16;
    %pushi/vec4 80, 0, 32;
    %load/vec4 v0x7fc62a62ee50_0;
    %add;
    %ix/vec4/s 4;
    %store/vec4a v0x7fc62a62eee0, 4, 0;
    %pushi/vec4 0, 0, 256;
    %load/vec4 v0x7fc62a62ee50_0;
    %muli 16, 0, 32;
    %part/s 16;
    %pushi/vec4 96, 0, 32;
    %load/vec4 v0x7fc62a62ee50_0;
    %add;
    %ix/vec4/s 4;
    %store/vec4a v0x7fc62a62eee0, 4, 0;
    %pushi/vec4 0, 0, 256;
    %load/vec4 v0x7fc62a62ee50_0;
    %muli 16, 0, 32;
    %part/s 16;
    %pushi/vec4 112, 0, 32;
    %load/vec4 v0x7fc62a62ee50_0;
    %add;
    %ix/vec4/s 4;
    %store/vec4a v0x7fc62a62eee0, 4, 0;
    %pushi/vec4 0, 0, 256;
    %load/vec4 v0x7fc62a62ee50_0;
    %muli 16, 0, 32;
    %part/s 16;
    %pushi/vec4 128, 0, 32;
    %load/vec4 v0x7fc62a62ee50_0;
    %add;
    %ix/vec4/s 4;
    %store/vec4a v0x7fc62a62eee0, 4, 0;
    %pushi/vec4 0, 0, 256;
    %load/vec4 v0x7fc62a62ee50_0;
    %muli 16, 0, 32;
    %part/s 16;
    %pushi/vec4 144, 0, 32;
    %load/vec4 v0x7fc62a62ee50_0;
    %add;
    %ix/vec4/s 4;
    %store/vec4a v0x7fc62a62eee0, 4, 0;
    %pushi/vec4 0, 0, 256;
    %load/vec4 v0x7fc62a62ee50_0;
    %muli 16, 0, 32;
    %part/s 16;
    %pushi/vec4 160, 0, 32;
    %load/vec4 v0x7fc62a62ee50_0;
    %add;
    %ix/vec4/s 4;
    %store/vec4a v0x7fc62a62eee0, 4, 0;
    %pushi/vec4 0, 0, 256;
    %load/vec4 v0x7fc62a62ee50_0;
    %muli 16, 0, 32;
    %part/s 16;
    %pushi/vec4 176, 0, 32;
    %load/vec4 v0x7fc62a62ee50_0;
    %add;
    %ix/vec4/s 4;
    %store/vec4a v0x7fc62a62eee0, 4, 0;
    %pushi/vec4 0, 0, 256;
    %load/vec4 v0x7fc62a62ee50_0;
    %muli 16, 0, 32;
    %part/s 16;
    %pushi/vec4 192, 0, 32;
    %load/vec4 v0x7fc62a62ee50_0;
    %add;
    %ix/vec4/s 4;
    %store/vec4a v0x7fc62a62eee0, 4, 0;
    %pushi/vec4 0, 0, 256;
    %load/vec4 v0x7fc62a62ee50_0;
    %muli 16, 0, 32;
    %part/s 16;
    %pushi/vec4 208, 0, 32;
    %load/vec4 v0x7fc62a62ee50_0;
    %add;
    %ix/vec4/s 4;
    %store/vec4a v0x7fc62a62eee0, 4, 0;
    %pushi/vec4 0, 0, 256;
    %load/vec4 v0x7fc62a62ee50_0;
    %muli 16, 0, 32;
    %part/s 16;
    %pushi/vec4 224, 0, 32;
    %load/vec4 v0x7fc62a62ee50_0;
    %add;
    %ix/vec4/s 4;
    %store/vec4a v0x7fc62a62eee0, 4, 0;
    %pushi/vec4 0, 0, 256;
    %load/vec4 v0x7fc62a62ee50_0;
    %muli 16, 0, 32;
    %part/s 16;
    %pushi/vec4 240, 0, 32;
    %load/vec4 v0x7fc62a62ee50_0;
    %add;
    %ix/vec4/s 4;
    %store/vec4a v0x7fc62a62eee0, 4, 0;
T_5.2 ; for-loop step statement
    %load/vec4 v0x7fc62a62ee50_0;
    %addi 1, 0, 32;
    %store/vec4 v0x7fc62a62ee50_0, 0, 32;
    %jmp T_5.0;
T_5.1 ; for-loop exit label
    %end;
    .thread T_5;
    .scope S_0x7fc62a6955b0;
T_6 ;
    %wait E_0x7fc62a60ee90;
    %load/vec4 v0x7fc62a62f720_0;
    %flag_set/vec4 9;
    %flag_get/vec4 9;
    %jmp/0 T_6.2, 9;
    %load/vec4 v0x7fc62a64ab20_0;
    %and;
T_6.2;
    %flag_set/vec4 8;
    %jmp/0xz  T_6.0, 8;
    %load/vec4 v0x7fc62a62f7b0_0;
    %parti/s 1, 0, 2;
    %nor/r;
    %flag_set/vec4 8;
    %jmp/0xz  T_6.3, 8;
    %load/vec4 v0x7fc62a647280_0;
    %parti/s 1, 0, 2;
    %load/vec4 v0x7fc62a63ff40_0;
    %parti/s 8, 0, 2;
    %pad/u 10;
    %ix/vec4 3;
    %ix/load 4, 0, 0; Constant delay
    %assign/vec4/a/d v0x7fc62a62eee0, 0, 4;
T_6.3 ;
    %load/vec4 v0x7fc62a62f7b0_0;
    %parti/s 1, 1, 2;
    %nor/r;
    %flag_set/vec4 8;
    %jmp/0xz  T_6.5, 8;
    %load/vec4 v0x7fc62a647280_0;
    %parti/s 1, 1, 2;
    %load/vec4 v0x7fc62a63ff40_0;
    %parti/s 8, 0, 2;
    %pad/u 10;
    %ix/vec4 3;
    %ix/load 4, 1, 0; part off
    %ix/load 5, 0, 0; Constant delay
    %assign/vec4/a/d v0x7fc62a62eee0, 4, 5;
T_6.5 ;
    %load/vec4 v0x7fc62a62f7b0_0;
    %parti/s 1, 2, 3;
    %nor/r;
    %flag_set/vec4 8;
    %jmp/0xz  T_6.7, 8;
    %load/vec4 v0x7fc62a647280_0;
    %parti/s 1, 2, 3;
    %load/vec4 v0x7fc62a63ff40_0;
    %parti/s 8, 0, 2;
    %pad/u 10;
    %ix/vec4 3;
    %ix/load 4, 2, 0; part off
    %ix/load 5, 0, 0; Constant delay
    %assign/vec4/a/d v0x7fc62a62eee0, 4, 5;
T_6.7 ;
    %load/vec4 v0x7fc62a62f7b0_0;
    %parti/s 1, 3, 3;
    %nor/r;
    %flag_set/vec4 8;
    %jmp/0xz  T_6.9, 8;
    %load/vec4 v0x7fc62a647280_0;
    %parti/s 1, 3, 3;
    %load/vec4 v0x7fc62a63ff40_0;
    %parti/s 8, 0, 2;
    %pad/u 10;
    %ix/vec4 3;
    %ix/load 4, 3, 0; part off
    %ix/load 5, 0, 0; Constant delay
    %assign/vec4/a/d v0x7fc62a62eee0, 4, 5;
T_6.9 ;
    %load/vec4 v0x7fc62a62f7b0_0;
    %parti/s 1, 4, 4;
    %nor/r;
    %flag_set/vec4 8;
    %jmp/0xz  T_6.11, 8;
    %load/vec4 v0x7fc62a647280_0;
    %parti/s 1, 4, 4;
    %load/vec4 v0x7fc62a63ff40_0;
    %parti/s 8, 0, 2;
    %pad/u 10;
    %ix/vec4 3;
    %ix/load 4, 4, 0; part off
    %ix/load 5, 0, 0; Constant delay
    %assign/vec4/a/d v0x7fc62a62eee0, 4, 5;
T_6.11 ;
    %load/vec4 v0x7fc62a62f7b0_0;
    %parti/s 1, 5, 4;
    %nor/r;
    %flag_set/vec4 8;
    %jmp/0xz  T_6.13, 8;
    %load/vec4 v0x7fc62a647280_0;
    %parti/s 1, 5, 4;
    %load/vec4 v0x7fc62a63ff40_0;
    %parti/s 8, 0, 2;
    %pad/u 10;
    %ix/vec4 3;
    %ix/load 4, 5, 0; part off
    %ix/load 5, 0, 0; Constant delay
    %assign/vec4/a/d v0x7fc62a62eee0, 4, 5;
T_6.13 ;
    %load/vec4 v0x7fc62a62f7b0_0;
    %parti/s 1, 6, 4;
    %nor/r;
    %flag_set/vec4 8;
    %jmp/0xz  T_6.15, 8;
    %load/vec4 v0x7fc62a647280_0;
    %parti/s 1, 6, 4;
    %load/vec4 v0x7fc62a63ff40_0;
    %parti/s 8, 0, 2;
    %pad/u 10;
    %ix/vec4 3;
    %ix/load 4, 6, 0; part off
    %ix/load 5, 0, 0; Constant delay
    %assign/vec4/a/d v0x7fc62a62eee0, 4, 5;
T_6.15 ;
    %load/vec4 v0x7fc62a62f7b0_0;
    %parti/s 1, 7, 4;
    %nor/r;
    %flag_set/vec4 8;
    %jmp/0xz  T_6.17, 8;
    %load/vec4 v0x7fc62a647280_0;
    %parti/s 1, 7, 4;
    %load/vec4 v0x7fc62a63ff40_0;
    %parti/s 8, 0, 2;
    %pad/u 10;
    %ix/vec4 3;
    %ix/load 4, 7, 0; part off
    %ix/load 5, 0, 0; Constant delay
    %assign/vec4/a/d v0x7fc62a62eee0, 4, 5;
T_6.17 ;
    %load/vec4 v0x7fc62a62f7b0_0;
    %parti/s 1, 8, 5;
    %nor/r;
    %flag_set/vec4 8;
    %jmp/0xz  T_6.19, 8;
    %load/vec4 v0x7fc62a647280_0;
    %parti/s 1, 8, 5;
    %load/vec4 v0x7fc62a63ff40_0;
    %parti/s 8, 0, 2;
    %pad/u 10;
    %ix/vec4 3;
    %ix/load 4, 8, 0; part off
    %ix/load 5, 0, 0; Constant delay
    %assign/vec4/a/d v0x7fc62a62eee0, 4, 5;
T_6.19 ;
    %load/vec4 v0x7fc62a62f7b0_0;
    %parti/s 1, 9, 5;
    %nor/r;
    %flag_set/vec4 8;
    %jmp/0xz  T_6.21, 8;
    %load/vec4 v0x7fc62a647280_0;
    %parti/s 1, 9, 5;
    %load/vec4 v0x7fc62a63ff40_0;
    %parti/s 8, 0, 2;
    %pad/u 10;
    %ix/vec4 3;
    %ix/load 4, 9, 0; part off
    %ix/load 5, 0, 0; Constant delay
    %assign/vec4/a/d v0x7fc62a62eee0, 4, 5;
T_6.21 ;
    %load/vec4 v0x7fc62a62f7b0_0;
    %parti/s 1, 10, 5;
    %nor/r;
    %flag_set/vec4 8;
    %jmp/0xz  T_6.23, 8;
    %load/vec4 v0x7fc62a647280_0;
    %parti/s 1, 10, 5;
    %load/vec4 v0x7fc62a63ff40_0;
    %parti/s 8, 0, 2;
    %pad/u 10;
    %ix/vec4 3;
    %ix/load 4, 10, 0; part off
    %ix/load 5, 0, 0; Constant delay
    %assign/vec4/a/d v0x7fc62a62eee0, 4, 5;
T_6.23 ;
    %load/vec4 v0x7fc62a62f7b0_0;
    %parti/s 1, 11, 5;
    %nor/r;
    %flag_set/vec4 8;
    %jmp/0xz  T_6.25, 8;
    %load/vec4 v0x7fc62a647280_0;
    %parti/s 1, 11, 5;
    %load/vec4 v0x7fc62a63ff40_0;
    %parti/s 8, 0, 2;
    %pad/u 10;
    %ix/vec4 3;
    %ix/load 4, 11, 0; part off
    %ix/load 5, 0, 0; Constant delay
    %assign/vec4/a/d v0x7fc62a62eee0, 4, 5;
T_6.25 ;
    %load/vec4 v0x7fc62a62f7b0_0;
    %parti/s 1, 12, 5;
    %nor/r;
    %flag_set/vec4 8;
    %jmp/0xz  T_6.27, 8;
    %load/vec4 v0x7fc62a647280_0;
    %parti/s 1, 12, 5;
    %load/vec4 v0x7fc62a63ff40_0;
    %parti/s 8, 0, 2;
    %pad/u 10;
    %ix/vec4 3;
    %ix/load 4, 12, 0; part off
    %ix/load 5, 0, 0; Constant delay
    %assign/vec4/a/d v0x7fc62a62eee0, 4, 5;
T_6.27 ;
    %load/vec4 v0x7fc62a62f7b0_0;
    %parti/s 1, 13, 5;
    %nor/r;
    %flag_set/vec4 8;
    %jmp/0xz  T_6.29, 8;
    %load/vec4 v0x7fc62a647280_0;
    %parti/s 1, 13, 5;
    %load/vec4 v0x7fc62a63ff40_0;
    %parti/s 8, 0, 2;
    %pad/u 10;
    %ix/vec4 3;
    %ix/load 4, 13, 0; part off
    %ix/load 5, 0, 0; Constant delay
    %assign/vec4/a/d v0x7fc62a62eee0, 4, 5;
T_6.29 ;
    %load/vec4 v0x7fc62a62f7b0_0;
    %parti/s 1, 14, 5;
    %nor/r;
    %flag_set/vec4 8;
    %jmp/0xz  T_6.31, 8;
    %load/vec4 v0x7fc62a647280_0;
    %parti/s 1, 14, 5;
    %load/vec4 v0x7fc62a63ff40_0;
    %parti/s 8, 0, 2;
    %pad/u 10;
    %ix/vec4 3;
    %ix/load 4, 14, 0; part off
    %ix/load 5, 0, 0; Constant delay
    %assign/vec4/a/d v0x7fc62a62eee0, 4, 5;
T_6.31 ;
    %load/vec4 v0x7fc62a62f7b0_0;
    %parti/s 1, 15, 5;
    %nor/r;
    %flag_set/vec4 8;
    %jmp/0xz  T_6.33, 8;
    %load/vec4 v0x7fc62a647280_0;
    %parti/s 1, 15, 5;
    %load/vec4 v0x7fc62a63ff40_0;
    %parti/s 8, 0, 2;
    %pad/u 10;
    %ix/vec4 3;
    %ix/load 4, 15, 0; part off
    %ix/load 5, 0, 0; Constant delay
    %assign/vec4/a/d v0x7fc62a62eee0, 4, 5;
T_6.33 ;
T_6.0 ;
    %jmp T_6;
    .thread T_6;
    .scope S_0x7fc62a6955b0;
T_7 ;
    %wait E_0x7fc62a6107d0;
    %load/vec4 v0x7fc62a6436d0_0;
    %flag_set/vec4 9;
    %flag_get/vec4 9;
    %jmp/0 T_7.2, 9;
    %load/vec4 v0x7fc62a65d410_0;
    %and;
T_7.2;
    %flag_set/vec4 8;
    %jmp/0xz  T_7.0, 8;
    %load/vec4 v0x7fc62a65df30_0;
    %parti/s 8, 0, 2;
    %pad/u 10;
    %ix/vec4 4;
    %load/vec4a v0x7fc62a62eee0, 4;
    %load/vec4 v0x7fc62a63feb0_0;
    %inv;
    %and;
    %assign/vec4 v0x7fc62a643640_0, 0;
T_7.0 ;
    %jmp T_7;
    .thread T_7;
    .scope S_0x7fc62a508ba0;
T_8 ;
    %pushi/vec4 0, 0, 1;
    %store/vec4 v0x7fc62a698a20_0, 0, 1;
    %end;
    .thread T_8;
    .scope S_0x7fc62a508ba0;
T_9 ;
    %wait E_0x7fc62a60e7a0;
    %load/vec4 v0x7fc62a698990_0;
    %assign/vec4 v0x7fc62a698a20_0, 0;
    %jmp T_9;
    .thread T_9;
    .scope S_0x7fc62a507f60;
T_10 ;
    %pushi/vec4 0, 0, 1;
    %store/vec4 v0x7fc62a698c60_0, 0, 1;
    %end;
    .thread T_10;
    .scope S_0x7fc62a507f60;
T_11 ;
    %wait E_0x7fc62a63ffd0;
    %load/vec4 v0x7fc62a698bd0_0;
    %flag_set/vec4 8;
    %jmp/0xz  T_11.0, 8;
    %load/vec4 v0x7fc62a698b40_0;
    %assign/vec4 v0x7fc62a698c60_0, 0;
T_11.0 ;
    %jmp T_11;
    .thread T_11;
    .scope S_0x7fc62a5080d0;
T_12 ;
    %pushi/vec4 0, 0, 1;
    %store/vec4 v0x7fc62a698ea0_0, 0, 1;
    %end;
    .thread T_12;
    .scope S_0x7fc62a5080d0;
T_13 ;
    %wait E_0x7fc62a670410;
    %load/vec4 v0x7fc62a698f30_0;
    %flag_set/vec4 8;
    %jmp/0xz  T_13.0, 8;
    %pushi/vec4 0, 0, 1;
    %assign/vec4 v0x7fc62a698ea0_0, 0;
    %jmp T_13.1;
T_13.0 ;
    %load/vec4 v0x7fc62a698e10_0;
    %flag_set/vec4 8;
    %jmp/0xz  T_13.2, 8;
    %load/vec4 v0x7fc62a698d80_0;
    %assign/vec4 v0x7fc62a698ea0_0, 0;
T_13.2 ;
T_13.1 ;
    %jmp T_13;
    .thread T_13;
    .scope S_0x7fc62a5495a0;
T_14 ;
    %pushi/vec4 0, 0, 1;
    %store/vec4 v0x7fc62a699170_0, 0, 1;
    %end;
    .thread T_14;
    .scope S_0x7fc62a5495a0;
T_15 ;
    %wait E_0x7fc62a66b7f0;
    %load/vec4 v0x7fc62a699200_0;
    %flag_set/vec4 8;
    %jmp/0xz  T_15.0, 8;
    %pushi/vec4 1, 0, 1;
    %assign/vec4 v0x7fc62a699170_0, 0;
    %jmp T_15.1;
T_15.0 ;
    %load/vec4 v0x7fc62a6990e0_0;
    %flag_set/vec4 8;
    %jmp/0xz  T_15.2, 8;
    %load/vec4 v0x7fc62a699050_0;
    %assign/vec4 v0x7fc62a699170_0, 0;
T_15.2 ;
T_15.1 ;
    %jmp T_15;
    .thread T_15;
    .scope S_0x7fc62a549710;
T_16 ;
    %pushi/vec4 0, 0, 1;
    %store/vec4 v0x7fc62a699440_0, 0, 1;
    %end;
    .thread T_16;
    .scope S_0x7fc62a549710;
T_17 ;
    %wait E_0x7fc62a663570;
    %load/vec4 v0x7fc62a6993b0_0;
    %flag_set/vec4 8;
    %jmp/0xz  T_17.0, 8;
    %load/vec4 v0x7fc62a6994d0_0;
    %flag_set/vec4 8;
    %jmp/0xz  T_17.2, 8;
    %pushi/vec4 0, 0, 1;
    %assign/vec4 v0x7fc62a699440_0, 0;
    %jmp T_17.3;
T_17.2 ;
    %load/vec4 v0x7fc62a699320_0;
    %assign/vec4 v0x7fc62a699440_0, 0;
T_17.3 ;
T_17.0 ;
    %jmp T_17;
    .thread T_17;
    .scope S_0x7fc62a549960;
T_18 ;
    %pushi/vec4 0, 0, 1;
    %store/vec4 v0x7fc62a699710_0, 0, 1;
    %end;
    .thread T_18;
    .scope S_0x7fc62a549960;
T_19 ;
    %wait E_0x7fc62a684d60;
    %load/vec4 v0x7fc62a699680_0;
    %flag_set/vec4 8;
    %jmp/0xz  T_19.0, 8;
    %load/vec4 v0x7fc62a6997a0_0;
    %flag_set/vec4 8;
    %jmp/0xz  T_19.2, 8;
    %pushi/vec4 1, 0, 1;
    %assign/vec4 v0x7fc62a699710_0, 0;
    %jmp T_19.3;
T_19.2 ;
    %load/vec4 v0x7fc62a6995f0_0;
    %assign/vec4 v0x7fc62a699710_0, 0;
T_19.3 ;
T_19.0 ;
    %jmp T_19;
    .thread T_19;
    .scope S_0x7fc62a549ad0;
T_20 ;
    %pushi/vec4 0, 0, 1;
    %store/vec4 v0x7fc62a699950_0, 0, 1;
    %end;
    .thread T_20;
    .scope S_0x7fc62a549ad0;
T_21 ;
    %wait E_0x7fc62a694950;
    %load/vec4 v0x7fc62a6998c0_0;
    %assign/vec4 v0x7fc62a699950_0, 0;
    %jmp T_21;
    .thread T_21;
    .scope S_0x7fc62a549c40;
T_22 ;
    %pushi/vec4 0, 0, 1;
    %store/vec4 v0x7fc62a699b90_0, 0, 1;
    %end;
    .thread T_22;
    .scope S_0x7fc62a549c40;
T_23 ;
    %wait E_0x7fc62a614000;
    %load/vec4 v0x7fc62a699b00_0;
    %flag_set/vec4 8;
    %jmp/0xz  T_23.0, 8;
    %load/vec4 v0x7fc62a699a70_0;
    %assign/vec4 v0x7fc62a699b90_0, 0;
T_23.0 ;
    %jmp T_23;
    .thread T_23;
    .scope S_0x7fc62a549db0;
T_24 ;
    %pushi/vec4 0, 0, 1;
    %store/vec4 v0x7fc62a699dd0_0, 0, 1;
    %end;
    .thread T_24;
    .scope S_0x7fc62a549db0;
T_25 ;
    %wait E_0x7fc62a604f30;
    %load/vec4 v0x7fc62a699e60_0;
    %flag_set/vec4 8;
    %jmp/0xz  T_25.0, 8;
    %pushi/vec4 0, 0, 1;
    %assign/vec4 v0x7fc62a699dd0_0, 0;
    %jmp T_25.1;
T_25.0 ;
    %load/vec4 v0x7fc62a699d40_0;
    %flag_set/vec4 8;
    %jmp/0xz  T_25.2, 8;
    %load/vec4 v0x7fc62a699cb0_0;
    %assign/vec4 v0x7fc62a699dd0_0, 0;
T_25.2 ;
T_25.1 ;
    %jmp T_25;
    .thread T_25;
    .scope S_0x7fc62a549f20;
T_26 ;
    %pushi/vec4 0, 0, 1;
    %store/vec4 v0x7fc62a69a0a0_0, 0, 1;
    %end;
    .thread T_26;
    .scope S_0x7fc62a549f20;
T_27 ;
    %wait E_0x7fc62a60a070;
    %load/vec4 v0x7fc62a69a130_0;
    %flag_set/vec4 8;
    %jmp/0xz  T_27.0, 8;
    %pushi/vec4 1, 0, 1;
    %assign/vec4 v0x7fc62a69a0a0_0, 0;
    %jmp T_27.1;
T_27.0 ;
    %load/vec4 v0x7fc62a69a010_0;
    %flag_set/vec4 8;
    %jmp/0xz  T_27.2, 8;
    %load/vec4 v0x7fc62a699f80_0;
    %assign/vec4 v0x7fc62a69a0a0_0, 0;
T_27.2 ;
T_27.1 ;
    %jmp T_27;
    .thread T_27;
    .scope S_0x7fc62a54a090;
T_28 ;
    %pushi/vec4 0, 0, 1;
    %store/vec4 v0x7fc62a69a370_0, 0, 1;
    %end;
    .thread T_28;
    .scope S_0x7fc62a54a090;
T_29 ;
    %wait E_0x7fc62a60b320;
    %load/vec4 v0x7fc62a69a2e0_0;
    %flag_set/vec4 8;
    %jmp/0xz  T_29.0, 8;
    %load/vec4 v0x7fc62a69a400_0;
    %flag_set/vec4 8;
    %jmp/0xz  T_29.2, 8;
    %pushi/vec4 0, 0, 1;
    %assign/vec4 v0x7fc62a69a370_0, 0;
    %jmp T_29.3;
T_29.2 ;
    %load/vec4 v0x7fc62a69a250_0;
    %assign/vec4 v0x7fc62a69a370_0, 0;
T_29.3 ;
T_29.0 ;
    %jmp T_29;
    .thread T_29;
    .scope S_0x7fc62a54a200;
T_30 ;
    %pushi/vec4 0, 0, 1;
    %store/vec4 v0x7fc62a69a640_0, 0, 1;
    %end;
    .thread T_30;
    .scope S_0x7fc62a54a200;
T_31 ;
    %wait E_0x7fc62a6090d0;
    %load/vec4 v0x7fc62a69a5b0_0;
    %flag_set/vec4 8;
    %jmp/0xz  T_31.0, 8;
    %load/vec4 v0x7fc62a69a6d0_0;
    %flag_set/vec4 8;
    %jmp/0xz  T_31.2, 8;
    %pushi/vec4 1, 0, 1;
    %assign/vec4 v0x7fc62a69a640_0, 0;
    %jmp T_31.3;
T_31.2 ;
    %load/vec4 v0x7fc62a69a520_0;
    %assign/vec4 v0x7fc62a69a640_0, 0;
T_31.3 ;
T_31.0 ;
    %jmp T_31;
    .thread T_31;
    .scope S_0x7fc62a54a370;
T_32 ;
    %pushi/vec4 0, 0, 1;
    %store/vec4 v0x7fc62a69a880_0, 0, 1;
    %end;
    .thread T_32;
    .scope S_0x7fc62a54a370;
T_33 ;
    %wait E_0x7fc62a60cbf0;
    %load/vec4 v0x7fc62a69a910_0;
    %flag_set/vec4 8;
    %jmp/0xz  T_33.0, 8;
    %pushi/vec4 0, 0, 1;
    %assign/vec4 v0x7fc62a69a880_0, 0;
    %jmp T_33.1;
T_33.0 ;
    %load/vec4 v0x7fc62a69a7f0_0;
    %assign/vec4 v0x7fc62a69a880_0, 0;
T_33.1 ;
    %jmp T_33;
    .thread T_33;
    .scope S_0x7fc62a54a4e0;
T_34 ;
    %pushi/vec4 0, 0, 1;
    %store/vec4 v0x7fc62a69aac0_0, 0, 1;
    %end;
    .thread T_34;
    .scope S_0x7fc62a54a4e0;
T_35 ;
    %wait E_0x7fc62a611360;
    %load/vec4 v0x7fc62a69ab50_0;
    %flag_set/vec4 8;
    %jmp/0xz  T_35.0, 8;
    %pushi/vec4 1, 0, 1;
    %assign/vec4 v0x7fc62a69aac0_0, 0;
    %jmp T_35.1;
T_35.0 ;
    %load/vec4 v0x7fc62a69aa30_0;
    %assign/vec4 v0x7fc62a69aac0_0, 0;
T_35.1 ;
    %jmp T_35;
    .thread T_35;
    .scope S_0x7fc62a54a750;
T_36 ;
    %pushi/vec4 0, 0, 1;
    %store/vec4 v0x7fc62a69ad00_0, 0, 1;
    %end;
    .thread T_36;
    .scope S_0x7fc62a54a750;
T_37 ;
    %wait E_0x7fc62a612360;
    %load/vec4 v0x7fc62a69ad90_0;
    %flag_set/vec4 8;
    %jmp/0xz  T_37.0, 8;
    %pushi/vec4 0, 0, 1;
    %assign/vec4 v0x7fc62a69ad00_0, 0;
    %jmp T_37.1;
T_37.0 ;
    %load/vec4 v0x7fc62a69ac70_0;
    %assign/vec4 v0x7fc62a69ad00_0, 0;
T_37.1 ;
    %jmp T_37;
    .thread T_37;
    .scope S_0x7fc62a54a8c0;
T_38 ;
    %pushi/vec4 0, 0, 1;
    %store/vec4 v0x7fc62a69af40_0, 0, 1;
    %end;
    .thread T_38;
    .scope S_0x7fc62a54a8c0;
T_39 ;
    %wait E_0x7fc62a6117e0;
    %load/vec4 v0x7fc62a69afd0_0;
    %flag_set/vec4 8;
    %jmp/0xz  T_39.0, 8;
    %pushi/vec4 1, 0, 1;
    %assign/vec4 v0x7fc62a69af40_0, 0;
    %jmp T_39.1;
T_39.0 ;
    %load/vec4 v0x7fc62a69aeb0_0;
    %assign/vec4 v0x7fc62a69af40_0, 0;
T_39.1 ;
    %jmp T_39;
    .thread T_39;
    .scope S_0x7fc62a54aa30;
T_40 ;
    %pushi/vec4 0, 0, 1;
    %store/vec4 v0x7fc62a69b180_0, 0, 1;
    %end;
    .thread T_40;
    .scope S_0x7fc62a54aa30;
T_41 ;
    %wait E_0x7fc62a6115a0;
    %load/vec4 v0x7fc62a69b210_0;
    %flag_set/vec4 8;
    %jmp/0xz  T_41.0, 8;
    %pushi/vec4 0, 0, 1;
    %assign/vec4 v0x7fc62a69b180_0, 0;
    %jmp T_41.1;
T_41.0 ;
    %load/vec4 v0x7fc62a69b0f0_0;
    %assign/vec4 v0x7fc62a69b180_0, 0;
T_41.1 ;
    %jmp T_41;
    .thread T_41;
    .scope S_0x7fc62a54aba0;
T_42 ;
    %pushi/vec4 0, 0, 1;
    %store/vec4 v0x7fc62a69b3c0_0, 0, 1;
    %end;
    .thread T_42;
    .scope S_0x7fc62a54aba0;
T_43 ;
    %wait E_0x7fc62a604900;
    %load/vec4 v0x7fc62a69b450_0;
    %flag_set/vec4 8;
    %jmp/0xz  T_43.0, 8;
    %pushi/vec4 1, 0, 1;
    %assign/vec4 v0x7fc62a69b3c0_0, 0;
    %jmp T_43.1;
T_43.0 ;
    %load/vec4 v0x7fc62a69b330_0;
    %assign/vec4 v0x7fc62a69b3c0_0, 0;
T_43.1 ;
    %jmp T_43;
    .thread T_43;
    .scope S_0x7fc62a54ad10;
T_44 ;
    %pushi/vec4 0, 0, 1;
    %store/vec4 v0x7fc62a69b600_0, 0, 1;
    %end;
    .thread T_44;
    .scope S_0x7fc62a54ad10;
T_45 ;
    %wait E_0x7fc62a660210;
    %load/vec4 v0x7fc62a69b690_0;
    %flag_set/vec4 8;
    %jmp/0xz  T_45.0, 8;
    %pushi/vec4 0, 0, 1;
    %assign/vec4 v0x7fc62a69b600_0, 0;
    %jmp T_45.1;
T_45.0 ;
    %load/vec4 v0x7fc62a69b570_0;
    %assign/vec4 v0x7fc62a69b600_0, 0;
T_45.1 ;
    %jmp T_45;
    .thread T_45;
    .scope S_0x7fc62a54ae80;
T_46 ;
    %pushi/vec4 0, 0, 1;
    %store/vec4 v0x7fc62a69b840_0, 0, 1;
    %end;
    .thread T_46;
    .scope S_0x7fc62a54ae80;
T_47 ;
    %wait E_0x7fc62a65f850;
    %load/vec4 v0x7fc62a69b8d0_0;
    %flag_set/vec4 8;
    %jmp/0xz  T_47.0, 8;
    %pushi/vec4 1, 0, 1;
    %assign/vec4 v0x7fc62a69b840_0, 0;
    %jmp T_47.1;
T_47.0 ;
    %load/vec4 v0x7fc62a69b7b0_0;
    %assign/vec4 v0x7fc62a69b840_0, 0;
T_47.1 ;
    %jmp T_47;
    .thread T_47;
    .scope S_0x7fc62a69bf50;
T_48 ;
    %wait E_0x7fc62a656fc0;
    %load/vec4 v0x7fc62a69c780_0;
    %assign/vec4 v0x7fc62a69c810_0, 0;
    %jmp T_48;
    .thread T_48;
    .scope S_0x7fc62a69bf50;
T_49 ;
    %wait E_0x7fc62a656fc0;
    %load/vec4 v0x7fc62a69c780_0;
    %flag_set/vec4 8;
    %jmp/0xz  T_49.0, 8;
    %load/vec4 v0x7fc62a69c5d0_0;
    %assign/vec4 v0x7fc62a69cb50_0, 0;
T_49.0 ;
    %jmp T_49;
    .thread T_49;
    .scope S_0x7fc62a69bf50;
T_50 ;
    %wait E_0x7fc62a659d20;
    %load/vec4 v0x7fc62a69c810_0;
    %flag_set/vec4 8;
    %jmp/0xz  T_50.0, 8;
    %load/vec4 v0x7fc62a69c5d0_0;
    %assign/vec4 v0x7fc62a69cbe0_0, 0;
T_50.0 ;
    %jmp T_50;
    .thread T_50;
    .scope S_0x7fc62a69bf50;
T_51 ;
    %wait E_0x7fc62a676cc0;
    %load/vec4 v0x7fc62a69c780_0;
    %assign/vec4 v0x7fc62a69c8a0_0, 0;
    %jmp T_51;
    .thread T_51;
    .scope S_0x7fc62a69bf50;
T_52 ;
    %wait E_0x7fc62a676cc0;
    %load/vec4 v0x7fc62a69c780_0;
    %flag_set/vec4 8;
    %jmp/0xz  T_52.0, 8;
    %load/vec4 v0x7fc62a69c270_0;
    %assign/vec4 v0x7fc62a69cd00_0, 0;
T_52.0 ;
    %jmp T_52;
    .thread T_52;
    .scope S_0x7fc62a69bf50;
T_53 ;
    %wait E_0x7fc62a677e00;
    %load/vec4 v0x7fc62a69c8a0_0;
    %flag_set/vec4 8;
    %jmp/0xz  T_53.0, 8;
    %load/vec4 v0x7fc62a69c300_0;
    %assign/vec4 v0x7fc62a69cd90_0, 0;
T_53.0 ;
    %jmp T_53;
    .thread T_53;
    .scope S_0x7fc62a69bf50;
T_54 ;
    %wait E_0x7fc62a676cc0;
    %load/vec4 v0x7fc62a69c780_0;
    %flag_set/vec4 8;
    %jmp/0xz  T_54.0, 8;
    %load/vec4 v0x7fc62a69c540_0;
    %assign/vec4 v0x7fc62a69cf40_0, 0;
T_54.0 ;
    %jmp T_54;
    .thread T_54;
    .scope S_0x7fc62a69bba0;
T_55 ;
    %wait E_0x7fc62a66e8d0;
    %load/vec4 v0x7fc62a69cb50_0;
    %store/vec4 v0x7fc62a69c930_0, 0, 1;
    %load/vec4 v0x7fc62a69cbe0_0;
    %store/vec4 v0x7fc62a69c9c0_0, 0, 1;
    %jmp T_55;
    .thread T_55, $push;
    .scope S_0x7fc62a69bba0;
T_56 ;
    %wait E_0x7fc62a673ad0;
    %load/vec4 v0x7fc62a69c4b0_0;
    %assign/vec4 v0x7fc62a69ce20_0, 0;
    %jmp T_56;
    .thread T_56, $push;
    .scope S_0x7fc62a69bba0;
T_57 ;
    %wait E_0x7fc62a673c10;
    %load/vec4 v0x7fc62a69ce20_0;
    %assign/vec4 v0x7fc62a69ceb0_0, 0;
    %jmp T_57;
    .thread T_57, $push;
    .scope S_0x7fc62a69bba0;
T_58 ;
    %wait E_0x7fc62a6670b0;
    %load/vec4 v0x7fc62a69ceb0_0;
    %pushi/vec4 0, 0, 1;
    %xor;
    %flag_set/vec4 8;
    %jmp/1 T_58.2, 8;
    %pushi/vec4 0, 0, 1;
    %flag_set/vec4 9;
    %flag_or 8, 9;
T_58.2;
    %jmp/0 T_58.0, 8;
    %load/vec4 v0x7fc62a69cd00_0;
    %jmp/1 T_58.1, 8;
T_58.0 ; End of true expr.
    %load/vec4 v0x7fc62a69cd90_0;
    %jmp/0 T_58.1, 8;
 ; End of false expr.
    %blend;
T_58.1;
    %store/vec4 v0x7fc62a69cc70_0, 0, 1;
    %jmp T_58;
    .thread T_58, $push;
    .scope S_0x7fc62a486fb0;
T_59 ;
    %wait E_0x7fc62a665ac0;
    %load/vec4 v0x7fc62a69f520_0;
    %flag_set/vec4 8;
    %jmp/0xz  T_59.0, 8;
    %load/vec4 v0x7fc62a712e40_0;
    %assign/vec4 v0x7fc62a735400_0, 0;
T_59.0 ;
    %jmp T_59;
    .thread T_59;
    .scope S_0x7fc62a486fb0;
T_60 ;
    %wait E_0x7fc62a610b10;
    %load/vec4 v0x7fc62a69f520_0;
    %flag_set/vec4 8;
    %jmp/0xz  T_60.0, 8;
    %load/vec4 v0x7fc62a712e40_0;
    %assign/vec4 v0x7fc62a717b90_0, 0;
T_60.0 ;
    %jmp T_60;
    .thread T_60;
    .scope S_0x7fc62a486fb0;
T_61 ;
    %wait E_0x7fc62a41dd30;
    %load/vec4 v0x7fc62a69f520_0;
    %flag_set/vec4 8;
    %jmp/0xz  T_61.0, 8;
    %load/vec4 v0x7fc62a69f6d0_0;
    %assign/vec4 v0x7fc62a717eb0_0, 0;
T_61.0 ;
    %jmp T_61;
    .thread T_61;
    .scope S_0x7fc62a486fb0;
T_62 ;
    %wait E_0x7fc62a610ad0;
    %load/vec4 v0x7fc62a69f520_0;
    %flag_set/vec4 8;
    %jmp/0xz  T_62.0, 8;
    %load/vec4 v0x7fc62a69f760_0;
    %assign/vec4 v0x7fc62a717f40_0, 0;
T_62.0 ;
    %jmp T_62;
    .thread T_62;
    .scope S_0x7fc62a486fb0;
T_63 ;
    %wait E_0x7fc62a41dd30;
    %load/vec4 v0x7fc62a69f520_0;
    %flag_set/vec4 8;
    %jmp/0xz  T_63.0, 8;
    %load/vec4 v0x7fc62a711920_0;
    %assign/vec4 v0x7fc62a731920_0, 0;
T_63.0 ;
    %jmp T_63;
    .thread T_63;
    .scope S_0x7fc62a54bc40;
T_64 ;
    %wait E_0x7fc62a442520;
    %load/vec4 v0x7fc62a735400_0;
    %store/vec4 v0x7fc62a76ce00_0, 0, 1;
    %load/vec4 v0x7fc62a717b90_0;
    %store/vec4 v0x7fc62a735370_0, 0, 1;
    %jmp T_64;
    .thread T_64, $push;
    .scope S_0x7fc62a54bc40;
T_65 ;
    %wait E_0x7fc62a4508e0;
    %load/vec4 v0x7fc62a69f910_0;
    %assign/vec4 v0x7fc62a717fd0_0, 0;
    %jmp T_65;
    .thread T_65, $push;
    .scope S_0x7fc62a54bc40;
T_66 ;
    %wait E_0x7fc62a440770;
    %load/vec4 v0x7fc62a717fd0_0;
    %assign/vec4 v0x7fc62a718060_0, 0;
    %jmp T_66;
    .thread T_66, $push;
    .scope S_0x7fc62a54bc40;
T_67 ;
    %wait E_0x7fc62a6109d0;
    %load/vec4 v0x7fc62a718060_0;
    %pushi/vec4 0, 0, 1;
    %xor;
    %flag_set/vec4 8;
    %jmp/1 T_67.2, 8;
    %pushi/vec4 0, 0, 1;
    %flag_set/vec4 9;
    %flag_or 8, 9;
T_67.2;
    %jmp/0 T_67.0, 8;
    %load/vec4 v0x7fc62a717eb0_0;
    %jmp/1 T_67.1, 8;
T_67.0 ; End of true expr.
    %load/vec4 v0x7fc62a717f40_0;
    %jmp/0 T_67.1, 8;
 ; End of false expr.
    %blend;
T_67.1;
    %store/vec4 v0x7fc62a717c20_0, 0, 1;
    %jmp T_67;
    .thread T_67, $push;
    .scope S_0x7fc62a7319b0;
T_68 ;
    %wait E_0x7fc62a71a8e0;
    %load/vec4 v0x7fc62a731b20_0;
    %flag_set/vec4 8;
    %jmp/0xz  T_68.0, 8;
    %load/vec4 v0x7fc62a721240_0;
    %assign/vec4 v0x7fc62a704740_0, 0;
T_68.0 ;
    %jmp T_68;
    .thread T_68;
    .scope S_0x7fc62a7319b0;
T_69 ;
    %wait E_0x7fc62a718450;
    %load/vec4 v0x7fc62a731b20_0;
    %flag_set/vec4 8;
    %jmp/0xz  T_69.0, 8;
    %load/vec4 v0x7fc62a721240_0;
    %assign/vec4 v0x7fc62a7047d0_0, 0;
T_69.0 ;
    %jmp T_69;
    .thread T_69;
    .scope S_0x7fc62a7319b0;
T_70 ;
    %wait E_0x7fc62a749790;
    %load/vec4 v0x7fc62a731b20_0;
    %flag_set/vec4 8;
    %jmp/0xz  T_70.0, 8;
    %load/vec4 v0x7fc62a72a350_0;
    %assign/vec4 v0x7fc62a7048f0_0, 0;
T_70.0 ;
    %jmp T_70;
    .thread T_70;
    .scope S_0x7fc62a7319b0;
T_71 ;
    %wait E_0x7fc62a719960;
    %load/vec4 v0x7fc62a731b20_0;
    %flag_set/vec4 8;
    %jmp/0xz  T_71.0, 8;
    %load/vec4 v0x7fc62a72a3e0_0;
    %assign/vec4 v0x7fc62a704980_0, 0;
T_71.0 ;
    %jmp T_71;
    .thread T_71;
    .scope S_0x7fc62a7319b0;
T_72 ;
    %wait E_0x7fc62a749790;
    %load/vec4 v0x7fc62a731b20_0;
    %flag_set/vec4 8;
    %jmp/0xz  T_72.0, 8;
    %load/vec4 v0x7fc62a7211b0_0;
    %assign/vec4 v0x7fc62a711dd0_0, 0;
T_72.0 ;
    %jmp T_72;
    .thread T_72;
    .scope S_0x7fc62a54c070;
T_73 ;
    %wait E_0x7fc62a748e00;
    %load/vec4 v0x7fc62a704740_0;
    %store/vec4 v0x7fc62a7212d0_0, 0, 1;
    %load/vec4 v0x7fc62a7047d0_0;
    %store/vec4 v0x7fc62a721360_0, 0, 1;
    %jmp T_73;
    .thread T_73, $push;
    .scope S_0x7fc62a54c070;
T_74 ;
    %wait E_0x7fc62a748f70;
    %load/vec4 v0x7fc62a721120_0;
    %assign/vec4 v0x7fc62a704a10_0, 0;
    %jmp T_74;
    .thread T_74, $push;
    .scope S_0x7fc62a54c070;
T_75 ;
    %wait E_0x7fc62a749380;
    %load/vec4 v0x7fc62a704a10_0;
    %assign/vec4 v0x7fc62a711d40_0, 0;
    %jmp T_75;
    .thread T_75, $push;
    .scope S_0x7fc62a54c070;
T_76 ;
    %wait E_0x7fc62a720220;
    %load/vec4 v0x7fc62a711d40_0;
    %pushi/vec4 0, 0, 1;
    %xor;
    %flag_set/vec4 8;
    %jmp/1 T_76.2, 8;
    %pushi/vec4 0, 0, 1;
    %flag_set/vec4 9;
    %flag_or 8, 9;
T_76.2;
    %jmp/0 T_76.0, 8;
    %load/vec4 v0x7fc62a7048f0_0;
    %jmp/1 T_76.1, 8;
T_76.0 ; End of true expr.
    %load/vec4 v0x7fc62a704980_0;
    %jmp/0 T_76.1, 8;
 ; End of false expr.
    %blend;
T_76.1;
    %store/vec4 v0x7fc62a704860_0, 0, 1;
    %jmp T_76;
    .thread T_76, $push;
    .scope S_0x7fc62a54cd80;
T_77 ;
    %wait E_0x7fc62a71c600;
    %load/vec4 v0x7fc62a76ddd0_0;
    %flag_set/vec4 8;
    %jmp/0xz  T_77.0, 8;
    %pushi/vec4 0, 0, 16;
    %assign/vec4 v0x7fc62a7718a0_0, 0;
    %pushi/vec4 0, 0, 16;
    %assign/vec4 v0x7fc62a771780_0, 0;
    %jmp T_77.1;
T_77.0 ;
    %load/vec4 v0x7fc62a76d7c0_0;
    %flag_set/vec4 8;
    %jmp/0xz  T_77.2, 8;
    %load/vec4 v0x7fc62a76d850_0;
    %nor/r;
    %flag_set/vec4 8;
    %jmp/0xz  T_77.4, 8;
    %load/vec4 v0x7fc62a76d730_0;
    %assign/vec4 v0x7fc62a7718a0_0, 0;
T_77.4 ;
    %load/vec4 v0x7fc62a76d340_0;
    %nor/r;
    %flag_set/vec4 8;
    %jmp/0xz  T_77.6, 8;
    %load/vec4 v0x7fc62a76d070_0;
    %assign/vec4 v0x7fc62a771780_0, 0;
T_77.6 ;
T_77.2 ;
T_77.1 ;
    %jmp T_77;
    .thread T_77;
    .scope S_0x7fc62a54cd80;
T_78 ;
    %wait E_0x7fc62a720d20;
    %load/vec4 v0x7fc62a76dd40_0;
    %flag_set/vec4 8;
    %jmp/0xz  T_78.0, 8;
    %pushi/vec4 0, 0, 16;
    %assign/vec4 v0x7fc62a771810_0, 0;
    %pushi/vec4 0, 0, 16;
    %assign/vec4 v0x7fc62a771930_0, 0;
    %jmp T_78.1;
T_78.0 ;
    %load/vec4 v0x7fc62a76d7c0_0;
    %flag_set/vec4 8;
    %jmp/0xz  T_78.2, 8;
    %load/vec4 v0x7fc62a76d580_0;
    %nor/r;
    %flag_set/vec4 8;
    %jmp/0xz  T_78.4, 8;
    %load/vec4 v0x7fc62a76d4f0_0;
    %assign/vec4 v0x7fc62a771810_0, 0;
T_78.4 ;
    %load/vec4 v0x7fc62a76dc20_0;
    %nor/r;
    %flag_set/vec4 8;
    %jmp/0xz  T_78.6, 8;
    %load/vec4 v0x7fc62a76db90_0;
    %assign/vec4 v0x7fc62a771930_0, 0;
T_78.6 ;
T_78.2 ;
T_78.1 ;
    %jmp T_78;
    .thread T_78;
    .scope S_0x7fc62a54cd80;
T_79 ;
    %wait E_0x7fc62a71c600;
    %load/vec4 v0x7fc62a76ddd0_0;
    %flag_set/vec4 8;
    %jmp/0xz  T_79.0, 8;
    %pushi/vec4 0, 0, 16;
    %assign/vec4 v0x7fc62a7719c0_0, 0;
    %pushi/vec4 0, 0, 16;
    %assign/vec4 v0x7fc62a771b70_0, 0;
    %jmp T_79.1;
T_79.0 ;
    %load/vec4 v0x7fc62a76d7c0_0;
    %flag_set/vec4 8;
    %jmp/0xz  T_79.2, 8;
    %load/vec4 v0x7fc62a771540_0;
    %assign/vec4 v0x7fc62a7719c0_0, 0;
    %load/vec4 v0x7fc62a771660_0;
    %assign/vec4 v0x7fc62a771b70_0, 0;
T_79.2 ;
T_79.1 ;
    %jmp T_79;
    .thread T_79;
    .scope S_0x7fc62a54cd80;
T_80 ;
    %wait E_0x7fc62a720d20;
    %load/vec4 v0x7fc62a76dd40_0;
    %flag_set/vec4 8;
    %jmp/0xz  T_80.0, 8;
    %pushi/vec4 0, 0, 16;
    %assign/vec4 v0x7fc62a771c00_0, 0;
    %pushi/vec4 0, 0, 16;
    %assign/vec4 v0x7fc62a771a50_0, 0;
    %jmp T_80.1;
T_80.0 ;
    %load/vec4 v0x7fc62a76d7c0_0;
    %flag_set/vec4 8;
    %jmp/0xz  T_80.2, 8;
    %load/vec4 v0x7fc62a7715d0_0;
    %assign/vec4 v0x7fc62a771c00_0, 0;
    %load/vec4 v0x7fc62a7716f0_0;
    %assign/vec4 v0x7fc62a771a50_0, 0;
T_80.2 ;
T_80.1 ;
    %jmp T_80;
    .thread T_80;
    .scope S_0x7fc62a54cd80;
T_81 ;
    %wait E_0x7fc62a720d20;
    %load/vec4 v0x7fc62a76dd40_0;
    %flag_set/vec4 8;
    %jmp/0xz  T_81.0, 8;
    %pushi/vec4 0, 0, 32;
    %assign/vec4 v0x7fc62a771ae0_0, 0;
    %jmp T_81.1;
T_81.0 ;
    %load/vec4 v0x7fc62a76d7c0_0;
    %flag_set/vec4 8;
    %jmp/0xz  T_81.2, 8;
    %load/vec4 v0x7fc62a771030_0;
    %assign/vec4 v0x7fc62a771ae0_0, 0;
T_81.2 ;
T_81.1 ;
    %jmp T_81;
    .thread T_81;
    .scope S_0x7fc62a54cd80;
T_82 ;
    %wait E_0x7fc62a713670;
    %load/vec4 v0x7fc62a76e2e0_0;
    %flag_set/vec4 8;
    %jmp/0xz  T_82.0, 8;
    %pushi/vec4 0, 0, 16;
    %assign/vec4 v0x7fc62a771c90_0, 0;
    %jmp T_82.1;
T_82.0 ;
    %load/vec4 v0x7fc62a76d7c0_0;
    %flag_set/vec4 8;
    %jmp/0xz  T_82.2, 8;
    %load/vec4 v0x7fc62a76e0a0_0;
    %nor/r;
    %flag_set/vec4 8;
    %jmp/0xz  T_82.4, 8;
    %load/vec4 v0x7fc62a7710c0_0;
    %assign/vec4 v0x7fc62a771c90_0, 0;
T_82.4 ;
T_82.2 ;
T_82.1 ;
    %jmp T_82;
    .thread T_82;
    .scope S_0x7fc62a54cd80;
T_83 ;
    %wait E_0x7fc62a71bf60;
    %load/vec4 v0x7fc62a76e250_0;
    %flag_set/vec4 8;
    %jmp/0xz  T_83.0, 8;
    %pushi/vec4 0, 0, 16;
    %assign/vec4 v0x7fc62a771d20_0, 0;
    %jmp T_83.1;
T_83.0 ;
    %load/vec4 v0x7fc62a76d7c0_0;
    %flag_set/vec4 8;
    %jmp/0xz  T_83.2, 8;
    %load/vec4 v0x7fc62a76e010_0;
    %nor/r;
    %flag_set/vec4 8;
    %jmp/0xz  T_83.4, 8;
    %load/vec4 v0x7fc62a7711e0_0;
    %assign/vec4 v0x7fc62a771d20_0, 0;
T_83.4 ;
T_83.2 ;
T_83.1 ;
    %jmp T_83;
    .thread T_83;
    .scope S_0x7fc62a6a29e0;
T_84 ;
    %pushi/vec4 0, 0, 32;
    %store/vec4 v0x7fc62a773a20_0, 0, 32;
T_84.0 ; Top of for-loop 
    %load/vec4 v0x7fc62a773a20_0;
    %cmpi/s 16, 0, 32;
    %jmp/0xz T_84.1, 5;
    %pushi/vec4 0, 0, 256;
    %load/vec4 v0x7fc62a773a20_0;
    %muli 16, 0, 32;
    %part/s 16;
    %pushi/vec4 0, 0, 32;
    %load/vec4 v0x7fc62a773a20_0;
    %add;
    %ix/vec4/s 4;
    %store/vec4a v0x7fc62a773ab0, 4, 0;
    %pushi/vec4 0, 0, 256;
    %load/vec4 v0x7fc62a773a20_0;
    %muli 16, 0, 32;
    %part/s 16;
    %pushi/vec4 16, 0, 32;
    %load/vec4 v0x7fc62a773a20_0;
    %add;
    %ix/vec4/s 4;
    %store/vec4a v0x7fc62a773ab0, 4, 0;
    %pushi/vec4 0, 0, 256;
    %load/vec4 v0x7fc62a773a20_0;
    %muli 16, 0, 32;
    %part/s 16;
    %pushi/vec4 32, 0, 32;
    %load/vec4 v0x7fc62a773a20_0;
    %add;
    %ix/vec4/s 4;
    %store/vec4a v0x7fc62a773ab0, 4, 0;
    %pushi/vec4 0, 0, 256;
    %load/vec4 v0x7fc62a773a20_0;
    %muli 16, 0, 32;
    %part/s 16;
    %pushi/vec4 48, 0, 32;
    %load/vec4 v0x7fc62a773a20_0;
    %add;
    %ix/vec4/s 4;
    %store/vec4a v0x7fc62a773ab0, 4, 0;
    %pushi/vec4 0, 0, 256;
    %load/vec4 v0x7fc62a773a20_0;
    %muli 16, 0, 32;
    %part/s 16;
    %pushi/vec4 64, 0, 32;
    %load/vec4 v0x7fc62a773a20_0;
    %add;
    %ix/vec4/s 4;
    %store/vec4a v0x7fc62a773ab0, 4, 0;
    %pushi/vec4 0, 0, 256;
    %load/vec4 v0x7fc62a773a20_0;
    %muli 16, 0, 32;
    %part/s 16;
    %pushi/vec4 80, 0, 32;
    %load/vec4 v0x7fc62a773a20_0;
    %add;
    %ix/vec4/s 4;
    %store/vec4a v0x7fc62a773ab0, 4, 0;
    %pushi/vec4 0, 0, 256;
    %load/vec4 v0x7fc62a773a20_0;
    %muli 16, 0, 32;
    %part/s 16;
    %pushi/vec4 96, 0, 32;
    %load/vec4 v0x7fc62a773a20_0;
    %add;
    %ix/vec4/s 4;
    %store/vec4a v0x7fc62a773ab0, 4, 0;
    %pushi/vec4 0, 0, 256;
    %load/vec4 v0x7fc62a773a20_0;
    %muli 16, 0, 32;
    %part/s 16;
    %pushi/vec4 112, 0, 32;
    %load/vec4 v0x7fc62a773a20_0;
    %add;
    %ix/vec4/s 4;
    %store/vec4a v0x7fc62a773ab0, 4, 0;
    %pushi/vec4 0, 0, 256;
    %load/vec4 v0x7fc62a773a20_0;
    %muli 16, 0, 32;
    %part/s 16;
    %pushi/vec4 128, 0, 32;
    %load/vec4 v0x7fc62a773a20_0;
    %add;
    %ix/vec4/s 4;
    %store/vec4a v0x7fc62a773ab0, 4, 0;
    %pushi/vec4 0, 0, 256;
    %load/vec4 v0x7fc62a773a20_0;
    %muli 16, 0, 32;
    %part/s 16;
    %pushi/vec4 144, 0, 32;
    %load/vec4 v0x7fc62a773a20_0;
    %add;
    %ix/vec4/s 4;
    %store/vec4a v0x7fc62a773ab0, 4, 0;
    %pushi/vec4 0, 0, 256;
    %load/vec4 v0x7fc62a773a20_0;
    %muli 16, 0, 32;
    %part/s 16;
    %pushi/vec4 160, 0, 32;
    %load/vec4 v0x7fc62a773a20_0;
    %add;
    %ix/vec4/s 4;
    %store/vec4a v0x7fc62a773ab0, 4, 0;
    %pushi/vec4 0, 0, 256;
    %load/vec4 v0x7fc62a773a20_0;
    %muli 16, 0, 32;
    %part/s 16;
    %pushi/vec4 176, 0, 32;
    %load/vec4 v0x7fc62a773a20_0;
    %add;
    %ix/vec4/s 4;
    %store/vec4a v0x7fc62a773ab0, 4, 0;
    %pushi/vec4 0, 0, 256;
    %load/vec4 v0x7fc62a773a20_0;
    %muli 16, 0, 32;
    %part/s 16;
    %pushi/vec4 192, 0, 32;
    %load/vec4 v0x7fc62a773a20_0;
    %add;
    %ix/vec4/s 4;
    %store/vec4a v0x7fc62a773ab0, 4, 0;
    %pushi/vec4 0, 0, 256;
    %load/vec4 v0x7fc62a773a20_0;
    %muli 16, 0, 32;
    %part/s 16;
    %pushi/vec4 208, 0, 32;
    %load/vec4 v0x7fc62a773a20_0;
    %add;
    %ix/vec4/s 4;
    %store/vec4a v0x7fc62a773ab0, 4, 0;
    %pushi/vec4 0, 0, 256;
    %load/vec4 v0x7fc62a773a20_0;
    %muli 16, 0, 32;
    %part/s 16;
    %pushi/vec4 224, 0, 32;
    %load/vec4 v0x7fc62a773a20_0;
    %add;
    %ix/vec4/s 4;
    %store/vec4a v0x7fc62a773ab0, 4, 0;
    %pushi/vec4 0, 0, 256;
    %load/vec4 v0x7fc62a773a20_0;
    %muli 16, 0, 32;
    %part/s 16;
    %pushi/vec4 240, 0, 32;
    %load/vec4 v0x7fc62a773a20_0;
    %add;
    %ix/vec4/s 4;
    %store/vec4a v0x7fc62a773ab0, 4, 0;
T_84.2 ; for-loop step statement
    %load/vec4 v0x7fc62a773a20_0;
    %addi 1, 0, 32;
    %store/vec4 v0x7fc62a773a20_0, 0, 32;
    %jmp T_84.0;
T_84.1 ; for-loop exit label
    %end;
    .thread T_84;
    .scope S_0x7fc62a6a29e0;
T_85 ;
    %wait E_0x7fc62a71a700;
    %load/vec4 v0x7fc62a773900_0;
    %flag_set/vec4 9;
    %flag_get/vec4 9;
    %jmp/0 T_85.2, 9;
    %load/vec4 v0x7fc62a773750_0;
    %and;
T_85.2;
    %flag_set/vec4 8;
    %jmp/0xz  T_85.0, 8;
    %load/vec4 v0x7fc62a773990_0;
    %parti/s 1, 0, 2;
    %nor/r;
    %flag_set/vec4 8;
    %jmp/0xz  T_85.3, 8;
    %load/vec4 v0x7fc62a773870_0;
    %parti/s 1, 0, 2;
    %load/vec4 v0x7fc62a773630_0;
    %parti/s 8, 0, 2;
    %pad/u 10;
    %ix/vec4 3;
    %ix/load 4, 0, 0; Constant delay
    %assign/vec4/a/d v0x7fc62a773ab0, 0, 4;
T_85.3 ;
    %load/vec4 v0x7fc62a773990_0;
    %parti/s 1, 1, 2;
    %nor/r;
    %flag_set/vec4 8;
    %jmp/0xz  T_85.5, 8;
    %load/vec4 v0x7fc62a773870_0;
    %parti/s 1, 1, 2;
    %load/vec4 v0x7fc62a773630_0;
    %parti/s 8, 0, 2;
    %pad/u 10;
    %ix/vec4 3;
    %ix/load 4, 1, 0; part off
    %ix/load 5, 0, 0; Constant delay
    %assign/vec4/a/d v0x7fc62a773ab0, 4, 5;
T_85.5 ;
    %load/vec4 v0x7fc62a773990_0;
    %parti/s 1, 2, 3;
    %nor/r;
    %flag_set/vec4 8;
    %jmp/0xz  T_85.7, 8;
    %load/vec4 v0x7fc62a773870_0;
    %parti/s 1, 2, 3;
    %load/vec4 v0x7fc62a773630_0;
    %parti/s 8, 0, 2;
    %pad/u 10;
    %ix/vec4 3;
    %ix/load 4, 2, 0; part off
    %ix/load 5, 0, 0; Constant delay
    %assign/vec4/a/d v0x7fc62a773ab0, 4, 5;
T_85.7 ;
    %load/vec4 v0x7fc62a773990_0;
    %parti/s 1, 3, 3;
    %nor/r;
    %flag_set/vec4 8;
    %jmp/0xz  T_85.9, 8;
    %load/vec4 v0x7fc62a773870_0;
    %parti/s 1, 3, 3;
    %load/vec4 v0x7fc62a773630_0;
    %parti/s 8, 0, 2;
    %pad/u 10;
    %ix/vec4 3;
    %ix/load 4, 3, 0; part off
    %ix/load 5, 0, 0; Constant delay
    %assign/vec4/a/d v0x7fc62a773ab0, 4, 5;
T_85.9 ;
    %load/vec4 v0x7fc62a773990_0;
    %parti/s 1, 4, 4;
    %nor/r;
    %flag_set/vec4 8;
    %jmp/0xz  T_85.11, 8;
    %load/vec4 v0x7fc62a773870_0;
    %parti/s 1, 4, 4;
    %load/vec4 v0x7fc62a773630_0;
    %parti/s 8, 0, 2;
    %pad/u 10;
    %ix/vec4 3;
    %ix/load 4, 4, 0; part off
    %ix/load 5, 0, 0; Constant delay
    %assign/vec4/a/d v0x7fc62a773ab0, 4, 5;
T_85.11 ;
    %load/vec4 v0x7fc62a773990_0;
    %parti/s 1, 5, 4;
    %nor/r;
    %flag_set/vec4 8;
    %jmp/0xz  T_85.13, 8;
    %load/vec4 v0x7fc62a773870_0;
    %parti/s 1, 5, 4;
    %load/vec4 v0x7fc62a773630_0;
    %parti/s 8, 0, 2;
    %pad/u 10;
    %ix/vec4 3;
    %ix/load 4, 5, 0; part off
    %ix/load 5, 0, 0; Constant delay
    %assign/vec4/a/d v0x7fc62a773ab0, 4, 5;
T_85.13 ;
    %load/vec4 v0x7fc62a773990_0;
    %parti/s 1, 6, 4;
    %nor/r;
    %flag_set/vec4 8;
    %jmp/0xz  T_85.15, 8;
    %load/vec4 v0x7fc62a773870_0;
    %parti/s 1, 6, 4;
    %load/vec4 v0x7fc62a773630_0;
    %parti/s 8, 0, 2;
    %pad/u 10;
    %ix/vec4 3;
    %ix/load 4, 6, 0; part off
    %ix/load 5, 0, 0; Constant delay
    %assign/vec4/a/d v0x7fc62a773ab0, 4, 5;
T_85.15 ;
    %load/vec4 v0x7fc62a773990_0;
    %parti/s 1, 7, 4;
    %nor/r;
    %flag_set/vec4 8;
    %jmp/0xz  T_85.17, 8;
    %load/vec4 v0x7fc62a773870_0;
    %parti/s 1, 7, 4;
    %load/vec4 v0x7fc62a773630_0;
    %parti/s 8, 0, 2;
    %pad/u 10;
    %ix/vec4 3;
    %ix/load 4, 7, 0; part off
    %ix/load 5, 0, 0; Constant delay
    %assign/vec4/a/d v0x7fc62a773ab0, 4, 5;
T_85.17 ;
    %load/vec4 v0x7fc62a773990_0;
    %parti/s 1, 8, 5;
    %nor/r;
    %flag_set/vec4 8;
    %jmp/0xz  T_85.19, 8;
    %load/vec4 v0x7fc62a773870_0;
    %parti/s 1, 8, 5;
    %load/vec4 v0x7fc62a773630_0;
    %parti/s 8, 0, 2;
    %pad/u 10;
    %ix/vec4 3;
    %ix/load 4, 8, 0; part off
    %ix/load 5, 0, 0; Constant delay
    %assign/vec4/a/d v0x7fc62a773ab0, 4, 5;
T_85.19 ;
    %load/vec4 v0x7fc62a773990_0;
    %parti/s 1, 9, 5;
    %nor/r;
    %flag_set/vec4 8;
    %jmp/0xz  T_85.21, 8;
    %load/vec4 v0x7fc62a773870_0;
    %parti/s 1, 9, 5;
    %load/vec4 v0x7fc62a773630_0;
    %parti/s 8, 0, 2;
    %pad/u 10;
    %ix/vec4 3;
    %ix/load 4, 9, 0; part off
    %ix/load 5, 0, 0; Constant delay
    %assign/vec4/a/d v0x7fc62a773ab0, 4, 5;
T_85.21 ;
    %load/vec4 v0x7fc62a773990_0;
    %parti/s 1, 10, 5;
    %nor/r;
    %flag_set/vec4 8;
    %jmp/0xz  T_85.23, 8;
    %load/vec4 v0x7fc62a773870_0;
    %parti/s 1, 10, 5;
    %load/vec4 v0x7fc62a773630_0;
    %parti/s 8, 0, 2;
    %pad/u 10;
    %ix/vec4 3;
    %ix/load 4, 10, 0; part off
    %ix/load 5, 0, 0; Constant delay
    %assign/vec4/a/d v0x7fc62a773ab0, 4, 5;
T_85.23 ;
    %load/vec4 v0x7fc62a773990_0;
    %parti/s 1, 11, 5;
    %nor/r;
    %flag_set/vec4 8;
    %jmp/0xz  T_85.25, 8;
    %load/vec4 v0x7fc62a773870_0;
    %parti/s 1, 11, 5;
    %load/vec4 v0x7fc62a773630_0;
    %parti/s 8, 0, 2;
    %pad/u 10;
    %ix/vec4 3;
    %ix/load 4, 11, 0; part off
    %ix/load 5, 0, 0; Constant delay
    %assign/vec4/a/d v0x7fc62a773ab0, 4, 5;
T_85.25 ;
    %load/vec4 v0x7fc62a773990_0;
    %parti/s 1, 12, 5;
    %nor/r;
    %flag_set/vec4 8;
    %jmp/0xz  T_85.27, 8;
    %load/vec4 v0x7fc62a773870_0;
    %parti/s 1, 12, 5;
    %load/vec4 v0x7fc62a773630_0;
    %parti/s 8, 0, 2;
    %pad/u 10;
    %ix/vec4 3;
    %ix/load 4, 12, 0; part off
    %ix/load 5, 0, 0; Constant delay
    %assign/vec4/a/d v0x7fc62a773ab0, 4, 5;
T_85.27 ;
    %load/vec4 v0x7fc62a773990_0;
    %parti/s 1, 13, 5;
    %nor/r;
    %flag_set/vec4 8;
    %jmp/0xz  T_85.29, 8;
    %load/vec4 v0x7fc62a773870_0;
    %parti/s 1, 13, 5;
    %load/vec4 v0x7fc62a773630_0;
    %parti/s 8, 0, 2;
    %pad/u 10;
    %ix/vec4 3;
    %ix/load 4, 13, 0; part off
    %ix/load 5, 0, 0; Constant delay
    %assign/vec4/a/d v0x7fc62a773ab0, 4, 5;
T_85.29 ;
    %load/vec4 v0x7fc62a773990_0;
    %parti/s 1, 14, 5;
    %nor/r;
    %flag_set/vec4 8;
    %jmp/0xz  T_85.31, 8;
    %load/vec4 v0x7fc62a773870_0;
    %parti/s 1, 14, 5;
    %load/vec4 v0x7fc62a773630_0;
    %parti/s 8, 0, 2;
    %pad/u 10;
    %ix/vec4 3;
    %ix/load 4, 14, 0; part off
    %ix/load 5, 0, 0; Constant delay
    %assign/vec4/a/d v0x7fc62a773ab0, 4, 5;
T_85.31 ;
    %load/vec4 v0x7fc62a773990_0;
    %parti/s 1, 15, 5;
    %nor/r;
    %flag_set/vec4 8;
    %jmp/0xz  T_85.33, 8;
    %load/vec4 v0x7fc62a773870_0;
    %parti/s 1, 15, 5;
    %load/vec4 v0x7fc62a773630_0;
    %parti/s 8, 0, 2;
    %pad/u 10;
    %ix/vec4 3;
    %ix/load 4, 15, 0; part off
    %ix/load 5, 0, 0; Constant delay
    %assign/vec4/a/d v0x7fc62a773ab0, 4, 5;
T_85.33 ;
T_85.0 ;
    %jmp T_85;
    .thread T_85;
    .scope S_0x7fc62a6a29e0;
T_86 ;
    %wait E_0x7fc62a71c9c0;
    %load/vec4 v0x7fc62a773510_0;
    %flag_set/vec4 9;
    %flag_get/vec4 9;
    %jmp/0 T_86.2, 9;
    %load/vec4 v0x7fc62a773360_0;
    %and;
T_86.2;
    %flag_set/vec4 8;
    %jmp/0xz  T_86.0, 8;
    %load/vec4 v0x7fc62a773240_0;
    %parti/s 8, 0, 2;
    %pad/u 10;
    %ix/vec4 4;
    %load/vec4a v0x7fc62a773ab0, 4;
    %load/vec4 v0x7fc62a7735a0_0;
    %inv;
    %and;
    %assign/vec4 v0x7fc62a773480_0, 0;
T_86.0 ;
    %jmp T_86;
    .thread T_86;
    .scope S_0x7fc62a774270;
T_87 ;
    %pushi/vec4 0, 0, 32;
    %store/vec4 v0x7fc62a776370_0, 0, 32;
T_87.0 ; Top of for-loop 
    %load/vec4 v0x7fc62a776370_0;
    %cmpi/s 16, 0, 32;
    %jmp/0xz T_87.1, 5;
    %pushi/vec4 0, 0, 256;
    %load/vec4 v0x7fc62a776370_0;
    %muli 16, 0, 32;
    %part/s 16;
    %pushi/vec4 0, 0, 32;
    %load/vec4 v0x7fc62a776370_0;
    %add;
    %ix/vec4/s 4;
    %store/vec4a v0x7fc62a776400, 4, 0;
    %pushi/vec4 0, 0, 256;
    %load/vec4 v0x7fc62a776370_0;
    %muli 16, 0, 32;
    %part/s 16;
    %pushi/vec4 16, 0, 32;
    %load/vec4 v0x7fc62a776370_0;
    %add;
    %ix/vec4/s 4;
    %store/vec4a v0x7fc62a776400, 4, 0;
    %pushi/vec4 0, 0, 256;
    %load/vec4 v0x7fc62a776370_0;
    %muli 16, 0, 32;
    %part/s 16;
    %pushi/vec4 32, 0, 32;
    %load/vec4 v0x7fc62a776370_0;
    %add;
    %ix/vec4/s 4;
    %store/vec4a v0x7fc62a776400, 4, 0;
    %pushi/vec4 0, 0, 256;
    %load/vec4 v0x7fc62a776370_0;
    %muli 16, 0, 32;
    %part/s 16;
    %pushi/vec4 48, 0, 32;
    %load/vec4 v0x7fc62a776370_0;
    %add;
    %ix/vec4/s 4;
    %store/vec4a v0x7fc62a776400, 4, 0;
    %pushi/vec4 0, 0, 256;
    %load/vec4 v0x7fc62a776370_0;
    %muli 16, 0, 32;
    %part/s 16;
    %pushi/vec4 64, 0, 32;
    %load/vec4 v0x7fc62a776370_0;
    %add;
    %ix/vec4/s 4;
    %store/vec4a v0x7fc62a776400, 4, 0;
    %pushi/vec4 0, 0, 256;
    %load/vec4 v0x7fc62a776370_0;
    %muli 16, 0, 32;
    %part/s 16;
    %pushi/vec4 80, 0, 32;
    %load/vec4 v0x7fc62a776370_0;
    %add;
    %ix/vec4/s 4;
    %store/vec4a v0x7fc62a776400, 4, 0;
    %pushi/vec4 0, 0, 256;
    %load/vec4 v0x7fc62a776370_0;
    %muli 16, 0, 32;
    %part/s 16;
    %pushi/vec4 96, 0, 32;
    %load/vec4 v0x7fc62a776370_0;
    %add;
    %ix/vec4/s 4;
    %store/vec4a v0x7fc62a776400, 4, 0;
    %pushi/vec4 0, 0, 256;
    %load/vec4 v0x7fc62a776370_0;
    %muli 16, 0, 32;
    %part/s 16;
    %pushi/vec4 112, 0, 32;
    %load/vec4 v0x7fc62a776370_0;
    %add;
    %ix/vec4/s 4;
    %store/vec4a v0x7fc62a776400, 4, 0;
    %pushi/vec4 0, 0, 256;
    %load/vec4 v0x7fc62a776370_0;
    %muli 16, 0, 32;
    %part/s 16;
    %pushi/vec4 128, 0, 32;
    %load/vec4 v0x7fc62a776370_0;
    %add;
    %ix/vec4/s 4;
    %store/vec4a v0x7fc62a776400, 4, 0;
    %pushi/vec4 0, 0, 256;
    %load/vec4 v0x7fc62a776370_0;
    %muli 16, 0, 32;
    %part/s 16;
    %pushi/vec4 144, 0, 32;
    %load/vec4 v0x7fc62a776370_0;
    %add;
    %ix/vec4/s 4;
    %store/vec4a v0x7fc62a776400, 4, 0;
    %pushi/vec4 0, 0, 256;
    %load/vec4 v0x7fc62a776370_0;
    %muli 16, 0, 32;
    %part/s 16;
    %pushi/vec4 160, 0, 32;
    %load/vec4 v0x7fc62a776370_0;
    %add;
    %ix/vec4/s 4;
    %store/vec4a v0x7fc62a776400, 4, 0;
    %pushi/vec4 0, 0, 256;
    %load/vec4 v0x7fc62a776370_0;
    %muli 16, 0, 32;
    %part/s 16;
    %pushi/vec4 176, 0, 32;
    %load/vec4 v0x7fc62a776370_0;
    %add;
    %ix/vec4/s 4;
    %store/vec4a v0x7fc62a776400, 4, 0;
    %pushi/vec4 0, 0, 256;
    %load/vec4 v0x7fc62a776370_0;
    %muli 16, 0, 32;
    %part/s 16;
    %pushi/vec4 192, 0, 32;
    %load/vec4 v0x7fc62a776370_0;
    %add;
    %ix/vec4/s 4;
    %store/vec4a v0x7fc62a776400, 4, 0;
    %pushi/vec4 0, 0, 256;
    %load/vec4 v0x7fc62a776370_0;
    %muli 16, 0, 32;
    %part/s 16;
    %pushi/vec4 208, 0, 32;
    %load/vec4 v0x7fc62a776370_0;
    %add;
    %ix/vec4/s 4;
    %store/vec4a v0x7fc62a776400, 4, 0;
    %pushi/vec4 0, 0, 256;
    %load/vec4 v0x7fc62a776370_0;
    %muli 16, 0, 32;
    %part/s 16;
    %pushi/vec4 224, 0, 32;
    %load/vec4 v0x7fc62a776370_0;
    %add;
    %ix/vec4/s 4;
    %store/vec4a v0x7fc62a776400, 4, 0;
    %pushi/vec4 0, 0, 256;
    %load/vec4 v0x7fc62a776370_0;
    %muli 16, 0, 32;
    %part/s 16;
    %pushi/vec4 240, 0, 32;
    %load/vec4 v0x7fc62a776370_0;
    %add;
    %ix/vec4/s 4;
    %store/vec4a v0x7fc62a776400, 4, 0;
T_87.2 ; for-loop step statement
    %load/vec4 v0x7fc62a776370_0;
    %addi 1, 0, 32;
    %store/vec4 v0x7fc62a776370_0, 0, 32;
    %jmp T_87.0;
T_87.1 ; for-loop exit label
    %end;
    .thread T_87;
    .scope S_0x7fc62a774270;
T_88 ;
    %wait E_0x7fc62a73e0f0;
    %load/vec4 v0x7fc62a776250_0;
    %flag_set/vec4 9;
    %flag_get/vec4 9;
    %jmp/0 T_88.2, 9;
    %load/vec4 v0x7fc62a7760a0_0;
    %and;
T_88.2;
    %flag_set/vec4 8;
    %jmp/0xz  T_88.0, 8;
    %load/vec4 v0x7fc62a7762e0_0;
    %parti/s 1, 0, 2;
    %nor/r;
    %flag_set/vec4 8;
    %jmp/0xz  T_88.3, 8;
    %load/vec4 v0x7fc62a7761c0_0;
    %parti/s 1, 0, 2;
    %load/vec4 v0x7fc62a775f80_0;
    %parti/s 8, 0, 2;
    %pad/u 10;
    %ix/vec4 3;
    %ix/load 4, 0, 0; Constant delay
    %assign/vec4/a/d v0x7fc62a776400, 0, 4;
T_88.3 ;
    %load/vec4 v0x7fc62a7762e0_0;
    %parti/s 1, 1, 2;
    %nor/r;
    %flag_set/vec4 8;
    %jmp/0xz  T_88.5, 8;
    %load/vec4 v0x7fc62a7761c0_0;
    %parti/s 1, 1, 2;
    %load/vec4 v0x7fc62a775f80_0;
    %parti/s 8, 0, 2;
    %pad/u 10;
    %ix/vec4 3;
    %ix/load 4, 1, 0; part off
    %ix/load 5, 0, 0; Constant delay
    %assign/vec4/a/d v0x7fc62a776400, 4, 5;
T_88.5 ;
    %load/vec4 v0x7fc62a7762e0_0;
    %parti/s 1, 2, 3;
    %nor/r;
    %flag_set/vec4 8;
    %jmp/0xz  T_88.7, 8;
    %load/vec4 v0x7fc62a7761c0_0;
    %parti/s 1, 2, 3;
    %load/vec4 v0x7fc62a775f80_0;
    %parti/s 8, 0, 2;
    %pad/u 10;
    %ix/vec4 3;
    %ix/load 4, 2, 0; part off
    %ix/load 5, 0, 0; Constant delay
    %assign/vec4/a/d v0x7fc62a776400, 4, 5;
T_88.7 ;
    %load/vec4 v0x7fc62a7762e0_0;
    %parti/s 1, 3, 3;
    %nor/r;
    %flag_set/vec4 8;
    %jmp/0xz  T_88.9, 8;
    %load/vec4 v0x7fc62a7761c0_0;
    %parti/s 1, 3, 3;
    %load/vec4 v0x7fc62a775f80_0;
    %parti/s 8, 0, 2;
    %pad/u 10;
    %ix/vec4 3;
    %ix/load 4, 3, 0; part off
    %ix/load 5, 0, 0; Constant delay
    %assign/vec4/a/d v0x7fc62a776400, 4, 5;
T_88.9 ;
    %load/vec4 v0x7fc62a7762e0_0;
    %parti/s 1, 4, 4;
    %nor/r;
    %flag_set/vec4 8;
    %jmp/0xz  T_88.11, 8;
    %load/vec4 v0x7fc62a7761c0_0;
    %parti/s 1, 4, 4;
    %load/vec4 v0x7fc62a775f80_0;
    %parti/s 8, 0, 2;
    %pad/u 10;
    %ix/vec4 3;
    %ix/load 4, 4, 0; part off
    %ix/load 5, 0, 0; Constant delay
    %assign/vec4/a/d v0x7fc62a776400, 4, 5;
T_88.11 ;
    %load/vec4 v0x7fc62a7762e0_0;
    %parti/s 1, 5, 4;
    %nor/r;
    %flag_set/vec4 8;
    %jmp/0xz  T_88.13, 8;
    %load/vec4 v0x7fc62a7761c0_0;
    %parti/s 1, 5, 4;
    %load/vec4 v0x7fc62a775f80_0;
    %parti/s 8, 0, 2;
    %pad/u 10;
    %ix/vec4 3;
    %ix/load 4, 5, 0; part off
    %ix/load 5, 0, 0; Constant delay
    %assign/vec4/a/d v0x7fc62a776400, 4, 5;
T_88.13 ;
    %load/vec4 v0x7fc62a7762e0_0;
    %parti/s 1, 6, 4;
    %nor/r;
    %flag_set/vec4 8;
    %jmp/0xz  T_88.15, 8;
    %load/vec4 v0x7fc62a7761c0_0;
    %parti/s 1, 6, 4;
    %load/vec4 v0x7fc62a775f80_0;
    %parti/s 8, 0, 2;
    %pad/u 10;
    %ix/vec4 3;
    %ix/load 4, 6, 0; part off
    %ix/load 5, 0, 0; Constant delay
    %assign/vec4/a/d v0x7fc62a776400, 4, 5;
T_88.15 ;
    %load/vec4 v0x7fc62a7762e0_0;
    %parti/s 1, 7, 4;
    %nor/r;
    %flag_set/vec4 8;
    %jmp/0xz  T_88.17, 8;
    %load/vec4 v0x7fc62a7761c0_0;
    %parti/s 1, 7, 4;
    %load/vec4 v0x7fc62a775f80_0;
    %parti/s 8, 0, 2;
    %pad/u 10;
    %ix/vec4 3;
    %ix/load 4, 7, 0; part off
    %ix/load 5, 0, 0; Constant delay
    %assign/vec4/a/d v0x7fc62a776400, 4, 5;
T_88.17 ;
    %load/vec4 v0x7fc62a7762e0_0;
    %parti/s 1, 8, 5;
    %nor/r;
    %flag_set/vec4 8;
    %jmp/0xz  T_88.19, 8;
    %load/vec4 v0x7fc62a7761c0_0;
    %parti/s 1, 8, 5;
    %load/vec4 v0x7fc62a775f80_0;
    %parti/s 8, 0, 2;
    %pad/u 10;
    %ix/vec4 3;
    %ix/load 4, 8, 0; part off
    %ix/load 5, 0, 0; Constant delay
    %assign/vec4/a/d v0x7fc62a776400, 4, 5;
T_88.19 ;
    %load/vec4 v0x7fc62a7762e0_0;
    %parti/s 1, 9, 5;
    %nor/r;
    %flag_set/vec4 8;
    %jmp/0xz  T_88.21, 8;
    %load/vec4 v0x7fc62a7761c0_0;
    %parti/s 1, 9, 5;
    %load/vec4 v0x7fc62a775f80_0;
    %parti/s 8, 0, 2;
    %pad/u 10;
    %ix/vec4 3;
    %ix/load 4, 9, 0; part off
    %ix/load 5, 0, 0; Constant delay
    %assign/vec4/a/d v0x7fc62a776400, 4, 5;
T_88.21 ;
    %load/vec4 v0x7fc62a7762e0_0;
    %parti/s 1, 10, 5;
    %nor/r;
    %flag_set/vec4 8;
    %jmp/0xz  T_88.23, 8;
    %load/vec4 v0x7fc62a7761c0_0;
    %parti/s 1, 10, 5;
    %load/vec4 v0x7fc62a775f80_0;
    %parti/s 8, 0, 2;
    %pad/u 10;
    %ix/vec4 3;
    %ix/load 4, 10, 0; part off
    %ix/load 5, 0, 0; Constant delay
    %assign/vec4/a/d v0x7fc62a776400, 4, 5;
T_88.23 ;
    %load/vec4 v0x7fc62a7762e0_0;
    %parti/s 1, 11, 5;
    %nor/r;
    %flag_set/vec4 8;
    %jmp/0xz  T_88.25, 8;
    %load/vec4 v0x7fc62a7761c0_0;
    %parti/s 1, 11, 5;
    %load/vec4 v0x7fc62a775f80_0;
    %parti/s 8, 0, 2;
    %pad/u 10;
    %ix/vec4 3;
    %ix/load 4, 11, 0; part off
    %ix/load 5, 0, 0; Constant delay
    %assign/vec4/a/d v0x7fc62a776400, 4, 5;
T_88.25 ;
    %load/vec4 v0x7fc62a7762e0_0;
    %parti/s 1, 12, 5;
    %nor/r;
    %flag_set/vec4 8;
    %jmp/0xz  T_88.27, 8;
    %load/vec4 v0x7fc62a7761c0_0;
    %parti/s 1, 12, 5;
    %load/vec4 v0x7fc62a775f80_0;
    %parti/s 8, 0, 2;
    %pad/u 10;
    %ix/vec4 3;
    %ix/load 4, 12, 0; part off
    %ix/load 5, 0, 0; Constant delay
    %assign/vec4/a/d v0x7fc62a776400, 4, 5;
T_88.27 ;
    %load/vec4 v0x7fc62a7762e0_0;
    %parti/s 1, 13, 5;
    %nor/r;
    %flag_set/vec4 8;
    %jmp/0xz  T_88.29, 8;
    %load/vec4 v0x7fc62a7761c0_0;
    %parti/s 1, 13, 5;
    %load/vec4 v0x7fc62a775f80_0;
    %parti/s 8, 0, 2;
    %pad/u 10;
    %ix/vec4 3;
    %ix/load 4, 13, 0; part off
    %ix/load 5, 0, 0; Constant delay
    %assign/vec4/a/d v0x7fc62a776400, 4, 5;
T_88.29 ;
    %load/vec4 v0x7fc62a7762e0_0;
    %parti/s 1, 14, 5;
    %nor/r;
    %flag_set/vec4 8;
    %jmp/0xz  T_88.31, 8;
    %load/vec4 v0x7fc62a7761c0_0;
    %parti/s 1, 14, 5;
    %load/vec4 v0x7fc62a775f80_0;
    %parti/s 8, 0, 2;
    %pad/u 10;
    %ix/vec4 3;
    %ix/load 4, 14, 0; part off
    %ix/load 5, 0, 0; Constant delay
    %assign/vec4/a/d v0x7fc62a776400, 4, 5;
T_88.31 ;
    %load/vec4 v0x7fc62a7762e0_0;
    %parti/s 1, 15, 5;
    %nor/r;
    %flag_set/vec4 8;
    %jmp/0xz  T_88.33, 8;
    %load/vec4 v0x7fc62a7761c0_0;
    %parti/s 1, 15, 5;
    %load/vec4 v0x7fc62a775f80_0;
    %parti/s 8, 0, 2;
    %pad/u 10;
    %ix/vec4 3;
    %ix/load 4, 15, 0; part off
    %ix/load 5, 0, 0; Constant delay
    %assign/vec4/a/d v0x7fc62a776400, 4, 5;
T_88.33 ;
T_88.0 ;
    %jmp T_88;
    .thread T_88;
    .scope S_0x7fc62a774270;
T_89 ;
    %wait E_0x7fc62a73e230;
    %load/vec4 v0x7fc62a775e60_0;
    %flag_set/vec4 9;
    %flag_get/vec4 9;
    %jmp/0 T_89.2, 9;
    %load/vec4 v0x7fc62a775cb0_0;
    %and;
T_89.2;
    %flag_set/vec4 8;
    %jmp/0xz  T_89.0, 8;
    %load/vec4 v0x7fc62a775b90_0;
    %parti/s 8, 0, 2;
    %pad/u 10;
    %ix/vec4 4;
    %load/vec4a v0x7fc62a776400, 4;
    %load/vec4 v0x7fc62a775ef0_0;
    %inv;
    %and;
    %assign/vec4 v0x7fc62a775dd0_0, 0;
T_89.0 ;
    %jmp T_89;
    .thread T_89;
    .scope S_0x7fc62a776bc0;
T_90 ;
    %pushi/vec4 0, 0, 32;
    %store/vec4 v0x7fc62a778cc0_0, 0, 32;
T_90.0 ; Top of for-loop 
    %load/vec4 v0x7fc62a778cc0_0;
    %cmpi/s 16, 0, 32;
    %jmp/0xz T_90.1, 5;
    %pushi/vec4 0, 0, 256;
    %load/vec4 v0x7fc62a778cc0_0;
    %muli 16, 0, 32;
    %part/s 16;
    %pushi/vec4 0, 0, 32;
    %load/vec4 v0x7fc62a778cc0_0;
    %add;
    %ix/vec4/s 4;
    %store/vec4a v0x7fc62a778d50, 4, 0;
    %pushi/vec4 0, 0, 256;
    %load/vec4 v0x7fc62a778cc0_0;
    %muli 16, 0, 32;
    %part/s 16;
    %pushi/vec4 16, 0, 32;
    %load/vec4 v0x7fc62a778cc0_0;
    %add;
    %ix/vec4/s 4;
    %store/vec4a v0x7fc62a778d50, 4, 0;
    %pushi/vec4 0, 0, 256;
    %load/vec4 v0x7fc62a778cc0_0;
    %muli 16, 0, 32;
    %part/s 16;
    %pushi/vec4 32, 0, 32;
    %load/vec4 v0x7fc62a778cc0_0;
    %add;
    %ix/vec4/s 4;
    %store/vec4a v0x7fc62a778d50, 4, 0;
    %pushi/vec4 0, 0, 256;
    %load/vec4 v0x7fc62a778cc0_0;
    %muli 16, 0, 32;
    %part/s 16;
    %pushi/vec4 48, 0, 32;
    %load/vec4 v0x7fc62a778cc0_0;
    %add;
    %ix/vec4/s 4;
    %store/vec4a v0x7fc62a778d50, 4, 0;
    %pushi/vec4 0, 0, 256;
    %load/vec4 v0x7fc62a778cc0_0;
    %muli 16, 0, 32;
    %part/s 16;
    %pushi/vec4 64, 0, 32;
    %load/vec4 v0x7fc62a778cc0_0;
    %add;
    %ix/vec4/s 4;
    %store/vec4a v0x7fc62a778d50, 4, 0;
    %pushi/vec4 0, 0, 256;
    %load/vec4 v0x7fc62a778cc0_0;
    %muli 16, 0, 32;
    %part/s 16;
    %pushi/vec4 80, 0, 32;
    %load/vec4 v0x7fc62a778cc0_0;
    %add;
    %ix/vec4/s 4;
    %store/vec4a v0x7fc62a778d50, 4, 0;
    %pushi/vec4 0, 0, 256;
    %load/vec4 v0x7fc62a778cc0_0;
    %muli 16, 0, 32;
    %part/s 16;
    %pushi/vec4 96, 0, 32;
    %load/vec4 v0x7fc62a778cc0_0;
    %add;
    %ix/vec4/s 4;
    %store/vec4a v0x7fc62a778d50, 4, 0;
    %pushi/vec4 0, 0, 256;
    %load/vec4 v0x7fc62a778cc0_0;
    %muli 16, 0, 32;
    %part/s 16;
    %pushi/vec4 112, 0, 32;
    %load/vec4 v0x7fc62a778cc0_0;
    %add;
    %ix/vec4/s 4;
    %store/vec4a v0x7fc62a778d50, 4, 0;
    %pushi/vec4 0, 0, 256;
    %load/vec4 v0x7fc62a778cc0_0;
    %muli 16, 0, 32;
    %part/s 16;
    %pushi/vec4 128, 0, 32;
    %load/vec4 v0x7fc62a778cc0_0;
    %add;
    %ix/vec4/s 4;
    %store/vec4a v0x7fc62a778d50, 4, 0;
    %pushi/vec4 0, 0, 256;
    %load/vec4 v0x7fc62a778cc0_0;
    %muli 16, 0, 32;
    %part/s 16;
    %pushi/vec4 144, 0, 32;
    %load/vec4 v0x7fc62a778cc0_0;
    %add;
    %ix/vec4/s 4;
    %store/vec4a v0x7fc62a778d50, 4, 0;
    %pushi/vec4 0, 0, 256;
    %load/vec4 v0x7fc62a778cc0_0;
    %muli 16, 0, 32;
    %part/s 16;
    %pushi/vec4 160, 0, 32;
    %load/vec4 v0x7fc62a778cc0_0;
    %add;
    %ix/vec4/s 4;
    %store/vec4a v0x7fc62a778d50, 4, 0;
    %pushi/vec4 0, 0, 256;
    %load/vec4 v0x7fc62a778cc0_0;
    %muli 16, 0, 32;
    %part/s 16;
    %pushi/vec4 176, 0, 32;
    %load/vec4 v0x7fc62a778cc0_0;
    %add;
    %ix/vec4/s 4;
    %store/vec4a v0x7fc62a778d50, 4, 0;
    %pushi/vec4 0, 0, 256;
    %load/vec4 v0x7fc62a778cc0_0;
    %muli 16, 0, 32;
    %part/s 16;
    %pushi/vec4 192, 0, 32;
    %load/vec4 v0x7fc62a778cc0_0;
    %add;
    %ix/vec4/s 4;
    %store/vec4a v0x7fc62a778d50, 4, 0;
    %pushi/vec4 0, 0, 256;
    %load/vec4 v0x7fc62a778cc0_0;
    %muli 16, 0, 32;
    %part/s 16;
    %pushi/vec4 208, 0, 32;
    %load/vec4 v0x7fc62a778cc0_0;
    %add;
    %ix/vec4/s 4;
    %store/vec4a v0x7fc62a778d50, 4, 0;
    %pushi/vec4 0, 0, 256;
    %load/vec4 v0x7fc62a778cc0_0;
    %muli 16, 0, 32;
    %part/s 16;
    %pushi/vec4 224, 0, 32;
    %load/vec4 v0x7fc62a778cc0_0;
    %add;
    %ix/vec4/s 4;
    %store/vec4a v0x7fc62a778d50, 4, 0;
    %pushi/vec4 0, 0, 256;
    %load/vec4 v0x7fc62a778cc0_0;
    %muli 16, 0, 32;
    %part/s 16;
    %pushi/vec4 240, 0, 32;
    %load/vec4 v0x7fc62a778cc0_0;
    %add;
    %ix/vec4/s 4;
    %store/vec4a v0x7fc62a778d50, 4, 0;
T_90.2 ; for-loop step statement
    %load/vec4 v0x7fc62a778cc0_0;
    %addi 1, 0, 32;
    %store/vec4 v0x7fc62a778cc0_0, 0, 32;
    %jmp T_90.0;
T_90.1 ; for-loop exit label
    %end;
    .thread T_90;
    .scope S_0x7fc62a776bc0;
T_91 ;
    %wait E_0x7fc62a735580;
    %load/vec4 v0x7fc62a778ba0_0;
    %flag_set/vec4 9;
    %flag_get/vec4 9;
    %jmp/0 T_91.2, 9;
    %load/vec4 v0x7fc62a7789f0_0;
    %and;
T_91.2;
    %flag_set/vec4 8;
    %jmp/0xz  T_91.0, 8;
    %load/vec4 v0x7fc62a778c30_0;
    %parti/s 1, 0, 2;
    %nor/r;
    %flag_set/vec4 8;
    %jmp/0xz  T_91.3, 8;
    %load/vec4 v0x7fc62a778b10_0;
    %parti/s 1, 0, 2;
    %load/vec4 v0x7fc62a7788d0_0;
    %parti/s 8, 0, 2;
    %pad/u 10;
    %ix/vec4 3;
    %ix/load 4, 0, 0; Constant delay
    %assign/vec4/a/d v0x7fc62a778d50, 0, 4;
T_91.3 ;
    %load/vec4 v0x7fc62a778c30_0;
    %parti/s 1, 1, 2;
    %nor/r;
    %flag_set/vec4 8;
    %jmp/0xz  T_91.5, 8;
    %load/vec4 v0x7fc62a778b10_0;
    %parti/s 1, 1, 2;
    %load/vec4 v0x7fc62a7788d0_0;
    %parti/s 8, 0, 2;
    %pad/u 10;
    %ix/vec4 3;
    %ix/load 4, 1, 0; part off
    %ix/load 5, 0, 0; Constant delay
    %assign/vec4/a/d v0x7fc62a778d50, 4, 5;
T_91.5 ;
    %load/vec4 v0x7fc62a778c30_0;
    %parti/s 1, 2, 3;
    %nor/r;
    %flag_set/vec4 8;
    %jmp/0xz  T_91.7, 8;
    %load/vec4 v0x7fc62a778b10_0;
    %parti/s 1, 2, 3;
    %load/vec4 v0x7fc62a7788d0_0;
    %parti/s 8, 0, 2;
    %pad/u 10;
    %ix/vec4 3;
    %ix/load 4, 2, 0; part off
    %ix/load 5, 0, 0; Constant delay
    %assign/vec4/a/d v0x7fc62a778d50, 4, 5;
T_91.7 ;
    %load/vec4 v0x7fc62a778c30_0;
    %parti/s 1, 3, 3;
    %nor/r;
    %flag_set/vec4 8;
    %jmp/0xz  T_91.9, 8;
    %load/vec4 v0x7fc62a778b10_0;
    %parti/s 1, 3, 3;
    %load/vec4 v0x7fc62a7788d0_0;
    %parti/s 8, 0, 2;
    %pad/u 10;
    %ix/vec4 3;
    %ix/load 4, 3, 0; part off
    %ix/load 5, 0, 0; Constant delay
    %assign/vec4/a/d v0x7fc62a778d50, 4, 5;
T_91.9 ;
    %load/vec4 v0x7fc62a778c30_0;
    %parti/s 1, 4, 4;
    %nor/r;
    %flag_set/vec4 8;
    %jmp/0xz  T_91.11, 8;
    %load/vec4 v0x7fc62a778b10_0;
    %parti/s 1, 4, 4;
    %load/vec4 v0x7fc62a7788d0_0;
    %parti/s 8, 0, 2;
    %pad/u 10;
    %ix/vec4 3;
    %ix/load 4, 4, 0; part off
    %ix/load 5, 0, 0; Constant delay
    %assign/vec4/a/d v0x7fc62a778d50, 4, 5;
T_91.11 ;
    %load/vec4 v0x7fc62a778c30_0;
    %parti/s 1, 5, 4;
    %nor/r;
    %flag_set/vec4 8;
    %jmp/0xz  T_91.13, 8;
    %load/vec4 v0x7fc62a778b10_0;
    %parti/s 1, 5, 4;
    %load/vec4 v0x7fc62a7788d0_0;
    %parti/s 8, 0, 2;
    %pad/u 10;
    %ix/vec4 3;
    %ix/load 4, 5, 0; part off
    %ix/load 5, 0, 0; Constant delay
    %assign/vec4/a/d v0x7fc62a778d50, 4, 5;
T_91.13 ;
    %load/vec4 v0x7fc62a778c30_0;
    %parti/s 1, 6, 4;
    %nor/r;
    %flag_set/vec4 8;
    %jmp/0xz  T_91.15, 8;
    %load/vec4 v0x7fc62a778b10_0;
    %parti/s 1, 6, 4;
    %load/vec4 v0x7fc62a7788d0_0;
    %parti/s 8, 0, 2;
    %pad/u 10;
    %ix/vec4 3;
    %ix/load 4, 6, 0; part off
    %ix/load 5, 0, 0; Constant delay
    %assign/vec4/a/d v0x7fc62a778d50, 4, 5;
T_91.15 ;
    %load/vec4 v0x7fc62a778c30_0;
    %parti/s 1, 7, 4;
    %nor/r;
    %flag_set/vec4 8;
    %jmp/0xz  T_91.17, 8;
    %load/vec4 v0x7fc62a778b10_0;
    %parti/s 1, 7, 4;
    %load/vec4 v0x7fc62a7788d0_0;
    %parti/s 8, 0, 2;
    %pad/u 10;
    %ix/vec4 3;
    %ix/load 4, 7, 0; part off
    %ix/load 5, 0, 0; Constant delay
    %assign/vec4/a/d v0x7fc62a778d50, 4, 5;
T_91.17 ;
    %load/vec4 v0x7fc62a778c30_0;
    %parti/s 1, 8, 5;
    %nor/r;
    %flag_set/vec4 8;
    %jmp/0xz  T_91.19, 8;
    %load/vec4 v0x7fc62a778b10_0;
    %parti/s 1, 8, 5;
    %load/vec4 v0x7fc62a7788d0_0;
    %parti/s 8, 0, 2;
    %pad/u 10;
    %ix/vec4 3;
    %ix/load 4, 8, 0; part off
    %ix/load 5, 0, 0; Constant delay
    %assign/vec4/a/d v0x7fc62a778d50, 4, 5;
T_91.19 ;
    %load/vec4 v0x7fc62a778c30_0;
    %parti/s 1, 9, 5;
    %nor/r;
    %flag_set/vec4 8;
    %jmp/0xz  T_91.21, 8;
    %load/vec4 v0x7fc62a778b10_0;
    %parti/s 1, 9, 5;
    %load/vec4 v0x7fc62a7788d0_0;
    %parti/s 8, 0, 2;
    %pad/u 10;
    %ix/vec4 3;
    %ix/load 4, 9, 0; part off
    %ix/load 5, 0, 0; Constant delay
    %assign/vec4/a/d v0x7fc62a778d50, 4, 5;
T_91.21 ;
    %load/vec4 v0x7fc62a778c30_0;
    %parti/s 1, 10, 5;
    %nor/r;
    %flag_set/vec4 8;
    %jmp/0xz  T_91.23, 8;
    %load/vec4 v0x7fc62a778b10_0;
    %parti/s 1, 10, 5;
    %load/vec4 v0x7fc62a7788d0_0;
    %parti/s 8, 0, 2;
    %pad/u 10;
    %ix/vec4 3;
    %ix/load 4, 10, 0; part off
    %ix/load 5, 0, 0; Constant delay
    %assign/vec4/a/d v0x7fc62a778d50, 4, 5;
T_91.23 ;
    %load/vec4 v0x7fc62a778c30_0;
    %parti/s 1, 11, 5;
    %nor/r;
    %flag_set/vec4 8;
    %jmp/0xz  T_91.25, 8;
    %load/vec4 v0x7fc62a778b10_0;
    %parti/s 1, 11, 5;
    %load/vec4 v0x7fc62a7788d0_0;
    %parti/s 8, 0, 2;
    %pad/u 10;
    %ix/vec4 3;
    %ix/load 4, 11, 0; part off
    %ix/load 5, 0, 0; Constant delay
    %assign/vec4/a/d v0x7fc62a778d50, 4, 5;
T_91.25 ;
    %load/vec4 v0x7fc62a778c30_0;
    %parti/s 1, 12, 5;
    %nor/r;
    %flag_set/vec4 8;
    %jmp/0xz  T_91.27, 8;
    %load/vec4 v0x7fc62a778b10_0;
    %parti/s 1, 12, 5;
    %load/vec4 v0x7fc62a7788d0_0;
    %parti/s 8, 0, 2;
    %pad/u 10;
    %ix/vec4 3;
    %ix/load 4, 12, 0; part off
    %ix/load 5, 0, 0; Constant delay
    %assign/vec4/a/d v0x7fc62a778d50, 4, 5;
T_91.27 ;
    %load/vec4 v0x7fc62a778c30_0;
    %parti/s 1, 13, 5;
    %nor/r;
    %flag_set/vec4 8;
    %jmp/0xz  T_91.29, 8;
    %load/vec4 v0x7fc62a778b10_0;
    %parti/s 1, 13, 5;
    %load/vec4 v0x7fc62a7788d0_0;
    %parti/s 8, 0, 2;
    %pad/u 10;
    %ix/vec4 3;
    %ix/load 4, 13, 0; part off
    %ix/load 5, 0, 0; Constant delay
    %assign/vec4/a/d v0x7fc62a778d50, 4, 5;
T_91.29 ;
    %load/vec4 v0x7fc62a778c30_0;
    %parti/s 1, 14, 5;
    %nor/r;
    %flag_set/vec4 8;
    %jmp/0xz  T_91.31, 8;
    %load/vec4 v0x7fc62a778b10_0;
    %parti/s 1, 14, 5;
    %load/vec4 v0x7fc62a7788d0_0;
    %parti/s 8, 0, 2;
    %pad/u 10;
    %ix/vec4 3;
    %ix/load 4, 14, 0; part off
    %ix/load 5, 0, 0; Constant delay
    %assign/vec4/a/d v0x7fc62a778d50, 4, 5;
T_91.31 ;
    %load/vec4 v0x7fc62a778c30_0;
    %parti/s 1, 15, 5;
    %nor/r;
    %flag_set/vec4 8;
    %jmp/0xz  T_91.33, 8;
    %load/vec4 v0x7fc62a778b10_0;
    %parti/s 1, 15, 5;
    %load/vec4 v0x7fc62a7788d0_0;
    %parti/s 8, 0, 2;
    %pad/u 10;
    %ix/vec4 3;
    %ix/load 4, 15, 0; part off
    %ix/load 5, 0, 0; Constant delay
    %assign/vec4/a/d v0x7fc62a778d50, 4, 5;
T_91.33 ;
T_91.0 ;
    %jmp T_91;
    .thread T_91;
    .scope S_0x7fc62a776bc0;
T_92 ;
    %wait E_0x7fc62a733af0;
    %load/vec4 v0x7fc62a7787b0_0;
    %flag_set/vec4 9;
    %flag_get/vec4 9;
    %jmp/0 T_92.2, 9;
    %load/vec4 v0x7fc62a778600_0;
    %and;
T_92.2;
    %flag_set/vec4 8;
    %jmp/0xz  T_92.0, 8;
    %load/vec4 v0x7fc62a7784e0_0;
    %parti/s 8, 0, 2;
    %pad/u 10;
    %ix/vec4 4;
    %load/vec4a v0x7fc62a778d50, 4;
    %load/vec4 v0x7fc62a778840_0;
    %inv;
    %and;
    %assign/vec4 v0x7fc62a778720_0, 0;
T_92.0 ;
    %jmp T_92;
    .thread T_92;
    .scope S_0x7fc62a555cb0;
T_93 ;
    %wait E_0x7fc62a6a5440;
    %pushi/vec4 0, 0, 32;
    %store/vec4 v0x7fc62a6a5bf0_0, 0, 32;
T_93.0 ; Top of for-loop 
    %load/vec4 v0x7fc62a6a5bf0_0;
    %cmpi/s 16383, 0, 32;
    %flag_or 5, 4;
    %jmp/0xz T_93.1, 5;
    %pushi/vec4 65535, 65535, 16;
    %ix/getv/s 4, v0x7fc62a6a5bf0_0;
    %store/vec4a v0x7fc62a6a5ca0, 4, 0;
T_93.2 ; for-loop step statement
    %load/vec4 v0x7fc62a6a5bf0_0;
    %addi 1, 0, 32;
    %store/vec4 v0x7fc62a6a5bf0_0, 0, 32;
    %jmp T_93.0;
T_93.1 ; for-loop exit label
    %jmp T_93;
    .thread T_93;
    .scope S_0x7fc62a555cb0;
T_94 ;
    %wait E_0x7fc62a6a53e0;
    %load/vec4 v0x7fc62a6a5d40_0;
    %flag_set/vec4 8;
    %jmp/0xz  T_94.0, 8;
    %pushi/vec4 0, 0, 16;
    %assign/vec4 v0x7fc62a6a5710_0, 0;
    %jmp T_94.1;
T_94.0 ;
    %load/vec4 v0x7fc62a6a59b0_0;
    %flag_set/vec4 8;
    %jmp/0xz  T_94.2, 8;
    %pushi/vec4 65535, 65535, 16;
    %assign/vec4 v0x7fc62a6a5710_0, 0;
    %jmp T_94.3;
T_94.2 ;
    %load/vec4 v0x7fc62a6a5550_0;
    %flag_set/vec4 8;
    %jmp/0xz  T_94.4, 8;
    %load/vec4 v0x7fc62a6a5ac0_0;
    %nor/r;
    %flag_set/vec4 8;
    %jmp/0xz  T_94.6, 8;
    %load/vec4 v0x7fc62a6a5490_0;
    %pad/u 16;
    %ix/vec4 4;
    %load/vec4a v0x7fc62a6a5ca0, 4;
    %assign/vec4 v0x7fc62a6a5710_0, 0;
    %jmp T_94.7;
T_94.6 ;
    %load/vec4 v0x7fc62a6a57c0_0;
    %parti/s 1, 0, 2;
    %flag_set/vec4 8;
    %jmp/0xz  T_94.8, 8;
    %load/vec4 v0x7fc62a6a5680_0;
    %parti/s 4, 0, 2;
    %load/vec4 v0x7fc62a6a5490_0;
    %pad/u 16;
    %ix/vec4 3;
    %ix/load 4, 0, 0; Constant delay
    %assign/vec4/a/d v0x7fc62a6a5ca0, 0, 4;
T_94.8 ;
    %load/vec4 v0x7fc62a6a57c0_0;
    %parti/s 1, 1, 2;
    %flag_set/vec4 8;
    %jmp/0xz  T_94.10, 8;
    %load/vec4 v0x7fc62a6a5680_0;
    %parti/s 4, 4, 4;
    %load/vec4 v0x7fc62a6a5490_0;
    %pad/u 16;
    %ix/vec4 3;
    %ix/load 4, 4, 0; part off
    %ix/load 5, 0, 0; Constant delay
    %assign/vec4/a/d v0x7fc62a6a5ca0, 4, 5;
T_94.10 ;
    %load/vec4 v0x7fc62a6a57c0_0;
    %parti/s 1, 2, 3;
    %flag_set/vec4 8;
    %jmp/0xz  T_94.12, 8;
    %load/vec4 v0x7fc62a6a5680_0;
    %parti/s 4, 8, 5;
    %load/vec4 v0x7fc62a6a5490_0;
    %pad/u 16;
    %ix/vec4 3;
    %ix/load 4, 8, 0; part off
    %ix/load 5, 0, 0; Constant delay
    %assign/vec4/a/d v0x7fc62a6a5ca0, 4, 5;
T_94.12 ;
    %load/vec4 v0x7fc62a6a57c0_0;
    %parti/s 1, 3, 3;
    %flag_set/vec4 8;
    %jmp/0xz  T_94.14, 8;
    %load/vec4 v0x7fc62a6a5680_0;
    %parti/s 4, 12, 5;
    %load/vec4 v0x7fc62a6a5490_0;
    %pad/u 16;
    %ix/vec4 3;
    %ix/load 4, 12, 0; part off
    %ix/load 5, 0, 0; Constant delay
    %assign/vec4/a/d v0x7fc62a6a5ca0, 4, 5;
T_94.14 ;
    %pushi/vec4 65535, 65535, 16;
    %assign/vec4 v0x7fc62a6a5710_0, 0;
T_94.7 ;
T_94.4 ;
T_94.3 ;
T_94.1 ;
    %jmp T_94;
    .thread T_94;
# The file index is used to find the file name in the following table.
:file_names 4;
    "N/A";
    "<interactive>";
    "/Users/chimdileeze/.apio/packages/tools-oss-cad-suite/share/yosys/ice40/cells_sim.v";
    "adder.v";
