#! /Users/chimdileeze/.apio/packages/tools-oss-cad-suite/bin/vvp
:ivl_version "13.0 (devel)" "(s20221226-321-gd22bb3d25)";
:ivl_delay_selection "TYPICAL";
:vpi_time_precision - 12;
:vpi_module "/Users/chimdileeze/.apio/packages/tools-oss-cad-suite/lib/ivl/system.vpi";
:vpi_module "/Users/chimdileeze/.apio/packages/tools-oss-cad-suite/lib/ivl/vhdl_sys.vpi";
:vpi_module "/Users/chimdileeze/.apio/packages/tools-oss-cad-suite/lib/ivl/vhdl_textio.vpi";
:vpi_module "/Users/chimdileeze/.apio/packages/tools-oss-cad-suite/lib/ivl/v2005_math.vpi";
:vpi_module "/Users/chimdileeze/.apio/packages/tools-oss-cad-suite/lib/ivl/va_math.vpi";
S_0x7f98e5f569c0 .scope module, "ICESTORM_LC" "ICESTORM_LC" 2 2136;
 .timescale -12 -12;
    .port_info 0 /INPUT 1 "I0";
    .port_info 1 /INPUT 1 "I1";
    .port_info 2 /INPUT 1 "I2";
    .port_info 3 /INPUT 1 "I3";
    .port_info 4 /INPUT 1 "CIN";
    .port_info 5 /INPUT 1 "CLK";
    .port_info 6 /INPUT 1 "CEN";
    .port_info 7 /INPUT 1 "SR";
    .port_info 8 /OUTPUT 1 "LO";
    .port_info 9 /OUTPUT 1 "O";
    .port_info 10 /OUTPUT 1 "COUT";
P_0x7f98e5f98830 .param/l "ASYNC_SR" 0 2 2148, C4<0>;
P_0x7f98e5f98870 .param/l "CARRY_ENABLE" 0 2 2145, C4<0>;
P_0x7f98e5f988b0 .param/l "CIN_CONST" 0 2 2150, C4<0>;
P_0x7f98e5f988f0 .param/l "CIN_SET" 0 2 2151, C4<0>;
P_0x7f98e5f98930 .param/l "DFF_ENABLE" 0 2 2146, C4<0>;
P_0x7f98e5f98970 .param/l "LUT_INIT" 0 2 2142, C4<0000000000000000>;
P_0x7f98e5f989b0 .param/l "NEG_CLK" 0 2 2144, C4<0>;
P_0x7f98e5f989f0 .param/l "SET_NORESET" 0 2 2147, C4<0>;
o0x7f98e7042068 .functor BUFZ 1, C4<z>; HiZ drive
L_0x7f98e5d1fff0 .functor BUFZ 1, o0x7f98e7042068, C4<0>, C4<0>, C4<0>;
L_0x7f98e5d20b90 .functor BUFZ 1, L_0x7f98e5d20840, C4<0>, C4<0>, C4<0>;
o0x7f98e7042098 .functor BUFZ 1, C4<z>; HiZ drive
L_0x7f98e7073290 .functor BUFT 1, C4<0>, C4<0>, C4<0>, C4<0>;
L_0x7f98e5d20c40 .functor XOR 1, o0x7f98e7042098, L_0x7f98e7073290, C4<0>, C4<0>;
L_0x7f98e5d20cf0 .functor BUFZ 1, L_0x7f98e5d20840, C4<0>, C4<0>, C4<0>;
o0x7f98e7042008 .functor BUFZ 1, C4<z>; HiZ drive
v0x7f98e5c5e6e0_0 .net "CEN", 0 0, o0x7f98e7042008;  0 drivers
v0x7f98e5c90070_0 .net "CEN_pu", 0 0, L_0x7f98e5d1feb0;  1 drivers
v0x7f98e5c90110_0 .net "CIN", 0 0, o0x7f98e7042068;  0 drivers
v0x7f98e5c901a0_0 .net "CLK", 0 0, o0x7f98e7042098;  0 drivers
L_0x7f98e70731b8 .functor BUFT 1, C4<x>, C4<0>, C4<0>, C4<0>;
v0x7f98e5c90230_0 .net "COUT", 0 0, L_0x7f98e70731b8;  1 drivers
o0x7f98e70420f8 .functor BUFZ 1, C4<z>; HiZ drive
v0x7f98e5c90300_0 .net "I0", 0 0, o0x7f98e70420f8;  0 drivers
v0x7f98e5c90390_0 .net "I0_pd", 0 0, L_0x7f98e5d14780;  1 drivers
o0x7f98e7042158 .functor BUFZ 1, C4<z>; HiZ drive
v0x7f98e5c90430_0 .net "I1", 0 0, o0x7f98e7042158;  0 drivers
v0x7f98e5c904d0_0 .net "I1_pd", 0 0, L_0x7f98e5d141c0;  1 drivers
o0x7f98e70421b8 .functor BUFZ 1, C4<z>; HiZ drive
v0x7f98e5c905e0_0 .net "I2", 0 0, o0x7f98e70421b8;  0 drivers
v0x7f98e5c90670_0 .net "I2_pd", 0 0, L_0x7f98e5d1f760;  1 drivers
o0x7f98e7042218 .functor BUFZ 1, C4<z>; HiZ drive
v0x7f98e5c90710_0 .net "I3", 0 0, o0x7f98e7042218;  0 drivers
v0x7f98e5c907b0_0 .net "I3_pd", 0 0, L_0x7f98e5d1f9c0;  1 drivers
v0x7f98e5c90850_0 .net "LO", 0 0, L_0x7f98e5d20b90;  1 drivers
v0x7f98e5c908f0_0 .net "O", 0 0, L_0x7f98e5d20cf0;  1 drivers
o0x7f98e70422d8 .functor BUFZ 1, C4<z>; HiZ drive
v0x7f98e5c90990_0 .net "SR", 0 0, o0x7f98e70422d8;  0 drivers
v0x7f98e5c90a30_0 .net "SR_pd", 0 0, L_0x7f98e5d1fc30;  1 drivers
o0x7f98e7042338 .functor BUFZ 1, C4<z>; HiZ drive
; Elide local net with no drivers, v0x7f98e5c90bc0_0 name=_ivl_0
v0x7f98e5c90c50_0 .net *"_ivl_10", 0 0, L_0x7f98e5d14120;  1 drivers
L_0x7f98e7073050 .functor BUFT 1, C4<0>, C4<0>, C4<0>, C4<0>;
v0x7f98e5c90ce0_0 .net/2u *"_ivl_12", 0 0, L_0x7f98e7073050;  1 drivers
o0x7f98e70423c8 .functor BUFZ 1, C4<z>; HiZ drive
; Elide local net with no drivers, v0x7f98e5c90d90_0 name=_ivl_16
v0x7f98e5c90e40_0 .net *"_ivl_18", 0 0, L_0x7f98e5d1f6c0;  1 drivers
v0x7f98e5c90ee0_0 .net *"_ivl_2", 0 0, L_0x7f98e5e08ed0;  1 drivers
L_0x7f98e7073098 .functor BUFT 1, C4<0>, C4<0>, C4<0>, C4<0>;
v0x7f98e5c90f80_0 .net/2u *"_ivl_20", 0 0, L_0x7f98e7073098;  1 drivers
o0x7f98e7042488 .functor BUFZ 1, C4<z>; HiZ drive
; Elide local net with no drivers, v0x7f98e5c91030_0 name=_ivl_24
v0x7f98e5c910e0_0 .net *"_ivl_26", 0 0, L_0x7f98e5d1f8c0;  1 drivers
L_0x7f98e70730e0 .functor BUFT 1, C4<0>, C4<0>, C4<0>, C4<0>;
v0x7f98e5c91180_0 .net/2u *"_ivl_28", 0 0, L_0x7f98e70730e0;  1 drivers
o0x7f98e7042518 .functor BUFZ 1, C4<z>; HiZ drive
; Elide local net with no drivers, v0x7f98e5c91230_0 name=_ivl_32
v0x7f98e5c912e0_0 .net *"_ivl_34", 0 0, L_0x7f98e5d1fb40;  1 drivers
L_0x7f98e7073128 .functor BUFT 1, C4<0>, C4<0>, C4<0>, C4<0>;
v0x7f98e5c91380_0 .net/2u *"_ivl_36", 0 0, L_0x7f98e7073128;  1 drivers
L_0x7f98e7073008 .functor BUFT 1, C4<0>, C4<0>, C4<0>, C4<0>;
v0x7f98e5c91430_0 .net/2u *"_ivl_4", 0 0, L_0x7f98e7073008;  1 drivers
o0x7f98e70425d8 .functor BUFZ 1, C4<z>; HiZ drive
; Elide local net with no drivers, v0x7f98e5c914e0_0 name=_ivl_40
v0x7f98e5c91590_0 .net *"_ivl_42", 0 0, L_0x7f98e5d1fd90;  1 drivers
L_0x7f98e7073170 .functor BUFT 1, C4<1>, C4<0>, C4<0>, C4<0>;
v0x7f98e5c90ad0_0 .net/2u *"_ivl_44", 0 0, L_0x7f98e7073170;  1 drivers
L_0x7f98e7073200 .functor BUFT 1, C4<00000000>, C4<0>, C4<0>, C4<0>;
v0x7f98e5c91820_0 .net/2u *"_ivl_52", 7 0, L_0x7f98e7073200;  1 drivers
L_0x7f98e7073248 .functor BUFT 1, C4<00000000>, C4<0>, C4<0>, C4<0>;
v0x7f98e5c918b0_0 .net/2u *"_ivl_54", 7 0, L_0x7f98e7073248;  1 drivers
v0x7f98e5c91940_0 .net *"_ivl_59", 3 0, L_0x7f98e5d202b0;  1 drivers
v0x7f98e5c919f0_0 .net *"_ivl_61", 3 0, L_0x7f98e5d20390;  1 drivers
v0x7f98e5c91aa0_0 .net *"_ivl_65", 1 0, L_0x7f98e5d205d0;  1 drivers
v0x7f98e5c91b50_0 .net *"_ivl_67", 1 0, L_0x7f98e5d20700;  1 drivers
v0x7f98e5c91c00_0 .net *"_ivl_71", 0 0, L_0x7f98e5d208e0;  1 drivers
v0x7f98e5c91cb0_0 .net *"_ivl_73", 0 0, L_0x7f98e5d20980;  1 drivers
v0x7f98e5c91d60_0 .net/2u *"_ivl_78", 0 0, L_0x7f98e7073290;  1 drivers
o0x7f98e7042818 .functor BUFZ 1, C4<z>; HiZ drive
; Elide local net with no drivers, v0x7f98e5c91e10_0 name=_ivl_8
v0x7f98e5c91ec0_0 .net "lut_o", 0 0, L_0x7f98e5d20840;  1 drivers
v0x7f98e5c91f60_0 .net "lut_s1", 1 0, L_0x7f98e5d207a0;  1 drivers
v0x7f98e5c92010_0 .net "lut_s2", 3 0, L_0x7f98e5d204b0;  1 drivers
v0x7f98e5c920c0_0 .net "lut_s3", 7 0, L_0x7f98e5d20120;  1 drivers
v0x7f98e5c92170_0 .net "mux_cin", 0 0, L_0x7f98e5d1fff0;  1 drivers
v0x7f98e5c92210_0 .var "o_reg", 0 0;
v0x7f98e5c922b0_0 .var "o_reg_async", 0 0;
v0x7f98e5c92350_0 .net "polarized_clk", 0 0, L_0x7f98e5d20c40;  1 drivers
E_0x7f98e5c25420 .event posedge, v0x7f98e5c90a30_0, v0x7f98e5c92350_0;
E_0x7f98e5c074b0 .event posedge, v0x7f98e5c92350_0;
L_0x7f98e5e08ed0 .cmp/eeq 1, o0x7f98e70420f8, o0x7f98e7042338;
L_0x7f98e5d14780 .functor MUXZ 1, o0x7f98e70420f8, L_0x7f98e7073008, L_0x7f98e5e08ed0, C4<>;
L_0x7f98e5d14120 .cmp/eeq 1, o0x7f98e7042158, o0x7f98e7042818;
L_0x7f98e5d141c0 .functor MUXZ 1, o0x7f98e7042158, L_0x7f98e7073050, L_0x7f98e5d14120, C4<>;
L_0x7f98e5d1f6c0 .cmp/eeq 1, o0x7f98e70421b8, o0x7f98e70423c8;
L_0x7f98e5d1f760 .functor MUXZ 1, o0x7f98e70421b8, L_0x7f98e7073098, L_0x7f98e5d1f6c0, C4<>;
L_0x7f98e5d1f8c0 .cmp/eeq 1, o0x7f98e7042218, o0x7f98e7042488;
L_0x7f98e5d1f9c0 .functor MUXZ 1, o0x7f98e7042218, L_0x7f98e70730e0, L_0x7f98e5d1f8c0, C4<>;
L_0x7f98e5d1fb40 .cmp/eeq 1, o0x7f98e70422d8, o0x7f98e7042518;
L_0x7f98e5d1fc30 .functor MUXZ 1, o0x7f98e70422d8, L_0x7f98e7073128, L_0x7f98e5d1fb40, C4<>;
L_0x7f98e5d1fd90 .cmp/eeq 1, o0x7f98e7042008, o0x7f98e70425d8;
L_0x7f98e5d1feb0 .functor MUXZ 1, o0x7f98e7042008, L_0x7f98e7073170, L_0x7f98e5d1fd90, C4<>;
L_0x7f98e5d20120 .functor MUXZ 8, L_0x7f98e7073248, L_0x7f98e7073200, L_0x7f98e5d1f9c0, C4<>;
L_0x7f98e5d202b0 .part L_0x7f98e5d20120, 4, 4;
L_0x7f98e5d20390 .part L_0x7f98e5d20120, 0, 4;
L_0x7f98e5d204b0 .functor MUXZ 4, L_0x7f98e5d20390, L_0x7f98e5d202b0, L_0x7f98e5d1f760, C4<>;
L_0x7f98e5d205d0 .part L_0x7f98e5d204b0, 2, 2;
L_0x7f98e5d20700 .part L_0x7f98e5d204b0, 0, 2;
L_0x7f98e5d207a0 .functor MUXZ 2, L_0x7f98e5d20700, L_0x7f98e5d205d0, L_0x7f98e5d141c0, C4<>;
L_0x7f98e5d208e0 .part L_0x7f98e5d207a0, 1, 1;
L_0x7f98e5d20980 .part L_0x7f98e5d207a0, 0, 1;
L_0x7f98e5d20840 .functor MUXZ 1, L_0x7f98e5d20980, L_0x7f98e5d208e0, L_0x7f98e5d14780, C4<>;
S_0x7f98e5fa2a40 .scope module, "ICESTORM_RAM" "ICESTORM_RAM" 2 3167;
 .timescale -12 -12;
    .port_info 0 /OUTPUT 1 "RDATA_15";
    .port_info 1 /OUTPUT 1 "RDATA_14";
    .port_info 2 /OUTPUT 1 "RDATA_13";
    .port_info 3 /OUTPUT 1 "RDATA_12";
    .port_info 4 /OUTPUT 1 "RDATA_11";
    .port_info 5 /OUTPUT 1 "RDATA_10";
    .port_info 6 /OUTPUT 1 "RDATA_9";
    .port_info 7 /OUTPUT 1 "RDATA_8";
    .port_info 8 /OUTPUT 1 "RDATA_7";
    .port_info 9 /OUTPUT 1 "RDATA_6";
    .port_info 10 /OUTPUT 1 "RDATA_5";
    .port_info 11 /OUTPUT 1 "RDATA_4";
    .port_info 12 /OUTPUT 1 "RDATA_3";
    .port_info 13 /OUTPUT 1 "RDATA_2";
    .port_info 14 /OUTPUT 1 "RDATA_1";
    .port_info 15 /OUTPUT 1 "RDATA_0";
    .port_info 16 /INPUT 1 "RCLK";
    .port_info 17 /INPUT 1 "RCLKE";
    .port_info 18 /INPUT 1 "RE";
    .port_info 19 /INPUT 1 "RADDR_10";
    .port_info 20 /INPUT 1 "RADDR_9";
    .port_info 21 /INPUT 1 "RADDR_8";
    .port_info 22 /INPUT 1 "RADDR_7";
    .port_info 23 /INPUT 1 "RADDR_6";
    .port_info 24 /INPUT 1 "RADDR_5";
    .port_info 25 /INPUT 1 "RADDR_4";
    .port_info 26 /INPUT 1 "RADDR_3";
    .port_info 27 /INPUT 1 "RADDR_2";
    .port_info 28 /INPUT 1 "RADDR_1";
    .port_info 29 /INPUT 1 "RADDR_0";
    .port_info 30 /INPUT 1 "WCLK";
    .port_info 31 /INPUT 1 "WCLKE";
    .port_info 32 /INPUT 1 "WE";
    .port_info 33 /INPUT 1 "WADDR_10";
    .port_info 34 /INPUT 1 "WADDR_9";
    .port_info 35 /INPUT 1 "WADDR_8";
    .port_info 36 /INPUT 1 "WADDR_7";
    .port_info 37 /INPUT 1 "WADDR_6";
    .port_info 38 /INPUT 1 "WADDR_5";
    .port_info 39 /INPUT 1 "WADDR_4";
    .port_info 40 /INPUT 1 "WADDR_3";
    .port_info 41 /INPUT 1 "WADDR_2";
    .port_info 42 /INPUT 1 "WADDR_1";
    .port_info 43 /INPUT 1 "WADDR_0";
    .port_info 44 /INPUT 1 "MASK_15";
    .port_info 45 /INPUT 1 "MASK_14";
    .port_info 46 /INPUT 1 "MASK_13";
    .port_info 47 /INPUT 1 "MASK_12";
    .port_info 48 /INPUT 1 "MASK_11";
    .port_info 49 /INPUT 1 "MASK_10";
    .port_info 50 /INPUT 1 "MASK_9";
    .port_info 51 /INPUT 1 "MASK_8";
    .port_info 52 /INPUT 1 "MASK_7";
    .port_info 53 /INPUT 1 "MASK_6";
    .port_info 54 /INPUT 1 "MASK_5";
    .port_info 55 /INPUT 1 "MASK_4";
    .port_info 56 /INPUT 1 "MASK_3";
    .port_info 57 /INPUT 1 "MASK_2";
    .port_info 58 /INPUT 1 "MASK_1";
    .port_info 59 /INPUT 1 "MASK_0";
    .port_info 60 /INPUT 1 "WDATA_15";
    .port_info 61 /INPUT 1 "WDATA_14";
    .port_info 62 /INPUT 1 "WDATA_13";
    .port_info 63 /INPUT 1 "WDATA_12";
    .port_info 64 /INPUT 1 "WDATA_11";
    .port_info 65 /INPUT 1 "WDATA_10";
    .port_info 66 /INPUT 1 "WDATA_9";
    .port_info 67 /INPUT 1 "WDATA_8";
    .port_info 68 /INPUT 1 "WDATA_7";
    .port_info 69 /INPUT 1 "WDATA_6";
    .port_info 70 /INPUT 1 "WDATA_5";
    .port_info 71 /INPUT 1 "WDATA_4";
    .port_info 72 /INPUT 1 "WDATA_3";
    .port_info 73 /INPUT 1 "WDATA_2";
    .port_info 74 /INPUT 1 "WDATA_1";
    .port_info 75 /INPUT 1 "WDATA_0";
P_0x7f98e681c200 .param/l "INIT_0" 0 2 3182, C4<0000000000000000000000000000000000000000000000000000000000000000000000000000000000000000000000000000000000000000000000000000000000000000000000000000000000000000000000000000000000000000000000000000000000000000000000000000000000000000000000000000000000000000>;
P_0x7f98e681c240 .param/l "INIT_1" 0 2 3183, C4<0000000000000000000000000000000000000000000000000000000000000000000000000000000000000000000000000000000000000000000000000000000000000000000000000000000000000000000000000000000000000000000000000000000000000000000000000000000000000000000000000000000000000000>;
P_0x7f98e681c280 .param/l "INIT_2" 0 2 3184, C4<0000000000000000000000000000000000000000000000000000000000000000000000000000000000000000000000000000000000000000000000000000000000000000000000000000000000000000000000000000000000000000000000000000000000000000000000000000000000000000000000000000000000000000>;
P_0x7f98e681c2c0 .param/l "INIT_3" 0 2 3185, C4<0000000000000000000000000000000000000000000000000000000000000000000000000000000000000000000000000000000000000000000000000000000000000000000000000000000000000000000000000000000000000000000000000000000000000000000000000000000000000000000000000000000000000000>;
P_0x7f98e681c300 .param/l "INIT_4" 0 2 3186, C4<0000000000000000000000000000000000000000000000000000000000000000000000000000000000000000000000000000000000000000000000000000000000000000000000000000000000000000000000000000000000000000000000000000000000000000000000000000000000000000000000000000000000000000>;
P_0x7f98e681c340 .param/l "INIT_5" 0 2 3187, C4<0000000000000000000000000000000000000000000000000000000000000000000000000000000000000000000000000000000000000000000000000000000000000000000000000000000000000000000000000000000000000000000000000000000000000000000000000000000000000000000000000000000000000000>;
P_0x7f98e681c380 .param/l "INIT_6" 0 2 3188, C4<0000000000000000000000000000000000000000000000000000000000000000000000000000000000000000000000000000000000000000000000000000000000000000000000000000000000000000000000000000000000000000000000000000000000000000000000000000000000000000000000000000000000000000>;
P_0x7f98e681c3c0 .param/l "INIT_7" 0 2 3189, C4<0000000000000000000000000000000000000000000000000000000000000000000000000000000000000000000000000000000000000000000000000000000000000000000000000000000000000000000000000000000000000000000000000000000000000000000000000000000000000000000000000000000000000000>;
P_0x7f98e681c400 .param/l "INIT_8" 0 2 3190, C4<0000000000000000000000000000000000000000000000000000000000000000000000000000000000000000000000000000000000000000000000000000000000000000000000000000000000000000000000000000000000000000000000000000000000000000000000000000000000000000000000000000000000000000>;
P_0x7f98e681c440 .param/l "INIT_9" 0 2 3191, C4<0000000000000000000000000000000000000000000000000000000000000000000000000000000000000000000000000000000000000000000000000000000000000000000000000000000000000000000000000000000000000000000000000000000000000000000000000000000000000000000000000000000000000000>;
P_0x7f98e681c480 .param/l "INIT_A" 0 2 3192, C4<0000000000000000000000000000000000000000000000000000000000000000000000000000000000000000000000000000000000000000000000000000000000000000000000000000000000000000000000000000000000000000000000000000000000000000000000000000000000000000000000000000000000000000>;
P_0x7f98e681c4c0 .param/l "INIT_B" 0 2 3193, C4<0000000000000000000000000000000000000000000000000000000000000000000000000000000000000000000000000000000000000000000000000000000000000000000000000000000000000000000000000000000000000000000000000000000000000000000000000000000000000000000000000000000000000000>;
P_0x7f98e681c500 .param/l "INIT_C" 0 2 3194, C4<0000000000000000000000000000000000000000000000000000000000000000000000000000000000000000000000000000000000000000000000000000000000000000000000000000000000000000000000000000000000000000000000000000000000000000000000000000000000000000000000000000000000000000>;
P_0x7f98e681c540 .param/l "INIT_D" 0 2 3195, C4<0000000000000000000000000000000000000000000000000000000000000000000000000000000000000000000000000000000000000000000000000000000000000000000000000000000000000000000000000000000000000000000000000000000000000000000000000000000000000000000000000000000000000000>;
P_0x7f98e681c580 .param/l "INIT_E" 0 2 3196, C4<0000000000000000000000000000000000000000000000000000000000000000000000000000000000000000000000000000000000000000000000000000000000000000000000000000000000000000000000000000000000000000000000000000000000000000000000000000000000000000000000000000000000000000>;
P_0x7f98e681c5c0 .param/l "INIT_F" 0 2 3197, C4<0000000000000000000000000000000000000000000000000000000000000000000000000000000000000000000000000000000000000000000000000000000000000000000000000000000000000000000000000000000000000000000000000000000000000000000000000000000000000000000000000000000000000000>;
P_0x7f98e681c600 .param/l "NEG_CLK_R" 0 2 3179, C4<0>;
P_0x7f98e681c640 .param/l "NEG_CLK_W" 0 2 3180, C4<0>;
P_0x7f98e681c680 .param/l "READ_MODE" 0 2 3177, +C4<00000000000000000000000000000000>;
P_0x7f98e681c6c0 .param/l "WRITE_MODE" 0 2 3176, +C4<00000000000000000000000000000000>;
L_0x7f98e7073320 .functor BUFT 1, C4<0>, C4<0>, C4<0>, C4<0>;
L_0x7f98e5d21b00 .functor XOR 1, L_0x7f98e5d21f50, L_0x7f98e7073320, C4<0>, C4<0>;
L_0x7f98e7073368 .functor BUFT 1, C4<0>, C4<0>, C4<0>, C4<0>;
L_0x7f98e5d231a0 .functor XOR 1, L_0x7f98e5d23100, L_0x7f98e7073368, C4<0>, C4<0>;
o0x7f98e70431a8 .functor BUFZ 1, C4<z>; HiZ drive
v0x7f98e5c95810_0 .net "MASK_0", 0 0, o0x7f98e70431a8;  0 drivers
o0x7f98e70431d8 .functor BUFZ 1, C4<z>; HiZ drive
v0x7f98e5c958c0_0 .net "MASK_1", 0 0, o0x7f98e70431d8;  0 drivers
o0x7f98e7043208 .functor BUFZ 1, C4<z>; HiZ drive
v0x7f98e5c95960_0 .net "MASK_10", 0 0, o0x7f98e7043208;  0 drivers
o0x7f98e7043238 .functor BUFZ 1, C4<z>; HiZ drive
v0x7f98e5c95a10_0 .net "MASK_11", 0 0, o0x7f98e7043238;  0 drivers
o0x7f98e7043268 .functor BUFZ 1, C4<z>; HiZ drive
v0x7f98e5c95ab0_0 .net "MASK_12", 0 0, o0x7f98e7043268;  0 drivers
o0x7f98e7043298 .functor BUFZ 1, C4<z>; HiZ drive
v0x7f98e5c95b90_0 .net "MASK_13", 0 0, o0x7f98e7043298;  0 drivers
o0x7f98e70432c8 .functor BUFZ 1, C4<z>; HiZ drive
v0x7f98e5c95c30_0 .net "MASK_14", 0 0, o0x7f98e70432c8;  0 drivers
o0x7f98e70432f8 .functor BUFZ 1, C4<z>; HiZ drive
v0x7f98e5c95cd0_0 .net "MASK_15", 0 0, o0x7f98e70432f8;  0 drivers
o0x7f98e7043328 .functor BUFZ 1, C4<z>; HiZ drive
v0x7f98e5c95d70_0 .net "MASK_2", 0 0, o0x7f98e7043328;  0 drivers
o0x7f98e7043358 .functor BUFZ 1, C4<z>; HiZ drive
v0x7f98e5c95e80_0 .net "MASK_3", 0 0, o0x7f98e7043358;  0 drivers
o0x7f98e7043388 .functor BUFZ 1, C4<z>; HiZ drive
v0x7f98e5c95f10_0 .net "MASK_4", 0 0, o0x7f98e7043388;  0 drivers
o0x7f98e70433b8 .functor BUFZ 1, C4<z>; HiZ drive
v0x7f98e5c95fb0_0 .net "MASK_5", 0 0, o0x7f98e70433b8;  0 drivers
o0x7f98e70433e8 .functor BUFZ 1, C4<z>; HiZ drive
v0x7f98e5c96050_0 .net "MASK_6", 0 0, o0x7f98e70433e8;  0 drivers
o0x7f98e7043418 .functor BUFZ 1, C4<z>; HiZ drive
v0x7f98e5c960f0_0 .net "MASK_7", 0 0, o0x7f98e7043418;  0 drivers
o0x7f98e7043448 .functor BUFZ 1, C4<z>; HiZ drive
v0x7f98e5c96190_0 .net "MASK_8", 0 0, o0x7f98e7043448;  0 drivers
o0x7f98e7043478 .functor BUFZ 1, C4<z>; HiZ drive
v0x7f98e5c96230_0 .net "MASK_9", 0 0, o0x7f98e7043478;  0 drivers
o0x7f98e70434a8 .functor BUFZ 1, C4<z>; HiZ drive
v0x7f98e5c962d0_0 .net "RADDR_0", 0 0, o0x7f98e70434a8;  0 drivers
o0x7f98e70434d8 .functor BUFZ 1, C4<z>; HiZ drive
v0x7f98e5c96460_0 .net "RADDR_1", 0 0, o0x7f98e70434d8;  0 drivers
o0x7f98e7043508 .functor BUFZ 1, C4<z>; HiZ drive
v0x7f98e5c964f0_0 .net "RADDR_10", 0 0, o0x7f98e7043508;  0 drivers
o0x7f98e7043538 .functor BUFZ 1, C4<z>; HiZ drive
v0x7f98e5c96580_0 .net "RADDR_2", 0 0, o0x7f98e7043538;  0 drivers
o0x7f98e7043568 .functor BUFZ 1, C4<z>; HiZ drive
v0x7f98e5c96610_0 .net "RADDR_3", 0 0, o0x7f98e7043568;  0 drivers
o0x7f98e7043598 .functor BUFZ 1, C4<z>; HiZ drive
v0x7f98e5c966b0_0 .net "RADDR_4", 0 0, o0x7f98e7043598;  0 drivers
o0x7f98e70435c8 .functor BUFZ 1, C4<z>; HiZ drive
v0x7f98e5c96750_0 .net "RADDR_5", 0 0, o0x7f98e70435c8;  0 drivers
o0x7f98e70435f8 .functor BUFZ 1, C4<z>; HiZ drive
v0x7f98e5c967f0_0 .net "RADDR_6", 0 0, o0x7f98e70435f8;  0 drivers
o0x7f98e7043628 .functor BUFZ 1, C4<z>; HiZ drive
v0x7f98e5c96890_0 .net "RADDR_7", 0 0, o0x7f98e7043628;  0 drivers
o0x7f98e7043658 .functor BUFZ 1, C4<z>; HiZ drive
v0x7f98e5c96930_0 .net "RADDR_8", 0 0, o0x7f98e7043658;  0 drivers
o0x7f98e7043688 .functor BUFZ 1, C4<z>; HiZ drive
v0x7f98e5c969d0_0 .net "RADDR_9", 0 0, o0x7f98e7043688;  0 drivers
o0x7f98e70436b8 .functor BUFZ 1, C4<z>; HiZ drive
v0x7f98e5c96a70_0 .net "RCLK", 0 0, o0x7f98e70436b8;  0 drivers
o0x7f98e70436e8 .functor BUFZ 1, C4<z>; HiZ drive
v0x7f98e5c96b10_0 .net "RCLKE", 0 0, o0x7f98e70436e8;  0 drivers
v0x7f98e5c96bb0_0 .net "RDATA_0", 0 0, L_0x7f98e5d21eb0;  1 drivers
v0x7f98e5c96c50_0 .net "RDATA_1", 0 0, L_0x7f98e5d21c10;  1 drivers
v0x7f98e5c96cf0_0 .net "RDATA_10", 0 0, L_0x7f98e5d213f0;  1 drivers
v0x7f98e5c96d90_0 .net "RDATA_11", 0 0, L_0x7f98e5d21320;  1 drivers
v0x7f98e5c96370_0 .net "RDATA_12", 0 0, L_0x7f98e5d21280;  1 drivers
v0x7f98e5c97020_0 .net "RDATA_13", 0 0, L_0x7f98e5d21120;  1 drivers
v0x7f98e5c970b0_0 .net "RDATA_14", 0 0, L_0x7f98e5d21080;  1 drivers
v0x7f98e5c97140_0 .net "RDATA_15", 0 0, L_0x7f98e5d20f70;  1 drivers
v0x7f98e5c971d0_0 .net "RDATA_2", 0 0, L_0x7f98e5d21b70;  1 drivers
v0x7f98e5c97260_0 .net "RDATA_3", 0 0, L_0x7f98e5d21a60;  1 drivers
v0x7f98e5c972f0_0 .net "RDATA_4", 0 0, L_0x7f98e5d219c0;  1 drivers
v0x7f98e5c97390_0 .net "RDATA_5", 0 0, L_0x7f98e5d218c0;  1 drivers
v0x7f98e5c97430_0 .net "RDATA_6", 0 0, L_0x7f98e5d21820;  1 drivers
v0x7f98e5c974d0_0 .net "RDATA_7", 0 0, L_0x7f98e5d21730;  1 drivers
v0x7f98e5c97570_0 .net "RDATA_8", 0 0, L_0x7f98e5d21690;  1 drivers
v0x7f98e5c97610_0 .net "RDATA_9", 0 0, L_0x7f98e5d21490;  1 drivers
o0x7f98e7043a18 .functor BUFZ 1, C4<z>; HiZ drive
v0x7f98e5c976b0_0 .net "RE", 0 0, o0x7f98e7043a18;  0 drivers
o0x7f98e7043a48 .functor BUFZ 1, C4<z>; HiZ drive
v0x7f98e5c97750_0 .net "WADDR_0", 0 0, o0x7f98e7043a48;  0 drivers
o0x7f98e7043a78 .functor BUFZ 1, C4<z>; HiZ drive
v0x7f98e5c977f0_0 .net "WADDR_1", 0 0, o0x7f98e7043a78;  0 drivers
o0x7f98e7043aa8 .functor BUFZ 1, C4<z>; HiZ drive
v0x7f98e5c97890_0 .net "WADDR_10", 0 0, o0x7f98e7043aa8;  0 drivers
o0x7f98e7043ad8 .functor BUFZ 1, C4<z>; HiZ drive
v0x7f98e5c97930_0 .net "WADDR_2", 0 0, o0x7f98e7043ad8;  0 drivers
o0x7f98e7043b08 .functor BUFZ 1, C4<z>; HiZ drive
v0x7f98e5c979d0_0 .net "WADDR_3", 0 0, o0x7f98e7043b08;  0 drivers
o0x7f98e7043b38 .functor BUFZ 1, C4<z>; HiZ drive
v0x7f98e5c97a70_0 .net "WADDR_4", 0 0, o0x7f98e7043b38;  0 drivers
o0x7f98e7043b68 .functor BUFZ 1, C4<z>; HiZ drive
v0x7f98e5c97b10_0 .net "WADDR_5", 0 0, o0x7f98e7043b68;  0 drivers
o0x7f98e7043b98 .functor BUFZ 1, C4<z>; HiZ drive
v0x7f98e5c97bb0_0 .net "WADDR_6", 0 0, o0x7f98e7043b98;  0 drivers
o0x7f98e7043bc8 .functor BUFZ 1, C4<z>; HiZ drive
v0x7f98e5c97c50_0 .net "WADDR_7", 0 0, o0x7f98e7043bc8;  0 drivers
o0x7f98e7043bf8 .functor BUFZ 1, C4<z>; HiZ drive
v0x7f98e5c97cf0_0 .net "WADDR_8", 0 0, o0x7f98e7043bf8;  0 drivers
o0x7f98e7043c28 .functor BUFZ 1, C4<z>; HiZ drive
v0x7f98e5c97d90_0 .net "WADDR_9", 0 0, o0x7f98e7043c28;  0 drivers
o0x7f98e7043c58 .functor BUFZ 1, C4<z>; HiZ drive
v0x7f98e5c97e30_0 .net "WCLK", 0 0, o0x7f98e7043c58;  0 drivers
o0x7f98e7043c88 .functor BUFZ 1, C4<z>; HiZ drive
v0x7f98e5c97ed0_0 .net "WCLKE", 0 0, o0x7f98e7043c88;  0 drivers
o0x7f98e7043cb8 .functor BUFZ 1, C4<z>; HiZ drive
v0x7f98e5c97f70_0 .net "WDATA_0", 0 0, o0x7f98e7043cb8;  0 drivers
o0x7f98e7043ce8 .functor BUFZ 1, C4<z>; HiZ drive
v0x7f98e5c98010_0 .net "WDATA_1", 0 0, o0x7f98e7043ce8;  0 drivers
o0x7f98e7043d18 .functor BUFZ 1, C4<z>; HiZ drive
v0x7f98e5c980b0_0 .net "WDATA_10", 0 0, o0x7f98e7043d18;  0 drivers
o0x7f98e7043d48 .functor BUFZ 1, C4<z>; HiZ drive
v0x7f98e5c98150_0 .net "WDATA_11", 0 0, o0x7f98e7043d48;  0 drivers
o0x7f98e7043d78 .functor BUFZ 1, C4<z>; HiZ drive
v0x7f98e5c981f0_0 .net "WDATA_12", 0 0, o0x7f98e7043d78;  0 drivers
o0x7f98e7043da8 .functor BUFZ 1, C4<z>; HiZ drive
v0x7f98e5c98290_0 .net "WDATA_13", 0 0, o0x7f98e7043da8;  0 drivers
o0x7f98e7043dd8 .functor BUFZ 1, C4<z>; HiZ drive
v0x7f98e5c96e30_0 .net "WDATA_14", 0 0, o0x7f98e7043dd8;  0 drivers
o0x7f98e7043e08 .functor BUFZ 1, C4<z>; HiZ drive
v0x7f98e5c96ed0_0 .net "WDATA_15", 0 0, o0x7f98e7043e08;  0 drivers
o0x7f98e7043e38 .functor BUFZ 1, C4<z>; HiZ drive
v0x7f98e5c96f70_0 .net "WDATA_2", 0 0, o0x7f98e7043e38;  0 drivers
o0x7f98e7043e68 .functor BUFZ 1, C4<z>; HiZ drive
v0x7f98e5c98320_0 .net "WDATA_3", 0 0, o0x7f98e7043e68;  0 drivers
o0x7f98e7043e98 .functor BUFZ 1, C4<z>; HiZ drive
v0x7f98e5c983b0_0 .net "WDATA_4", 0 0, o0x7f98e7043e98;  0 drivers
o0x7f98e7043ec8 .functor BUFZ 1, C4<z>; HiZ drive
v0x7f98e5c98450_0 .net "WDATA_5", 0 0, o0x7f98e7043ec8;  0 drivers
o0x7f98e7043ef8 .functor BUFZ 1, C4<z>; HiZ drive
v0x7f98e5c984f0_0 .net "WDATA_6", 0 0, o0x7f98e7043ef8;  0 drivers
o0x7f98e7043f28 .functor BUFZ 1, C4<z>; HiZ drive
v0x7f98e5c98590_0 .net "WDATA_7", 0 0, o0x7f98e7043f28;  0 drivers
o0x7f98e7043f58 .functor BUFZ 1, C4<z>; HiZ drive
v0x7f98e5c98630_0 .net "WDATA_8", 0 0, o0x7f98e7043f58;  0 drivers
o0x7f98e7043f88 .functor BUFZ 1, C4<z>; HiZ drive
v0x7f98e5c986d0_0 .net "WDATA_9", 0 0, o0x7f98e7043f88;  0 drivers
o0x7f98e7043fb8 .functor BUFZ 1, C4<z>; HiZ drive
v0x7f98e5c98770_0 .net "WE", 0 0, o0x7f98e7043fb8;  0 drivers
v0x7f98e5c98810_0 .net *"_ivl_100", 0 0, L_0x7f98e5d24520;  1 drivers
v0x7f98e5c988c0_0 .net *"_ivl_102", 0 0, L_0x7f98e5d24600;  1 drivers
v0x7f98e5c98970_0 .net *"_ivl_104", 0 0, L_0x7f98e5d24700;  1 drivers
v0x7f98e5c98a20_0 .net *"_ivl_106", 0 0, L_0x7f98e5d247e0;  1 drivers
v0x7f98e5c98ad0_0 .net *"_ivl_108", 0 0, L_0x7f98e5d248f0;  1 drivers
v0x7f98e5c98b80_0 .net *"_ivl_110", 0 0, L_0x7f98e5d249e0;  1 drivers
v0x7f98e5c98c30_0 .net *"_ivl_112", 0 0, L_0x7f98e5d24ad0;  1 drivers
v0x7f98e5c98ce0_0 .net *"_ivl_114", 0 0, L_0x7f98e5d24bc0;  1 drivers
v0x7f98e5c98d90_0 .net *"_ivl_116", 0 0, L_0x7f98e5d24cc0;  1 drivers
v0x7f98e5c98e40_0 .net *"_ivl_120", 0 0, L_0x7f98e5d24ec0;  1 drivers
v0x7f98e5c98ef0_0 .net *"_ivl_122", 0 0, L_0x7f98e5d24f60;  1 drivers
v0x7f98e5c98fa0_0 .net *"_ivl_124", 0 0, L_0x7f98e5d25000;  1 drivers
v0x7f98e5c99050_0 .net *"_ivl_126", 0 0, L_0x7f98e5d25710;  1 drivers
v0x7f98e5c99100_0 .net *"_ivl_128", 0 0, L_0x7f98e5d25500;  1 drivers
v0x7f98e5c991b0_0 .net *"_ivl_130", 0 0, L_0x7f98e5d255a0;  1 drivers
v0x7f98e5c99260_0 .net *"_ivl_132", 0 0, L_0x7f98e5d25640;  1 drivers
v0x7f98e5c99310_0 .net *"_ivl_134", 0 0, L_0x7f98e5d259e0;  1 drivers
v0x7f98e5c993c0_0 .net *"_ivl_136", 0 0, L_0x7f98e5d257b0;  1 drivers
v0x7f98e5c99470_0 .net *"_ivl_138", 0 0, L_0x7f98e5d258a0;  1 drivers
v0x7f98e5c99520_0 .net *"_ivl_140", 0 0, L_0x7f98e5d25d10;  1 drivers
v0x7f98e5c995d0_0 .net *"_ivl_142", 0 0, L_0x7f98e5d25db0;  1 drivers
v0x7f98e5c99680_0 .net *"_ivl_144", 0 0, L_0x7f98e5d25ac0;  1 drivers
v0x7f98e5c99730_0 .net *"_ivl_146", 0 0, L_0x7f98e5d25bb0;  1 drivers
v0x7f98e5c997e0_0 .net *"_ivl_148", 0 0, L_0x7f98e5d26110;  1 drivers
v0x7f98e5c99890_0 .net *"_ivl_150", 0 0, L_0x7f98e5d261b0;  1 drivers
v0x7f98e5c99940_0 .net *"_ivl_18", 0 0, L_0x7f98e5d21f50;  1 drivers
v0x7f98e5c999f0_0 .net/2u *"_ivl_19", 0 0, L_0x7f98e7073320;  1 drivers
v0x7f98e5c99aa0_0 .net *"_ivl_28", 0 0, L_0x7f98e5d22270;  1 drivers
v0x7f98e5c99b50_0 .net *"_ivl_30", 0 0, L_0x7f98e5d22360;  1 drivers
v0x7f98e5c99c00_0 .net *"_ivl_32", 0 0, L_0x7f98e5d221d0;  1 drivers
v0x7f98e5c99cb0_0 .net *"_ivl_34", 0 0, L_0x7f98e5d22500;  1 drivers
v0x7f98e5c99d60_0 .net *"_ivl_36", 0 0, L_0x7f98e5d22680;  1 drivers
v0x7f98e5c99e10_0 .net *"_ivl_38", 0 0, L_0x7f98e5d22760;  1 drivers
v0x7f98e5c99ec0_0 .net *"_ivl_40", 0 0, L_0x7f98e5d22450;  1 drivers
v0x7f98e5c99f70_0 .net *"_ivl_42", 0 0, L_0x7f98e5d22960;  1 drivers
v0x7f98e5c9a020_0 .net *"_ivl_44", 0 0, L_0x7f98e5d225c0;  1 drivers
v0x7f98e5c9a0d0_0 .net *"_ivl_46", 0 0, L_0x7f98e5d22b70;  1 drivers
v0x7f98e5c9a180_0 .net *"_ivl_48", 0 0, L_0x7f98e5d22850;  1 drivers
v0x7f98e5c9a230_0 .net *"_ivl_52", 0 0, L_0x7f98e5d23100;  1 drivers
v0x7f98e5c9a2e0_0 .net/2u *"_ivl_53", 0 0, L_0x7f98e7073368;  1 drivers
v0x7f98e5c9a390_0 .net *"_ivl_62", 0 0, L_0x7f98e5d23360;  1 drivers
v0x7f98e5c9a440_0 .net *"_ivl_64", 0 0, L_0x7f98e5d23250;  1 drivers
v0x7f98e5c9a4f0_0 .net *"_ivl_66", 0 0, L_0x7f98e5d23520;  1 drivers
v0x7f98e5c9a5a0_0 .net *"_ivl_68", 0 0, L_0x7f98e5d23400;  1 drivers
v0x7f98e5c9a650_0 .net *"_ivl_70", 0 0, L_0x7f98e5d23710;  1 drivers
v0x7f98e5c9a700_0 .net *"_ivl_72", 0 0, L_0x7f98e5d235e0;  1 drivers
v0x7f98e5c9a7b0_0 .net *"_ivl_74", 0 0, L_0x7f98e5d23910;  1 drivers
v0x7f98e5c9a860_0 .net *"_ivl_76", 0 0, L_0x7f98e5d237d0;  1 drivers
v0x7f98e5c9a910_0 .net *"_ivl_78", 0 0, L_0x7f98e5d23b20;  1 drivers
v0x7f98e5c9a9c0_0 .net *"_ivl_80", 0 0, L_0x7f98e5d239d0;  1 drivers
v0x7f98e5c9aa70_0 .net *"_ivl_82", 0 0, L_0x7f98e5d23d20;  1 drivers
v0x7f98e5c9ab20_0 .net *"_ivl_86", 0 0, L_0x7f98e5d241b0;  1 drivers
v0x7f98e5c9abd0_0 .net *"_ivl_88", 0 0, L_0x7f98e5d23dc0;  1 drivers
v0x7f98e5c9ac80_0 .net *"_ivl_90", 0 0, L_0x7f98e5d23e60;  1 drivers
v0x7f98e5c9ad30_0 .net *"_ivl_92", 0 0, L_0x7f98e5d243e0;  1 drivers
v0x7f98e5c9ade0_0 .net *"_ivl_94", 0 0, L_0x7f98e5d24480;  1 drivers
v0x7f98e5c9ae90_0 .net *"_ivl_96", 0 0, L_0x7f98e5d24250;  1 drivers
v0x7f98e5c9af40_0 .net *"_ivl_98", 0 0, L_0x7f98e5d24330;  1 drivers
L_0x7f98e5d20f70 .part v0x7f98e5c948a0_0, 15, 1;
L_0x7f98e5d21080 .part v0x7f98e5c948a0_0, 14, 1;
L_0x7f98e5d21120 .part v0x7f98e5c948a0_0, 13, 1;
L_0x7f98e5d21280 .part v0x7f98e5c948a0_0, 12, 1;
L_0x7f98e5d21320 .part v0x7f98e5c948a0_0, 11, 1;
L_0x7f98e5d213f0 .part v0x7f98e5c948a0_0, 10, 1;
L_0x7f98e5d21490 .part v0x7f98e5c948a0_0, 9, 1;
L_0x7f98e5d21690 .part v0x7f98e5c948a0_0, 8, 1;
L_0x7f98e5d21730 .part v0x7f98e5c948a0_0, 7, 1;
L_0x7f98e5d21820 .part v0x7f98e5c948a0_0, 6, 1;
L_0x7f98e5d218c0 .part v0x7f98e5c948a0_0, 5, 1;
L_0x7f98e5d219c0 .part v0x7f98e5c948a0_0, 4, 1;
L_0x7f98e5d21a60 .part v0x7f98e5c948a0_0, 3, 1;
L_0x7f98e5d21b70 .part v0x7f98e5c948a0_0, 2, 1;
L_0x7f98e5d21c10 .part v0x7f98e5c948a0_0, 1, 1;
L_0x7f98e5d21eb0 .part v0x7f98e5c948a0_0, 0, 1;
L_0x7f98e5d21f50 .ufunc/vec4 TD_ICESTORM_RAM.pd, 1, o0x7f98e70436b8 (v0x7f98e5c954c0_0) S_0x7f98e5c952c0;
L_0x7f98e5d22070 .ufunc/vec4 TD_ICESTORM_RAM.pu, 1, o0x7f98e70436e8 (v0x7f98e5c95770_0) S_0x7f98e5c95550;
L_0x7f98e5d22110 .ufunc/vec4 TD_ICESTORM_RAM.pd, 1, o0x7f98e7043a18 (v0x7f98e5c954c0_0) S_0x7f98e5c952c0;
L_0x7f98e5d22270 .ufunc/vec4 TD_ICESTORM_RAM.pd, 1, o0x7f98e7043508 (v0x7f98e5c954c0_0) S_0x7f98e5c952c0;
L_0x7f98e5d22360 .ufunc/vec4 TD_ICESTORM_RAM.pd, 1, o0x7f98e7043688 (v0x7f98e5c954c0_0) S_0x7f98e5c952c0;
L_0x7f98e5d221d0 .ufunc/vec4 TD_ICESTORM_RAM.pd, 1, o0x7f98e7043658 (v0x7f98e5c954c0_0) S_0x7f98e5c952c0;
L_0x7f98e5d22500 .ufunc/vec4 TD_ICESTORM_RAM.pd, 1, o0x7f98e7043628 (v0x7f98e5c954c0_0) S_0x7f98e5c952c0;
L_0x7f98e5d22680 .ufunc/vec4 TD_ICESTORM_RAM.pd, 1, o0x7f98e70435f8 (v0x7f98e5c954c0_0) S_0x7f98e5c952c0;
L_0x7f98e5d22760 .ufunc/vec4 TD_ICESTORM_RAM.pd, 1, o0x7f98e70435c8 (v0x7f98e5c954c0_0) S_0x7f98e5c952c0;
L_0x7f98e5d22450 .ufunc/vec4 TD_ICESTORM_RAM.pd, 1, o0x7f98e7043598 (v0x7f98e5c954c0_0) S_0x7f98e5c952c0;
L_0x7f98e5d22960 .ufunc/vec4 TD_ICESTORM_RAM.pd, 1, o0x7f98e7043568 (v0x7f98e5c954c0_0) S_0x7f98e5c952c0;
L_0x7f98e5d225c0 .ufunc/vec4 TD_ICESTORM_RAM.pd, 1, o0x7f98e7043538 (v0x7f98e5c954c0_0) S_0x7f98e5c952c0;
L_0x7f98e5d22b70 .ufunc/vec4 TD_ICESTORM_RAM.pd, 1, o0x7f98e70434d8 (v0x7f98e5c954c0_0) S_0x7f98e5c952c0;
L_0x7f98e5d22850 .ufunc/vec4 TD_ICESTORM_RAM.pd, 1, o0x7f98e70434a8 (v0x7f98e5c954c0_0) S_0x7f98e5c952c0;
LS_0x7f98e5d22d60_0_0 .concat [ 1 1 1 1], L_0x7f98e5d22850, L_0x7f98e5d22b70, L_0x7f98e5d225c0, L_0x7f98e5d22960;
LS_0x7f98e5d22d60_0_4 .concat [ 1 1 1 1], L_0x7f98e5d22450, L_0x7f98e5d22760, L_0x7f98e5d22680, L_0x7f98e5d22500;
LS_0x7f98e5d22d60_0_8 .concat [ 1 1 1 0], L_0x7f98e5d221d0, L_0x7f98e5d22360, L_0x7f98e5d22270;
L_0x7f98e5d22d60 .concat [ 4 4 3 0], LS_0x7f98e5d22d60_0_0, LS_0x7f98e5d22d60_0_4, LS_0x7f98e5d22d60_0_8;
L_0x7f98e5d23100 .ufunc/vec4 TD_ICESTORM_RAM.pd, 1, o0x7f98e7043c58 (v0x7f98e5c954c0_0) S_0x7f98e5c952c0;
L_0x7f98e5d22c90 .ufunc/vec4 TD_ICESTORM_RAM.pu, 1, o0x7f98e7043c88 (v0x7f98e5c95770_0) S_0x7f98e5c95550;
L_0x7f98e5d23000 .ufunc/vec4 TD_ICESTORM_RAM.pd, 1, o0x7f98e7043fb8 (v0x7f98e5c954c0_0) S_0x7f98e5c952c0;
L_0x7f98e5d23360 .ufunc/vec4 TD_ICESTORM_RAM.pd, 1, o0x7f98e7043aa8 (v0x7f98e5c954c0_0) S_0x7f98e5c952c0;
L_0x7f98e5d23250 .ufunc/vec4 TD_ICESTORM_RAM.pd, 1, o0x7f98e7043c28 (v0x7f98e5c954c0_0) S_0x7f98e5c952c0;
L_0x7f98e5d23520 .ufunc/vec4 TD_ICESTORM_RAM.pd, 1, o0x7f98e7043bf8 (v0x7f98e5c954c0_0) S_0x7f98e5c952c0;
L_0x7f98e5d23400 .ufunc/vec4 TD_ICESTORM_RAM.pd, 1, o0x7f98e7043bc8 (v0x7f98e5c954c0_0) S_0x7f98e5c952c0;
L_0x7f98e5d23710 .ufunc/vec4 TD_ICESTORM_RAM.pd, 1, o0x7f98e7043b98 (v0x7f98e5c954c0_0) S_0x7f98e5c952c0;
L_0x7f98e5d235e0 .ufunc/vec4 TD_ICESTORM_RAM.pd, 1, o0x7f98e7043b68 (v0x7f98e5c954c0_0) S_0x7f98e5c952c0;
L_0x7f98e5d23910 .ufunc/vec4 TD_ICESTORM_RAM.pd, 1, o0x7f98e7043b38 (v0x7f98e5c954c0_0) S_0x7f98e5c952c0;
L_0x7f98e5d237d0 .ufunc/vec4 TD_ICESTORM_RAM.pd, 1, o0x7f98e7043b08 (v0x7f98e5c954c0_0) S_0x7f98e5c952c0;
L_0x7f98e5d23b20 .ufunc/vec4 TD_ICESTORM_RAM.pd, 1, o0x7f98e7043ad8 (v0x7f98e5c954c0_0) S_0x7f98e5c952c0;
L_0x7f98e5d239d0 .ufunc/vec4 TD_ICESTORM_RAM.pd, 1, o0x7f98e7043a78 (v0x7f98e5c954c0_0) S_0x7f98e5c952c0;
L_0x7f98e5d23d20 .ufunc/vec4 TD_ICESTORM_RAM.pd, 1, o0x7f98e7043a48 (v0x7f98e5c954c0_0) S_0x7f98e5c952c0;
LS_0x7f98e5d23bc0_0_0 .concat [ 1 1 1 1], L_0x7f98e5d23d20, L_0x7f98e5d239d0, L_0x7f98e5d23b20, L_0x7f98e5d237d0;
LS_0x7f98e5d23bc0_0_4 .concat [ 1 1 1 1], L_0x7f98e5d23910, L_0x7f98e5d235e0, L_0x7f98e5d23710, L_0x7f98e5d23400;
LS_0x7f98e5d23bc0_0_8 .concat [ 1 1 1 0], L_0x7f98e5d23520, L_0x7f98e5d23250, L_0x7f98e5d23360;
L_0x7f98e5d23bc0 .concat [ 4 4 3 0], LS_0x7f98e5d23bc0_0_0, LS_0x7f98e5d23bc0_0_4, LS_0x7f98e5d23bc0_0_8;
L_0x7f98e5d241b0 .ufunc/vec4 TD_ICESTORM_RAM.pd, 1, o0x7f98e70432f8 (v0x7f98e5c954c0_0) S_0x7f98e5c952c0;
L_0x7f98e5d23dc0 .ufunc/vec4 TD_ICESTORM_RAM.pd, 1, o0x7f98e70432c8 (v0x7f98e5c954c0_0) S_0x7f98e5c952c0;
L_0x7f98e5d23e60 .ufunc/vec4 TD_ICESTORM_RAM.pd, 1, o0x7f98e7043298 (v0x7f98e5c954c0_0) S_0x7f98e5c952c0;
L_0x7f98e5d243e0 .ufunc/vec4 TD_ICESTORM_RAM.pd, 1, o0x7f98e7043268 (v0x7f98e5c954c0_0) S_0x7f98e5c952c0;
L_0x7f98e5d24480 .ufunc/vec4 TD_ICESTORM_RAM.pd, 1, o0x7f98e7043238 (v0x7f98e5c954c0_0) S_0x7f98e5c952c0;
L_0x7f98e5d24250 .ufunc/vec4 TD_ICESTORM_RAM.pd, 1, o0x7f98e7043208 (v0x7f98e5c954c0_0) S_0x7f98e5c952c0;
L_0x7f98e5d24330 .ufunc/vec4 TD_ICESTORM_RAM.pd, 1, o0x7f98e7043478 (v0x7f98e5c954c0_0) S_0x7f98e5c952c0;
L_0x7f98e5d24520 .ufunc/vec4 TD_ICESTORM_RAM.pd, 1, o0x7f98e7043448 (v0x7f98e5c954c0_0) S_0x7f98e5c952c0;
L_0x7f98e5d24600 .ufunc/vec4 TD_ICESTORM_RAM.pd, 1, o0x7f98e7043418 (v0x7f98e5c954c0_0) S_0x7f98e5c952c0;
L_0x7f98e5d24700 .ufunc/vec4 TD_ICESTORM_RAM.pd, 1, o0x7f98e70433e8 (v0x7f98e5c954c0_0) S_0x7f98e5c952c0;
L_0x7f98e5d247e0 .ufunc/vec4 TD_ICESTORM_RAM.pd, 1, o0x7f98e70433b8 (v0x7f98e5c954c0_0) S_0x7f98e5c952c0;
L_0x7f98e5d248f0 .ufunc/vec4 TD_ICESTORM_RAM.pd, 1, o0x7f98e7043388 (v0x7f98e5c954c0_0) S_0x7f98e5c952c0;
L_0x7f98e5d249e0 .ufunc/vec4 TD_ICESTORM_RAM.pd, 1, o0x7f98e7043358 (v0x7f98e5c954c0_0) S_0x7f98e5c952c0;
L_0x7f98e5d24ad0 .ufunc/vec4 TD_ICESTORM_RAM.pd, 1, o0x7f98e7043328 (v0x7f98e5c954c0_0) S_0x7f98e5c952c0;
L_0x7f98e5d24bc0 .ufunc/vec4 TD_ICESTORM_RAM.pd, 1, o0x7f98e70431d8 (v0x7f98e5c954c0_0) S_0x7f98e5c952c0;
L_0x7f98e5d24cc0 .ufunc/vec4 TD_ICESTORM_RAM.pd, 1, o0x7f98e70431a8 (v0x7f98e5c954c0_0) S_0x7f98e5c952c0;
LS_0x7f98e5d24da0_0_0 .concat [ 1 1 1 1], L_0x7f98e5d24cc0, L_0x7f98e5d24bc0, L_0x7f98e5d24ad0, L_0x7f98e5d249e0;
LS_0x7f98e5d24da0_0_4 .concat [ 1 1 1 1], L_0x7f98e5d248f0, L_0x7f98e5d247e0, L_0x7f98e5d24700, L_0x7f98e5d24600;
LS_0x7f98e5d24da0_0_8 .concat [ 1 1 1 1], L_0x7f98e5d24520, L_0x7f98e5d24330, L_0x7f98e5d24250, L_0x7f98e5d24480;
LS_0x7f98e5d24da0_0_12 .concat [ 1 1 1 1], L_0x7f98e5d243e0, L_0x7f98e5d23e60, L_0x7f98e5d23dc0, L_0x7f98e5d241b0;
L_0x7f98e5d24da0 .concat [ 4 4 4 4], LS_0x7f98e5d24da0_0_0, LS_0x7f98e5d24da0_0_4, LS_0x7f98e5d24da0_0_8, LS_0x7f98e5d24da0_0_12;
L_0x7f98e5d24ec0 .ufunc/vec4 TD_ICESTORM_RAM.pd, 1, o0x7f98e7043e08 (v0x7f98e5c954c0_0) S_0x7f98e5c952c0;
L_0x7f98e5d24f60 .ufunc/vec4 TD_ICESTORM_RAM.pd, 1, o0x7f98e7043dd8 (v0x7f98e5c954c0_0) S_0x7f98e5c952c0;
L_0x7f98e5d25000 .ufunc/vec4 TD_ICESTORM_RAM.pd, 1, o0x7f98e7043da8 (v0x7f98e5c954c0_0) S_0x7f98e5c952c0;
L_0x7f98e5d25710 .ufunc/vec4 TD_ICESTORM_RAM.pd, 1, o0x7f98e7043d78 (v0x7f98e5c954c0_0) S_0x7f98e5c952c0;
L_0x7f98e5d25500 .ufunc/vec4 TD_ICESTORM_RAM.pd, 1, o0x7f98e7043d48 (v0x7f98e5c954c0_0) S_0x7f98e5c952c0;
L_0x7f98e5d255a0 .ufunc/vec4 TD_ICESTORM_RAM.pd, 1, o0x7f98e7043d18 (v0x7f98e5c954c0_0) S_0x7f98e5c952c0;
L_0x7f98e5d25640 .ufunc/vec4 TD_ICESTORM_RAM.pd, 1, o0x7f98e7043f88 (v0x7f98e5c954c0_0) S_0x7f98e5c952c0;
L_0x7f98e5d259e0 .ufunc/vec4 TD_ICESTORM_RAM.pd, 1, o0x7f98e7043f58 (v0x7f98e5c954c0_0) S_0x7f98e5c952c0;
L_0x7f98e5d257b0 .ufunc/vec4 TD_ICESTORM_RAM.pd, 1, o0x7f98e7043f28 (v0x7f98e5c954c0_0) S_0x7f98e5c952c0;
L_0x7f98e5d258a0 .ufunc/vec4 TD_ICESTORM_RAM.pd, 1, o0x7f98e7043ef8 (v0x7f98e5c954c0_0) S_0x7f98e5c952c0;
L_0x7f98e5d25d10 .ufunc/vec4 TD_ICESTORM_RAM.pd, 1, o0x7f98e7043ec8 (v0x7f98e5c954c0_0) S_0x7f98e5c952c0;
L_0x7f98e5d25db0 .ufunc/vec4 TD_ICESTORM_RAM.pd, 1, o0x7f98e7043e98 (v0x7f98e5c954c0_0) S_0x7f98e5c952c0;
L_0x7f98e5d25ac0 .ufunc/vec4 TD_ICESTORM_RAM.pd, 1, o0x7f98e7043e68 (v0x7f98e5c954c0_0) S_0x7f98e5c952c0;
L_0x7f98e5d25bb0 .ufunc/vec4 TD_ICESTORM_RAM.pd, 1, o0x7f98e7043e38 (v0x7f98e5c954c0_0) S_0x7f98e5c952c0;
L_0x7f98e5d26110 .ufunc/vec4 TD_ICESTORM_RAM.pd, 1, o0x7f98e7043ce8 (v0x7f98e5c954c0_0) S_0x7f98e5c952c0;
L_0x7f98e5d261b0 .ufunc/vec4 TD_ICESTORM_RAM.pd, 1, o0x7f98e7043cb8 (v0x7f98e5c954c0_0) S_0x7f98e5c952c0;
LS_0x7f98e5d25ea0_0_0 .concat [ 1 1 1 1], L_0x7f98e5d261b0, L_0x7f98e5d26110, L_0x7f98e5d25bb0, L_0x7f98e5d25ac0;
LS_0x7f98e5d25ea0_0_4 .concat [ 1 1 1 1], L_0x7f98e5d25db0, L_0x7f98e5d25d10, L_0x7f98e5d258a0, L_0x7f98e5d257b0;
LS_0x7f98e5d25ea0_0_8 .concat [ 1 1 1 1], L_0x7f98e5d259e0, L_0x7f98e5d25640, L_0x7f98e5d255a0, L_0x7f98e5d25500;
LS_0x7f98e5d25ea0_0_12 .concat [ 1 1 1 1], L_0x7f98e5d25710, L_0x7f98e5d25000, L_0x7f98e5d24f60, L_0x7f98e5d24ec0;
L_0x7f98e5d25ea0 .concat [ 4 4 4 4], LS_0x7f98e5d25ea0_0_0, LS_0x7f98e5d25ea0_0_4, LS_0x7f98e5d25ea0_0_8, LS_0x7f98e5d25ea0_0_12;
S_0x7f98e5c92500 .scope module, "RAM" "SB_RAM40_4K" 2 3233, 2 1487 0, S_0x7f98e5fa2a40;
 .timescale -12 -12;
    .port_info 0 /OUTPUT 16 "RDATA";
    .port_info 1 /INPUT 1 "RCLK";
    .port_info 2 /INPUT 1 "RCLKE";
    .port_info 3 /INPUT 1 "RE";
    .port_info 4 /INPUT 11 "RADDR";
    .port_info 5 /INPUT 1 "WCLK";
    .port_info 6 /INPUT 1 "WCLKE";
    .port_info 7 /INPUT 1 "WE";
    .port_info 8 /INPUT 11 "WADDR";
    .port_info 9 /INPUT 16 "MASK";
    .port_info 10 /INPUT 16 "WDATA";
P_0x7f98e601b000 .param/l "INIT_0" 0 2 1507, C4<0000000000000000000000000000000000000000000000000000000000000000000000000000000000000000000000000000000000000000000000000000000000000000000000000000000000000000000000000000000000000000000000000000000000000000000000000000000000000000000000000000000000000000>;
P_0x7f98e601b040 .param/l "INIT_1" 0 2 1508, C4<0000000000000000000000000000000000000000000000000000000000000000000000000000000000000000000000000000000000000000000000000000000000000000000000000000000000000000000000000000000000000000000000000000000000000000000000000000000000000000000000000000000000000000>;
P_0x7f98e601b080 .param/l "INIT_2" 0 2 1509, C4<0000000000000000000000000000000000000000000000000000000000000000000000000000000000000000000000000000000000000000000000000000000000000000000000000000000000000000000000000000000000000000000000000000000000000000000000000000000000000000000000000000000000000000>;
P_0x7f98e601b0c0 .param/l "INIT_3" 0 2 1510, C4<0000000000000000000000000000000000000000000000000000000000000000000000000000000000000000000000000000000000000000000000000000000000000000000000000000000000000000000000000000000000000000000000000000000000000000000000000000000000000000000000000000000000000000>;
P_0x7f98e601b100 .param/l "INIT_4" 0 2 1511, C4<0000000000000000000000000000000000000000000000000000000000000000000000000000000000000000000000000000000000000000000000000000000000000000000000000000000000000000000000000000000000000000000000000000000000000000000000000000000000000000000000000000000000000000>;
P_0x7f98e601b140 .param/l "INIT_5" 0 2 1512, C4<0000000000000000000000000000000000000000000000000000000000000000000000000000000000000000000000000000000000000000000000000000000000000000000000000000000000000000000000000000000000000000000000000000000000000000000000000000000000000000000000000000000000000000>;
P_0x7f98e601b180 .param/l "INIT_6" 0 2 1513, C4<0000000000000000000000000000000000000000000000000000000000000000000000000000000000000000000000000000000000000000000000000000000000000000000000000000000000000000000000000000000000000000000000000000000000000000000000000000000000000000000000000000000000000000>;
P_0x7f98e601b1c0 .param/l "INIT_7" 0 2 1514, C4<0000000000000000000000000000000000000000000000000000000000000000000000000000000000000000000000000000000000000000000000000000000000000000000000000000000000000000000000000000000000000000000000000000000000000000000000000000000000000000000000000000000000000000>;
P_0x7f98e601b200 .param/l "INIT_8" 0 2 1515, C4<0000000000000000000000000000000000000000000000000000000000000000000000000000000000000000000000000000000000000000000000000000000000000000000000000000000000000000000000000000000000000000000000000000000000000000000000000000000000000000000000000000000000000000>;
P_0x7f98e601b240 .param/l "INIT_9" 0 2 1516, C4<0000000000000000000000000000000000000000000000000000000000000000000000000000000000000000000000000000000000000000000000000000000000000000000000000000000000000000000000000000000000000000000000000000000000000000000000000000000000000000000000000000000000000000>;
P_0x7f98e601b280 .param/l "INIT_A" 0 2 1517, C4<0000000000000000000000000000000000000000000000000000000000000000000000000000000000000000000000000000000000000000000000000000000000000000000000000000000000000000000000000000000000000000000000000000000000000000000000000000000000000000000000000000000000000000>;
P_0x7f98e601b2c0 .param/l "INIT_B" 0 2 1518, C4<0000000000000000000000000000000000000000000000000000000000000000000000000000000000000000000000000000000000000000000000000000000000000000000000000000000000000000000000000000000000000000000000000000000000000000000000000000000000000000000000000000000000000000>;
P_0x7f98e601b300 .param/l "INIT_C" 0 2 1519, C4<0000000000000000000000000000000000000000000000000000000000000000000000000000000000000000000000000000000000000000000000000000000000000000000000000000000000000000000000000000000000000000000000000000000000000000000000000000000000000000000000000000000000000000>;
P_0x7f98e601b340 .param/l "INIT_D" 0 2 1520, C4<0000000000000000000000000000000000000000000000000000000000000000000000000000000000000000000000000000000000000000000000000000000000000000000000000000000000000000000000000000000000000000000000000000000000000000000000000000000000000000000000000000000000000000>;
P_0x7f98e601b380 .param/l "INIT_E" 0 2 1521, C4<0000000000000000000000000000000000000000000000000000000000000000000000000000000000000000000000000000000000000000000000000000000000000000000000000000000000000000000000000000000000000000000000000000000000000000000000000000000000000000000000000000000000000000>;
P_0x7f98e601b3c0 .param/l "INIT_F" 0 2 1522, C4<0000000000000000000000000000000000000000000000000000000000000000000000000000000000000000000000000000000000000000000000000000000000000000000000000000000000000000000000000000000000000000000000000000000000000000000000000000000000000000000000000000000000000000>;
P_0x7f98e601b400 .param/str "INIT_FILE" 0 2 1524, "\000";
P_0x7f98e601b440 .param/l "READ_MODE" 0 2 1505, +C4<00000000000000000000000000000000>;
P_0x7f98e601b480 .param/l "WRITE_MODE" 0 2 1504, +C4<00000000000000000000000000000000>;
v0x7f98e5c94520_0 .net "MASK", 15 0, L_0x7f98e5d24da0;  1 drivers
v0x7f98e5c945b0_0 .net "RADDR", 10 0, L_0x7f98e5d22d60;  1 drivers
v0x7f98e5c94660_0 .net "RCLK", 0 0, L_0x7f98e5d21b00;  1 drivers
v0x7f98e5c94710_0 .net "RCLKE", 0 0, L_0x7f98e5d22070;  1 drivers
v0x7f98e5c947b0_0 .net "RDATA", 15 0, v0x7f98e5c948a0_0;  1 drivers
v0x7f98e5c948a0_0 .var "RDATA_I", 15 0;
v0x7f98e5c94950_0 .net "RE", 0 0, L_0x7f98e5d22110;  1 drivers
L_0x7f98e70732d8 .functor BUFT 1, C4<0000000000000000>, C4<0>, C4<0>, C4<0>;
v0x7f98e5c949f0_0 .net "RMASK_I", 15 0, L_0x7f98e70732d8;  1 drivers
v0x7f98e5c94aa0_0 .net "WADDR", 10 0, L_0x7f98e5d23bc0;  1 drivers
v0x7f98e5c94bb0_0 .net "WCLK", 0 0, L_0x7f98e5d231a0;  1 drivers
v0x7f98e5c94c50_0 .net "WCLKE", 0 0, L_0x7f98e5d22c90;  1 drivers
v0x7f98e5c94cf0_0 .net "WDATA", 15 0, L_0x7f98e5d25ea0;  1 drivers
v0x7f98e5c94da0_0 .net "WDATA_I", 15 0, L_0x7f98e5d20e10;  1 drivers
v0x7f98e5c94e50_0 .net "WE", 0 0, L_0x7f98e5d23000;  1 drivers
v0x7f98e5c94ef0_0 .net "WMASK_I", 15 0, L_0x7f98e5d20d60;  1 drivers
v0x7f98e5c94fa0_0 .var/i "i", 31 0;
v0x7f98e5c95050 .array "memory", 255 0, 15 0;
E_0x7f98e5c93da0 .event posedge, v0x7f98e5c94660_0;
E_0x7f98e5c93e00 .event posedge, v0x7f98e5c94bb0_0;
S_0x7f98e5c93e50 .scope generate, "genblk1" "genblk1" 2 1534, 2 1534 0, S_0x7f98e5c92500;
 .timescale -12 -12;
L_0x7f98e5d20d60 .functor BUFZ 16, L_0x7f98e5d24da0, C4<0000000000000000>, C4<0000000000000000>, C4<0000000000000000>;
S_0x7f98e5c94020 .scope generate, "genblk2" "genblk2" 2 1555, 2 1555 0, S_0x7f98e5c92500;
 .timescale -12 -12;
S_0x7f98e5c941f0 .scope generate, "genblk3" "genblk3" 2 1576, 2 1576 0, S_0x7f98e5c92500;
 .timescale -12 -12;
L_0x7f98e5d20e10 .functor BUFZ 16, L_0x7f98e5d25ea0, C4<0000000000000000>, C4<0000000000000000>, C4<0000000000000000>;
S_0x7f98e5c94360 .scope generate, "genblk4" "genblk4" 2 1595, 2 1595 0, S_0x7f98e5c92500;
 .timescale -12 -12;
S_0x7f98e5c952c0 .scope function.vec4.s1, "pd" "pd" 2 3200, 2 3200 0, S_0x7f98e5fa2a40;
 .timescale -12 -12;
; Variable pd is vec4 return value of scope S_0x7f98e5c952c0
v0x7f98e5c954c0_0 .var "x", 0 0;
TD_ICESTORM_RAM.pd ;
    %load/vec4 v0x7f98e5c954c0_0;
    %cmpi/e 0, 1, 1;
    %flag_mov 8, 6;
    %jmp/0 T_0.0, 8;
    %pushi/vec4 0, 0, 1;
    %jmp/1 T_0.1, 8;
T_0.0 ; End of true expr.
    %load/vec4 v0x7f98e5c954c0_0;
    %jmp/0 T_0.1, 8;
 ; End of false expr.
    %blend;
T_0.1;
    %ret/vec4 0, 0, 1;  Assign to pd (store_vec4_to_lval)
    %end;
S_0x7f98e5c95550 .scope function.vec4.s1, "pu" "pu" 2 3207, 2 3207 0, S_0x7f98e5fa2a40;
 .timescale -12 -12;
; Variable pu is vec4 return value of scope S_0x7f98e5c95550
v0x7f98e5c95770_0 .var "x", 0 0;
TD_ICESTORM_RAM.pu ;
    %load/vec4 v0x7f98e5c95770_0;
    %cmpi/e 0, 1, 1;
    %flag_mov 8, 6;
    %jmp/0 T_1.2, 8;
    %pushi/vec4 1, 0, 1;
    %jmp/1 T_1.3, 8;
T_1.2 ; End of true expr.
    %load/vec4 v0x7f98e5c95770_0;
    %jmp/0 T_1.3, 8;
 ; End of false expr.
    %blend;
T_1.3;
    %ret/vec4 0, 0, 1;  Assign to pu (store_vec4_to_lval)
    %end;
S_0x7f98e5f71bf0 .scope module, "SB_CARRY" "SB_CARRY" 2 228;
 .timescale -12 -12;
    .port_info 0 /OUTPUT 1 "CO";
    .port_info 1 /INPUT 1 "I0";
    .port_info 2 /INPUT 1 "I1";
    .port_info 3 /INPUT 1 "CI";
o0x7f98e7045968 .functor BUFZ 1, C4<z>; HiZ drive
o0x7f98e7045998 .functor BUFZ 1, C4<z>; HiZ drive
L_0x7f98e5d26810 .functor AND 1, o0x7f98e7045968, o0x7f98e7045998, C4<1>, C4<1>;
L_0x7f98e5d26880 .functor OR 1, o0x7f98e7045968, o0x7f98e7045998, C4<0>, C4<0>;
o0x7f98e7045908 .functor BUFZ 1, C4<z>; HiZ drive
L_0x7f98e5d26970 .functor AND 1, L_0x7f98e5d26880, o0x7f98e7045908, C4<1>, C4<1>;
L_0x7f98e5d26a20 .functor OR 1, L_0x7f98e5d26810, L_0x7f98e5d26970, C4<0>, C4<0>;
v0x7f98e5c9b710_0 .net "CI", 0 0, o0x7f98e7045908;  0 drivers
v0x7f98e5c9b7c0_0 .net "CO", 0 0, L_0x7f98e5d26a20;  1 drivers
v0x7f98e5c9b860_0 .net "I0", 0 0, o0x7f98e7045968;  0 drivers
v0x7f98e5c9b8f0_0 .net "I1", 0 0, o0x7f98e7045998;  0 drivers
v0x7f98e5c9b980_0 .net *"_ivl_1", 0 0, L_0x7f98e5d26810;  1 drivers
v0x7f98e5c9ba10_0 .net *"_ivl_3", 0 0, L_0x7f98e5d26880;  1 drivers
v0x7f98e5c9bab0_0 .net *"_ivl_5", 0 0, L_0x7f98e5d26970;  1 drivers
S_0x7f98e5f71d60 .scope module, "SB_DFF" "SB_DFF" 2 265;
 .timescale -12 -12;
    .port_info 0 /OUTPUT 1 "Q";
    .port_info 1 /INPUT 1 "C";
    .port_info 2 /INPUT 1 "D";
o0x7f98e7045b18 .functor BUFZ 1, C4<z>; HiZ drive
v0x7f98e5c9bbf0_0 .net "C", 0 0, o0x7f98e7045b18;  0 drivers
o0x7f98e7045b48 .functor BUFZ 1, C4<z>; HiZ drive
v0x7f98e5c9bca0_0 .net "D", 0 0, o0x7f98e7045b48;  0 drivers
v0x7f98e5c9bd40_0 .var "Q", 0 0;
E_0x7f98e5c9bb90 .event posedge, v0x7f98e5c9bbf0_0;
S_0x7f98e5f690f0 .scope module, "SB_DFFE" "SB_DFFE" 2 303;
 .timescale -12 -12;
    .port_info 0 /OUTPUT 1 "Q";
    .port_info 1 /INPUT 1 "C";
    .port_info 2 /INPUT 1 "E";
    .port_info 3 /INPUT 1 "D";
o0x7f98e7045c38 .functor BUFZ 1, C4<z>; HiZ drive
v0x7f98e5c9bea0_0 .net "C", 0 0, o0x7f98e7045c38;  0 drivers
o0x7f98e7045c68 .functor BUFZ 1, C4<z>; HiZ drive
v0x7f98e5c9bf50_0 .net "D", 0 0, o0x7f98e7045c68;  0 drivers
o0x7f98e7045c98 .functor BUFZ 1, C4<z>; HiZ drive
v0x7f98e5c9bff0_0 .net "E", 0 0, o0x7f98e7045c98;  0 drivers
v0x7f98e5c9c0a0_0 .var "Q", 0 0;
E_0x7f98e5c9be40 .event posedge, v0x7f98e5c9bea0_0;
S_0x7f98e5f69260 .scope module, "SB_DFFER" "SB_DFFER" 2 653;
 .timescale -12 -12;
    .port_info 0 /OUTPUT 1 "Q";
    .port_info 1 /INPUT 1 "C";
    .port_info 2 /INPUT 1 "E";
    .port_info 3 /INPUT 1 "R";
    .port_info 4 /INPUT 1 "D";
o0x7f98e7045db8 .functor BUFZ 1, C4<z>; HiZ drive
v0x7f98e5c9c200_0 .net "C", 0 0, o0x7f98e7045db8;  0 drivers
o0x7f98e7045de8 .functor BUFZ 1, C4<z>; HiZ drive
v0x7f98e5c9c2b0_0 .net "D", 0 0, o0x7f98e7045de8;  0 drivers
o0x7f98e7045e18 .functor BUFZ 1, C4<z>; HiZ drive
v0x7f98e5c9c350_0 .net "E", 0 0, o0x7f98e7045e18;  0 drivers
v0x7f98e5c9c400_0 .var "Q", 0 0;
o0x7f98e7045e78 .functor BUFZ 1, C4<z>; HiZ drive
v0x7f98e5c9c4a0_0 .net "R", 0 0, o0x7f98e7045e78;  0 drivers
E_0x7f98e5c9c1a0 .event posedge, v0x7f98e5c9c4a0_0, v0x7f98e5c9c200_0;
S_0x7f98e5f5ff50 .scope module, "SB_DFFES" "SB_DFFES" 2 794;
 .timescale -12 -12;
    .port_info 0 /OUTPUT 1 "Q";
    .port_info 1 /INPUT 1 "C";
    .port_info 2 /INPUT 1 "E";
    .port_info 3 /INPUT 1 "S";
    .port_info 4 /INPUT 1 "D";
o0x7f98e7045f98 .functor BUFZ 1, C4<z>; HiZ drive
v0x7f98e5c9c660_0 .net "C", 0 0, o0x7f98e7045f98;  0 drivers
o0x7f98e7045fc8 .functor BUFZ 1, C4<z>; HiZ drive
v0x7f98e5c9c710_0 .net "D", 0 0, o0x7f98e7045fc8;  0 drivers
o0x7f98e7045ff8 .functor BUFZ 1, C4<z>; HiZ drive
v0x7f98e5c9c7b0_0 .net "E", 0 0, o0x7f98e7045ff8;  0 drivers
v0x7f98e5c9c840_0 .var "Q", 0 0;
o0x7f98e7046058 .functor BUFZ 1, C4<z>; HiZ drive
v0x7f98e5c9c8e0_0 .net "S", 0 0, o0x7f98e7046058;  0 drivers
E_0x7f98e5c9c600 .event posedge, v0x7f98e5c9c8e0_0, v0x7f98e5c9c660_0;
S_0x7f98e5f600c0 .scope module, "SB_DFFESR" "SB_DFFESR" 2 592;
 .timescale -12 -12;
    .port_info 0 /OUTPUT 1 "Q";
    .port_info 1 /INPUT 1 "C";
    .port_info 2 /INPUT 1 "E";
    .port_info 3 /INPUT 1 "R";
    .port_info 4 /INPUT 1 "D";
o0x7f98e7046178 .functor BUFZ 1, C4<z>; HiZ drive
v0x7f98e5c9caa0_0 .net "C", 0 0, o0x7f98e7046178;  0 drivers
o0x7f98e70461a8 .functor BUFZ 1, C4<z>; HiZ drive
v0x7f98e5c9cb50_0 .net "D", 0 0, o0x7f98e70461a8;  0 drivers
o0x7f98e70461d8 .functor BUFZ 1, C4<z>; HiZ drive
v0x7f98e5c9cbf0_0 .net "E", 0 0, o0x7f98e70461d8;  0 drivers
v0x7f98e5c9cc80_0 .var "Q", 0 0;
o0x7f98e7046238 .functor BUFZ 1, C4<z>; HiZ drive
v0x7f98e5c9cd20_0 .net "R", 0 0, o0x7f98e7046238;  0 drivers
E_0x7f98e5c9ca40 .event posedge, v0x7f98e5c9caa0_0;
S_0x7f98e5f8f6c0 .scope module, "SB_DFFESS" "SB_DFFESS" 2 733;
 .timescale -12 -12;
    .port_info 0 /OUTPUT 1 "Q";
    .port_info 1 /INPUT 1 "C";
    .port_info 2 /INPUT 1 "E";
    .port_info 3 /INPUT 1 "S";
    .port_info 4 /INPUT 1 "D";
o0x7f98e7046358 .functor BUFZ 1, C4<z>; HiZ drive
v0x7f98e5c9cee0_0 .net "C", 0 0, o0x7f98e7046358;  0 drivers
o0x7f98e7046388 .functor BUFZ 1, C4<z>; HiZ drive
v0x7f98e5c9cf90_0 .net "D", 0 0, o0x7f98e7046388;  0 drivers
o0x7f98e70463b8 .functor BUFZ 1, C4<z>; HiZ drive
v0x7f98e5c9d030_0 .net "E", 0 0, o0x7f98e70463b8;  0 drivers
v0x7f98e5c9d0c0_0 .var "Q", 0 0;
o0x7f98e7046418 .functor BUFZ 1, C4<z>; HiZ drive
v0x7f98e5c9d160_0 .net "S", 0 0, o0x7f98e7046418;  0 drivers
E_0x7f98e5c9ce80 .event posedge, v0x7f98e5c9cee0_0;
S_0x7f98e5f8f830 .scope module, "SB_DFFN" "SB_DFFN" 2 876;
 .timescale -12 -12;
    .port_info 0 /OUTPUT 1 "Q";
    .port_info 1 /INPUT 1 "C";
    .port_info 2 /INPUT 1 "D";
o0x7f98e7046538 .functor BUFZ 1, C4<z>; HiZ drive
v0x7f98e5c9d320_0 .net "C", 0 0, o0x7f98e7046538;  0 drivers
o0x7f98e7046568 .functor BUFZ 1, C4<z>; HiZ drive
v0x7f98e5c9d3d0_0 .net "D", 0 0, o0x7f98e7046568;  0 drivers
v0x7f98e5c9d470_0 .var "Q", 0 0;
E_0x7f98e5c9d2c0 .event negedge, v0x7f98e5c9d320_0;
S_0x7f98e5f2ebc0 .scope module, "SB_DFFNE" "SB_DFFNE" 2 914;
 .timescale -12 -12;
    .port_info 0 /OUTPUT 1 "Q";
    .port_info 1 /INPUT 1 "C";
    .port_info 2 /INPUT 1 "E";
    .port_info 3 /INPUT 1 "D";
o0x7f98e7046658 .functor BUFZ 1, C4<z>; HiZ drive
v0x7f98e5c9d5b0_0 .net "C", 0 0, o0x7f98e7046658;  0 drivers
o0x7f98e7046688 .functor BUFZ 1, C4<z>; HiZ drive
v0x7f98e5c9d660_0 .net "D", 0 0, o0x7f98e7046688;  0 drivers
o0x7f98e70466b8 .functor BUFZ 1, C4<z>; HiZ drive
v0x7f98e5c9d700_0 .net "E", 0 0, o0x7f98e70466b8;  0 drivers
v0x7f98e5c9d7b0_0 .var "Q", 0 0;
E_0x7f98e5c9d550 .event negedge, v0x7f98e5c9d5b0_0;
S_0x7f98e5f2ed30 .scope module, "SB_DFFNER" "SB_DFFNER" 2 1264;
 .timescale -12 -12;
    .port_info 0 /OUTPUT 1 "Q";
    .port_info 1 /INPUT 1 "C";
    .port_info 2 /INPUT 1 "E";
    .port_info 3 /INPUT 1 "R";
    .port_info 4 /INPUT 1 "D";
o0x7f98e70467d8 .functor BUFZ 1, C4<z>; HiZ drive
v0x7f98e5c9d910_0 .net "C", 0 0, o0x7f98e70467d8;  0 drivers
o0x7f98e7046808 .functor BUFZ 1, C4<z>; HiZ drive
v0x7f98e5c9d9c0_0 .net "D", 0 0, o0x7f98e7046808;  0 drivers
o0x7f98e7046838 .functor BUFZ 1, C4<z>; HiZ drive
v0x7f98e5c9da60_0 .net "E", 0 0, o0x7f98e7046838;  0 drivers
v0x7f98e5c9db10_0 .var "Q", 0 0;
o0x7f98e7046898 .functor BUFZ 1, C4<z>; HiZ drive
v0x7f98e5c9dbb0_0 .net "R", 0 0, o0x7f98e7046898;  0 drivers
E_0x7f98e5c9d8b0/0 .event negedge, v0x7f98e5c9d910_0;
E_0x7f98e5c9d8b0/1 .event posedge, v0x7f98e5c9dbb0_0;
E_0x7f98e5c9d8b0 .event/or E_0x7f98e5c9d8b0/0, E_0x7f98e5c9d8b0/1;
S_0x7f98e5f1fa30 .scope module, "SB_DFFNES" "SB_DFFNES" 2 1405;
 .timescale -12 -12;
    .port_info 0 /OUTPUT 1 "Q";
    .port_info 1 /INPUT 1 "C";
    .port_info 2 /INPUT 1 "E";
    .port_info 3 /INPUT 1 "S";
    .port_info 4 /INPUT 1 "D";
o0x7f98e70469b8 .functor BUFZ 1, C4<z>; HiZ drive
v0x7f98e5c9dd70_0 .net "C", 0 0, o0x7f98e70469b8;  0 drivers
o0x7f98e70469e8 .functor BUFZ 1, C4<z>; HiZ drive
v0x7f98e5c9de20_0 .net "D", 0 0, o0x7f98e70469e8;  0 drivers
o0x7f98e7046a18 .functor BUFZ 1, C4<z>; HiZ drive
v0x7f98e5c9dec0_0 .net "E", 0 0, o0x7f98e7046a18;  0 drivers
v0x7f98e5c9df50_0 .var "Q", 0 0;
o0x7f98e7046a78 .functor BUFZ 1, C4<z>; HiZ drive
v0x7f98e5c9dff0_0 .net "S", 0 0, o0x7f98e7046a78;  0 drivers
E_0x7f98e5c9dd10/0 .event negedge, v0x7f98e5c9dd70_0;
E_0x7f98e5c9dd10/1 .event posedge, v0x7f98e5c9dff0_0;
E_0x7f98e5c9dd10 .event/or E_0x7f98e5c9dd10/0, E_0x7f98e5c9dd10/1;
S_0x7f98e5f1fba0 .scope module, "SB_DFFNESR" "SB_DFFNESR" 2 1203;
 .timescale -12 -12;
    .port_info 0 /OUTPUT 1 "Q";
    .port_info 1 /INPUT 1 "C";
    .port_info 2 /INPUT 1 "E";
    .port_info 3 /INPUT 1 "R";
    .port_info 4 /INPUT 1 "D";
o0x7f98e7046b98 .functor BUFZ 1, C4<z>; HiZ drive
v0x7f98e5c9e1b0_0 .net "C", 0 0, o0x7f98e7046b98;  0 drivers
o0x7f98e7046bc8 .functor BUFZ 1, C4<z>; HiZ drive
v0x7f98e5c9e260_0 .net "D", 0 0, o0x7f98e7046bc8;  0 drivers
o0x7f98e7046bf8 .functor BUFZ 1, C4<z>; HiZ drive
v0x7f98e5c9e300_0 .net "E", 0 0, o0x7f98e7046bf8;  0 drivers
v0x7f98e5c9e390_0 .var "Q", 0 0;
o0x7f98e7046c58 .functor BUFZ 1, C4<z>; HiZ drive
v0x7f98e5c9e430_0 .net "R", 0 0, o0x7f98e7046c58;  0 drivers
E_0x7f98e5c9e150 .event negedge, v0x7f98e5c9e1b0_0;
S_0x7f98e5f45c90 .scope module, "SB_DFFNESS" "SB_DFFNESS" 2 1344;
 .timescale -12 -12;
    .port_info 0 /OUTPUT 1 "Q";
    .port_info 1 /INPUT 1 "C";
    .port_info 2 /INPUT 1 "E";
    .port_info 3 /INPUT 1 "S";
    .port_info 4 /INPUT 1 "D";
o0x7f98e7046d78 .functor BUFZ 1, C4<z>; HiZ drive
v0x7f98e5c9e5f0_0 .net "C", 0 0, o0x7f98e7046d78;  0 drivers
o0x7f98e7046da8 .functor BUFZ 1, C4<z>; HiZ drive
v0x7f98e5c9e6a0_0 .net "D", 0 0, o0x7f98e7046da8;  0 drivers
o0x7f98e7046dd8 .functor BUFZ 1, C4<z>; HiZ drive
v0x7f98e5c9e740_0 .net "E", 0 0, o0x7f98e7046dd8;  0 drivers
v0x7f98e5c9e7d0_0 .var "Q", 0 0;
o0x7f98e7046e38 .functor BUFZ 1, C4<z>; HiZ drive
v0x7f98e5c9e870_0 .net "S", 0 0, o0x7f98e7046e38;  0 drivers
E_0x7f98e5c9e590 .event negedge, v0x7f98e5c9e5f0_0;
S_0x7f98e5f45e00 .scope module, "SB_DFFNR" "SB_DFFNR" 2 1011;
 .timescale -12 -12;
    .port_info 0 /OUTPUT 1 "Q";
    .port_info 1 /INPUT 1 "C";
    .port_info 2 /INPUT 1 "R";
    .port_info 3 /INPUT 1 "D";
o0x7f98e7046f58 .functor BUFZ 1, C4<z>; HiZ drive
v0x7f98e5c9ea30_0 .net "C", 0 0, o0x7f98e7046f58;  0 drivers
o0x7f98e7046f88 .functor BUFZ 1, C4<z>; HiZ drive
v0x7f98e5c9eae0_0 .net "D", 0 0, o0x7f98e7046f88;  0 drivers
v0x7f98e5c9eb80_0 .var "Q", 0 0;
o0x7f98e7046fe8 .functor BUFZ 1, C4<z>; HiZ drive
v0x7f98e5c9ec10_0 .net "R", 0 0, o0x7f98e7046fe8;  0 drivers
E_0x7f98e5c9e9d0/0 .event negedge, v0x7f98e5c9ea30_0;
E_0x7f98e5c9e9d0/1 .event posedge, v0x7f98e5c9ec10_0;
E_0x7f98e5c9e9d0 .event/or E_0x7f98e5c9e9d0/0, E_0x7f98e5c9e9d0/1;
S_0x7f98e5f50a70 .scope module, "SB_DFFNS" "SB_DFFNS" 2 1132;
 .timescale -12 -12;
    .port_info 0 /OUTPUT 1 "Q";
    .port_info 1 /INPUT 1 "C";
    .port_info 2 /INPUT 1 "S";
    .port_info 3 /INPUT 1 "D";
o0x7f98e70470d8 .functor BUFZ 1, C4<z>; HiZ drive
v0x7f98e5c9ed70_0 .net "C", 0 0, o0x7f98e70470d8;  0 drivers
o0x7f98e7047108 .functor BUFZ 1, C4<z>; HiZ drive
v0x7f98e5c9ee20_0 .net "D", 0 0, o0x7f98e7047108;  0 drivers
v0x7f98e5c9eec0_0 .var "Q", 0 0;
o0x7f98e7047168 .functor BUFZ 1, C4<z>; HiZ drive
v0x7f98e5c9ef70_0 .net "S", 0 0, o0x7f98e7047168;  0 drivers
E_0x7f98e5c9ed10/0 .event negedge, v0x7f98e5c9ed70_0;
E_0x7f98e5c9ed10/1 .event posedge, v0x7f98e5c9ef70_0;
E_0x7f98e5c9ed10 .event/or E_0x7f98e5c9ed10/0, E_0x7f98e5c9ed10/1;
S_0x7f98e5f50be0 .scope module, "SB_DFFNSR" "SB_DFFNSR" 2 961;
 .timescale -12 -12;
    .port_info 0 /OUTPUT 1 "Q";
    .port_info 1 /INPUT 1 "C";
    .port_info 2 /INPUT 1 "R";
    .port_info 3 /INPUT 1 "D";
o0x7f98e7047258 .functor BUFZ 1, C4<z>; HiZ drive
v0x7f98e5c9f0d0_0 .net "C", 0 0, o0x7f98e7047258;  0 drivers
o0x7f98e7047288 .functor BUFZ 1, C4<z>; HiZ drive
v0x7f98e5c9f180_0 .net "D", 0 0, o0x7f98e7047288;  0 drivers
v0x7f98e5c9f220_0 .var "Q", 0 0;
o0x7f98e70472e8 .functor BUFZ 1, C4<z>; HiZ drive
v0x7f98e5c9f2d0_0 .net "R", 0 0, o0x7f98e70472e8;  0 drivers
E_0x7f98e5c9f070 .event negedge, v0x7f98e5c9f0d0_0;
S_0x7f98e5f4ebe0 .scope module, "SB_DFFNSS" "SB_DFFNSS" 2 1082;
 .timescale -12 -12;
    .port_info 0 /OUTPUT 1 "Q";
    .port_info 1 /INPUT 1 "C";
    .port_info 2 /INPUT 1 "S";
    .port_info 3 /INPUT 1 "D";
o0x7f98e70473d8 .functor BUFZ 1, C4<z>; HiZ drive
v0x7f98e5c9f430_0 .net "C", 0 0, o0x7f98e70473d8;  0 drivers
o0x7f98e7047408 .functor BUFZ 1, C4<z>; HiZ drive
v0x7f98e5c9f4e0_0 .net "D", 0 0, o0x7f98e7047408;  0 drivers
v0x7f98e5c9f580_0 .var "Q", 0 0;
o0x7f98e7047468 .functor BUFZ 1, C4<z>; HiZ drive
v0x7f98e5c9f630_0 .net "S", 0 0, o0x7f98e7047468;  0 drivers
E_0x7f98e5c9f3d0 .event negedge, v0x7f98e5c9f430_0;
S_0x7f98e5f4ed50 .scope module, "SB_DFFR" "SB_DFFR" 2 400;
 .timescale -12 -12;
    .port_info 0 /OUTPUT 1 "Q";
    .port_info 1 /INPUT 1 "C";
    .port_info 2 /INPUT 1 "R";
    .port_info 3 /INPUT 1 "D";
o0x7f98e7047558 .functor BUFZ 1, C4<z>; HiZ drive
v0x7f98e5c9f790_0 .net "C", 0 0, o0x7f98e7047558;  0 drivers
o0x7f98e7047588 .functor BUFZ 1, C4<z>; HiZ drive
v0x7f98e5c9f840_0 .net "D", 0 0, o0x7f98e7047588;  0 drivers
v0x7f98e5c9f8e0_0 .var "Q", 0 0;
o0x7f98e70475e8 .functor BUFZ 1, C4<z>; HiZ drive
v0x7f98e5c9f990_0 .net "R", 0 0, o0x7f98e70475e8;  0 drivers
E_0x7f98e5c9f730 .event posedge, v0x7f98e5c9f990_0, v0x7f98e5c9f790_0;
S_0x7f98e5f3a050 .scope module, "SB_DFFS" "SB_DFFS" 2 521;
 .timescale -12 -12;
    .port_info 0 /OUTPUT 1 "Q";
    .port_info 1 /INPUT 1 "C";
    .port_info 2 /INPUT 1 "S";
    .port_info 3 /INPUT 1 "D";
o0x7f98e70476d8 .functor BUFZ 1, C4<z>; HiZ drive
v0x7f98e5c9faf0_0 .net "C", 0 0, o0x7f98e70476d8;  0 drivers
o0x7f98e7047708 .functor BUFZ 1, C4<z>; HiZ drive
v0x7f98e5c9fba0_0 .net "D", 0 0, o0x7f98e7047708;  0 drivers
v0x7f98e5c9fc40_0 .var "Q", 0 0;
o0x7f98e7047768 .functor BUFZ 1, C4<z>; HiZ drive
v0x7f98e5c9fcf0_0 .net "S", 0 0, o0x7f98e7047768;  0 drivers
E_0x7f98e5c9fa90 .event posedge, v0x7f98e5c9fcf0_0, v0x7f98e5c9faf0_0;
S_0x7f98e5f3a1c0 .scope module, "SB_DFFSR" "SB_DFFSR" 2 350;
 .timescale -12 -12;
    .port_info 0 /OUTPUT 1 "Q";
    .port_info 1 /INPUT 1 "C";
    .port_info 2 /INPUT 1 "R";
    .port_info 3 /INPUT 1 "D";
o0x7f98e7047858 .functor BUFZ 1, C4<z>; HiZ drive
v0x7f98e5c9fe50_0 .net "C", 0 0, o0x7f98e7047858;  0 drivers
o0x7f98e7047888 .functor BUFZ 1, C4<z>; HiZ drive
v0x7f98e5c9ff00_0 .net "D", 0 0, o0x7f98e7047888;  0 drivers
v0x7f98e5c9ffa0_0 .var "Q", 0 0;
o0x7f98e70478e8 .functor BUFZ 1, C4<z>; HiZ drive
v0x7f98e5ca0050_0 .net "R", 0 0, o0x7f98e70478e8;  0 drivers
E_0x7f98e5c9fdf0 .event posedge, v0x7f98e5c9fe50_0;
S_0x7f98e5f37590 .scope module, "SB_DFFSS" "SB_DFFSS" 2 471;
 .timescale -12 -12;
    .port_info 0 /OUTPUT 1 "Q";
    .port_info 1 /INPUT 1 "C";
    .port_info 2 /INPUT 1 "S";
    .port_info 3 /INPUT 1 "D";
o0x7f98e70479d8 .functor BUFZ 1, C4<z>; HiZ drive
v0x7f98e5ca01b0_0 .net "C", 0 0, o0x7f98e70479d8;  0 drivers
o0x7f98e7047a08 .functor BUFZ 1, C4<z>; HiZ drive
v0x7f98e5ca0260_0 .net "D", 0 0, o0x7f98e7047a08;  0 drivers
v0x7f98e5ca0300_0 .var "Q", 0 0;
o0x7f98e7047a68 .functor BUFZ 1, C4<z>; HiZ drive
v0x7f98e5ca03b0_0 .net "S", 0 0, o0x7f98e7047a68;  0 drivers
E_0x7f98e5ca0150 .event posedge, v0x7f98e5ca01b0_0;
S_0x7f98e5f37700 .scope module, "SB_FILTER_50NS" "SB_FILTER_50NS" 2 2856;
 .timescale -12 -12;
    .port_info 0 /INPUT 1 "FILTERIN";
    .port_info 1 /OUTPUT 1 "FILTEROUT";
o0x7f98e7047b58 .functor BUFZ 1, C4<z>; HiZ drive
v0x7f98e5ca04b0_0 .net "FILTERIN", 0 0, o0x7f98e7047b58;  0 drivers
o0x7f98e7047b88 .functor BUFZ 1, C4<z>; HiZ drive
v0x7f98e5ca0560_0 .net "FILTEROUT", 0 0, o0x7f98e7047b88;  0 drivers
S_0x7f98e5f3cb20 .scope module, "SB_GB" "SB_GB" 2 162;
 .timescale -12 -12;
    .port_info 0 /INPUT 1 "USER_SIGNAL_TO_GLOBAL_BUFFER";
    .port_info 1 /OUTPUT 1 "GLOBAL_BUFFER_OUTPUT";
o0x7f98e7047c48 .functor BUFZ 1, C4<z>; HiZ drive
L_0x7f98e5d26b10 .functor BUFZ 1, o0x7f98e7047c48, C4<0>, C4<0>, C4<0>;
v0x7f98e5ca0630_0 .net "GLOBAL_BUFFER_OUTPUT", 0 0, L_0x7f98e5d26b10;  1 drivers
v0x7f98e5ca06e0_0 .net "USER_SIGNAL_TO_GLOBAL_BUFFER", 0 0, o0x7f98e7047c48;  0 drivers
S_0x7f98e5f3cc90 .scope module, "SB_GB_IO" "SB_GB_IO" 2 123;
 .timescale -12 -12;
    .port_info 0 /INOUT 1 "PACKAGE_PIN";
    .port_info 1 /OUTPUT 1 "GLOBAL_BUFFER_OUTPUT";
    .port_info 2 /INPUT 1 "LATCH_INPUT_VALUE";
    .port_info 3 /INPUT 1 "CLOCK_ENABLE";
    .port_info 4 /INPUT 1 "INPUT_CLK";
    .port_info 5 /INPUT 1 "OUTPUT_CLK";
    .port_info 6 /INPUT 1 "OUTPUT_ENABLE";
    .port_info 7 /INPUT 1 "D_OUT_0";
    .port_info 8 /INPUT 1 "D_OUT_1";
    .port_info 9 /OUTPUT 1 "D_IN_0";
    .port_info 10 /OUTPUT 1 "D_IN_1";
P_0x7f98e5f42bb0 .param/str "IO_STANDARD" 0 2 139, "SB_LVCMOS";
P_0x7f98e5f42bf0 .param/l "NEG_TRIGGER" 0 2 138, C4<0>;
P_0x7f98e5f42c30 .param/l "PIN_TYPE" 0 2 136, C4<000000>;
P_0x7f98e5f42c70 .param/l "PULLUP" 0 2 137, C4<0>;
o0x7f98e7047e88 .functor BUFZ 1, C4<z>; HiZ drive
L_0x7f98e5d26b80 .functor BUFZ 1, o0x7f98e7047e88, C4<0>, C4<0>, C4<0>;
o0x7f98e7047cd8 .functor BUFZ 1, C4<z>; HiZ drive
v0x7f98e5ca2410_0 .net "CLOCK_ENABLE", 0 0, o0x7f98e7047cd8;  0 drivers
v0x7f98e5ca24a0_0 .net "D_IN_0", 0 0, L_0x7f98e5d26dc0;  1 drivers
v0x7f98e5ca2530_0 .net "D_IN_1", 0 0, L_0x7f98e5d26e70;  1 drivers
o0x7f98e7047d68 .functor BUFZ 1, C4<z>; HiZ drive
v0x7f98e5ca25c0_0 .net "D_OUT_0", 0 0, o0x7f98e7047d68;  0 drivers
o0x7f98e7047d98 .functor BUFZ 1, C4<z>; HiZ drive
v0x7f98e5ca2650_0 .net "D_OUT_1", 0 0, o0x7f98e7047d98;  0 drivers
v0x7f98e5ca2720_0 .net "GLOBAL_BUFFER_OUTPUT", 0 0, L_0x7f98e5d26b80;  1 drivers
o0x7f98e7047dc8 .functor BUFZ 1, C4<z>; HiZ drive
v0x7f98e5ca27b0_0 .net "INPUT_CLK", 0 0, o0x7f98e7047dc8;  0 drivers
o0x7f98e7047df8 .functor BUFZ 1, C4<z>; HiZ drive
v0x7f98e5ca2840_0 .net "LATCH_INPUT_VALUE", 0 0, o0x7f98e7047df8;  0 drivers
o0x7f98e7047e28 .functor BUFZ 1, C4<z>; HiZ drive
v0x7f98e5ca28f0_0 .net "OUTPUT_CLK", 0 0, o0x7f98e7047e28;  0 drivers
o0x7f98e7047e58 .functor BUFZ 1, C4<z>; HiZ drive
v0x7f98e5ca2a20_0 .net "OUTPUT_ENABLE", 0 0, o0x7f98e7047e58;  0 drivers
v0x7f98e5ca2ab0_0 .net "PACKAGE_PIN", 0 0, o0x7f98e7047e88;  0 drivers
S_0x7f98e5ca07b0 .scope module, "IO" "SB_IO" 2 148, 2 17 0, S_0x7f98e5f3cc90;
 .timescale -12 -12;
    .port_info 0 /INOUT 1 "PACKAGE_PIN";
    .port_info 1 /INPUT 1 "LATCH_INPUT_VALUE";
    .port_info 2 /INPUT 1 "CLOCK_ENABLE";
    .port_info 3 /INPUT 1 "INPUT_CLK";
    .port_info 4 /INPUT 1 "OUTPUT_CLK";
    .port_info 5 /INPUT 1 "OUTPUT_ENABLE";
    .port_info 6 /INPUT 1 "D_OUT_0";
    .port_info 7 /INPUT 1 "D_OUT_1";
    .port_info 8 /OUTPUT 1 "D_IN_0";
    .port_info 9 /OUTPUT 1 "D_IN_1";
P_0x7f98e5ca0980 .param/str "IO_STANDARD" 0 2 32, "SB_LVCMOS";
P_0x7f98e5ca09c0 .param/l "NEG_TRIGGER" 0 2 31, C4<0>;
P_0x7f98e5ca0a00 .param/l "PIN_TYPE" 0 2 29, C4<000000>;
P_0x7f98e5ca0a40 .param/l "PULLUP" 0 2 30, C4<0>;
L_0x7f98e5d26d10 .functor OR 1, o0x7f98e7047cd8, L_0x7f98e5d26c30, C4<0>, C4<0>;
L_0x7f98e5d26dc0 .functor BUFZ 1, v0x7f98e5ca1c20_0, C4<0>, C4<0>, C4<0>;
L_0x7f98e5d26e70 .functor BUFZ 1, v0x7f98e5ca1cc0_0, C4<0>, C4<0>, C4<0>;
v0x7f98e5ca11f0_0 .net "CLOCK_ENABLE", 0 0, o0x7f98e7047cd8;  alias, 0 drivers
v0x7f98e5ca12a0_0 .net "D_IN_0", 0 0, L_0x7f98e5d26dc0;  alias, 1 drivers
v0x7f98e5ca1340_0 .net "D_IN_1", 0 0, L_0x7f98e5d26e70;  alias, 1 drivers
v0x7f98e5ca13f0_0 .net "D_OUT_0", 0 0, o0x7f98e7047d68;  alias, 0 drivers
v0x7f98e5ca1490_0 .net "D_OUT_1", 0 0, o0x7f98e7047d98;  alias, 0 drivers
v0x7f98e5ca1570_0 .net "INPUT_CLK", 0 0, o0x7f98e7047dc8;  alias, 0 drivers
v0x7f98e5ca1610_0 .net "LATCH_INPUT_VALUE", 0 0, o0x7f98e7047df8;  alias, 0 drivers
v0x7f98e5ca16b0_0 .net "OUTPUT_CLK", 0 0, o0x7f98e7047e28;  alias, 0 drivers
v0x7f98e5ca1750_0 .net "OUTPUT_ENABLE", 0 0, o0x7f98e7047e58;  alias, 0 drivers
v0x7f98e5ca1860_0 .net "PACKAGE_PIN", 0 0, o0x7f98e7047e88;  alias, 0 drivers
o0x7f98e7047eb8 .functor BUFZ 1, C4<z>; HiZ drive
; Elide local net with no drivers, v0x7f98e5ca18f0_0 name=_ivl_0
v0x7f98e5ca19a0_0 .net *"_ivl_2", 0 0, L_0x7f98e5d26c30;  1 drivers
v0x7f98e5ca1a40_0 .net "clken_pulled", 0 0, L_0x7f98e5d26d10;  1 drivers
v0x7f98e5ca1ae0_0 .var "clken_pulled_ri", 0 0;
v0x7f98e5ca1b80_0 .var "clken_pulled_ro", 0 0;
v0x7f98e5ca1c20_0 .var "din_0", 0 0;
v0x7f98e5ca1cc0_0 .var "din_1", 0 0;
v0x7f98e5ca1e50_0 .var "din_q_0", 0 0;
v0x7f98e5ca1ee0_0 .var "din_q_1", 0 0;
v0x7f98e5ca1f70_0 .var "dout", 0 0;
v0x7f98e5ca2000_0 .var "dout_q_0", 0 0;
v0x7f98e5ca20a0_0 .var "dout_q_1", 0 0;
v0x7f98e5ca2140_0 .var "outclk_delayed_1", 0 0;
v0x7f98e5ca21e0_0 .var "outclk_delayed_2", 0 0;
v0x7f98e5ca2280_0 .var "outena_q", 0 0;
E_0x7f98e5ca0d80 .event anyedge, v0x7f98e5ca21e0_0, v0x7f98e5ca2000_0, v0x7f98e5ca20a0_0;
E_0x7f98e5ca0dc0 .event anyedge, v0x7f98e5ca2140_0;
E_0x7f98e5ca0e10 .event anyedge, v0x7f98e5ca16b0_0;
E_0x7f98e5ca0e70 .event anyedge, v0x7f98e5ca1e50_0, v0x7f98e5ca1ee0_0;
L_0x7f98e5d26c30 .cmp/eeq 1, o0x7f98e7047cd8, o0x7f98e7047eb8;
S_0x7f98e5ca0ec0 .scope generate, "genblk1" "genblk1" 2 45, 2 45 0, S_0x7f98e5ca07b0;
 .timescale -12 -12;
E_0x7f98e5ca1090 .event posedge, v0x7f98e5ca16b0_0;
E_0x7f98e5ca10f0 .event negedge, v0x7f98e5ca16b0_0;
E_0x7f98e5ca1140 .event negedge, v0x7f98e5ca1570_0;
E_0x7f98e5ca11a0 .event posedge, v0x7f98e5ca1570_0;
S_0x7f98e5f4c3b0 .scope module, "SB_HFOSC" "SB_HFOSC" 2 2664;
 .timescale -12 -12;
    .port_info 0 /INPUT 1 "TRIM0";
    .port_info 1 /INPUT 1 "TRIM1";
    .port_info 2 /INPUT 1 "TRIM2";
    .port_info 3 /INPUT 1 "TRIM3";
    .port_info 4 /INPUT 1 "TRIM4";
    .port_info 5 /INPUT 1 "TRIM5";
    .port_info 6 /INPUT 1 "TRIM6";
    .port_info 7 /INPUT 1 "TRIM7";
    .port_info 8 /INPUT 1 "TRIM8";
    .port_info 9 /INPUT 1 "TRIM9";
    .port_info 10 /INPUT 1 "CLKHFPU";
    .port_info 11 /INPUT 1 "CLKHFEN";
    .port_info 12 /OUTPUT 1 "CLKHF";
P_0x7f98e5f27c40 .param/str "CLKHF_DIV" 0 2 2680, "0b00";
P_0x7f98e5f27c80 .param/str "TRIM_EN" 0 2 2679, "0b0";
o0x7f98e70485a8 .functor BUFZ 1, C4<z>; HiZ drive
v0x7f98e5ca2bb0_0 .net "CLKHF", 0 0, o0x7f98e70485a8;  0 drivers
o0x7f98e70485d8 .functor BUFZ 1, C4<z>; HiZ drive
v0x7f98e5ca2c60_0 .net "CLKHFEN", 0 0, o0x7f98e70485d8;  0 drivers
o0x7f98e7048608 .functor BUFZ 1, C4<z>; HiZ drive
v0x7f98e5ca2d00_0 .net "CLKHFPU", 0 0, o0x7f98e7048608;  0 drivers
o0x7f98e7048638 .functor BUFZ 1, C4<z>; HiZ drive
v0x7f98e5ca2db0_0 .net "TRIM0", 0 0, o0x7f98e7048638;  0 drivers
o0x7f98e7048668 .functor BUFZ 1, C4<z>; HiZ drive
v0x7f98e5ca2e50_0 .net "TRIM1", 0 0, o0x7f98e7048668;  0 drivers
o0x7f98e7048698 .functor BUFZ 1, C4<z>; HiZ drive
v0x7f98e5ca2f30_0 .net "TRIM2", 0 0, o0x7f98e7048698;  0 drivers
o0x7f98e70486c8 .functor BUFZ 1, C4<z>; HiZ drive
v0x7f98e5ca2fd0_0 .net "TRIM3", 0 0, o0x7f98e70486c8;  0 drivers
o0x7f98e70486f8 .functor BUFZ 1, C4<z>; HiZ drive
v0x7f98e5ca3070_0 .net "TRIM4", 0 0, o0x7f98e70486f8;  0 drivers
o0x7f98e7048728 .functor BUFZ 1, C4<z>; HiZ drive
v0x7f98e5ca3110_0 .net "TRIM5", 0 0, o0x7f98e7048728;  0 drivers
o0x7f98e7048758 .functor BUFZ 1, C4<z>; HiZ drive
v0x7f98e5ca3220_0 .net "TRIM6", 0 0, o0x7f98e7048758;  0 drivers
o0x7f98e7048788 .functor BUFZ 1, C4<z>; HiZ drive
v0x7f98e5ca32b0_0 .net "TRIM7", 0 0, o0x7f98e7048788;  0 drivers
o0x7f98e70487b8 .functor BUFZ 1, C4<z>; HiZ drive
v0x7f98e5ca3350_0 .net "TRIM8", 0 0, o0x7f98e70487b8;  0 drivers
o0x7f98e70487e8 .functor BUFZ 1, C4<z>; HiZ drive
v0x7f98e5ca33f0_0 .net "TRIM9", 0 0, o0x7f98e70487e8;  0 drivers
S_0x7f98e5f52160 .scope module, "SB_I2C" "SB_I2C" 2 2733;
 .timescale -12 -12;
    .port_info 0 /INPUT 1 "SBCLKI";
    .port_info 1 /INPUT 1 "SBRWI";
    .port_info 2 /INPUT 1 "SBSTBI";
    .port_info 3 /INPUT 1 "SBADRI7";
    .port_info 4 /INPUT 1 "SBADRI6";
    .port_info 5 /INPUT 1 "SBADRI5";
    .port_info 6 /INPUT 1 "SBADRI4";
    .port_info 7 /INPUT 1 "SBADRI3";
    .port_info 8 /INPUT 1 "SBADRI2";
    .port_info 9 /INPUT 1 "SBADRI1";
    .port_info 10 /INPUT 1 "SBADRI0";
    .port_info 11 /INPUT 1 "SBDATI7";
    .port_info 12 /INPUT 1 "SBDATI6";
    .port_info 13 /INPUT 1 "SBDATI5";
    .port_info 14 /INPUT 1 "SBDATI4";
    .port_info 15 /INPUT 1 "SBDATI3";
    .port_info 16 /INPUT 1 "SBDATI2";
    .port_info 17 /INPUT 1 "SBDATI1";
    .port_info 18 /INPUT 1 "SBDATI0";
    .port_info 19 /INPUT 1 "SCLI";
    .port_info 20 /INPUT 1 "SDAI";
    .port_info 21 /OUTPUT 1 "SBDATO7";
    .port_info 22 /OUTPUT 1 "SBDATO6";
    .port_info 23 /OUTPUT 1 "SBDATO5";
    .port_info 24 /OUTPUT 1 "SBDATO4";
    .port_info 25 /OUTPUT 1 "SBDATO3";
    .port_info 26 /OUTPUT 1 "SBDATO2";
    .port_info 27 /OUTPUT 1 "SBDATO1";
    .port_info 28 /OUTPUT 1 "SBDATO0";
    .port_info 29 /OUTPUT 1 "SBACKO";
    .port_info 30 /OUTPUT 1 "I2CIRQ";
    .port_info 31 /OUTPUT 1 "I2CWKUP";
    .port_info 32 /OUTPUT 1 "SCLO";
    .port_info 33 /OUTPUT 1 "SCLOE";
    .port_info 34 /OUTPUT 1 "SDAO";
    .port_info 35 /OUTPUT 1 "SDAOE";
P_0x7f98e5f27b40 .param/str "BUS_ADDR74" 0 2 2772, "0b0001";
P_0x7f98e5f27b80 .param/str "I2C_SLAVE_INIT_ADDR" 0 2 2771, "0b1111100001";
o0x7f98e7048a88 .functor BUFZ 1, C4<z>; HiZ drive
v0x7f98e5ca35d0_0 .net "I2CIRQ", 0 0, o0x7f98e7048a88;  0 drivers
o0x7f98e7048ab8 .functor BUFZ 1, C4<z>; HiZ drive
v0x7f98e5ca3680_0 .net "I2CWKUP", 0 0, o0x7f98e7048ab8;  0 drivers
o0x7f98e7048ae8 .functor BUFZ 1, C4<z>; HiZ drive
v0x7f98e5ca3720_0 .net "SBACKO", 0 0, o0x7f98e7048ae8;  0 drivers
o0x7f98e7048b18 .functor BUFZ 1, C4<z>; HiZ drive
v0x7f98e5ca37b0_0 .net "SBADRI0", 0 0, o0x7f98e7048b18;  0 drivers
o0x7f98e7048b48 .functor BUFZ 1, C4<z>; HiZ drive
v0x7f98e5ca3840_0 .net "SBADRI1", 0 0, o0x7f98e7048b48;  0 drivers
o0x7f98e7048b78 .functor BUFZ 1, C4<z>; HiZ drive
v0x7f98e5ca3910_0 .net "SBADRI2", 0 0, o0x7f98e7048b78;  0 drivers
o0x7f98e7048ba8 .functor BUFZ 1, C4<z>; HiZ drive
v0x7f98e5ca39b0_0 .net "SBADRI3", 0 0, o0x7f98e7048ba8;  0 drivers
o0x7f98e7048bd8 .functor BUFZ 1, C4<z>; HiZ drive
v0x7f98e5ca3a50_0 .net "SBADRI4", 0 0, o0x7f98e7048bd8;  0 drivers
o0x7f98e7048c08 .functor BUFZ 1, C4<z>; HiZ drive
v0x7f98e5ca3af0_0 .net "SBADRI5", 0 0, o0x7f98e7048c08;  0 drivers
o0x7f98e7048c38 .functor BUFZ 1, C4<z>; HiZ drive
v0x7f98e5ca3c00_0 .net "SBADRI6", 0 0, o0x7f98e7048c38;  0 drivers
o0x7f98e7048c68 .functor BUFZ 1, C4<z>; HiZ drive
v0x7f98e5ca3c90_0 .net "SBADRI7", 0 0, o0x7f98e7048c68;  0 drivers
o0x7f98e7048c98 .functor BUFZ 1, C4<z>; HiZ drive
v0x7f98e5ca3d30_0 .net "SBCLKI", 0 0, o0x7f98e7048c98;  0 drivers
o0x7f98e7048cc8 .functor BUFZ 1, C4<z>; HiZ drive
v0x7f98e5ca3dd0_0 .net "SBDATI0", 0 0, o0x7f98e7048cc8;  0 drivers
o0x7f98e7048cf8 .functor BUFZ 1, C4<z>; HiZ drive
v0x7f98e5ca3e70_0 .net "SBDATI1", 0 0, o0x7f98e7048cf8;  0 drivers
o0x7f98e7048d28 .functor BUFZ 1, C4<z>; HiZ drive
v0x7f98e5ca3f10_0 .net "SBDATI2", 0 0, o0x7f98e7048d28;  0 drivers
o0x7f98e7048d58 .functor BUFZ 1, C4<z>; HiZ drive
v0x7f98e5ca3fb0_0 .net "SBDATI3", 0 0, o0x7f98e7048d58;  0 drivers
o0x7f98e7048d88 .functor BUFZ 1, C4<z>; HiZ drive
v0x7f98e5ca4050_0 .net "SBDATI4", 0 0, o0x7f98e7048d88;  0 drivers
o0x7f98e7048db8 .functor BUFZ 1, C4<z>; HiZ drive
v0x7f98e5ca41e0_0 .net "SBDATI5", 0 0, o0x7f98e7048db8;  0 drivers
o0x7f98e7048de8 .functor BUFZ 1, C4<z>; HiZ drive
v0x7f98e5ca4270_0 .net "SBDATI6", 0 0, o0x7f98e7048de8;  0 drivers
o0x7f98e7048e18 .functor BUFZ 1, C4<z>; HiZ drive
v0x7f98e5ca4300_0 .net "SBDATI7", 0 0, o0x7f98e7048e18;  0 drivers
o0x7f98e7048e48 .functor BUFZ 1, C4<z>; HiZ drive
v0x7f98e5ca4390_0 .net "SBDATO0", 0 0, o0x7f98e7048e48;  0 drivers
o0x7f98e7048e78 .functor BUFZ 1, C4<z>; HiZ drive
v0x7f98e5ca4430_0 .net "SBDATO1", 0 0, o0x7f98e7048e78;  0 drivers
o0x7f98e7048ea8 .functor BUFZ 1, C4<z>; HiZ drive
v0x7f98e5ca44d0_0 .net "SBDATO2", 0 0, o0x7f98e7048ea8;  0 drivers
o0x7f98e7048ed8 .functor BUFZ 1, C4<z>; HiZ drive
v0x7f98e5ca4570_0 .net "SBDATO3", 0 0, o0x7f98e7048ed8;  0 drivers
o0x7f98e7048f08 .functor BUFZ 1, C4<z>; HiZ drive
v0x7f98e5ca4610_0 .net "SBDATO4", 0 0, o0x7f98e7048f08;  0 drivers
o0x7f98e7048f38 .functor BUFZ 1, C4<z>; HiZ drive
v0x7f98e5ca46b0_0 .net "SBDATO5", 0 0, o0x7f98e7048f38;  0 drivers
o0x7f98e7048f68 .functor BUFZ 1, C4<z>; HiZ drive
v0x7f98e5ca4750_0 .net "SBDATO6", 0 0, o0x7f98e7048f68;  0 drivers
o0x7f98e7048f98 .functor BUFZ 1, C4<z>; HiZ drive
v0x7f98e5ca47f0_0 .net "SBDATO7", 0 0, o0x7f98e7048f98;  0 drivers
o0x7f98e7048fc8 .functor BUFZ 1, C4<z>; HiZ drive
v0x7f98e5ca4890_0 .net "SBRWI", 0 0, o0x7f98e7048fc8;  0 drivers
o0x7f98e7048ff8 .functor BUFZ 1, C4<z>; HiZ drive
v0x7f98e5ca4930_0 .net "SBSTBI", 0 0, o0x7f98e7048ff8;  0 drivers
o0x7f98e7049028 .functor BUFZ 1, C4<z>; HiZ drive
v0x7f98e5ca49d0_0 .net "SCLI", 0 0, o0x7f98e7049028;  0 drivers
o0x7f98e7049058 .functor BUFZ 1, C4<z>; HiZ drive
v0x7f98e5ca4a70_0 .net "SCLO", 0 0, o0x7f98e7049058;  0 drivers
o0x7f98e7049088 .functor BUFZ 1, C4<z>; HiZ drive
v0x7f98e5ca4b10_0 .net "SCLOE", 0 0, o0x7f98e7049088;  0 drivers
o0x7f98e70490b8 .functor BUFZ 1, C4<z>; HiZ drive
v0x7f98e5ca40f0_0 .net "SDAI", 0 0, o0x7f98e70490b8;  0 drivers
o0x7f98e70490e8 .functor BUFZ 1, C4<z>; HiZ drive
v0x7f98e5ca4da0_0 .net "SDAO", 0 0, o0x7f98e70490e8;  0 drivers
o0x7f98e7049118 .functor BUFZ 1, C4<z>; HiZ drive
v0x7f98e5ca4e30_0 .net "SDAOE", 0 0, o0x7f98e7049118;  0 drivers
S_0x7f98e5f4e210 .scope module, "SB_IO_I3C" "SB_IO_I3C" 2 2862;
 .timescale -12 -12;
    .port_info 0 /INOUT 1 "PACKAGE_PIN";
    .port_info 1 /INPUT 1 "LATCH_INPUT_VALUE";
    .port_info 2 /INPUT 1 "CLOCK_ENABLE";
    .port_info 3 /INPUT 1 "INPUT_CLK";
    .port_info 4 /INPUT 1 "OUTPUT_CLK";
    .port_info 5 /INPUT 1 "OUTPUT_ENABLE";
    .port_info 6 /INPUT 1 "D_OUT_0";
    .port_info 7 /INPUT 1 "D_OUT_1";
    .port_info 8 /OUTPUT 1 "D_IN_0";
    .port_info 9 /OUTPUT 1 "D_IN_1";
    .port_info 10 /INPUT 1 "PU_ENB";
    .port_info 11 /INPUT 1 "WEAK_PU_ENB";
P_0x7f98e5f4e380 .param/str "IO_STANDARD" 0 2 2880, "SB_LVCMOS";
P_0x7f98e5f4e3c0 .param/l "NEG_TRIGGER" 0 2 2879, C4<0>;
P_0x7f98e5f4e400 .param/l "PIN_TYPE" 0 2 2876, C4<000000>;
P_0x7f98e5f4e440 .param/l "PULLUP" 0 2 2877, C4<0>;
P_0x7f98e5f4e480 .param/l "WEAK_PULLUP" 0 2 2878, C4<0>;
L_0x7f98e5d26f70 .functor BUFZ 1, v0x7f98e5ca5e50_0, C4<0>, C4<0>, C4<0>;
L_0x7f98e5d27030 .functor BUFZ 1, v0x7f98e5ca5ef0_0, C4<0>, C4<0>, C4<0>;
o0x7f98e7049808 .functor BUFZ 1, C4<z>; HiZ drive
v0x7f98e5ca5610_0 .net "CLOCK_ENABLE", 0 0, o0x7f98e7049808;  0 drivers
v0x7f98e5ca56c0_0 .net "D_IN_0", 0 0, L_0x7f98e5d26f70;  1 drivers
v0x7f98e5ca5760_0 .net "D_IN_1", 0 0, L_0x7f98e5d27030;  1 drivers
o0x7f98e7049898 .functor BUFZ 1, C4<z>; HiZ drive
v0x7f98e5ca5810_0 .net "D_OUT_0", 0 0, o0x7f98e7049898;  0 drivers
o0x7f98e70498c8 .functor BUFZ 1, C4<z>; HiZ drive
v0x7f98e5ca58b0_0 .net "D_OUT_1", 0 0, o0x7f98e70498c8;  0 drivers
o0x7f98e70498f8 .functor BUFZ 1, C4<z>; HiZ drive
v0x7f98e5ca5990_0 .net "INPUT_CLK", 0 0, o0x7f98e70498f8;  0 drivers
o0x7f98e7049928 .functor BUFZ 1, C4<z>; HiZ drive
v0x7f98e5ca5a30_0 .net "LATCH_INPUT_VALUE", 0 0, o0x7f98e7049928;  0 drivers
o0x7f98e7049958 .functor BUFZ 1, C4<z>; HiZ drive
v0x7f98e5ca5ad0_0 .net "OUTPUT_CLK", 0 0, o0x7f98e7049958;  0 drivers
o0x7f98e7049988 .functor BUFZ 1, C4<z>; HiZ drive
v0x7f98e5ca5b70_0 .net "OUTPUT_ENABLE", 0 0, o0x7f98e7049988;  0 drivers
o0x7f98e70499b8 .functor BUFZ 1, C4<z>; HiZ drive
v0x7f98e5ca5c80_0 .net "PACKAGE_PIN", 0 0, o0x7f98e70499b8;  0 drivers
o0x7f98e70499e8 .functor BUFZ 1, C4<z>; HiZ drive
v0x7f98e5ca5d10_0 .net "PU_ENB", 0 0, o0x7f98e70499e8;  0 drivers
o0x7f98e7049a18 .functor BUFZ 1, C4<z>; HiZ drive
v0x7f98e5ca5db0_0 .net "WEAK_PU_ENB", 0 0, o0x7f98e7049a18;  0 drivers
v0x7f98e5ca5e50_0 .var "din_0", 0 0;
v0x7f98e5ca5ef0_0 .var "din_1", 0 0;
v0x7f98e5ca5f90_0 .var "din_q_0", 0 0;
v0x7f98e5ca6030_0 .var "din_q_1", 0 0;
v0x7f98e5ca60d0_0 .var "dout", 0 0;
v0x7f98e5ca6260_0 .var "dout_q_0", 0 0;
v0x7f98e5ca62f0_0 .var "dout_q_1", 0 0;
v0x7f98e5ca6380_0 .var "outclk_delayed_1", 0 0;
v0x7f98e5ca6410_0 .var "outclk_delayed_2", 0 0;
v0x7f98e5ca64b0_0 .var "outena_q", 0 0;
E_0x7f98e5ca51f0 .event anyedge, v0x7f98e5ca6410_0, v0x7f98e5ca6260_0, v0x7f98e5ca62f0_0;
E_0x7f98e5ca5260 .event anyedge, v0x7f98e5ca6380_0;
E_0x7f98e5ca52b0 .event anyedge, v0x7f98e5ca5ad0_0;
E_0x7f98e5ca3b80 .event anyedge, v0x7f98e5ca5f90_0, v0x7f98e5ca6030_0;
S_0x7f98e5ca5310 .scope generate, "genblk1" "genblk1" 2 2888, 2 2888 0, S_0x7f98e5f4e210;
 .timescale -12 -12;
E_0x7f98e5ca54d0 .event posedge, v0x7f98e5ca5ad0_0;
E_0x7f98e5ca5510 .event negedge, v0x7f98e5ca5ad0_0;
E_0x7f98e5ca5560 .event negedge, v0x7f98e5ca5990_0;
E_0x7f98e5ca55c0 .event posedge, v0x7f98e5ca5990_0;
S_0x7f98e5f50420 .scope module, "SB_IO_OD" "SB_IO_OD" 2 2931;
 .timescale -12 -12;
    .port_info 0 /INOUT 1 "PACKAGEPIN";
    .port_info 1 /INPUT 1 "LATCHINPUTVALUE";
    .port_info 2 /INPUT 1 "CLOCKENABLE";
    .port_info 3 /INPUT 1 "INPUTCLK";
    .port_info 4 /INPUT 1 "OUTPUTCLK";
    .port_info 5 /INPUT 1 "OUTPUTENABLE";
    .port_info 6 /INPUT 1 "DOUT1";
    .port_info 7 /INPUT 1 "DOUT0";
    .port_info 8 /OUTPUT 1 "DIN1";
    .port_info 9 /OUTPUT 1 "DIN0";
P_0x7f98e5f27940 .param/l "NEG_TRIGGER" 0 2 2944, C4<0>;
P_0x7f98e5f27980 .param/l "PIN_TYPE" 0 2 2943, C4<000000>;
L_0x7f98e5d270f0 .functor BUFZ 1, v0x7f98e5ca7190_0, C4<0>, C4<0>, C4<0>;
L_0x7f98e5d271c0 .functor BUFZ 1, v0x7f98e5ca7230_0, C4<0>, C4<0>, C4<0>;
o0x7f98e7049e68 .functor BUFZ 1, C4<z>; HiZ drive
v0x7f98e5ca6a90_0 .net "CLOCKENABLE", 0 0, o0x7f98e7049e68;  0 drivers
v0x7f98e5ca6b40_0 .net "DIN0", 0 0, L_0x7f98e5d270f0;  1 drivers
v0x7f98e5ca6be0_0 .net "DIN1", 0 0, L_0x7f98e5d271c0;  1 drivers
o0x7f98e7049ef8 .functor BUFZ 1, C4<z>; HiZ drive
v0x7f98e5ca6c90_0 .net "DOUT0", 0 0, o0x7f98e7049ef8;  0 drivers
o0x7f98e7049f28 .functor BUFZ 1, C4<z>; HiZ drive
v0x7f98e5ca6d30_0 .net "DOUT1", 0 0, o0x7f98e7049f28;  0 drivers
o0x7f98e7049f58 .functor BUFZ 1, C4<z>; HiZ drive
v0x7f98e5ca6e10_0 .net "INPUTCLK", 0 0, o0x7f98e7049f58;  0 drivers
o0x7f98e7049f88 .functor BUFZ 1, C4<z>; HiZ drive
v0x7f98e5ca6eb0_0 .net "LATCHINPUTVALUE", 0 0, o0x7f98e7049f88;  0 drivers
o0x7f98e7049fb8 .functor BUFZ 1, C4<z>; HiZ drive
v0x7f98e5ca6f50_0 .net "OUTPUTCLK", 0 0, o0x7f98e7049fb8;  0 drivers
o0x7f98e7049fe8 .functor BUFZ 1, C4<z>; HiZ drive
v0x7f98e5ca6ff0_0 .net "OUTPUTENABLE", 0 0, o0x7f98e7049fe8;  0 drivers
o0x7f98e704a018 .functor BUFZ 1, C4<z>; HiZ drive
v0x7f98e5ca7100_0 .net "PACKAGEPIN", 0 0, o0x7f98e704a018;  0 drivers
v0x7f98e5ca7190_0 .var "din_0", 0 0;
v0x7f98e5ca7230_0 .var "din_1", 0 0;
v0x7f98e5ca72d0_0 .var "din_q_0", 0 0;
v0x7f98e5ca7370_0 .var "din_q_1", 0 0;
v0x7f98e5ca7410_0 .var "dout", 0 0;
v0x7f98e5ca74b0_0 .var "dout_q_0", 0 0;
v0x7f98e5ca7550_0 .var "dout_q_1", 0 0;
v0x7f98e5ca76e0_0 .var "outclk_delayed_1", 0 0;
v0x7f98e5ca7770_0 .var "outclk_delayed_2", 0 0;
v0x7f98e5ca7800_0 .var "outena_q", 0 0;
E_0x7f98e5ca6670 .event anyedge, v0x7f98e5ca7770_0, v0x7f98e5ca74b0_0, v0x7f98e5ca7550_0;
E_0x7f98e5ca66e0 .event anyedge, v0x7f98e5ca76e0_0;
E_0x7f98e5ca6730 .event anyedge, v0x7f98e5ca6f50_0;
E_0x7f98e5ca5c00 .event anyedge, v0x7f98e5ca72d0_0, v0x7f98e5ca7370_0;
S_0x7f98e5ca6790 .scope generate, "genblk1" "genblk1" 2 2952, 2 2952 0, S_0x7f98e5f50420;
 .timescale -12 -12;
E_0x7f98e5ca6950 .event posedge, v0x7f98e5ca6f50_0;
E_0x7f98e5ca6990 .event negedge, v0x7f98e5ca6f50_0;
E_0x7f98e5ca69e0 .event negedge, v0x7f98e5ca6e10_0;
E_0x7f98e5ca6a40 .event posedge, v0x7f98e5ca6e10_0;
S_0x7f98e5f5cbf0 .scope module, "SB_LEDDA_IP" "SB_LEDDA_IP" 2 2830;
 .timescale -12 -12;
    .port_info 0 /INPUT 1 "LEDDCS";
    .port_info 1 /INPUT 1 "LEDDCLK";
    .port_info 2 /INPUT 1 "LEDDDAT7";
    .port_info 3 /INPUT 1 "LEDDDAT6";
    .port_info 4 /INPUT 1 "LEDDDAT5";
    .port_info 5 /INPUT 1 "LEDDDAT4";
    .port_info 6 /INPUT 1 "LEDDDAT3";
    .port_info 7 /INPUT 1 "LEDDDAT2";
    .port_info 8 /INPUT 1 "LEDDDAT1";
    .port_info 9 /INPUT 1 "LEDDDAT0";
    .port_info 10 /INPUT 1 "LEDDADDR3";
    .port_info 11 /INPUT 1 "LEDDADDR2";
    .port_info 12 /INPUT 1 "LEDDADDR1";
    .port_info 13 /INPUT 1 "LEDDADDR0";
    .port_info 14 /INPUT 1 "LEDDDEN";
    .port_info 15 /INPUT 1 "LEDDEXE";
    .port_info 16 /INPUT 1 "LEDDRST";
    .port_info 17 /OUTPUT 1 "PWMOUT0";
    .port_info 18 /OUTPUT 1 "PWMOUT1";
    .port_info 19 /OUTPUT 1 "PWMOUT2";
    .port_info 20 /OUTPUT 1 "LEDDON";
o0x7f98e704a408 .functor BUFZ 1, C4<z>; HiZ drive
v0x7f98e5ca7980_0 .net "LEDDADDR0", 0 0, o0x7f98e704a408;  0 drivers
o0x7f98e704a438 .functor BUFZ 1, C4<z>; HiZ drive
v0x7f98e5ca7a30_0 .net "LEDDADDR1", 0 0, o0x7f98e704a438;  0 drivers
o0x7f98e704a468 .functor BUFZ 1, C4<z>; HiZ drive
v0x7f98e5ca7ad0_0 .net "LEDDADDR2", 0 0, o0x7f98e704a468;  0 drivers
o0x7f98e704a498 .functor BUFZ 1, C4<z>; HiZ drive
v0x7f98e5ca7b60_0 .net "LEDDADDR3", 0 0, o0x7f98e704a498;  0 drivers
o0x7f98e704a4c8 .functor BUFZ 1, C4<z>; HiZ drive
v0x7f98e5ca7bf0_0 .net "LEDDCLK", 0 0, o0x7f98e704a4c8;  0 drivers
o0x7f98e704a4f8 .functor BUFZ 1, C4<z>; HiZ drive
v0x7f98e5ca7c80_0 .net "LEDDCS", 0 0, o0x7f98e704a4f8;  0 drivers
o0x7f98e704a528 .functor BUFZ 1, C4<z>; HiZ drive
v0x7f98e5ca7d20_0 .net "LEDDDAT0", 0 0, o0x7f98e704a528;  0 drivers
o0x7f98e704a558 .functor BUFZ 1, C4<z>; HiZ drive
v0x7f98e5ca7dc0_0 .net "LEDDDAT1", 0 0, o0x7f98e704a558;  0 drivers
o0x7f98e704a588 .functor BUFZ 1, C4<z>; HiZ drive
v0x7f98e5ca7e60_0 .net "LEDDDAT2", 0 0, o0x7f98e704a588;  0 drivers
o0x7f98e704a5b8 .functor BUFZ 1, C4<z>; HiZ drive
v0x7f98e5ca7f70_0 .net "LEDDDAT3", 0 0, o0x7f98e704a5b8;  0 drivers
o0x7f98e704a5e8 .functor BUFZ 1, C4<z>; HiZ drive
v0x7f98e5ca8000_0 .net "LEDDDAT4", 0 0, o0x7f98e704a5e8;  0 drivers
o0x7f98e704a618 .functor BUFZ 1, C4<z>; HiZ drive
v0x7f98e5ca80a0_0 .net "LEDDDAT5", 0 0, o0x7f98e704a618;  0 drivers
o0x7f98e704a648 .functor BUFZ 1, C4<z>; HiZ drive
v0x7f98e5ca8140_0 .net "LEDDDAT6", 0 0, o0x7f98e704a648;  0 drivers
o0x7f98e704a678 .functor BUFZ 1, C4<z>; HiZ drive
v0x7f98e5ca81e0_0 .net "LEDDDAT7", 0 0, o0x7f98e704a678;  0 drivers
o0x7f98e704a6a8 .functor BUFZ 1, C4<z>; HiZ drive
v0x7f98e5ca8280_0 .net "LEDDDEN", 0 0, o0x7f98e704a6a8;  0 drivers
o0x7f98e704a6d8 .functor BUFZ 1, C4<z>; HiZ drive
v0x7f98e5ca8320_0 .net "LEDDEXE", 0 0, o0x7f98e704a6d8;  0 drivers
o0x7f98e704a708 .functor BUFZ 1, C4<z>; HiZ drive
v0x7f98e5ca83c0_0 .net "LEDDON", 0 0, o0x7f98e704a708;  0 drivers
o0x7f98e704a738 .functor BUFZ 1, C4<z>; HiZ drive
v0x7f98e5ca8550_0 .net "LEDDRST", 0 0, o0x7f98e704a738;  0 drivers
o0x7f98e704a768 .functor BUFZ 1, C4<z>; HiZ drive
v0x7f98e5ca85e0_0 .net "PWMOUT0", 0 0, o0x7f98e704a768;  0 drivers
o0x7f98e704a798 .functor BUFZ 1, C4<z>; HiZ drive
v0x7f98e5ca8670_0 .net "PWMOUT1", 0 0, o0x7f98e704a798;  0 drivers
o0x7f98e704a7c8 .functor BUFZ 1, C4<z>; HiZ drive
v0x7f98e5ca8700_0 .net "PWMOUT2", 0 0, o0x7f98e704a7c8;  0 drivers
S_0x7f98e5f5fa00 .scope module, "SB_LED_DRV_CUR" "SB_LED_DRV_CUR" 2 2709;
 .timescale -12 -12;
    .port_info 0 /INPUT 1 "EN";
    .port_info 1 /OUTPUT 1 "LEDPU";
o0x7f98e704abe8 .functor BUFZ 1, C4<z>; HiZ drive
v0x7f98e5ca89a0_0 .net "EN", 0 0, o0x7f98e704abe8;  0 drivers
o0x7f98e704ac18 .functor BUFZ 1, C4<z>; HiZ drive
v0x7f98e5ca8a50_0 .net "LEDPU", 0 0, o0x7f98e704ac18;  0 drivers
S_0x7f98e5f5cd60 .scope module, "SB_LFOSC" "SB_LFOSC" 2 2684;
 .timescale -12 -12;
    .port_info 0 /INPUT 1 "CLKLFPU";
    .port_info 1 /INPUT 1 "CLKLFEN";
    .port_info 2 /OUTPUT 1 "CLKLF";
o0x7f98e704aca8 .functor BUFZ 1, C4<z>; HiZ drive
v0x7f98e5ca8af0_0 .net "CLKLF", 0 0, o0x7f98e704aca8;  0 drivers
o0x7f98e704acd8 .functor BUFZ 1, C4<z>; HiZ drive
v0x7f98e5ca8b80_0 .net "CLKLFEN", 0 0, o0x7f98e704acd8;  0 drivers
o0x7f98e704ad08 .functor BUFZ 1, C4<z>; HiZ drive
v0x7f98e5ca8c10_0 .net "CLKLFPU", 0 0, o0x7f98e704ad08;  0 drivers
S_0x7f98e5fb4b60 .scope module, "SB_LUT4" "SB_LUT4" 2 177;
 .timescale -12 -12;
    .port_info 0 /OUTPUT 1 "O";
    .port_info 1 /INPUT 1 "I0";
    .port_info 2 /INPUT 1 "I1";
    .port_info 3 /INPUT 1 "I2";
    .port_info 4 /INPUT 1 "I3";
P_0x7f98e5f57df0 .param/l "LUT_INIT" 0 2 184, C4<0000000000000000>;
o0x7f98e704adc8 .functor BUFZ 1, C4<z>; HiZ drive
v0x7f98e5ca8cf0_0 .net "I0", 0 0, o0x7f98e704adc8;  0 drivers
o0x7f98e704adf8 .functor BUFZ 1, C4<z>; HiZ drive
v0x7f98e5ca8da0_0 .net "I1", 0 0, o0x7f98e704adf8;  0 drivers
o0x7f98e704ae28 .functor BUFZ 1, C4<z>; HiZ drive
v0x7f98e5ca8e40_0 .net "I2", 0 0, o0x7f98e704ae28;  0 drivers
o0x7f98e704ae58 .functor BUFZ 1, C4<z>; HiZ drive
v0x7f98e5ca8ef0_0 .net "I3", 0 0, o0x7f98e704ae58;  0 drivers
v0x7f98e5ca8f90_0 .net "O", 0 0, L_0x7f98e5d27c10;  1 drivers
L_0x7f98e70733b0 .functor BUFT 1, C4<00000000>, C4<0>, C4<0>, C4<0>;
v0x7f98e5ca9070_0 .net/2u *"_ivl_0", 7 0, L_0x7f98e70733b0;  1 drivers
v0x7f98e5ca9120_0 .net *"_ivl_13", 1 0, L_0x7f98e5d27720;  1 drivers
v0x7f98e5ca91d0_0 .net *"_ivl_15", 1 0, L_0x7f98e5d27830;  1 drivers
v0x7f98e5ca9280_0 .net *"_ivl_19", 0 0, L_0x7f98e5d27a40;  1 drivers
L_0x7f98e70733f8 .functor BUFT 1, C4<00000000>, C4<0>, C4<0>, C4<0>;
v0x7f98e5ca9390_0 .net/2u *"_ivl_2", 7 0, L_0x7f98e70733f8;  1 drivers
v0x7f98e5ca9440_0 .net *"_ivl_21", 0 0, L_0x7f98e5d27b20;  1 drivers
v0x7f98e5ca94f0_0 .net *"_ivl_7", 3 0, L_0x7f98e5d27440;  1 drivers
v0x7f98e5ca95a0_0 .net *"_ivl_9", 3 0, L_0x7f98e5d27520;  1 drivers
v0x7f98e5ca9650_0 .net "s1", 1 0, L_0x7f98e5d278d0;  1 drivers
v0x7f98e5ca9700_0 .net "s2", 3 0, L_0x7f98e5d275c0;  1 drivers
v0x7f98e5ca97b0_0 .net "s3", 7 0, L_0x7f98e5d272c0;  1 drivers
L_0x7f98e5d272c0 .functor MUXZ 8, L_0x7f98e70733f8, L_0x7f98e70733b0, o0x7f98e704ae58, C4<>;
L_0x7f98e5d27440 .part L_0x7f98e5d272c0, 4, 4;
L_0x7f98e5d27520 .part L_0x7f98e5d272c0, 0, 4;
L_0x7f98e5d275c0 .functor MUXZ 4, L_0x7f98e5d27520, L_0x7f98e5d27440, o0x7f98e704ae28, C4<>;
L_0x7f98e5d27720 .part L_0x7f98e5d275c0, 2, 2;
L_0x7f98e5d27830 .part L_0x7f98e5d275c0, 0, 2;
L_0x7f98e5d278d0 .functor MUXZ 2, L_0x7f98e5d27830, L_0x7f98e5d27720, o0x7f98e704adf8, C4<>;
L_0x7f98e5d27a40 .part L_0x7f98e5d278d0, 1, 1;
L_0x7f98e5d27b20 .part L_0x7f98e5d278d0, 0, 1;
L_0x7f98e5d27c10 .functor MUXZ 1, L_0x7f98e5d27b20, L_0x7f98e5d27a40, o0x7f98e704adc8, C4<>;
S_0x7f98e5fb4cd0 .scope module, "SB_MAC16" "SB_MAC16" 2 2996;
 .timescale -12 -12;
    .port_info 0 /INPUT 1 "CLK";
    .port_info 1 /INPUT 1 "CE";
    .port_info 2 /INPUT 16 "C";
    .port_info 3 /INPUT 16 "A";
    .port_info 4 /INPUT 16 "B";
    .port_info 5 /INPUT 16 "D";
    .port_info 6 /INPUT 1 "AHOLD";
    .port_info 7 /INPUT 1 "BHOLD";
    .port_info 8 /INPUT 1 "CHOLD";
    .port_info 9 /INPUT 1 "DHOLD";
    .port_info 10 /INPUT 1 "IRSTTOP";
    .port_info 11 /INPUT 1 "IRSTBOT";
    .port_info 12 /INPUT 1 "ORSTTOP";
    .port_info 13 /INPUT 1 "ORSTBOT";
    .port_info 14 /INPUT 1 "OLOADTOP";
    .port_info 15 /INPUT 1 "OLOADBOT";
    .port_info 16 /INPUT 1 "ADDSUBTOP";
    .port_info 17 /INPUT 1 "ADDSUBBOT";
    .port_info 18 /INPUT 1 "OHOLDTOP";
    .port_info 19 /INPUT 1 "OHOLDBOT";
    .port_info 20 /INPUT 1 "CI";
    .port_info 21 /INPUT 1 "ACCUMCI";
    .port_info 22 /INPUT 1 "SIGNEXTIN";
    .port_info 23 /OUTPUT 32 "O";
    .port_info 24 /OUTPUT 1 "CO";
    .port_info 25 /OUTPUT 1 "ACCUMCO";
    .port_info 26 /OUTPUT 1 "SIGNEXTOUT";
P_0x7f98e681dc00 .param/l "A_REG" 0 2 3011, C4<0>;
P_0x7f98e681dc40 .param/l "A_SIGNED" 0 2 3027, C4<0>;
P_0x7f98e681dc80 .param/l "BOTADDSUB_CARRYSELECT" 0 2 3025, C4<00>;
P_0x7f98e681dcc0 .param/l "BOTADDSUB_LOWERINPUT" 0 2 3023, C4<00>;
P_0x7f98e681dd00 .param/l "BOTADDSUB_UPPERINPUT" 0 2 3024, C4<0>;
P_0x7f98e681dd40 .param/l "BOTOUTPUT_SELECT" 0 2 3022, C4<00>;
P_0x7f98e681dd80 .param/l "BOT_8x8_MULT_REG" 0 2 3015, C4<0>;
P_0x7f98e681ddc0 .param/l "B_REG" 0 2 3012, C4<0>;
P_0x7f98e681de00 .param/l "B_SIGNED" 0 2 3028, C4<0>;
P_0x7f98e681de40 .param/l "C_REG" 0 2 3010, C4<0>;
P_0x7f98e681de80 .param/l "D_REG" 0 2 3013, C4<0>;
P_0x7f98e681dec0 .param/l "MODE_8x8" 0 2 3026, C4<0>;
P_0x7f98e681df00 .param/l "NEG_TRIGGER" 0 2 3009, C4<0>;
P_0x7f98e681df40 .param/l "PIPELINE_16x16_MULT_REG1" 0 2 3016, C4<0>;
P_0x7f98e681df80 .param/l "PIPELINE_16x16_MULT_REG2" 0 2 3017, C4<0>;
P_0x7f98e681dfc0 .param/l "TOPADDSUB_CARRYSELECT" 0 2 3021, C4<00>;
P_0x7f98e681e000 .param/l "TOPADDSUB_LOWERINPUT" 0 2 3019, C4<00>;
P_0x7f98e681e040 .param/l "TOPADDSUB_UPPERINPUT" 0 2 3020, C4<0>;
P_0x7f98e681e080 .param/l "TOPOUTPUT_SELECT" 0 2 3018, C4<00>;
P_0x7f98e681e0c0 .param/l "TOP_8x8_MULT_REG" 0 2 3014, C4<0>;
o0x7f98e704b4b8 .functor BUFZ 1, C4<z>; HiZ drive
L_0x7f98e7073440 .functor BUFT 1, C4<0>, C4<0>, C4<0>, C4<0>;
L_0x7f98e5d27cf0 .functor XOR 1, o0x7f98e704b4b8, L_0x7f98e7073440, C4<0>, C4<0>;
o0x7f98e704b3f8 .functor BUFZ 16, C4<zzzzzzzzzzzzzzzz>; HiZ drive
L_0x7f98e5d27df0 .functor BUFZ 16, o0x7f98e704b3f8, C4<0000000000000000>, C4<0000000000000000>, C4<0000000000000000>;
o0x7f98e704b1b8 .functor BUFZ 16, C4<zzzzzzzzzzzzzzzz>; HiZ drive
L_0x7f98e5d27e90 .functor BUFZ 16, o0x7f98e704b1b8, C4<0000000000000000>, C4<0000000000000000>, C4<0000000000000000>;
o0x7f98e704b338 .functor BUFZ 16, C4<zzzzzzzzzzzzzzzz>; HiZ drive
L_0x7f98e5d27f70 .functor BUFZ 16, o0x7f98e704b338, C4<0000000000000000>, C4<0000000000000000>, C4<0000000000000000>;
o0x7f98e704b518 .functor BUFZ 16, C4<zzzzzzzzzzzzzzzz>; HiZ drive
L_0x7f98e5d28020 .functor BUFZ 16, o0x7f98e704b518, C4<0000000000000000>, C4<0000000000000000>, C4<0000000000000000>;
L_0x7f98e5d28f90 .functor BUFZ 16, L_0x7f98e5d28a80, C4<0000000000000000>, C4<0000000000000000>, C4<0000000000000000>;
L_0x7f98e5d29320 .functor BUFZ 16, L_0x7f98e5d28e10, C4<0000000000000000>, C4<0000000000000000>, C4<0000000000000000>;
L_0x7f98e5d29410 .functor BUFZ 16, L_0x7f98e5d290e0, C4<0000000000000000>, C4<0000000000000000>, C4<0000000000000000>;
L_0x7f98e5d294c0 .functor BUFZ 16, L_0x7f98e5d29240, C4<0000000000000000>, C4<0000000000000000>, C4<0000000000000000>;
L_0x7f98e5d2a810 .functor BUFZ 32, L_0x7f98e5d2a2c0, C4<00000000000000000000000000000000>, C4<00000000000000000000000000000000>, C4<00000000000000000000000000000000>;
L_0x7f98e5d2a4e0 .functor BUFZ 16, v0x7f98e5caf500_0, C4<0000000000000000>, C4<0000000000000000>, C4<0000000000000000>;
L_0x7f98e5d2a8c0 .functor BUFZ 16, L_0x7f98e5d27e90, C4<0000000000000000>, C4<0000000000000000>, C4<0000000000000000>;
L_0x7f98e5d2b040 .functor XOR 17, L_0x7f98e5d2ac40, L_0x7f98e5d2b0c0, C4<00000000000000000>, C4<00000000000000000>;
o0x7f98e704b278 .functor BUFZ 1, C4<z>; HiZ drive
L_0x7f98e5d2b3c0 .functor XOR 1, L_0x7f98e5d2a9b0, o0x7f98e704b278, C4<0>, C4<0>;
L_0x7f98e5d2b1c0 .functor XOR 16, L_0x7f98e5d2aa50, L_0x7f98e5d2b430, C4<0000000000000000>, C4<0000000000000000>;
L_0x7f98e5d2b7c0 .functor BUFZ 16, L_0x7f98e5d2b2b0, C4<0000000000000000>, C4<0000000000000000>, C4<0000000000000000>;
L_0x7f98e5d2bba0 .functor BUFZ 16, v0x7f98e5caf5b0_0, C4<0000000000000000>, C4<0000000000000000>, C4<0000000000000000>;
L_0x7f98e5d2bc10 .functor BUFZ 16, L_0x7f98e5d27f70, C4<0000000000000000>, C4<0000000000000000>, C4<0000000000000000>;
L_0x7f98e5d2c2c0 .functor XOR 17, L_0x7f98e5d2bde0, L_0x7f98e5d2c340, C4<00000000000000000>, C4<00000000000000000>;
L_0x7f98e5d2c800 .functor XOR 16, L_0x7f98e5d2b8e0, L_0x7f98e5d2c6e0, C4<0000000000000000>, C4<0000000000000000>;
L_0x7f98e5d2cb30 .functor BUFZ 16, L_0x7f98e5d2bca0, C4<0000000000000000>, C4<0000000000000000>, C4<0000000000000000>;
v0x7f98e5ca9a00_0 .net "A", 15 0, o0x7f98e704b1b8;  0 drivers
o0x7f98e704b1e8 .functor BUFZ 1, C4<z>; HiZ drive
v0x7f98e5ca9ac0_0 .net "ACCUMCI", 0 0, o0x7f98e704b1e8;  0 drivers
v0x7f98e5ca9b60_0 .net "ACCUMCO", 0 0, L_0x7f98e5d2a9b0;  1 drivers
o0x7f98e704b248 .functor BUFZ 1, C4<z>; HiZ drive
v0x7f98e5ca9c10_0 .net "ADDSUBBOT", 0 0, o0x7f98e704b248;  0 drivers
v0x7f98e5ca9cb0_0 .net "ADDSUBTOP", 0 0, o0x7f98e704b278;  0 drivers
o0x7f98e704b2a8 .functor BUFZ 1, C4<z>; HiZ drive
v0x7f98e5ca9d90_0 .net "AHOLD", 0 0, o0x7f98e704b2a8;  0 drivers
v0x7f98e5ca9e30_0 .net "Ah", 15 0, L_0x7f98e5d28310;  1 drivers
v0x7f98e5ca9ee0_0 .net "Al", 15 0, L_0x7f98e5d284b0;  1 drivers
v0x7f98e5ca9f90_0 .net "B", 15 0, o0x7f98e704b338;  0 drivers
o0x7f98e704b368 .functor BUFZ 1, C4<z>; HiZ drive
v0x7f98e5caa0a0_0 .net "BHOLD", 0 0, o0x7f98e704b368;  0 drivers
v0x7f98e5caa140_0 .net "Bh", 15 0, L_0x7f98e5d28720;  1 drivers
v0x7f98e5caa1f0_0 .net "Bl", 15 0, L_0x7f98e5d28920;  1 drivers
v0x7f98e5caa2a0_0 .net "C", 15 0, o0x7f98e704b3f8;  0 drivers
o0x7f98e704b428 .functor BUFZ 1, C4<z>; HiZ drive
v0x7f98e5caa350_0 .net "CE", 0 0, o0x7f98e704b428;  0 drivers
o0x7f98e704b458 .functor BUFZ 1, C4<z>; HiZ drive
v0x7f98e5caa3f0_0 .net "CHOLD", 0 0, o0x7f98e704b458;  0 drivers
o0x7f98e704b488 .functor BUFZ 1, C4<z>; HiZ drive
v0x7f98e5caa490_0 .net "CI", 0 0, o0x7f98e704b488;  0 drivers
v0x7f98e5caa530_0 .net "CLK", 0 0, o0x7f98e704b4b8;  0 drivers
v0x7f98e5caa6c0_0 .net "CO", 0 0, L_0x7f98e5d2b3c0;  1 drivers
v0x7f98e5caa750_0 .net "D", 15 0, o0x7f98e704b518;  0 drivers
o0x7f98e704b548 .functor BUFZ 1, C4<z>; HiZ drive
v0x7f98e5caa7e0_0 .net "DHOLD", 0 0, o0x7f98e704b548;  0 drivers
L_0x7f98e7073998 .functor BUFT 1, C4<0>, C4<0>, C4<0>, C4<0>;
v0x7f98e5caa880_0 .net "HCI", 0 0, L_0x7f98e7073998;  1 drivers
o0x7f98e704b5a8 .functor BUFZ 1, C4<z>; HiZ drive
v0x7f98e5caa920_0 .net "IRSTBOT", 0 0, o0x7f98e704b5a8;  0 drivers
o0x7f98e704b5d8 .functor BUFZ 1, C4<z>; HiZ drive
v0x7f98e5caa9c0_0 .net "IRSTTOP", 0 0, o0x7f98e704b5d8;  0 drivers
L_0x7f98e7073ab8 .functor BUFT 1, C4<0>, C4<0>, C4<0>, C4<0>;
v0x7f98e5caaa60_0 .net "LCI", 0 0, L_0x7f98e7073ab8;  1 drivers
v0x7f98e5caab00_0 .net "LCO", 0 0, L_0x7f98e5d2bd40;  1 drivers
v0x7f98e5caaba0_0 .net "O", 31 0, L_0x7f98e5d2cca0;  1 drivers
o0x7f98e704b698 .functor BUFZ 1, C4<z>; HiZ drive
v0x7f98e5caac50_0 .net "OHOLDBOT", 0 0, o0x7f98e704b698;  0 drivers
o0x7f98e704b6c8 .functor BUFZ 1, C4<z>; HiZ drive
v0x7f98e5caacf0_0 .net "OHOLDTOP", 0 0, o0x7f98e704b6c8;  0 drivers
o0x7f98e704b6f8 .functor BUFZ 1, C4<z>; HiZ drive
v0x7f98e5caad90_0 .net "OLOADBOT", 0 0, o0x7f98e704b6f8;  0 drivers
o0x7f98e704b728 .functor BUFZ 1, C4<z>; HiZ drive
v0x7f98e5caae30_0 .net "OLOADTOP", 0 0, o0x7f98e704b728;  0 drivers
o0x7f98e704b758 .functor BUFZ 1, C4<z>; HiZ drive
v0x7f98e5caaed0_0 .net "ORSTBOT", 0 0, o0x7f98e704b758;  0 drivers
o0x7f98e704b788 .functor BUFZ 1, C4<z>; HiZ drive
v0x7f98e5caaf70_0 .net "ORSTTOP", 0 0, o0x7f98e704b788;  0 drivers
v0x7f98e5cab010_0 .net "Oh", 15 0, L_0x7f98e5d2b7c0;  1 drivers
v0x7f98e5caa5e0_0 .net "Ol", 15 0, L_0x7f98e5d2cb30;  1 drivers
o0x7f98e704b818 .functor BUFZ 1, C4<z>; HiZ drive
v0x7f98e5cab2a0_0 .net "SIGNEXTIN", 0 0, o0x7f98e704b818;  0 drivers
v0x7f98e5cab330_0 .net "SIGNEXTOUT", 0 0, L_0x7f98e5d2bb00;  1 drivers
v0x7f98e5cab3c0_0 .net "XW", 15 0, L_0x7f98e5d2aa50;  1 drivers
v0x7f98e5cab460_0 .net "YZ", 15 0, L_0x7f98e5d2b8e0;  1 drivers
v0x7f98e5cab510_0 .net/2u *"_ivl_0", 0 0, L_0x7f98e7073440;  1 drivers
v0x7f98e5cab5c0_0 .net *"_ivl_100", 31 0, L_0x7f98e5d2a360;  1 drivers
L_0x7f98e7073830 .functor BUFT 1, C4<0000000000000000>, C4<0>, C4<0>, C4<0>;
v0x7f98e5cab670_0 .net *"_ivl_103", 15 0, L_0x7f98e7073830;  1 drivers
v0x7f98e5cab720_0 .net *"_ivl_104", 31 0, L_0x7f98e5d2a5d0;  1 drivers
v0x7f98e5cab7d0_0 .net *"_ivl_106", 15 0, L_0x7f98e5d2a440;  1 drivers
L_0x7f98e7073878 .functor BUFT 1, C4<0000000000000000>, C4<0>, C4<0>, C4<0>;
v0x7f98e5cab880_0 .net *"_ivl_108", 15 0, L_0x7f98e7073878;  1 drivers
L_0x7f98e7073488 .functor BUFT 1, C4<00000000>, C4<0>, C4<0>, C4<0>;
v0x7f98e5cab930_0 .net/2u *"_ivl_12", 7 0, L_0x7f98e7073488;  1 drivers
v0x7f98e5cab9e0_0 .net *"_ivl_121", 16 0, L_0x7f98e5d2a710;  1 drivers
L_0x7f98e70738c0 .functor BUFT 1, C4<0>, C4<0>, C4<0>, C4<0>;
v0x7f98e5caba90_0 .net *"_ivl_124", 0 0, L_0x7f98e70738c0;  1 drivers
v0x7f98e5cabb40_0 .net *"_ivl_125", 16 0, L_0x7f98e5d2ac40;  1 drivers
L_0x7f98e7073908 .functor BUFT 1, C4<0>, C4<0>, C4<0>, C4<0>;
v0x7f98e5cabbf0_0 .net *"_ivl_128", 0 0, L_0x7f98e7073908;  1 drivers
v0x7f98e5cabca0_0 .net *"_ivl_129", 15 0, L_0x7f98e5d2ab30;  1 drivers
v0x7f98e5cabd50_0 .net *"_ivl_131", 16 0, L_0x7f98e5d2b0c0;  1 drivers
L_0x7f98e7073950 .functor BUFT 1, C4<0>, C4<0>, C4<0>, C4<0>;
v0x7f98e5cabe00_0 .net *"_ivl_134", 0 0, L_0x7f98e7073950;  1 drivers
v0x7f98e5cabeb0_0 .net *"_ivl_135", 16 0, L_0x7f98e5d2b040;  1 drivers
v0x7f98e5cabf60_0 .net *"_ivl_137", 16 0, L_0x7f98e5d2b4f0;  1 drivers
L_0x7f98e7073bd8 .functor BUFT 1, C4<00000000000000000>, C4<0>, C4<0>, C4<0>;
v0x7f98e5cac010_0 .net *"_ivl_139", 16 0, L_0x7f98e7073bd8;  1 drivers
v0x7f98e5cac0c0_0 .net *"_ivl_143", 16 0, L_0x7f98e5d2b5d0;  1 drivers
v0x7f98e5cac170_0 .net *"_ivl_147", 15 0, L_0x7f98e5d2b430;  1 drivers
v0x7f98e5cac220_0 .net *"_ivl_149", 15 0, L_0x7f98e5d2b1c0;  1 drivers
v0x7f98e5cac2d0_0 .net *"_ivl_15", 7 0, L_0x7f98e5d28210;  1 drivers
v0x7f98e5cac380_0 .net *"_ivl_168", 16 0, L_0x7f98e5d2bf40;  1 drivers
L_0x7f98e70739e0 .functor BUFT 1, C4<0>, C4<0>, C4<0>, C4<0>;
v0x7f98e5cac430_0 .net *"_ivl_171", 0 0, L_0x7f98e70739e0;  1 drivers
v0x7f98e5cac4e0_0 .net *"_ivl_172", 16 0, L_0x7f98e5d2bde0;  1 drivers
L_0x7f98e7073a28 .functor BUFT 1, C4<0>, C4<0>, C4<0>, C4<0>;
v0x7f98e5cac590_0 .net *"_ivl_175", 0 0, L_0x7f98e7073a28;  1 drivers
v0x7f98e5cac640_0 .net *"_ivl_176", 15 0, L_0x7f98e5d2c150;  1 drivers
v0x7f98e5cac6f0_0 .net *"_ivl_178", 16 0, L_0x7f98e5d2c340;  1 drivers
L_0x7f98e70734d0 .functor BUFT 1, C4<00000000>, C4<0>, C4<0>, C4<0>;
v0x7f98e5cab0c0_0 .net/2u *"_ivl_18", 7 0, L_0x7f98e70734d0;  1 drivers
L_0x7f98e7073a70 .functor BUFT 1, C4<0>, C4<0>, C4<0>, C4<0>;
v0x7f98e5cab170_0 .net *"_ivl_181", 0 0, L_0x7f98e7073a70;  1 drivers
v0x7f98e5cac780_0 .net *"_ivl_182", 16 0, L_0x7f98e5d2c2c0;  1 drivers
v0x7f98e5cac810_0 .net *"_ivl_184", 16 0, L_0x7f98e5d2c060;  1 drivers
L_0x7f98e7073c20 .functor BUFT 1, C4<00000000000000000>, C4<0>, C4<0>, C4<0>;
v0x7f98e5cac8a0_0 .net *"_ivl_186", 16 0, L_0x7f98e7073c20;  1 drivers
v0x7f98e5cac930_0 .net *"_ivl_190", 16 0, L_0x7f98e5d2c640;  1 drivers
v0x7f98e5cac9c0_0 .net *"_ivl_192", 15 0, L_0x7f98e5d2c6e0;  1 drivers
v0x7f98e5caca70_0 .net *"_ivl_194", 15 0, L_0x7f98e5d2c800;  1 drivers
v0x7f98e5cacb20_0 .net *"_ivl_21", 7 0, L_0x7f98e5d283f0;  1 drivers
L_0x7f98e7073518 .functor BUFT 1, C4<00000000>, C4<0>, C4<0>, C4<0>;
v0x7f98e5cacbd0_0 .net/2u *"_ivl_24", 7 0, L_0x7f98e7073518;  1 drivers
v0x7f98e5cacc80_0 .net *"_ivl_27", 7 0, L_0x7f98e5d28610;  1 drivers
L_0x7f98e7073560 .functor BUFT 1, C4<00000000>, C4<0>, C4<0>, C4<0>;
v0x7f98e5cacd30_0 .net/2u *"_ivl_30", 7 0, L_0x7f98e7073560;  1 drivers
v0x7f98e5cacde0_0 .net *"_ivl_33", 7 0, L_0x7f98e5d28840;  1 drivers
L_0x7f98e70735a8 .functor BUFT 1, C4<00000000>, C4<0>, C4<0>, C4<0>;
v0x7f98e5cace90_0 .net/2u *"_ivl_38", 7 0, L_0x7f98e70735a8;  1 drivers
v0x7f98e5cacf40_0 .net *"_ivl_41", 7 0, L_0x7f98e5d28bf0;  1 drivers
v0x7f98e5cacff0_0 .net *"_ivl_42", 15 0, L_0x7f98e5d28c90;  1 drivers
L_0x7f98e70735f0 .functor BUFT 1, C4<00000000>, C4<0>, C4<0>, C4<0>;
v0x7f98e5cad0a0_0 .net/2u *"_ivl_46", 7 0, L_0x7f98e70735f0;  1 drivers
v0x7f98e5cad150_0 .net *"_ivl_49", 7 0, L_0x7f98e5d28ef0;  1 drivers
v0x7f98e5cad200_0 .net *"_ivl_50", 15 0, L_0x7f98e5d29000;  1 drivers
L_0x7f98e7073638 .functor BUFT 1, C4<00000000>, C4<0>, C4<0>, C4<0>;
v0x7f98e5cad2b0_0 .net/2u *"_ivl_64", 7 0, L_0x7f98e7073638;  1 drivers
L_0x7f98e7073680 .functor BUFT 1, C4<00000000>, C4<0>, C4<0>, C4<0>;
v0x7f98e5cad360_0 .net/2u *"_ivl_68", 7 0, L_0x7f98e7073680;  1 drivers
v0x7f98e5cad410_0 .net *"_ivl_72", 31 0, L_0x7f98e5d29830;  1 drivers
L_0x7f98e70736c8 .functor BUFT 1, C4<0000000000000000>, C4<0>, C4<0>, C4<0>;
v0x7f98e5cad4c0_0 .net *"_ivl_75", 15 0, L_0x7f98e70736c8;  1 drivers
v0x7f98e5cad570_0 .net *"_ivl_76", 31 0, L_0x7f98e5d299b0;  1 drivers
L_0x7f98e7073710 .functor BUFT 1, C4<00000000>, C4<0>, C4<0>, C4<0>;
v0x7f98e5cad620_0 .net *"_ivl_79", 7 0, L_0x7f98e7073710;  1 drivers
v0x7f98e5cad6d0_0 .net *"_ivl_80", 31 0, L_0x7f98e5d298d0;  1 drivers
v0x7f98e5cad780_0 .net *"_ivl_82", 23 0, L_0x7f98e5d29a90;  1 drivers
L_0x7f98e7073758 .functor BUFT 1, C4<00000000>, C4<0>, C4<0>, C4<0>;
v0x7f98e5cad830_0 .net *"_ivl_84", 7 0, L_0x7f98e7073758;  1 drivers
v0x7f98e5cad8e0_0 .net *"_ivl_86", 31 0, L_0x7f98e5d29cc0;  1 drivers
v0x7f98e5cad990_0 .net *"_ivl_88", 31 0, L_0x7f98e5d29e00;  1 drivers
L_0x7f98e70737a0 .functor BUFT 1, C4<00000000>, C4<0>, C4<0>, C4<0>;
v0x7f98e5cada40_0 .net *"_ivl_91", 7 0, L_0x7f98e70737a0;  1 drivers
v0x7f98e5cadaf0_0 .net *"_ivl_92", 31 0, L_0x7f98e5d2a000;  1 drivers
v0x7f98e5cadba0_0 .net *"_ivl_94", 23 0, L_0x7f98e5d29f20;  1 drivers
L_0x7f98e70737e8 .functor BUFT 1, C4<00000000>, C4<0>, C4<0>, C4<0>;
v0x7f98e5cadc50_0 .net *"_ivl_96", 7 0, L_0x7f98e70737e8;  1 drivers
v0x7f98e5cadd00_0 .net *"_ivl_98", 31 0, L_0x7f98e5d2a140;  1 drivers
v0x7f98e5caddb0_0 .net "clock", 0 0, L_0x7f98e5d27cf0;  1 drivers
v0x7f98e5cade50_0 .net "iA", 15 0, L_0x7f98e5d27e90;  1 drivers
v0x7f98e5cadf00_0 .net "iB", 15 0, L_0x7f98e5d27f70;  1 drivers
v0x7f98e5cadfb0_0 .net "iC", 15 0, L_0x7f98e5d27df0;  1 drivers
v0x7f98e5cae060_0 .net "iD", 15 0, L_0x7f98e5d28020;  1 drivers
v0x7f98e5cae110_0 .net "iF", 15 0, L_0x7f98e5d28f90;  1 drivers
v0x7f98e5cae1c0_0 .net "iG", 15 0, L_0x7f98e5d294c0;  1 drivers
v0x7f98e5cae270_0 .net "iH", 31 0, L_0x7f98e5d2a810;  1 drivers
v0x7f98e5cae320_0 .net "iJ", 15 0, L_0x7f98e5d29320;  1 drivers
v0x7f98e5cae3d0_0 .net "iJ_e", 23 0, L_0x7f98e5d29730;  1 drivers
v0x7f98e5cae480_0 .net "iK", 15 0, L_0x7f98e5d29410;  1 drivers
v0x7f98e5cae530_0 .net "iK_e", 23 0, L_0x7f98e5d295c0;  1 drivers
v0x7f98e5cae5e0_0 .net "iL", 31 0, L_0x7f98e5d2a2c0;  1 drivers
v0x7f98e5cae690_0 .net "iP", 15 0, L_0x7f98e5d2b2b0;  1 drivers
v0x7f98e5cae740_0 .net "iQ", 15 0, v0x7f98e5caf500_0;  1 drivers
v0x7f98e5cae7f0_0 .net "iR", 15 0, L_0x7f98e5d2bca0;  1 drivers
v0x7f98e5cae8a0_0 .net "iS", 15 0, v0x7f98e5caf5b0_0;  1 drivers
v0x7f98e5cae950_0 .net "iW", 15 0, L_0x7f98e5d2a4e0;  1 drivers
v0x7f98e5caea00_0 .net "iX", 15 0, L_0x7f98e5d2a8c0;  1 drivers
v0x7f98e5caeab0_0 .net "iY", 15 0, L_0x7f98e5d2bba0;  1 drivers
v0x7f98e5caeb60_0 .net "iZ", 15 0, L_0x7f98e5d2bc10;  1 drivers
v0x7f98e5caec10_0 .net "p_Ah_Bh", 15 0, L_0x7f98e5d28a80;  1 drivers
v0x7f98e5caecc0_0 .net "p_Ah_Bl", 15 0, L_0x7f98e5d290e0;  1 drivers
v0x7f98e5caed70_0 .net "p_Al_Bh", 15 0, L_0x7f98e5d28e10;  1 drivers
v0x7f98e5caee20_0 .net "p_Al_Bl", 15 0, L_0x7f98e5d29240;  1 drivers
v0x7f98e5caeed0_0 .var "rA", 15 0;
v0x7f98e5caef80_0 .var "rB", 15 0;
v0x7f98e5caf030_0 .var "rC", 15 0;
v0x7f98e5caf0e0_0 .var "rD", 15 0;
v0x7f98e5caf190_0 .var "rF", 15 0;
v0x7f98e5caf240_0 .var "rG", 15 0;
v0x7f98e5caf2f0_0 .var "rH", 31 0;
v0x7f98e5caf3a0_0 .var "rJ", 15 0;
v0x7f98e5caf450_0 .var "rK", 15 0;
v0x7f98e5caf500_0 .var "rQ", 15 0;
v0x7f98e5caf5b0_0 .var "rS", 15 0;
E_0x7f98e5ca9020 .event posedge, v0x7f98e5caaed0_0, v0x7f98e5caddb0_0;
E_0x7f98e5ca9900 .event posedge, v0x7f98e5caaf70_0, v0x7f98e5caddb0_0;
E_0x7f98e5ca9950 .event posedge, v0x7f98e5caa920_0, v0x7f98e5caddb0_0;
E_0x7f98e5ca99b0 .event posedge, v0x7f98e5caa9c0_0, v0x7f98e5caddb0_0;
L_0x7f98e5d28210 .part L_0x7f98e5d27e90, 8, 8;
L_0x7f98e5d28310 .concat [ 8 8 0 0], L_0x7f98e5d28210, L_0x7f98e7073488;
L_0x7f98e5d283f0 .part L_0x7f98e5d27e90, 0, 8;
L_0x7f98e5d284b0 .concat [ 8 8 0 0], L_0x7f98e5d283f0, L_0x7f98e70734d0;
L_0x7f98e5d28610 .part L_0x7f98e5d27f70, 8, 8;
L_0x7f98e5d28720 .concat [ 8 8 0 0], L_0x7f98e5d28610, L_0x7f98e7073518;
L_0x7f98e5d28840 .part L_0x7f98e5d27f70, 0, 8;
L_0x7f98e5d28920 .concat [ 8 8 0 0], L_0x7f98e5d28840, L_0x7f98e7073560;
L_0x7f98e5d28a80 .arith/mult 16, L_0x7f98e5d28310, L_0x7f98e5d28720;
L_0x7f98e5d28bf0 .part L_0x7f98e5d284b0, 0, 8;
L_0x7f98e5d28c90 .concat [ 8 8 0 0], L_0x7f98e5d28bf0, L_0x7f98e70735a8;
L_0x7f98e5d28e10 .arith/mult 16, L_0x7f98e5d28c90, L_0x7f98e5d28720;
L_0x7f98e5d28ef0 .part L_0x7f98e5d28920, 0, 8;
L_0x7f98e5d29000 .concat [ 8 8 0 0], L_0x7f98e5d28ef0, L_0x7f98e70735f0;
L_0x7f98e5d290e0 .arith/mult 16, L_0x7f98e5d28310, L_0x7f98e5d29000;
L_0x7f98e5d29240 .arith/mult 16, L_0x7f98e5d284b0, L_0x7f98e5d28920;
L_0x7f98e5d295c0 .concat [ 16 8 0 0], L_0x7f98e5d29410, L_0x7f98e7073638;
L_0x7f98e5d29730 .concat [ 16 8 0 0], L_0x7f98e5d29320, L_0x7f98e7073680;
L_0x7f98e5d29830 .concat [ 16 16 0 0], L_0x7f98e5d294c0, L_0x7f98e70736c8;
L_0x7f98e5d299b0 .concat [ 24 8 0 0], L_0x7f98e5d295c0, L_0x7f98e7073710;
L_0x7f98e5d29a90 .part L_0x7f98e5d299b0, 0, 24;
L_0x7f98e5d298d0 .concat [ 8 24 0 0], L_0x7f98e7073758, L_0x7f98e5d29a90;
L_0x7f98e5d29cc0 .arith/sum 32, L_0x7f98e5d29830, L_0x7f98e5d298d0;
L_0x7f98e5d29e00 .concat [ 24 8 0 0], L_0x7f98e5d29730, L_0x7f98e70737a0;
L_0x7f98e5d29f20 .part L_0x7f98e5d29e00, 0, 24;
L_0x7f98e5d2a000 .concat [ 8 24 0 0], L_0x7f98e70737e8, L_0x7f98e5d29f20;
L_0x7f98e5d2a140 .arith/sum 32, L_0x7f98e5d29cc0, L_0x7f98e5d2a000;
L_0x7f98e5d2a360 .concat [ 16 16 0 0], L_0x7f98e5d28f90, L_0x7f98e7073830;
L_0x7f98e5d2a440 .part L_0x7f98e5d2a360, 0, 16;
L_0x7f98e5d2a5d0 .concat [ 16 16 0 0], L_0x7f98e7073878, L_0x7f98e5d2a440;
L_0x7f98e5d2a2c0 .arith/sum 32, L_0x7f98e5d2a140, L_0x7f98e5d2a5d0;
L_0x7f98e5d2a9b0 .part L_0x7f98e5d2b5d0, 16, 1;
L_0x7f98e5d2aa50 .part L_0x7f98e5d2b5d0, 0, 16;
L_0x7f98e5d2a710 .concat [ 16 1 0 0], L_0x7f98e5d2a8c0, L_0x7f98e70738c0;
L_0x7f98e5d2ac40 .concat [ 16 1 0 0], L_0x7f98e5d2a4e0, L_0x7f98e7073908;
LS_0x7f98e5d2ab30_0_0 .concat [ 1 1 1 1], o0x7f98e704b278, o0x7f98e704b278, o0x7f98e704b278, o0x7f98e704b278;
LS_0x7f98e5d2ab30_0_4 .concat [ 1 1 1 1], o0x7f98e704b278, o0x7f98e704b278, o0x7f98e704b278, o0x7f98e704b278;
LS_0x7f98e5d2ab30_0_8 .concat [ 1 1 1 1], o0x7f98e704b278, o0x7f98e704b278, o0x7f98e704b278, o0x7f98e704b278;
LS_0x7f98e5d2ab30_0_12 .concat [ 1 1 1 1], o0x7f98e704b278, o0x7f98e704b278, o0x7f98e704b278, o0x7f98e704b278;
L_0x7f98e5d2ab30 .concat [ 4 4 4 4], LS_0x7f98e5d2ab30_0_0, LS_0x7f98e5d2ab30_0_4, LS_0x7f98e5d2ab30_0_8, LS_0x7f98e5d2ab30_0_12;
L_0x7f98e5d2b0c0 .concat [ 16 1 0 0], L_0x7f98e5d2ab30, L_0x7f98e7073950;
L_0x7f98e5d2b4f0 .arith/sum 17, L_0x7f98e5d2a710, L_0x7f98e5d2b040;
L_0x7f98e5d2b5d0 .arith/sum 17, L_0x7f98e5d2b4f0, L_0x7f98e7073bd8;
LS_0x7f98e5d2b430_0_0 .concat [ 1 1 1 1], o0x7f98e704b278, o0x7f98e704b278, o0x7f98e704b278, o0x7f98e704b278;
LS_0x7f98e5d2b430_0_4 .concat [ 1 1 1 1], o0x7f98e704b278, o0x7f98e704b278, o0x7f98e704b278, o0x7f98e704b278;
LS_0x7f98e5d2b430_0_8 .concat [ 1 1 1 1], o0x7f98e704b278, o0x7f98e704b278, o0x7f98e704b278, o0x7f98e704b278;
LS_0x7f98e5d2b430_0_12 .concat [ 1 1 1 1], o0x7f98e704b278, o0x7f98e704b278, o0x7f98e704b278, o0x7f98e704b278;
L_0x7f98e5d2b430 .concat [ 4 4 4 4], LS_0x7f98e5d2b430_0_0, LS_0x7f98e5d2b430_0_4, LS_0x7f98e5d2b430_0_8, LS_0x7f98e5d2b430_0_12;
L_0x7f98e5d2b2b0 .functor MUXZ 16, L_0x7f98e5d2b1c0, L_0x7f98e5d27df0, o0x7f98e704b728, C4<>;
L_0x7f98e5d2bb00 .part L_0x7f98e5d2a8c0, 15, 1;
L_0x7f98e5d2bd40 .part L_0x7f98e5d2c640, 16, 1;
L_0x7f98e5d2b8e0 .part L_0x7f98e5d2c640, 0, 16;
L_0x7f98e5d2bf40 .concat [ 16 1 0 0], L_0x7f98e5d2bc10, L_0x7f98e70739e0;
L_0x7f98e5d2bde0 .concat [ 16 1 0 0], L_0x7f98e5d2bba0, L_0x7f98e7073a28;
LS_0x7f98e5d2c150_0_0 .concat [ 1 1 1 1], o0x7f98e704b248, o0x7f98e704b248, o0x7f98e704b248, o0x7f98e704b248;
LS_0x7f98e5d2c150_0_4 .concat [ 1 1 1 1], o0x7f98e704b248, o0x7f98e704b248, o0x7f98e704b248, o0x7f98e704b248;
LS_0x7f98e5d2c150_0_8 .concat [ 1 1 1 1], o0x7f98e704b248, o0x7f98e704b248, o0x7f98e704b248, o0x7f98e704b248;
LS_0x7f98e5d2c150_0_12 .concat [ 1 1 1 1], o0x7f98e704b248, o0x7f98e704b248, o0x7f98e704b248, o0x7f98e704b248;
L_0x7f98e5d2c150 .concat [ 4 4 4 4], LS_0x7f98e5d2c150_0_0, LS_0x7f98e5d2c150_0_4, LS_0x7f98e5d2c150_0_8, LS_0x7f98e5d2c150_0_12;
L_0x7f98e5d2c340 .concat [ 16 1 0 0], L_0x7f98e5d2c150, L_0x7f98e7073a70;
L_0x7f98e5d2c060 .arith/sum 17, L_0x7f98e5d2bf40, L_0x7f98e5d2c2c0;
L_0x7f98e5d2c640 .arith/sum 17, L_0x7f98e5d2c060, L_0x7f98e7073c20;
LS_0x7f98e5d2c6e0_0_0 .concat [ 1 1 1 1], o0x7f98e704b248, o0x7f98e704b248, o0x7f98e704b248, o0x7f98e704b248;
LS_0x7f98e5d2c6e0_0_4 .concat [ 1 1 1 1], o0x7f98e704b248, o0x7f98e704b248, o0x7f98e704b248, o0x7f98e704b248;
LS_0x7f98e5d2c6e0_0_8 .concat [ 1 1 1 1], o0x7f98e704b248, o0x7f98e704b248, o0x7f98e704b248, o0x7f98e704b248;
LS_0x7f98e5d2c6e0_0_12 .concat [ 1 1 1 1], o0x7f98e704b248, o0x7f98e704b248, o0x7f98e704b248, o0x7f98e704b248;
L_0x7f98e5d2c6e0 .concat [ 4 4 4 4], LS_0x7f98e5d2c6e0_0_0, LS_0x7f98e5d2c6e0_0_4, LS_0x7f98e5d2c6e0_0_8, LS_0x7f98e5d2c6e0_0_12;
L_0x7f98e5d2bca0 .functor MUXZ 16, L_0x7f98e5d2c800, L_0x7f98e5d28020, o0x7f98e704b6f8, C4<>;
L_0x7f98e5d2cca0 .concat [ 16 16 0 0], L_0x7f98e5d2cb30, L_0x7f98e5d2b7c0;
S_0x7f98e5fb51a0 .scope module, "SB_PLL40_2F_CORE" "SB_PLL40_2F_CORE" 2 2521;
 .timescale -12 -12;
    .port_info 0 /INPUT 1 "REFERENCECLK";
    .port_info 1 /OUTPUT 1 "PLLOUTCOREA";
    .port_info 2 /OUTPUT 1 "PLLOUTGLOBALA";
    .port_info 3 /OUTPUT 1 "PLLOUTCOREB";
    .port_info 4 /OUTPUT 1 "PLLOUTGLOBALB";
    .port_info 5 /INPUT 1 "EXTFEEDBACK";
    .port_info 6 /INPUT 8 "DYNAMICDELAY";
    .port_info 7 /OUTPUT 1 "LOCK";
    .port_info 8 /INPUT 1 "BYPASS";
    .port_info 9 /INPUT 1 "RESETB";
    .port_info 10 /INPUT 1 "LATCHINPUTVALUE";
    .port_info 11 /OUTPUT 1 "SDO";
    .port_info 12 /INPUT 1 "SDI";
    .port_info 13 /INPUT 1 "SCLK";
P_0x7f98e681c800 .param/str "DELAY_ADJUSTMENT_MODE_FEEDBACK" 0 2 2538, "FIXED";
P_0x7f98e681c840 .param/str "DELAY_ADJUSTMENT_MODE_RELATIVE" 0 2 2539, "FIXED";
P_0x7f98e681c880 .param/l "DIVF" 0 2 2546, C4<0000000>;
P_0x7f98e681c8c0 .param/l "DIVQ" 0 2 2547, C4<000>;
P_0x7f98e681c900 .param/l "DIVR" 0 2 2545, C4<0000>;
P_0x7f98e681c940 .param/l "ENABLE_ICEGATE_PORTA" 0 2 2549, C4<0>;
P_0x7f98e681c980 .param/l "ENABLE_ICEGATE_PORTB" 0 2 2550, C4<0>;
P_0x7f98e681c9c0 .param/l "EXTERNAL_DIVIDE_FACTOR" 0 2 2552, +C4<00000000000000000000000000000001>;
P_0x7f98e681ca00 .param/l "FDA_FEEDBACK" 0 2 2541, C4<0000>;
P_0x7f98e681ca40 .param/l "FDA_RELATIVE" 0 2 2542, C4<0000>;
P_0x7f98e681ca80 .param/str "FEEDBACK_PATH" 0 2 2537, "SIMPLE";
P_0x7f98e681cac0 .param/l "FILTER_RANGE" 0 2 2548, C4<000>;
P_0x7f98e681cb00 .param/str "PLLOUT_SELECT_PORTA" 0 2 2543, "GENCLK";
P_0x7f98e681cb40 .param/str "PLLOUT_SELECT_PORTB" 0 2 2544, "GENCLK";
P_0x7f98e681cb80 .param/l "SHIFTREG_DIV_MODE" 0 2 2540, C4<0>;
P_0x7f98e681cbc0 .param/l "TEST_MODE" 0 2 2551, C4<0>;
o0x7f98e704d048 .functor BUFZ 1, C4<z>; HiZ drive
v0x7f98e5caf8f0_0 .net "BYPASS", 0 0, o0x7f98e704d048;  0 drivers
o0x7f98e704d078 .functor BUFZ 8, C4<zzzzzzzz>; HiZ drive
v0x7f98e5caf9a0_0 .net "DYNAMICDELAY", 7 0, o0x7f98e704d078;  0 drivers
o0x7f98e704d0a8 .functor BUFZ 1, C4<z>; HiZ drive
v0x7f98e5cafa40_0 .net "EXTFEEDBACK", 0 0, o0x7f98e704d0a8;  0 drivers
o0x7f98e704d0d8 .functor BUFZ 1, C4<z>; HiZ drive
v0x7f98e5cafad0_0 .net "LATCHINPUTVALUE", 0 0, o0x7f98e704d0d8;  0 drivers
o0x7f98e704d108 .functor BUFZ 1, C4<z>; HiZ drive
v0x7f98e5cafb60_0 .net "LOCK", 0 0, o0x7f98e704d108;  0 drivers
o0x7f98e704d138 .functor BUFZ 1, C4<z>; HiZ drive
v0x7f98e5cafc00_0 .net "PLLOUTCOREA", 0 0, o0x7f98e704d138;  0 drivers
o0x7f98e704d168 .functor BUFZ 1, C4<z>; HiZ drive
v0x7f98e5cafca0_0 .net "PLLOUTCOREB", 0 0, o0x7f98e704d168;  0 drivers
o0x7f98e704d198 .functor BUFZ 1, C4<z>; HiZ drive
v0x7f98e5cafd40_0 .net "PLLOUTGLOBALA", 0 0, o0x7f98e704d198;  0 drivers
o0x7f98e704d1c8 .functor BUFZ 1, C4<z>; HiZ drive
v0x7f98e5cafde0_0 .net "PLLOUTGLOBALB", 0 0, o0x7f98e704d1c8;  0 drivers
o0x7f98e704d1f8 .functor BUFZ 1, C4<z>; HiZ drive
v0x7f98e5cafef0_0 .net "REFERENCECLK", 0 0, o0x7f98e704d1f8;  0 drivers
o0x7f98e704d228 .functor BUFZ 1, C4<z>; HiZ drive
v0x7f98e5caff80_0 .net "RESETB", 0 0, o0x7f98e704d228;  0 drivers
o0x7f98e704d258 .functor BUFZ 1, C4<z>; HiZ drive
v0x7f98e5cb0020_0 .net "SCLK", 0 0, o0x7f98e704d258;  0 drivers
o0x7f98e704d288 .functor BUFZ 1, C4<z>; HiZ drive
v0x7f98e5cb00c0_0 .net "SDI", 0 0, o0x7f98e704d288;  0 drivers
o0x7f98e704d2b8 .functor BUFZ 1, C4<z>; HiZ drive
v0x7f98e5cb0160_0 .net "SDO", 0 0, o0x7f98e704d2b8;  0 drivers
S_0x7f98e5fb54d0 .scope module, "SB_PLL40_2F_PAD" "SB_PLL40_2F_PAD" 2 2556;
 .timescale -12 -12;
    .port_info 0 /INPUT 1 "PACKAGEPIN";
    .port_info 1 /OUTPUT 1 "PLLOUTCOREA";
    .port_info 2 /OUTPUT 1 "PLLOUTGLOBALA";
    .port_info 3 /OUTPUT 1 "PLLOUTCOREB";
    .port_info 4 /OUTPUT 1 "PLLOUTGLOBALB";
    .port_info 5 /INPUT 1 "EXTFEEDBACK";
    .port_info 6 /INPUT 8 "DYNAMICDELAY";
    .port_info 7 /OUTPUT 1 "LOCK";
    .port_info 8 /INPUT 1 "BYPASS";
    .port_info 9 /INPUT 1 "RESETB";
    .port_info 10 /INPUT 1 "LATCHINPUTVALUE";
    .port_info 11 /OUTPUT 1 "SDO";
    .port_info 12 /INPUT 1 "SDI";
    .port_info 13 /INPUT 1 "SCLK";
P_0x7f98e681e200 .param/str "DELAY_ADJUSTMENT_MODE_FEEDBACK" 0 2 2573, "FIXED";
P_0x7f98e681e240 .param/str "DELAY_ADJUSTMENT_MODE_RELATIVE" 0 2 2574, "FIXED";
P_0x7f98e681e280 .param/l "DIVF" 0 2 2581, C4<0000000>;
P_0x7f98e681e2c0 .param/l "DIVQ" 0 2 2582, C4<000>;
P_0x7f98e681e300 .param/l "DIVR" 0 2 2580, C4<0000>;
P_0x7f98e681e340 .param/l "ENABLE_ICEGATE_PORTA" 0 2 2584, C4<0>;
P_0x7f98e681e380 .param/l "ENABLE_ICEGATE_PORTB" 0 2 2585, C4<0>;
P_0x7f98e681e3c0 .param/l "EXTERNAL_DIVIDE_FACTOR" 0 2 2587, +C4<00000000000000000000000000000001>;
P_0x7f98e681e400 .param/l "FDA_FEEDBACK" 0 2 2576, C4<0000>;
P_0x7f98e681e440 .param/l "FDA_RELATIVE" 0 2 2577, C4<0000>;
P_0x7f98e681e480 .param/str "FEEDBACK_PATH" 0 2 2572, "SIMPLE";
P_0x7f98e681e4c0 .param/l "FILTER_RANGE" 0 2 2583, C4<000>;
P_0x7f98e681e500 .param/str "PLLOUT_SELECT_PORTA" 0 2 2578, "GENCLK";
P_0x7f98e681e540 .param/str "PLLOUT_SELECT_PORTB" 0 2 2579, "GENCLK";
P_0x7f98e681e580 .param/l "SHIFTREG_DIV_MODE" 0 2 2575, C4<00>;
P_0x7f98e681e5c0 .param/l "TEST_MODE" 0 2 2586, C4<0>;
o0x7f98e704d588 .functor BUFZ 1, C4<z>; HiZ drive
v0x7f98e5cb0350_0 .net "BYPASS", 0 0, o0x7f98e704d588;  0 drivers
o0x7f98e704d5b8 .functor BUFZ 8, C4<zzzzzzzz>; HiZ drive
v0x7f98e5cb0400_0 .net "DYNAMICDELAY", 7 0, o0x7f98e704d5b8;  0 drivers
o0x7f98e704d5e8 .functor BUFZ 1, C4<z>; HiZ drive
v0x7f98e5cb04a0_0 .net "EXTFEEDBACK", 0 0, o0x7f98e704d5e8;  0 drivers
o0x7f98e704d618 .functor BUFZ 1, C4<z>; HiZ drive
v0x7f98e5cb0530_0 .net "LATCHINPUTVALUE", 0 0, o0x7f98e704d618;  0 drivers
o0x7f98e704d648 .functor BUFZ 1, C4<z>; HiZ drive
v0x7f98e5cb05c0_0 .net "LOCK", 0 0, o0x7f98e704d648;  0 drivers
o0x7f98e704d678 .functor BUFZ 1, C4<z>; HiZ drive
v0x7f98e5cb06a0_0 .net "PACKAGEPIN", 0 0, o0x7f98e704d678;  0 drivers
o0x7f98e704d6a8 .functor BUFZ 1, C4<z>; HiZ drive
v0x7f98e5cb0740_0 .net "PLLOUTCOREA", 0 0, o0x7f98e704d6a8;  0 drivers
o0x7f98e704d6d8 .functor BUFZ 1, C4<z>; HiZ drive
v0x7f98e5cb07e0_0 .net "PLLOUTCOREB", 0 0, o0x7f98e704d6d8;  0 drivers
o0x7f98e704d708 .functor BUFZ 1, C4<z>; HiZ drive
v0x7f98e5cb0880_0 .net "PLLOUTGLOBALA", 0 0, o0x7f98e704d708;  0 drivers
o0x7f98e704d738 .functor BUFZ 1, C4<z>; HiZ drive
v0x7f98e5cb0990_0 .net "PLLOUTGLOBALB", 0 0, o0x7f98e704d738;  0 drivers
o0x7f98e704d768 .functor BUFZ 1, C4<z>; HiZ drive
v0x7f98e5cb0a20_0 .net "RESETB", 0 0, o0x7f98e704d768;  0 drivers
o0x7f98e704d798 .functor BUFZ 1, C4<z>; HiZ drive
v0x7f98e5cb0ac0_0 .net "SCLK", 0 0, o0x7f98e704d798;  0 drivers
o0x7f98e704d7c8 .functor BUFZ 1, C4<z>; HiZ drive
v0x7f98e5cb0b60_0 .net "SDI", 0 0, o0x7f98e704d7c8;  0 drivers
o0x7f98e704d7f8 .functor BUFZ 1, C4<z>; HiZ drive
v0x7f98e5cb0c00_0 .net "SDO", 0 0, o0x7f98e704d7f8;  0 drivers
S_0x7f98e5fb5800 .scope module, "SB_PLL40_2_PAD" "SB_PLL40_2_PAD" 2 2487;
 .timescale -12 -12;
    .port_info 0 /INPUT 1 "PACKAGEPIN";
    .port_info 1 /OUTPUT 1 "PLLOUTCOREA";
    .port_info 2 /OUTPUT 1 "PLLOUTGLOBALA";
    .port_info 3 /OUTPUT 1 "PLLOUTCOREB";
    .port_info 4 /OUTPUT 1 "PLLOUTGLOBALB";
    .port_info 5 /INPUT 1 "EXTFEEDBACK";
    .port_info 6 /INPUT 8 "DYNAMICDELAY";
    .port_info 7 /OUTPUT 1 "LOCK";
    .port_info 8 /INPUT 1 "BYPASS";
    .port_info 9 /INPUT 1 "RESETB";
    .port_info 10 /INPUT 1 "LATCHINPUTVALUE";
    .port_info 11 /OUTPUT 1 "SDO";
    .port_info 12 /INPUT 1 "SDI";
    .port_info 13 /INPUT 1 "SCLK";
P_0x7f98e5fb5970 .param/str "DELAY_ADJUSTMENT_MODE_FEEDBACK" 0 2 2504, "FIXED";
P_0x7f98e5fb59b0 .param/str "DELAY_ADJUSTMENT_MODE_RELATIVE" 0 2 2505, "FIXED";
P_0x7f98e5fb59f0 .param/l "DIVF" 0 2 2511, C4<0000000>;
P_0x7f98e5fb5a30 .param/l "DIVQ" 0 2 2512, C4<000>;
P_0x7f98e5fb5a70 .param/l "DIVR" 0 2 2510, C4<0000>;
P_0x7f98e5fb5ab0 .param/l "ENABLE_ICEGATE_PORTA" 0 2 2514, C4<0>;
P_0x7f98e5fb5af0 .param/l "ENABLE_ICEGATE_PORTB" 0 2 2515, C4<0>;
P_0x7f98e5fb5b30 .param/l "EXTERNAL_DIVIDE_FACTOR" 0 2 2517, +C4<00000000000000000000000000000001>;
P_0x7f98e5fb5b70 .param/l "FDA_FEEDBACK" 0 2 2507, C4<0000>;
P_0x7f98e5fb5bb0 .param/l "FDA_RELATIVE" 0 2 2508, C4<0000>;
P_0x7f98e5fb5bf0 .param/str "FEEDBACK_PATH" 0 2 2503, "SIMPLE";
P_0x7f98e5fb5c30 .param/l "FILTER_RANGE" 0 2 2513, C4<000>;
P_0x7f98e5fb5c70 .param/str "PLLOUT_SELECT_PORTB" 0 2 2509, "GENCLK";
P_0x7f98e5fb5cb0 .param/l "SHIFTREG_DIV_MODE" 0 2 2506, C4<0>;
P_0x7f98e5fb5cf0 .param/l "TEST_MODE" 0 2 2516, C4<0>;
o0x7f98e704dac8 .functor BUFZ 1, C4<z>; HiZ drive
v0x7f98e5cb0df0_0 .net "BYPASS", 0 0, o0x7f98e704dac8;  0 drivers
o0x7f98e704daf8 .functor BUFZ 8, C4<zzzzzzzz>; HiZ drive
v0x7f98e5cb0ea0_0 .net "DYNAMICDELAY", 7 0, o0x7f98e704daf8;  0 drivers
o0x7f98e704db28 .functor BUFZ 1, C4<z>; HiZ drive
v0x7f98e5cb0f40_0 .net "EXTFEEDBACK", 0 0, o0x7f98e704db28;  0 drivers
o0x7f98e704db58 .functor BUFZ 1, C4<z>; HiZ drive
v0x7f98e5cb0fd0_0 .net "LATCHINPUTVALUE", 0 0, o0x7f98e704db58;  0 drivers
o0x7f98e704db88 .functor BUFZ 1, C4<z>; HiZ drive
v0x7f98e5cb1060_0 .net "LOCK", 0 0, o0x7f98e704db88;  0 drivers
o0x7f98e704dbb8 .functor BUFZ 1, C4<z>; HiZ drive
v0x7f98e5cb1140_0 .net "PACKAGEPIN", 0 0, o0x7f98e704dbb8;  0 drivers
o0x7f98e704dbe8 .functor BUFZ 1, C4<z>; HiZ drive
v0x7f98e5cb11e0_0 .net "PLLOUTCOREA", 0 0, o0x7f98e704dbe8;  0 drivers
o0x7f98e704dc18 .functor BUFZ 1, C4<z>; HiZ drive
v0x7f98e5cb1280_0 .net "PLLOUTCOREB", 0 0, o0x7f98e704dc18;  0 drivers
o0x7f98e704dc48 .functor BUFZ 1, C4<z>; HiZ drive
v0x7f98e5cb1320_0 .net "PLLOUTGLOBALA", 0 0, o0x7f98e704dc48;  0 drivers
o0x7f98e704dc78 .functor BUFZ 1, C4<z>; HiZ drive
v0x7f98e5cb1430_0 .net "PLLOUTGLOBALB", 0 0, o0x7f98e704dc78;  0 drivers
o0x7f98e704dca8 .functor BUFZ 1, C4<z>; HiZ drive
v0x7f98e5cb14c0_0 .net "RESETB", 0 0, o0x7f98e704dca8;  0 drivers
o0x7f98e704dcd8 .functor BUFZ 1, C4<z>; HiZ drive
v0x7f98e5cb1560_0 .net "SCLK", 0 0, o0x7f98e704dcd8;  0 drivers
o0x7f98e704dd08 .functor BUFZ 1, C4<z>; HiZ drive
v0x7f98e5cb1600_0 .net "SDI", 0 0, o0x7f98e704dd08;  0 drivers
o0x7f98e704dd38 .functor BUFZ 1, C4<z>; HiZ drive
v0x7f98e5cb16a0_0 .net "SDO", 0 0, o0x7f98e704dd38;  0 drivers
S_0x7f98e5fb5ef0 .scope module, "SB_PLL40_CORE" "SB_PLL40_CORE" 2 2425;
 .timescale -12 -12;
    .port_info 0 /INPUT 1 "REFERENCECLK";
    .port_info 1 /OUTPUT 1 "PLLOUTCORE";
    .port_info 2 /OUTPUT 1 "PLLOUTGLOBAL";
    .port_info 3 /INPUT 1 "EXTFEEDBACK";
    .port_info 4 /INPUT 8 "DYNAMICDELAY";
    .port_info 5 /OUTPUT 1 "LOCK";
    .port_info 6 /INPUT 1 "BYPASS";
    .port_info 7 /INPUT 1 "RESETB";
    .port_info 8 /INPUT 1 "LATCHINPUTVALUE";
    .port_info 9 /OUTPUT 1 "SDO";
    .port_info 10 /INPUT 1 "SDI";
    .port_info 11 /INPUT 1 "SCLK";
P_0x7f98e5fb6060 .param/str "DELAY_ADJUSTMENT_MODE_FEEDBACK" 0 2 2440, "FIXED";
P_0x7f98e5fb60a0 .param/str "DELAY_ADJUSTMENT_MODE_RELATIVE" 0 2 2441, "FIXED";
P_0x7f98e5fb60e0 .param/l "DIVF" 0 2 2447, C4<0000000>;
P_0x7f98e5fb6120 .param/l "DIVQ" 0 2 2448, C4<000>;
P_0x7f98e5fb6160 .param/l "DIVR" 0 2 2446, C4<0000>;
P_0x7f98e5fb61a0 .param/l "ENABLE_ICEGATE" 0 2 2450, C4<0>;
P_0x7f98e5fb61e0 .param/l "EXTERNAL_DIVIDE_FACTOR" 0 2 2452, +C4<00000000000000000000000000000001>;
P_0x7f98e5fb6220 .param/l "FDA_FEEDBACK" 0 2 2443, C4<0000>;
P_0x7f98e5fb6260 .param/l "FDA_RELATIVE" 0 2 2444, C4<0000>;
P_0x7f98e5fb62a0 .param/str "FEEDBACK_PATH" 0 2 2439, "SIMPLE";
P_0x7f98e5fb62e0 .param/l "FILTER_RANGE" 0 2 2449, C4<000>;
P_0x7f98e5fb6320 .param/str "PLLOUT_SELECT" 0 2 2445, "GENCLK";
P_0x7f98e5fb6360 .param/l "SHIFTREG_DIV_MODE" 0 2 2442, C4<0>;
P_0x7f98e5fb63a0 .param/l "TEST_MODE" 0 2 2451, C4<0>;
o0x7f98e704e008 .functor BUFZ 1, C4<z>; HiZ drive
v0x7f98e5cb1890_0 .net "BYPASS", 0 0, o0x7f98e704e008;  0 drivers
o0x7f98e704e038 .functor BUFZ 8, C4<zzzzzzzz>; HiZ drive
v0x7f98e5cb1940_0 .net "DYNAMICDELAY", 7 0, o0x7f98e704e038;  0 drivers
o0x7f98e704e068 .functor BUFZ 1, C4<z>; HiZ drive
v0x7f98e5cb19e0_0 .net "EXTFEEDBACK", 0 0, o0x7f98e704e068;  0 drivers
o0x7f98e704e098 .functor BUFZ 1, C4<z>; HiZ drive
v0x7f98e5cb1a70_0 .net "LATCHINPUTVALUE", 0 0, o0x7f98e704e098;  0 drivers
o0x7f98e704e0c8 .functor BUFZ 1, C4<z>; HiZ drive
v0x7f98e5cb1b00_0 .net "LOCK", 0 0, o0x7f98e704e0c8;  0 drivers
o0x7f98e704e0f8 .functor BUFZ 1, C4<z>; HiZ drive
v0x7f98e5cb1be0_0 .net "PLLOUTCORE", 0 0, o0x7f98e704e0f8;  0 drivers
o0x7f98e704e128 .functor BUFZ 1, C4<z>; HiZ drive
v0x7f98e5cb1c80_0 .net "PLLOUTGLOBAL", 0 0, o0x7f98e704e128;  0 drivers
o0x7f98e704e158 .functor BUFZ 1, C4<z>; HiZ drive
v0x7f98e5cb1d20_0 .net "REFERENCECLK", 0 0, o0x7f98e704e158;  0 drivers
o0x7f98e704e188 .functor BUFZ 1, C4<z>; HiZ drive
v0x7f98e5cb1dc0_0 .net "RESETB", 0 0, o0x7f98e704e188;  0 drivers
o0x7f98e704e1b8 .functor BUFZ 1, C4<z>; HiZ drive
v0x7f98e5cb1ed0_0 .net "SCLK", 0 0, o0x7f98e704e1b8;  0 drivers
o0x7f98e704e1e8 .functor BUFZ 1, C4<z>; HiZ drive
v0x7f98e5cb1f60_0 .net "SDI", 0 0, o0x7f98e704e1e8;  0 drivers
o0x7f98e704e218 .functor BUFZ 1, C4<z>; HiZ drive
v0x7f98e5cb2000_0 .net "SDO", 0 0, o0x7f98e704e218;  0 drivers
S_0x7f98e5fb6560 .scope module, "SB_PLL40_PAD" "SB_PLL40_PAD" 2 2456;
 .timescale -12 -12;
    .port_info 0 /INPUT 1 "PACKAGEPIN";
    .port_info 1 /OUTPUT 1 "PLLOUTCORE";
    .port_info 2 /OUTPUT 1 "PLLOUTGLOBAL";
    .port_info 3 /INPUT 1 "EXTFEEDBACK";
    .port_info 4 /INPUT 8 "DYNAMICDELAY";
    .port_info 5 /OUTPUT 1 "LOCK";
    .port_info 6 /INPUT 1 "BYPASS";
    .port_info 7 /INPUT 1 "RESETB";
    .port_info 8 /INPUT 1 "LATCHINPUTVALUE";
    .port_info 9 /OUTPUT 1 "SDO";
    .port_info 10 /INPUT 1 "SDI";
    .port_info 11 /INPUT 1 "SCLK";
P_0x7f98e5fb66d0 .param/str "DELAY_ADJUSTMENT_MODE_FEEDBACK" 0 2 2471, "FIXED";
P_0x7f98e5fb6710 .param/str "DELAY_ADJUSTMENT_MODE_RELATIVE" 0 2 2472, "FIXED";
P_0x7f98e5fb6750 .param/l "DIVF" 0 2 2478, C4<0000000>;
P_0x7f98e5fb6790 .param/l "DIVQ" 0 2 2479, C4<000>;
P_0x7f98e5fb67d0 .param/l "DIVR" 0 2 2477, C4<0000>;
P_0x7f98e5fb6810 .param/l "ENABLE_ICEGATE" 0 2 2481, C4<0>;
P_0x7f98e5fb6850 .param/l "EXTERNAL_DIVIDE_FACTOR" 0 2 2483, +C4<00000000000000000000000000000001>;
P_0x7f98e5fb6890 .param/l "FDA_FEEDBACK" 0 2 2474, C4<0000>;
P_0x7f98e5fb68d0 .param/l "FDA_RELATIVE" 0 2 2475, C4<0000>;
P_0x7f98e5fb6910 .param/str "FEEDBACK_PATH" 0 2 2470, "SIMPLE";
P_0x7f98e5fb6950 .param/l "FILTER_RANGE" 0 2 2480, C4<000>;
P_0x7f98e5fb6990 .param/str "PLLOUT_SELECT" 0 2 2476, "GENCLK";
P_0x7f98e5fb69d0 .param/l "SHIFTREG_DIV_MODE" 0 2 2473, C4<0>;
P_0x7f98e5fb6a10 .param/l "TEST_MODE" 0 2 2482, C4<0>;
o0x7f98e704e488 .functor BUFZ 1, C4<z>; HiZ drive
v0x7f98e5cb21c0_0 .net "BYPASS", 0 0, o0x7f98e704e488;  0 drivers
o0x7f98e704e4b8 .functor BUFZ 8, C4<zzzzzzzz>; HiZ drive
v0x7f98e5cb2270_0 .net "DYNAMICDELAY", 7 0, o0x7f98e704e4b8;  0 drivers
o0x7f98e704e4e8 .functor BUFZ 1, C4<z>; HiZ drive
v0x7f98e5cb2310_0 .net "EXTFEEDBACK", 0 0, o0x7f98e704e4e8;  0 drivers
o0x7f98e704e518 .functor BUFZ 1, C4<z>; HiZ drive
v0x7f98e5cb23a0_0 .net "LATCHINPUTVALUE", 0 0, o0x7f98e704e518;  0 drivers
o0x7f98e704e548 .functor BUFZ 1, C4<z>; HiZ drive
v0x7f98e5cb2430_0 .net "LOCK", 0 0, o0x7f98e704e548;  0 drivers
o0x7f98e704e578 .functor BUFZ 1, C4<z>; HiZ drive
v0x7f98e5cb2510_0 .net "PACKAGEPIN", 0 0, o0x7f98e704e578;  0 drivers
o0x7f98e704e5a8 .functor BUFZ 1, C4<z>; HiZ drive
v0x7f98e5cb25b0_0 .net "PLLOUTCORE", 0 0, o0x7f98e704e5a8;  0 drivers
o0x7f98e704e5d8 .functor BUFZ 1, C4<z>; HiZ drive
v0x7f98e5cb2650_0 .net "PLLOUTGLOBAL", 0 0, o0x7f98e704e5d8;  0 drivers
o0x7f98e704e608 .functor BUFZ 1, C4<z>; HiZ drive
v0x7f98e5cb26f0_0 .net "RESETB", 0 0, o0x7f98e704e608;  0 drivers
o0x7f98e704e638 .functor BUFZ 1, C4<z>; HiZ drive
v0x7f98e5cb2800_0 .net "SCLK", 0 0, o0x7f98e704e638;  0 drivers
o0x7f98e704e668 .functor BUFZ 1, C4<z>; HiZ drive
v0x7f98e5cb2890_0 .net "SDI", 0 0, o0x7f98e704e668;  0 drivers
o0x7f98e704e698 .functor BUFZ 1, C4<z>; HiZ drive
v0x7f98e5cb2930_0 .net "SDO", 0 0, o0x7f98e704e698;  0 drivers
S_0x7f98e5fb6bd0 .scope module, "SB_RAM40_4KNR" "SB_RAM40_4KNR" 2 1726;
 .timescale -12 -12;
    .port_info 0 /OUTPUT 16 "RDATA";
    .port_info 1 /INPUT 1 "RCLKN";
    .port_info 2 /INPUT 1 "RCLKE";
    .port_info 3 /INPUT 1 "RE";
    .port_info 4 /INPUT 11 "RADDR";
    .port_info 5 /INPUT 1 "WCLK";
    .port_info 6 /INPUT 1 "WCLKE";
    .port_info 7 /INPUT 1 "WE";
    .port_info 8 /INPUT 11 "WADDR";
    .port_info 9 /INPUT 16 "MASK";
    .port_info 10 /INPUT 16 "WDATA";
P_0x7f98e681e600 .param/l "INIT_0" 0 2 1742, C4<0000000000000000000000000000000000000000000000000000000000000000000000000000000000000000000000000000000000000000000000000000000000000000000000000000000000000000000000000000000000000000000000000000000000000000000000000000000000000000000000000000000000000000>;
P_0x7f98e681e640 .param/l "INIT_1" 0 2 1743, C4<0000000000000000000000000000000000000000000000000000000000000000000000000000000000000000000000000000000000000000000000000000000000000000000000000000000000000000000000000000000000000000000000000000000000000000000000000000000000000000000000000000000000000000>;
P_0x7f98e681e680 .param/l "INIT_2" 0 2 1744, C4<0000000000000000000000000000000000000000000000000000000000000000000000000000000000000000000000000000000000000000000000000000000000000000000000000000000000000000000000000000000000000000000000000000000000000000000000000000000000000000000000000000000000000000>;
P_0x7f98e681e6c0 .param/l "INIT_3" 0 2 1745, C4<0000000000000000000000000000000000000000000000000000000000000000000000000000000000000000000000000000000000000000000000000000000000000000000000000000000000000000000000000000000000000000000000000000000000000000000000000000000000000000000000000000000000000000>;
P_0x7f98e681e700 .param/l "INIT_4" 0 2 1746, C4<0000000000000000000000000000000000000000000000000000000000000000000000000000000000000000000000000000000000000000000000000000000000000000000000000000000000000000000000000000000000000000000000000000000000000000000000000000000000000000000000000000000000000000>;
P_0x7f98e681e740 .param/l "INIT_5" 0 2 1747, C4<0000000000000000000000000000000000000000000000000000000000000000000000000000000000000000000000000000000000000000000000000000000000000000000000000000000000000000000000000000000000000000000000000000000000000000000000000000000000000000000000000000000000000000>;
P_0x7f98e681e780 .param/l "INIT_6" 0 2 1748, C4<0000000000000000000000000000000000000000000000000000000000000000000000000000000000000000000000000000000000000000000000000000000000000000000000000000000000000000000000000000000000000000000000000000000000000000000000000000000000000000000000000000000000000000>;
P_0x7f98e681e7c0 .param/l "INIT_7" 0 2 1749, C4<0000000000000000000000000000000000000000000000000000000000000000000000000000000000000000000000000000000000000000000000000000000000000000000000000000000000000000000000000000000000000000000000000000000000000000000000000000000000000000000000000000000000000000>;
P_0x7f98e681e800 .param/l "INIT_8" 0 2 1750, C4<0000000000000000000000000000000000000000000000000000000000000000000000000000000000000000000000000000000000000000000000000000000000000000000000000000000000000000000000000000000000000000000000000000000000000000000000000000000000000000000000000000000000000000>;
P_0x7f98e681e840 .param/l "INIT_9" 0 2 1751, C4<0000000000000000000000000000000000000000000000000000000000000000000000000000000000000000000000000000000000000000000000000000000000000000000000000000000000000000000000000000000000000000000000000000000000000000000000000000000000000000000000000000000000000000>;
P_0x7f98e681e880 .param/l "INIT_A" 0 2 1752, C4<0000000000000000000000000000000000000000000000000000000000000000000000000000000000000000000000000000000000000000000000000000000000000000000000000000000000000000000000000000000000000000000000000000000000000000000000000000000000000000000000000000000000000000>;
P_0x7f98e681e8c0 .param/l "INIT_B" 0 2 1753, C4<0000000000000000000000000000000000000000000000000000000000000000000000000000000000000000000000000000000000000000000000000000000000000000000000000000000000000000000000000000000000000000000000000000000000000000000000000000000000000000000000000000000000000000>;
P_0x7f98e681e900 .param/l "INIT_C" 0 2 1754, C4<0000000000000000000000000000000000000000000000000000000000000000000000000000000000000000000000000000000000000000000000000000000000000000000000000000000000000000000000000000000000000000000000000000000000000000000000000000000000000000000000000000000000000000>;
P_0x7f98e681e940 .param/l "INIT_D" 0 2 1755, C4<0000000000000000000000000000000000000000000000000000000000000000000000000000000000000000000000000000000000000000000000000000000000000000000000000000000000000000000000000000000000000000000000000000000000000000000000000000000000000000000000000000000000000000>;
P_0x7f98e681e980 .param/l "INIT_E" 0 2 1756, C4<0000000000000000000000000000000000000000000000000000000000000000000000000000000000000000000000000000000000000000000000000000000000000000000000000000000000000000000000000000000000000000000000000000000000000000000000000000000000000000000000000000000000000000>;
P_0x7f98e681e9c0 .param/l "INIT_F" 0 2 1757, C4<0000000000000000000000000000000000000000000000000000000000000000000000000000000000000000000000000000000000000000000000000000000000000000000000000000000000000000000000000000000000000000000000000000000000000000000000000000000000000000000000000000000000000000>;
P_0x7f98e681ea00 .param/str "INIT_FILE" 0 2 1759, "\000";
P_0x7f98e681ea40 .param/l "READ_MODE" 0 2 1740, +C4<00000000000000000000000000000000>;
P_0x7f98e681ea80 .param/l "WRITE_MODE" 0 2 1739, +C4<00000000000000000000000000000000>;
o0x7f98e704ee18 .functor BUFZ 1, C4<z>; HiZ drive
L_0x7f98e5d2cf90 .functor NOT 1, o0x7f98e704ee18, C4<0>, C4<0>, C4<0>;
o0x7f98e704e908 .functor BUFZ 16, C4<zzzzzzzzzzzzzzzz>; HiZ drive
v0x7f98e5cb58f0_0 .net "MASK", 15 0, o0x7f98e704e908;  0 drivers
o0x7f98e704e938 .functor BUFZ 11, C4<zzzzzzzzzzz>; HiZ drive
v0x7f98e5cb5980_0 .net "RADDR", 10 0, o0x7f98e704e938;  0 drivers
o0x7f98e704e998 .functor BUFZ 1, C4<z>; HiZ drive
v0x7f98e5cb5a10_0 .net "RCLKE", 0 0, o0x7f98e704e998;  0 drivers
v0x7f98e5cb5aa0_0 .net "RCLKN", 0 0, o0x7f98e704ee18;  0 drivers
v0x7f98e5cb5b30_0 .net "RDATA", 15 0, L_0x7f98e5d2c550;  1 drivers
o0x7f98e704ea28 .functor BUFZ 1, C4<z>; HiZ drive
v0x7f98e5cb5bc0_0 .net "RE", 0 0, o0x7f98e704ea28;  0 drivers
o0x7f98e704ea88 .functor BUFZ 11, C4<zzzzzzzzzzz>; HiZ drive
v0x7f98e5cb5c70_0 .net "WADDR", 10 0, o0x7f98e704ea88;  0 drivers
o0x7f98e704eab8 .functor BUFZ 1, C4<z>; HiZ drive
v0x7f98e5cb5d20_0 .net "WCLK", 0 0, o0x7f98e704eab8;  0 drivers
o0x7f98e704eae8 .functor BUFZ 1, C4<z>; HiZ drive
v0x7f98e5cb5dd0_0 .net "WCLKE", 0 0, o0x7f98e704eae8;  0 drivers
o0x7f98e704eb18 .functor BUFZ 16, C4<zzzzzzzzzzzzzzzz>; HiZ drive
v0x7f98e5cb5f00_0 .net "WDATA", 15 0, o0x7f98e704eb18;  0 drivers
o0x7f98e704eb78 .functor BUFZ 1, C4<z>; HiZ drive
v0x7f98e5cb5f90_0 .net "WE", 0 0, o0x7f98e704eb78;  0 drivers
S_0x7f98e5cb2af0 .scope module, "RAM" "SB_RAM40_4K" 2 1781, 2 1487 0, S_0x7f98e5fb6bd0;
 .timescale -12 -12;
    .port_info 0 /OUTPUT 16 "RDATA";
    .port_info 1 /INPUT 1 "RCLK";
    .port_info 2 /INPUT 1 "RCLKE";
    .port_info 3 /INPUT 1 "RE";
    .port_info 4 /INPUT 11 "RADDR";
    .port_info 5 /INPUT 1 "WCLK";
    .port_info 6 /INPUT 1 "WCLKE";
    .port_info 7 /INPUT 1 "WE";
    .port_info 8 /INPUT 11 "WADDR";
    .port_info 9 /INPUT 16 "MASK";
    .port_info 10 /INPUT 16 "WDATA";
P_0x7f98e600ae00 .param/l "INIT_0" 0 2 1507, C4<0000000000000000000000000000000000000000000000000000000000000000000000000000000000000000000000000000000000000000000000000000000000000000000000000000000000000000000000000000000000000000000000000000000000000000000000000000000000000000000000000000000000000000>;
P_0x7f98e600ae40 .param/l "INIT_1" 0 2 1508, C4<0000000000000000000000000000000000000000000000000000000000000000000000000000000000000000000000000000000000000000000000000000000000000000000000000000000000000000000000000000000000000000000000000000000000000000000000000000000000000000000000000000000000000000>;
P_0x7f98e600ae80 .param/l "INIT_2" 0 2 1509, C4<0000000000000000000000000000000000000000000000000000000000000000000000000000000000000000000000000000000000000000000000000000000000000000000000000000000000000000000000000000000000000000000000000000000000000000000000000000000000000000000000000000000000000000>;
P_0x7f98e600aec0 .param/l "INIT_3" 0 2 1510, C4<0000000000000000000000000000000000000000000000000000000000000000000000000000000000000000000000000000000000000000000000000000000000000000000000000000000000000000000000000000000000000000000000000000000000000000000000000000000000000000000000000000000000000000>;
P_0x7f98e600af00 .param/l "INIT_4" 0 2 1511, C4<0000000000000000000000000000000000000000000000000000000000000000000000000000000000000000000000000000000000000000000000000000000000000000000000000000000000000000000000000000000000000000000000000000000000000000000000000000000000000000000000000000000000000000>;
P_0x7f98e600af40 .param/l "INIT_5" 0 2 1512, C4<0000000000000000000000000000000000000000000000000000000000000000000000000000000000000000000000000000000000000000000000000000000000000000000000000000000000000000000000000000000000000000000000000000000000000000000000000000000000000000000000000000000000000000>;
P_0x7f98e600af80 .param/l "INIT_6" 0 2 1513, C4<0000000000000000000000000000000000000000000000000000000000000000000000000000000000000000000000000000000000000000000000000000000000000000000000000000000000000000000000000000000000000000000000000000000000000000000000000000000000000000000000000000000000000000>;
P_0x7f98e600afc0 .param/l "INIT_7" 0 2 1514, C4<0000000000000000000000000000000000000000000000000000000000000000000000000000000000000000000000000000000000000000000000000000000000000000000000000000000000000000000000000000000000000000000000000000000000000000000000000000000000000000000000000000000000000000>;
P_0x7f98e600b000 .param/l "INIT_8" 0 2 1515, C4<0000000000000000000000000000000000000000000000000000000000000000000000000000000000000000000000000000000000000000000000000000000000000000000000000000000000000000000000000000000000000000000000000000000000000000000000000000000000000000000000000000000000000000>;
P_0x7f98e600b040 .param/l "INIT_9" 0 2 1516, C4<0000000000000000000000000000000000000000000000000000000000000000000000000000000000000000000000000000000000000000000000000000000000000000000000000000000000000000000000000000000000000000000000000000000000000000000000000000000000000000000000000000000000000000>;
P_0x7f98e600b080 .param/l "INIT_A" 0 2 1517, C4<0000000000000000000000000000000000000000000000000000000000000000000000000000000000000000000000000000000000000000000000000000000000000000000000000000000000000000000000000000000000000000000000000000000000000000000000000000000000000000000000000000000000000000>;
P_0x7f98e600b0c0 .param/l "INIT_B" 0 2 1518, C4<0000000000000000000000000000000000000000000000000000000000000000000000000000000000000000000000000000000000000000000000000000000000000000000000000000000000000000000000000000000000000000000000000000000000000000000000000000000000000000000000000000000000000000>;
P_0x7f98e600b100 .param/l "INIT_C" 0 2 1519, C4<0000000000000000000000000000000000000000000000000000000000000000000000000000000000000000000000000000000000000000000000000000000000000000000000000000000000000000000000000000000000000000000000000000000000000000000000000000000000000000000000000000000000000000>;
P_0x7f98e600b140 .param/l "INIT_D" 0 2 1520, C4<0000000000000000000000000000000000000000000000000000000000000000000000000000000000000000000000000000000000000000000000000000000000000000000000000000000000000000000000000000000000000000000000000000000000000000000000000000000000000000000000000000000000000000>;
P_0x7f98e600b180 .param/l "INIT_E" 0 2 1521, C4<0000000000000000000000000000000000000000000000000000000000000000000000000000000000000000000000000000000000000000000000000000000000000000000000000000000000000000000000000000000000000000000000000000000000000000000000000000000000000000000000000000000000000000>;
P_0x7f98e600b1c0 .param/l "INIT_F" 0 2 1522, C4<0000000000000000000000000000000000000000000000000000000000000000000000000000000000000000000000000000000000000000000000000000000000000000000000000000000000000000000000000000000000000000000000000000000000000000000000000000000000000000000000000000000000000000>;
P_0x7f98e600b200 .param/str "INIT_FILE" 0 2 1524, "\000";
P_0x7f98e600b240 .param/l "READ_MODE" 0 2 1505, +C4<00000000000000000000000000000000>;
P_0x7f98e600b280 .param/l "WRITE_MODE" 0 2 1504, +C4<00000000000000000000000000000000>;
v0x7f98e5cb4b50_0 .net "MASK", 15 0, o0x7f98e704e908;  alias, 0 drivers
v0x7f98e5cb4be0_0 .net "RADDR", 10 0, o0x7f98e704e938;  alias, 0 drivers
v0x7f98e5cb4c90_0 .net "RCLK", 0 0, L_0x7f98e5d2cf90;  1 drivers
v0x7f98e5cb4d40_0 .net "RCLKE", 0 0, o0x7f98e704e998;  alias, 0 drivers
v0x7f98e5cb4de0_0 .net "RDATA", 15 0, L_0x7f98e5d2c550;  alias, 1 drivers
v0x7f98e5cb4ed0_0 .var "RDATA_I", 15 0;
v0x7f98e5cb4f80_0 .net "RE", 0 0, o0x7f98e704ea28;  alias, 0 drivers
L_0x7f98e7073b00 .functor BUFT 1, C4<0000000000000000>, C4<0>, C4<0>, C4<0>;
v0x7f98e5cb5020_0 .net "RMASK_I", 15 0, L_0x7f98e7073b00;  1 drivers
v0x7f98e5cb50d0_0 .net "WADDR", 10 0, o0x7f98e704ea88;  alias, 0 drivers
v0x7f98e5cb51e0_0 .net "WCLK", 0 0, o0x7f98e704eab8;  alias, 0 drivers
v0x7f98e5cb5280_0 .net "WCLKE", 0 0, o0x7f98e704eae8;  alias, 0 drivers
v0x7f98e5cb5320_0 .net "WDATA", 15 0, o0x7f98e704eb18;  alias, 0 drivers
v0x7f98e5cb53d0_0 .net "WDATA_I", 15 0, L_0x7f98e5d2c480;  1 drivers
v0x7f98e5cb5480_0 .net "WE", 0 0, o0x7f98e704eb78;  alias, 0 drivers
v0x7f98e5cb5520_0 .net "WMASK_I", 15 0, L_0x7f98e5d2c8f0;  1 drivers
v0x7f98e5cb55d0_0 .var/i "i", 31 0;
v0x7f98e5cb5680 .array "memory", 255 0, 15 0;
E_0x7f98e5cb43d0 .event posedge, v0x7f98e5cb4c90_0;
E_0x7f98e5cb4430 .event posedge, v0x7f98e5cb51e0_0;
S_0x7f98e5cb4480 .scope generate, "genblk1" "genblk1" 2 1534, 2 1534 0, S_0x7f98e5cb2af0;
 .timescale -12 -12;
L_0x7f98e5d2c8f0 .functor BUFZ 16, o0x7f98e704e908, C4<0000000000000000>, C4<0000000000000000>, C4<0000000000000000>;
S_0x7f98e5cb4650 .scope generate, "genblk2" "genblk2" 2 1555, 2 1555 0, S_0x7f98e5cb2af0;
 .timescale -12 -12;
S_0x7f98e5cb4820 .scope generate, "genblk3" "genblk3" 2 1576, 2 1576 0, S_0x7f98e5cb2af0;
 .timescale -12 -12;
L_0x7f98e5d2c480 .functor BUFZ 16, o0x7f98e704eb18, C4<0000000000000000>, C4<0000000000000000>, C4<0000000000000000>;
S_0x7f98e5cb4990 .scope generate, "genblk4" "genblk4" 2 1595, 2 1595 0, S_0x7f98e5cb2af0;
 .timescale -12 -12;
L_0x7f98e5d2c550 .functor BUFZ 16, v0x7f98e5cb4ed0_0, C4<0000000000000000>, C4<0000000000000000>, C4<0000000000000000>;
S_0x7f98e5fb7aa0 .scope module, "SB_RAM40_4KNRNW" "SB_RAM40_4KNRNW" 2 1998;
 .timescale -12 -12;
    .port_info 0 /OUTPUT 16 "RDATA";
    .port_info 1 /INPUT 1 "RCLKN";
    .port_info 2 /INPUT 1 "RCLKE";
    .port_info 3 /INPUT 1 "RE";
    .port_info 4 /INPUT 11 "RADDR";
    .port_info 5 /INPUT 1 "WCLKN";
    .port_info 6 /INPUT 1 "WCLKE";
    .port_info 7 /INPUT 1 "WE";
    .port_info 8 /INPUT 11 "WADDR";
    .port_info 9 /INPUT 16 "MASK";
    .port_info 10 /INPUT 16 "WDATA";
P_0x7f98e681f000 .param/l "INIT_0" 0 2 2014, C4<0000000000000000000000000000000000000000000000000000000000000000000000000000000000000000000000000000000000000000000000000000000000000000000000000000000000000000000000000000000000000000000000000000000000000000000000000000000000000000000000000000000000000000>;
P_0x7f98e681f040 .param/l "INIT_1" 0 2 2015, C4<0000000000000000000000000000000000000000000000000000000000000000000000000000000000000000000000000000000000000000000000000000000000000000000000000000000000000000000000000000000000000000000000000000000000000000000000000000000000000000000000000000000000000000>;
P_0x7f98e681f080 .param/l "INIT_2" 0 2 2016, C4<0000000000000000000000000000000000000000000000000000000000000000000000000000000000000000000000000000000000000000000000000000000000000000000000000000000000000000000000000000000000000000000000000000000000000000000000000000000000000000000000000000000000000000>;
P_0x7f98e681f0c0 .param/l "INIT_3" 0 2 2017, C4<0000000000000000000000000000000000000000000000000000000000000000000000000000000000000000000000000000000000000000000000000000000000000000000000000000000000000000000000000000000000000000000000000000000000000000000000000000000000000000000000000000000000000000>;
P_0x7f98e681f100 .param/l "INIT_4" 0 2 2018, C4<0000000000000000000000000000000000000000000000000000000000000000000000000000000000000000000000000000000000000000000000000000000000000000000000000000000000000000000000000000000000000000000000000000000000000000000000000000000000000000000000000000000000000000>;
P_0x7f98e681f140 .param/l "INIT_5" 0 2 2019, C4<0000000000000000000000000000000000000000000000000000000000000000000000000000000000000000000000000000000000000000000000000000000000000000000000000000000000000000000000000000000000000000000000000000000000000000000000000000000000000000000000000000000000000000>;
P_0x7f98e681f180 .param/l "INIT_6" 0 2 2020, C4<0000000000000000000000000000000000000000000000000000000000000000000000000000000000000000000000000000000000000000000000000000000000000000000000000000000000000000000000000000000000000000000000000000000000000000000000000000000000000000000000000000000000000000>;
P_0x7f98e681f1c0 .param/l "INIT_7" 0 2 2021, C4<0000000000000000000000000000000000000000000000000000000000000000000000000000000000000000000000000000000000000000000000000000000000000000000000000000000000000000000000000000000000000000000000000000000000000000000000000000000000000000000000000000000000000000>;
P_0x7f98e681f200 .param/l "INIT_8" 0 2 2022, C4<0000000000000000000000000000000000000000000000000000000000000000000000000000000000000000000000000000000000000000000000000000000000000000000000000000000000000000000000000000000000000000000000000000000000000000000000000000000000000000000000000000000000000000>;
P_0x7f98e681f240 .param/l "INIT_9" 0 2 2023, C4<0000000000000000000000000000000000000000000000000000000000000000000000000000000000000000000000000000000000000000000000000000000000000000000000000000000000000000000000000000000000000000000000000000000000000000000000000000000000000000000000000000000000000000>;
P_0x7f98e681f280 .param/l "INIT_A" 0 2 2024, C4<0000000000000000000000000000000000000000000000000000000000000000000000000000000000000000000000000000000000000000000000000000000000000000000000000000000000000000000000000000000000000000000000000000000000000000000000000000000000000000000000000000000000000000>;
P_0x7f98e681f2c0 .param/l "INIT_B" 0 2 2025, C4<0000000000000000000000000000000000000000000000000000000000000000000000000000000000000000000000000000000000000000000000000000000000000000000000000000000000000000000000000000000000000000000000000000000000000000000000000000000000000000000000000000000000000000>;
P_0x7f98e681f300 .param/l "INIT_C" 0 2 2026, C4<0000000000000000000000000000000000000000000000000000000000000000000000000000000000000000000000000000000000000000000000000000000000000000000000000000000000000000000000000000000000000000000000000000000000000000000000000000000000000000000000000000000000000000>;
P_0x7f98e681f340 .param/l "INIT_D" 0 2 2027, C4<0000000000000000000000000000000000000000000000000000000000000000000000000000000000000000000000000000000000000000000000000000000000000000000000000000000000000000000000000000000000000000000000000000000000000000000000000000000000000000000000000000000000000000>;
P_0x7f98e681f380 .param/l "INIT_E" 0 2 2028, C4<0000000000000000000000000000000000000000000000000000000000000000000000000000000000000000000000000000000000000000000000000000000000000000000000000000000000000000000000000000000000000000000000000000000000000000000000000000000000000000000000000000000000000000>;
P_0x7f98e681f3c0 .param/l "INIT_F" 0 2 2029, C4<0000000000000000000000000000000000000000000000000000000000000000000000000000000000000000000000000000000000000000000000000000000000000000000000000000000000000000000000000000000000000000000000000000000000000000000000000000000000000000000000000000000000000000>;
P_0x7f98e681f400 .param/str "INIT_FILE" 0 2 2031, "\000";
P_0x7f98e681f440 .param/l "READ_MODE" 0 2 2012, +C4<00000000000000000000000000000000>;
P_0x7f98e681f480 .param/l "WRITE_MODE" 0 2 2011, +C4<00000000000000000000000000000000>;
o0x7f98e704f568 .functor BUFZ 1, C4<z>; HiZ drive
L_0x7f98e5d2d350 .functor NOT 1, o0x7f98e704f568, C4<0>, C4<0>, C4<0>;
o0x7f98e704f598 .functor BUFZ 1, C4<z>; HiZ drive
L_0x7f98e5d2d420 .functor NOT 1, o0x7f98e704f598, C4<0>, C4<0>, C4<0>;
o0x7f98e704f058 .functor BUFZ 16, C4<zzzzzzzzzzzzzzzz>; HiZ drive
v0x7f98e5cb8f10_0 .net "MASK", 15 0, o0x7f98e704f058;  0 drivers
o0x7f98e704f088 .functor BUFZ 11, C4<zzzzzzzzzzz>; HiZ drive
v0x7f98e5cb8fa0_0 .net "RADDR", 10 0, o0x7f98e704f088;  0 drivers
o0x7f98e704f0e8 .functor BUFZ 1, C4<z>; HiZ drive
v0x7f98e5cb9030_0 .net "RCLKE", 0 0, o0x7f98e704f0e8;  0 drivers
v0x7f98e5cb90c0_0 .net "RCLKN", 0 0, o0x7f98e704f568;  0 drivers
v0x7f98e5cb9150_0 .net "RDATA", 15 0, L_0x7f98e5d2d260;  1 drivers
o0x7f98e704f178 .functor BUFZ 1, C4<z>; HiZ drive
v0x7f98e5cb91e0_0 .net "RE", 0 0, o0x7f98e704f178;  0 drivers
o0x7f98e704f1d8 .functor BUFZ 11, C4<zzzzzzzzzzz>; HiZ drive
v0x7f98e5cb9290_0 .net "WADDR", 10 0, o0x7f98e704f1d8;  0 drivers
o0x7f98e704f238 .functor BUFZ 1, C4<z>; HiZ drive
v0x7f98e5cb9340_0 .net "WCLKE", 0 0, o0x7f98e704f238;  0 drivers
v0x7f98e5cb93f0_0 .net "WCLKN", 0 0, o0x7f98e704f598;  0 drivers
o0x7f98e704f268 .functor BUFZ 16, C4<zzzzzzzzzzzzzzzz>; HiZ drive
v0x7f98e5cb9500_0 .net "WDATA", 15 0, o0x7f98e704f268;  0 drivers
o0x7f98e704f2c8 .functor BUFZ 1, C4<z>; HiZ drive
v0x7f98e5cb95b0_0 .net "WE", 0 0, o0x7f98e704f2c8;  0 drivers
S_0x7f98e5cb60d0 .scope module, "RAM" "SB_RAM40_4K" 2 2053, 2 1487 0, S_0x7f98e5fb7aa0;
 .timescale -12 -12;
    .port_info 0 /OUTPUT 16 "RDATA";
    .port_info 1 /INPUT 1 "RCLK";
    .port_info 2 /INPUT 1 "RCLKE";
    .port_info 3 /INPUT 1 "RE";
    .port_info 4 /INPUT 11 "RADDR";
    .port_info 5 /INPUT 1 "WCLK";
    .port_info 6 /INPUT 1 "WCLKE";
    .port_info 7 /INPUT 1 "WE";
    .port_info 8 /INPUT 11 "WADDR";
    .port_info 9 /INPUT 16 "MASK";
    .port_info 10 /INPUT 16 "WDATA";
P_0x7f98e600b400 .param/l "INIT_0" 0 2 1507, C4<0000000000000000000000000000000000000000000000000000000000000000000000000000000000000000000000000000000000000000000000000000000000000000000000000000000000000000000000000000000000000000000000000000000000000000000000000000000000000000000000000000000000000000>;
P_0x7f98e600b440 .param/l "INIT_1" 0 2 1508, C4<0000000000000000000000000000000000000000000000000000000000000000000000000000000000000000000000000000000000000000000000000000000000000000000000000000000000000000000000000000000000000000000000000000000000000000000000000000000000000000000000000000000000000000>;
P_0x7f98e600b480 .param/l "INIT_2" 0 2 1509, C4<0000000000000000000000000000000000000000000000000000000000000000000000000000000000000000000000000000000000000000000000000000000000000000000000000000000000000000000000000000000000000000000000000000000000000000000000000000000000000000000000000000000000000000>;
P_0x7f98e600b4c0 .param/l "INIT_3" 0 2 1510, C4<0000000000000000000000000000000000000000000000000000000000000000000000000000000000000000000000000000000000000000000000000000000000000000000000000000000000000000000000000000000000000000000000000000000000000000000000000000000000000000000000000000000000000000>;
P_0x7f98e600b500 .param/l "INIT_4" 0 2 1511, C4<0000000000000000000000000000000000000000000000000000000000000000000000000000000000000000000000000000000000000000000000000000000000000000000000000000000000000000000000000000000000000000000000000000000000000000000000000000000000000000000000000000000000000000>;
P_0x7f98e600b540 .param/l "INIT_5" 0 2 1512, C4<0000000000000000000000000000000000000000000000000000000000000000000000000000000000000000000000000000000000000000000000000000000000000000000000000000000000000000000000000000000000000000000000000000000000000000000000000000000000000000000000000000000000000000>;
P_0x7f98e600b580 .param/l "INIT_6" 0 2 1513, C4<0000000000000000000000000000000000000000000000000000000000000000000000000000000000000000000000000000000000000000000000000000000000000000000000000000000000000000000000000000000000000000000000000000000000000000000000000000000000000000000000000000000000000000>;
P_0x7f98e600b5c0 .param/l "INIT_7" 0 2 1514, C4<0000000000000000000000000000000000000000000000000000000000000000000000000000000000000000000000000000000000000000000000000000000000000000000000000000000000000000000000000000000000000000000000000000000000000000000000000000000000000000000000000000000000000000>;
P_0x7f98e600b600 .param/l "INIT_8" 0 2 1515, C4<0000000000000000000000000000000000000000000000000000000000000000000000000000000000000000000000000000000000000000000000000000000000000000000000000000000000000000000000000000000000000000000000000000000000000000000000000000000000000000000000000000000000000000>;
P_0x7f98e600b640 .param/l "INIT_9" 0 2 1516, C4<0000000000000000000000000000000000000000000000000000000000000000000000000000000000000000000000000000000000000000000000000000000000000000000000000000000000000000000000000000000000000000000000000000000000000000000000000000000000000000000000000000000000000000>;
P_0x7f98e600b680 .param/l "INIT_A" 0 2 1517, C4<0000000000000000000000000000000000000000000000000000000000000000000000000000000000000000000000000000000000000000000000000000000000000000000000000000000000000000000000000000000000000000000000000000000000000000000000000000000000000000000000000000000000000000>;
P_0x7f98e600b6c0 .param/l "INIT_B" 0 2 1518, C4<0000000000000000000000000000000000000000000000000000000000000000000000000000000000000000000000000000000000000000000000000000000000000000000000000000000000000000000000000000000000000000000000000000000000000000000000000000000000000000000000000000000000000000>;
P_0x7f98e600b700 .param/l "INIT_C" 0 2 1519, C4<0000000000000000000000000000000000000000000000000000000000000000000000000000000000000000000000000000000000000000000000000000000000000000000000000000000000000000000000000000000000000000000000000000000000000000000000000000000000000000000000000000000000000000>;
P_0x7f98e600b740 .param/l "INIT_D" 0 2 1520, C4<0000000000000000000000000000000000000000000000000000000000000000000000000000000000000000000000000000000000000000000000000000000000000000000000000000000000000000000000000000000000000000000000000000000000000000000000000000000000000000000000000000000000000000>;
P_0x7f98e600b780 .param/l "INIT_E" 0 2 1521, C4<0000000000000000000000000000000000000000000000000000000000000000000000000000000000000000000000000000000000000000000000000000000000000000000000000000000000000000000000000000000000000000000000000000000000000000000000000000000000000000000000000000000000000000>;
P_0x7f98e600b7c0 .param/l "INIT_F" 0 2 1522, C4<0000000000000000000000000000000000000000000000000000000000000000000000000000000000000000000000000000000000000000000000000000000000000000000000000000000000000000000000000000000000000000000000000000000000000000000000000000000000000000000000000000000000000000>;
P_0x7f98e600b800 .param/str "INIT_FILE" 0 2 1524, "\000";
P_0x7f98e600b840 .param/l "READ_MODE" 0 2 1505, +C4<00000000000000000000000000000000>;
P_0x7f98e600b880 .param/l "WRITE_MODE" 0 2 1504, +C4<00000000000000000000000000000000>;
v0x7f98e5cb8170_0 .net "MASK", 15 0, o0x7f98e704f058;  alias, 0 drivers
v0x7f98e5cb8200_0 .net "RADDR", 10 0, o0x7f98e704f088;  alias, 0 drivers
v0x7f98e5cb82b0_0 .net "RCLK", 0 0, L_0x7f98e5d2d350;  1 drivers
v0x7f98e5cb8360_0 .net "RCLKE", 0 0, o0x7f98e704f0e8;  alias, 0 drivers
v0x7f98e5cb8400_0 .net "RDATA", 15 0, L_0x7f98e5d2d260;  alias, 1 drivers
v0x7f98e5cb84f0_0 .var "RDATA_I", 15 0;
v0x7f98e5cb85a0_0 .net "RE", 0 0, o0x7f98e704f178;  alias, 0 drivers
L_0x7f98e7073b48 .functor BUFT 1, C4<0000000000000000>, C4<0>, C4<0>, C4<0>;
v0x7f98e5cb8640_0 .net "RMASK_I", 15 0, L_0x7f98e7073b48;  1 drivers
v0x7f98e5cb86f0_0 .net "WADDR", 10 0, o0x7f98e704f1d8;  alias, 0 drivers
v0x7f98e5cb8800_0 .net "WCLK", 0 0, L_0x7f98e5d2d420;  1 drivers
v0x7f98e5cb88a0_0 .net "WCLKE", 0 0, o0x7f98e704f238;  alias, 0 drivers
v0x7f98e5cb8940_0 .net "WDATA", 15 0, o0x7f98e704f268;  alias, 0 drivers
v0x7f98e5cb89f0_0 .net "WDATA_I", 15 0, L_0x7f98e5d2d170;  1 drivers
v0x7f98e5cb8aa0_0 .net "WE", 0 0, o0x7f98e704f2c8;  alias, 0 drivers
v0x7f98e5cb8b40_0 .net "WMASK_I", 15 0, L_0x7f98e5d2d060;  1 drivers
v0x7f98e5cb8bf0_0 .var/i "i", 31 0;
v0x7f98e5cb8ca0 .array "memory", 255 0, 15 0;
E_0x7f98e5cb79f0 .event posedge, v0x7f98e5cb82b0_0;
E_0x7f98e5cb7a50 .event posedge, v0x7f98e5cb8800_0;
S_0x7f98e5cb7aa0 .scope generate, "genblk1" "genblk1" 2 1534, 2 1534 0, S_0x7f98e5cb60d0;
 .timescale -12 -12;
L_0x7f98e5d2d060 .functor BUFZ 16, o0x7f98e704f058, C4<0000000000000000>, C4<0000000000000000>, C4<0000000000000000>;
S_0x7f98e5cb7c70 .scope generate, "genblk2" "genblk2" 2 1555, 2 1555 0, S_0x7f98e5cb60d0;
 .timescale -12 -12;
S_0x7f98e5cb7e40 .scope generate, "genblk3" "genblk3" 2 1576, 2 1576 0, S_0x7f98e5cb60d0;
 .timescale -12 -12;
L_0x7f98e5d2d170 .functor BUFZ 16, o0x7f98e704f268, C4<0000000000000000>, C4<0000000000000000>, C4<0000000000000000>;
S_0x7f98e5cb7fb0 .scope generate, "genblk4" "genblk4" 2 1595, 2 1595 0, S_0x7f98e5cb60d0;
 .timescale -12 -12;
L_0x7f98e5d2d260 .functor BUFZ 16, v0x7f98e5cb84f0_0, C4<0000000000000000>, C4<0000000000000000>, C4<0000000000000000>;
S_0x7f98e5fb8d70 .scope module, "SB_RAM40_4KNW" "SB_RAM40_4KNW" 2 1862;
 .timescale -12 -12;
    .port_info 0 /OUTPUT 16 "RDATA";
    .port_info 1 /INPUT 1 "RCLK";
    .port_info 2 /INPUT 1 "RCLKE";
    .port_info 3 /INPUT 1 "RE";
    .port_info 4 /INPUT 11 "RADDR";
    .port_info 5 /INPUT 1 "WCLKN";
    .port_info 6 /INPUT 1 "WCLKE";
    .port_info 7 /INPUT 1 "WE";
    .port_info 8 /INPUT 11 "WADDR";
    .port_info 9 /INPUT 16 "MASK";
    .port_info 10 /INPUT 16 "WDATA";
P_0x7f98e681f600 .param/l "INIT_0" 0 2 1878, C4<0000000000000000000000000000000000000000000000000000000000000000000000000000000000000000000000000000000000000000000000000000000000000000000000000000000000000000000000000000000000000000000000000000000000000000000000000000000000000000000000000000000000000000>;
P_0x7f98e681f640 .param/l "INIT_1" 0 2 1879, C4<0000000000000000000000000000000000000000000000000000000000000000000000000000000000000000000000000000000000000000000000000000000000000000000000000000000000000000000000000000000000000000000000000000000000000000000000000000000000000000000000000000000000000000>;
P_0x7f98e681f680 .param/l "INIT_2" 0 2 1880, C4<0000000000000000000000000000000000000000000000000000000000000000000000000000000000000000000000000000000000000000000000000000000000000000000000000000000000000000000000000000000000000000000000000000000000000000000000000000000000000000000000000000000000000000>;
P_0x7f98e681f6c0 .param/l "INIT_3" 0 2 1881, C4<0000000000000000000000000000000000000000000000000000000000000000000000000000000000000000000000000000000000000000000000000000000000000000000000000000000000000000000000000000000000000000000000000000000000000000000000000000000000000000000000000000000000000000>;
P_0x7f98e681f700 .param/l "INIT_4" 0 2 1882, C4<0000000000000000000000000000000000000000000000000000000000000000000000000000000000000000000000000000000000000000000000000000000000000000000000000000000000000000000000000000000000000000000000000000000000000000000000000000000000000000000000000000000000000000>;
P_0x7f98e681f740 .param/l "INIT_5" 0 2 1883, C4<0000000000000000000000000000000000000000000000000000000000000000000000000000000000000000000000000000000000000000000000000000000000000000000000000000000000000000000000000000000000000000000000000000000000000000000000000000000000000000000000000000000000000000>;
P_0x7f98e681f780 .param/l "INIT_6" 0 2 1884, C4<0000000000000000000000000000000000000000000000000000000000000000000000000000000000000000000000000000000000000000000000000000000000000000000000000000000000000000000000000000000000000000000000000000000000000000000000000000000000000000000000000000000000000000>;
P_0x7f98e681f7c0 .param/l "INIT_7" 0 2 1885, C4<0000000000000000000000000000000000000000000000000000000000000000000000000000000000000000000000000000000000000000000000000000000000000000000000000000000000000000000000000000000000000000000000000000000000000000000000000000000000000000000000000000000000000000>;
P_0x7f98e681f800 .param/l "INIT_8" 0 2 1886, C4<0000000000000000000000000000000000000000000000000000000000000000000000000000000000000000000000000000000000000000000000000000000000000000000000000000000000000000000000000000000000000000000000000000000000000000000000000000000000000000000000000000000000000000>;
P_0x7f98e681f840 .param/l "INIT_9" 0 2 1887, C4<0000000000000000000000000000000000000000000000000000000000000000000000000000000000000000000000000000000000000000000000000000000000000000000000000000000000000000000000000000000000000000000000000000000000000000000000000000000000000000000000000000000000000000>;
P_0x7f98e681f880 .param/l "INIT_A" 0 2 1888, C4<0000000000000000000000000000000000000000000000000000000000000000000000000000000000000000000000000000000000000000000000000000000000000000000000000000000000000000000000000000000000000000000000000000000000000000000000000000000000000000000000000000000000000000>;
P_0x7f98e681f8c0 .param/l "INIT_B" 0 2 1889, C4<0000000000000000000000000000000000000000000000000000000000000000000000000000000000000000000000000000000000000000000000000000000000000000000000000000000000000000000000000000000000000000000000000000000000000000000000000000000000000000000000000000000000000000>;
P_0x7f98e681f900 .param/l "INIT_C" 0 2 1890, C4<0000000000000000000000000000000000000000000000000000000000000000000000000000000000000000000000000000000000000000000000000000000000000000000000000000000000000000000000000000000000000000000000000000000000000000000000000000000000000000000000000000000000000000>;
P_0x7f98e681f940 .param/l "INIT_D" 0 2 1891, C4<0000000000000000000000000000000000000000000000000000000000000000000000000000000000000000000000000000000000000000000000000000000000000000000000000000000000000000000000000000000000000000000000000000000000000000000000000000000000000000000000000000000000000000>;
P_0x7f98e681f980 .param/l "INIT_E" 0 2 1892, C4<0000000000000000000000000000000000000000000000000000000000000000000000000000000000000000000000000000000000000000000000000000000000000000000000000000000000000000000000000000000000000000000000000000000000000000000000000000000000000000000000000000000000000000>;
P_0x7f98e681f9c0 .param/l "INIT_F" 0 2 1893, C4<0000000000000000000000000000000000000000000000000000000000000000000000000000000000000000000000000000000000000000000000000000000000000000000000000000000000000000000000000000000000000000000000000000000000000000000000000000000000000000000000000000000000000000>;
P_0x7f98e681fa00 .param/str "INIT_FILE" 0 2 1895, "\000";
P_0x7f98e681fa40 .param/l "READ_MODE" 0 2 1876, +C4<00000000000000000000000000000000>;
P_0x7f98e681fa80 .param/l "WRITE_MODE" 0 2 1875, +C4<00000000000000000000000000000000>;
o0x7f98e704fce8 .functor BUFZ 1, C4<z>; HiZ drive
L_0x7f98e5d2d7d0 .functor NOT 1, o0x7f98e704fce8, C4<0>, C4<0>, C4<0>;
o0x7f98e704f7d8 .functor BUFZ 16, C4<zzzzzzzzzzzzzzzz>; HiZ drive
v0x7f98e5cbc530_0 .net "MASK", 15 0, o0x7f98e704f7d8;  0 drivers
o0x7f98e704f808 .functor BUFZ 11, C4<zzzzzzzzzzz>; HiZ drive
v0x7f98e5cbc5c0_0 .net "RADDR", 10 0, o0x7f98e704f808;  0 drivers
o0x7f98e704f838 .functor BUFZ 1, C4<z>; HiZ drive
v0x7f98e5cbc650_0 .net "RCLK", 0 0, o0x7f98e704f838;  0 drivers
o0x7f98e704f868 .functor BUFZ 1, C4<z>; HiZ drive
v0x7f98e5cbc6e0_0 .net "RCLKE", 0 0, o0x7f98e704f868;  0 drivers
v0x7f98e5cbc770_0 .net "RDATA", 15 0, L_0x7f98e5d2d6e0;  1 drivers
o0x7f98e704f8f8 .functor BUFZ 1, C4<z>; HiZ drive
v0x7f98e5cbc840_0 .net "RE", 0 0, o0x7f98e704f8f8;  0 drivers
o0x7f98e704f958 .functor BUFZ 11, C4<zzzzzzzzzzz>; HiZ drive
v0x7f98e5cbc8d0_0 .net "WADDR", 10 0, o0x7f98e704f958;  0 drivers
o0x7f98e704f9b8 .functor BUFZ 1, C4<z>; HiZ drive
v0x7f98e5cbc960_0 .net "WCLKE", 0 0, o0x7f98e704f9b8;  0 drivers
v0x7f98e5cbca10_0 .net "WCLKN", 0 0, o0x7f98e704fce8;  0 drivers
o0x7f98e704f9e8 .functor BUFZ 16, C4<zzzzzzzzzzzzzzzz>; HiZ drive
v0x7f98e5cbcb20_0 .net "WDATA", 15 0, o0x7f98e704f9e8;  0 drivers
o0x7f98e704fa48 .functor BUFZ 1, C4<z>; HiZ drive
v0x7f98e5cbcbd0_0 .net "WE", 0 0, o0x7f98e704fa48;  0 drivers
S_0x7f98e5cb96f0 .scope module, "RAM" "SB_RAM40_4K" 2 1917, 2 1487 0, S_0x7f98e5fb8d70;
 .timescale -12 -12;
    .port_info 0 /OUTPUT 16 "RDATA";
    .port_info 1 /INPUT 1 "RCLK";
    .port_info 2 /INPUT 1 "RCLKE";
    .port_info 3 /INPUT 1 "RE";
    .port_info 4 /INPUT 11 "RADDR";
    .port_info 5 /INPUT 1 "WCLK";
    .port_info 6 /INPUT 1 "WCLKE";
    .port_info 7 /INPUT 1 "WE";
    .port_info 8 /INPUT 11 "WADDR";
    .port_info 9 /INPUT 16 "MASK";
    .port_info 10 /INPUT 16 "WDATA";
P_0x7f98e600ba00 .param/l "INIT_0" 0 2 1507, C4<0000000000000000000000000000000000000000000000000000000000000000000000000000000000000000000000000000000000000000000000000000000000000000000000000000000000000000000000000000000000000000000000000000000000000000000000000000000000000000000000000000000000000000>;
P_0x7f98e600ba40 .param/l "INIT_1" 0 2 1508, C4<0000000000000000000000000000000000000000000000000000000000000000000000000000000000000000000000000000000000000000000000000000000000000000000000000000000000000000000000000000000000000000000000000000000000000000000000000000000000000000000000000000000000000000>;
P_0x7f98e600ba80 .param/l "INIT_2" 0 2 1509, C4<0000000000000000000000000000000000000000000000000000000000000000000000000000000000000000000000000000000000000000000000000000000000000000000000000000000000000000000000000000000000000000000000000000000000000000000000000000000000000000000000000000000000000000>;
P_0x7f98e600bac0 .param/l "INIT_3" 0 2 1510, C4<0000000000000000000000000000000000000000000000000000000000000000000000000000000000000000000000000000000000000000000000000000000000000000000000000000000000000000000000000000000000000000000000000000000000000000000000000000000000000000000000000000000000000000>;
P_0x7f98e600bb00 .param/l "INIT_4" 0 2 1511, C4<0000000000000000000000000000000000000000000000000000000000000000000000000000000000000000000000000000000000000000000000000000000000000000000000000000000000000000000000000000000000000000000000000000000000000000000000000000000000000000000000000000000000000000>;
P_0x7f98e600bb40 .param/l "INIT_5" 0 2 1512, C4<0000000000000000000000000000000000000000000000000000000000000000000000000000000000000000000000000000000000000000000000000000000000000000000000000000000000000000000000000000000000000000000000000000000000000000000000000000000000000000000000000000000000000000>;
P_0x7f98e600bb80 .param/l "INIT_6" 0 2 1513, C4<0000000000000000000000000000000000000000000000000000000000000000000000000000000000000000000000000000000000000000000000000000000000000000000000000000000000000000000000000000000000000000000000000000000000000000000000000000000000000000000000000000000000000000>;
P_0x7f98e600bbc0 .param/l "INIT_7" 0 2 1514, C4<0000000000000000000000000000000000000000000000000000000000000000000000000000000000000000000000000000000000000000000000000000000000000000000000000000000000000000000000000000000000000000000000000000000000000000000000000000000000000000000000000000000000000000>;
P_0x7f98e600bc00 .param/l "INIT_8" 0 2 1515, C4<0000000000000000000000000000000000000000000000000000000000000000000000000000000000000000000000000000000000000000000000000000000000000000000000000000000000000000000000000000000000000000000000000000000000000000000000000000000000000000000000000000000000000000>;
P_0x7f98e600bc40 .param/l "INIT_9" 0 2 1516, C4<0000000000000000000000000000000000000000000000000000000000000000000000000000000000000000000000000000000000000000000000000000000000000000000000000000000000000000000000000000000000000000000000000000000000000000000000000000000000000000000000000000000000000000>;
P_0x7f98e600bc80 .param/l "INIT_A" 0 2 1517, C4<0000000000000000000000000000000000000000000000000000000000000000000000000000000000000000000000000000000000000000000000000000000000000000000000000000000000000000000000000000000000000000000000000000000000000000000000000000000000000000000000000000000000000000>;
P_0x7f98e600bcc0 .param/l "INIT_B" 0 2 1518, C4<0000000000000000000000000000000000000000000000000000000000000000000000000000000000000000000000000000000000000000000000000000000000000000000000000000000000000000000000000000000000000000000000000000000000000000000000000000000000000000000000000000000000000000>;
P_0x7f98e600bd00 .param/l "INIT_C" 0 2 1519, C4<0000000000000000000000000000000000000000000000000000000000000000000000000000000000000000000000000000000000000000000000000000000000000000000000000000000000000000000000000000000000000000000000000000000000000000000000000000000000000000000000000000000000000000>;
P_0x7f98e600bd40 .param/l "INIT_D" 0 2 1520, C4<0000000000000000000000000000000000000000000000000000000000000000000000000000000000000000000000000000000000000000000000000000000000000000000000000000000000000000000000000000000000000000000000000000000000000000000000000000000000000000000000000000000000000000>;
P_0x7f98e600bd80 .param/l "INIT_E" 0 2 1521, C4<0000000000000000000000000000000000000000000000000000000000000000000000000000000000000000000000000000000000000000000000000000000000000000000000000000000000000000000000000000000000000000000000000000000000000000000000000000000000000000000000000000000000000000>;
P_0x7f98e600bdc0 .param/l "INIT_F" 0 2 1522, C4<0000000000000000000000000000000000000000000000000000000000000000000000000000000000000000000000000000000000000000000000000000000000000000000000000000000000000000000000000000000000000000000000000000000000000000000000000000000000000000000000000000000000000000>;
P_0x7f98e600be00 .param/str "INIT_FILE" 0 2 1524, "\000";
P_0x7f98e600be40 .param/l "READ_MODE" 0 2 1505, +C4<00000000000000000000000000000000>;
P_0x7f98e600be80 .param/l "WRITE_MODE" 0 2 1504, +C4<00000000000000000000000000000000>;
v0x7f98e5cbb790_0 .net "MASK", 15 0, o0x7f98e704f7d8;  alias, 0 drivers
v0x7f98e5cbb820_0 .net "RADDR", 10 0, o0x7f98e704f808;  alias, 0 drivers
v0x7f98e5cbb8d0_0 .net "RCLK", 0 0, o0x7f98e704f838;  alias, 0 drivers
v0x7f98e5cbb980_0 .net "RCLKE", 0 0, o0x7f98e704f868;  alias, 0 drivers
v0x7f98e5cbba20_0 .net "RDATA", 15 0, L_0x7f98e5d2d6e0;  alias, 1 drivers
v0x7f98e5cbbb10_0 .var "RDATA_I", 15 0;
v0x7f98e5cbbbc0_0 .net "RE", 0 0, o0x7f98e704f8f8;  alias, 0 drivers
L_0x7f98e7073b90 .functor BUFT 1, C4<0000000000000000>, C4<0>, C4<0>, C4<0>;
v0x7f98e5cbbc60_0 .net "RMASK_I", 15 0, L_0x7f98e7073b90;  1 drivers
v0x7f98e5cbbd10_0 .net "WADDR", 10 0, o0x7f98e704f958;  alias, 0 drivers
v0x7f98e5cbbe20_0 .net "WCLK", 0 0, L_0x7f98e5d2d7d0;  1 drivers
v0x7f98e5cbbec0_0 .net "WCLKE", 0 0, o0x7f98e704f9b8;  alias, 0 drivers
v0x7f98e5cbbf60_0 .net "WDATA", 15 0, o0x7f98e704f9e8;  alias, 0 drivers
v0x7f98e5cbc010_0 .net "WDATA_I", 15 0, L_0x7f98e5d2d5f0;  1 drivers
v0x7f98e5cbc0c0_0 .net "WE", 0 0, o0x7f98e704fa48;  alias, 0 drivers
v0x7f98e5cbc160_0 .net "WMASK_I", 15 0, L_0x7f98e5d2d4e0;  1 drivers
v0x7f98e5cbc210_0 .var/i "i", 31 0;
v0x7f98e5cbc2c0 .array "memory", 255 0, 15 0;
E_0x7f98e5cbb010 .event posedge, v0x7f98e5cbb8d0_0;
E_0x7f98e5cbb070 .event posedge, v0x7f98e5cbbe20_0;
S_0x7f98e5cbb0c0 .scope generate, "genblk1" "genblk1" 2 1534, 2 1534 0, S_0x7f98e5cb96f0;
 .timescale -12 -12;
L_0x7f98e5d2d4e0 .functor BUFZ 16, o0x7f98e704f7d8, C4<0000000000000000>, C4<0000000000000000>, C4<0000000000000000>;
S_0x7f98e5cbb290 .scope generate, "genblk2" "genblk2" 2 1555, 2 1555 0, S_0x7f98e5cb96f0;
 .timescale -12 -12;
S_0x7f98e5cbb460 .scope generate, "genblk3" "genblk3" 2 1576, 2 1576 0, S_0x7f98e5cb96f0;
 .timescale -12 -12;
L_0x7f98e5d2d5f0 .functor BUFZ 16, o0x7f98e704f9e8, C4<0000000000000000>, C4<0000000000000000>, C4<0000000000000000>;
S_0x7f98e5cbb5d0 .scope generate, "genblk4" "genblk4" 2 1595, 2 1595 0, S_0x7f98e5cb96f0;
 .timescale -12 -12;
L_0x7f98e5d2d6e0 .functor BUFZ 16, v0x7f98e5cbbb10_0, C4<0000000000000000>, C4<0000000000000000>, C4<0000000000000000>;
S_0x7f98e5fba040 .scope module, "SB_RGBA_DRV" "SB_RGBA_DRV" 2 2692;
 .timescale -12 -12;
    .port_info 0 /INPUT 1 "CURREN";
    .port_info 1 /INPUT 1 "RGBLEDEN";
    .port_info 2 /INPUT 1 "RGB0PWM";
    .port_info 3 /INPUT 1 "RGB1PWM";
    .port_info 4 /INPUT 1 "RGB2PWM";
    .port_info 5 /OUTPUT 1 "RGB0";
    .port_info 6 /OUTPUT 1 "RGB1";
    .port_info 7 /OUTPUT 1 "RGB2";
P_0x7f98e5fba1b0 .param/str "CURRENT_MODE" 0 2 2702, "0b0";
P_0x7f98e5fba1f0 .param/str "RGB0_CURRENT" 0 2 2703, "0b000000";
P_0x7f98e5fba230 .param/str "RGB1_CURRENT" 0 2 2704, "0b000000";
P_0x7f98e5fba270 .param/str "RGB2_CURRENT" 0 2 2705, "0b000000";
o0x7f98e704ff28 .functor BUFZ 1, C4<z>; HiZ drive
v0x7f98e5cbcd10_0 .net "CURREN", 0 0, o0x7f98e704ff28;  0 drivers
o0x7f98e704ff58 .functor BUFZ 1, C4<z>; HiZ drive
v0x7f98e5cbcdc0_0 .net "RGB0", 0 0, o0x7f98e704ff58;  0 drivers
o0x7f98e704ff88 .functor BUFZ 1, C4<z>; HiZ drive
v0x7f98e5cbce60_0 .net "RGB0PWM", 0 0, o0x7f98e704ff88;  0 drivers
o0x7f98e704ffb8 .functor BUFZ 1, C4<z>; HiZ drive
v0x7f98e5cbcf10_0 .net "RGB1", 0 0, o0x7f98e704ffb8;  0 drivers
o0x7f98e704ffe8 .functor BUFZ 1, C4<z>; HiZ drive
v0x7f98e5cbcfb0_0 .net "RGB1PWM", 0 0, o0x7f98e704ffe8;  0 drivers
o0x7f98e7050018 .functor BUFZ 1, C4<z>; HiZ drive
v0x7f98e5cbd090_0 .net "RGB2", 0 0, o0x7f98e7050018;  0 drivers
o0x7f98e7050048 .functor BUFZ 1, C4<z>; HiZ drive
v0x7f98e5cbd130_0 .net "RGB2PWM", 0 0, o0x7f98e7050048;  0 drivers
o0x7f98e7050078 .functor BUFZ 1, C4<z>; HiZ drive
v0x7f98e5cbd1d0_0 .net "RGBLEDEN", 0 0, o0x7f98e7050078;  0 drivers
S_0x7f98e5fba3b0 .scope module, "SB_RGB_DRV" "SB_RGB_DRV" 2 2716;
 .timescale -12 -12;
    .port_info 0 /INPUT 1 "RGBLEDEN";
    .port_info 1 /INPUT 1 "RGB0PWM";
    .port_info 2 /INPUT 1 "RGB1PWM";
    .port_info 3 /INPUT 1 "RGB2PWM";
    .port_info 4 /INPUT 1 "RGBPU";
    .port_info 5 /OUTPUT 1 "RGB0";
    .port_info 6 /OUTPUT 1 "RGB1";
    .port_info 7 /OUTPUT 1 "RGB2";
P_0x7f98e5fba520 .param/str "CURRENT_MODE" 0 2 2726, "0b0";
P_0x7f98e5fba560 .param/str "RGB0_CURRENT" 0 2 2727, "0b000000";
P_0x7f98e5fba5a0 .param/str "RGB1_CURRENT" 0 2 2728, "0b000000";
P_0x7f98e5fba5e0 .param/str "RGB2_CURRENT" 0 2 2729, "0b000000";
o0x7f98e7050228 .functor BUFZ 1, C4<z>; HiZ drive
v0x7f98e5cbd330_0 .net "RGB0", 0 0, o0x7f98e7050228;  0 drivers
o0x7f98e7050258 .functor BUFZ 1, C4<z>; HiZ drive
v0x7f98e5cbd3e0_0 .net "RGB0PWM", 0 0, o0x7f98e7050258;  0 drivers
o0x7f98e7050288 .functor BUFZ 1, C4<z>; HiZ drive
v0x7f98e5cbd480_0 .net "RGB1", 0 0, o0x7f98e7050288;  0 drivers
o0x7f98e70502b8 .functor BUFZ 1, C4<z>; HiZ drive
v0x7f98e5cbd510_0 .net "RGB1PWM", 0 0, o0x7f98e70502b8;  0 drivers
o0x7f98e70502e8 .functor BUFZ 1, C4<z>; HiZ drive
v0x7f98e5cbd5b0_0 .net "RGB2", 0 0, o0x7f98e70502e8;  0 drivers
o0x7f98e7050318 .functor BUFZ 1, C4<z>; HiZ drive
v0x7f98e5cbd690_0 .net "RGB2PWM", 0 0, o0x7f98e7050318;  0 drivers
o0x7f98e7050348 .functor BUFZ 1, C4<z>; HiZ drive
v0x7f98e5cbd730_0 .net "RGBLEDEN", 0 0, o0x7f98e7050348;  0 drivers
o0x7f98e7050378 .functor BUFZ 1, C4<z>; HiZ drive
v0x7f98e5cbd7d0_0 .net "RGBPU", 0 0, o0x7f98e7050378;  0 drivers
S_0x7f98e5fba720 .scope module, "SB_SPI" "SB_SPI" 2 2776;
 .timescale -12 -12;
    .port_info 0 /INPUT 1 "SBCLKI";
    .port_info 1 /INPUT 1 "SBRWI";
    .port_info 2 /INPUT 1 "SBSTBI";
    .port_info 3 /INPUT 1 "SBADRI7";
    .port_info 4 /INPUT 1 "SBADRI6";
    .port_info 5 /INPUT 1 "SBADRI5";
    .port_info 6 /INPUT 1 "SBADRI4";
    .port_info 7 /INPUT 1 "SBADRI3";
    .port_info 8 /INPUT 1 "SBADRI2";
    .port_info 9 /INPUT 1 "SBADRI1";
    .port_info 10 /INPUT 1 "SBADRI0";
    .port_info 11 /INPUT 1 "SBDATI7";
    .port_info 12 /INPUT 1 "SBDATI6";
    .port_info 13 /INPUT 1 "SBDATI5";
    .port_info 14 /INPUT 1 "SBDATI4";
    .port_info 15 /INPUT 1 "SBDATI3";
    .port_info 16 /INPUT 1 "SBDATI2";
    .port_info 17 /INPUT 1 "SBDATI1";
    .port_info 18 /INPUT 1 "SBDATI0";
    .port_info 19 /INPUT 1 "MI";
    .port_info 20 /INPUT 1 "SI";
    .port_info 21 /INPUT 1 "SCKI";
    .port_info 22 /INPUT 1 "SCSNI";
    .port_info 23 /OUTPUT 1 "SBDATO7";
    .port_info 24 /OUTPUT 1 "SBDATO6";
    .port_info 25 /OUTPUT 1 "SBDATO5";
    .port_info 26 /OUTPUT 1 "SBDATO4";
    .port_info 27 /OUTPUT 1 "SBDATO3";
    .port_info 28 /OUTPUT 1 "SBDATO2";
    .port_info 29 /OUTPUT 1 "SBDATO1";
    .port_info 30 /OUTPUT 1 "SBDATO0";
    .port_info 31 /OUTPUT 1 "SBACKO";
    .port_info 32 /OUTPUT 1 "SPIIRQ";
    .port_info 33 /OUTPUT 1 "SPIWKUP";
    .port_info 34 /OUTPUT 1 "SO";
    .port_info 35 /OUTPUT 1 "SOE";
    .port_info 36 /OUTPUT 1 "MO";
    .port_info 37 /OUTPUT 1 "MOE";
    .port_info 38 /OUTPUT 1 "SCKO";
    .port_info 39 /OUTPUT 1 "SCKOE";
    .port_info 40 /OUTPUT 1 "MCSNO3";
    .port_info 41 /OUTPUT 1 "MCSNO2";
    .port_info 42 /OUTPUT 1 "MCSNO1";
    .port_info 43 /OUTPUT 1 "MCSNO0";
    .port_info 44 /OUTPUT 1 "MCSNOE3";
    .port_info 45 /OUTPUT 1 "MCSNOE2";
    .port_info 46 /OUTPUT 1 "MCSNOE1";
    .port_info 47 /OUTPUT 1 "MCSNOE0";
P_0x7f98e5f7abf0 .param/str "BUS_ADDR74" 0 2 2826, "0b0000";
o0x7f98e7050528 .functor BUFZ 1, C4<z>; HiZ drive
v0x7f98e5cbd930_0 .net "MCSNO0", 0 0, o0x7f98e7050528;  0 drivers
o0x7f98e7050558 .functor BUFZ 1, C4<z>; HiZ drive
v0x7f98e5cbd9e0_0 .net "MCSNO1", 0 0, o0x7f98e7050558;  0 drivers
o0x7f98e7050588 .functor BUFZ 1, C4<z>; HiZ drive
v0x7f98e5cbda80_0 .net "MCSNO2", 0 0, o0x7f98e7050588;  0 drivers
o0x7f98e70505b8 .functor BUFZ 1, C4<z>; HiZ drive
v0x7f98e5cbdb10_0 .net "MCSNO3", 0 0, o0x7f98e70505b8;  0 drivers
o0x7f98e70505e8 .functor BUFZ 1, C4<z>; HiZ drive
v0x7f98e5cbdbb0_0 .net "MCSNOE0", 0 0, o0x7f98e70505e8;  0 drivers
o0x7f98e7050618 .functor BUFZ 1, C4<z>; HiZ drive
v0x7f98e5cbdc90_0 .net "MCSNOE1", 0 0, o0x7f98e7050618;  0 drivers
o0x7f98e7050648 .functor BUFZ 1, C4<z>; HiZ drive
v0x7f98e5cbdd30_0 .net "MCSNOE2", 0 0, o0x7f98e7050648;  0 drivers
o0x7f98e7050678 .functor BUFZ 1, C4<z>; HiZ drive
v0x7f98e5cbddd0_0 .net "MCSNOE3", 0 0, o0x7f98e7050678;  0 drivers
o0x7f98e70506a8 .functor BUFZ 1, C4<z>; HiZ drive
v0x7f98e5cbde70_0 .net "MI", 0 0, o0x7f98e70506a8;  0 drivers
o0x7f98e70506d8 .functor BUFZ 1, C4<z>; HiZ drive
v0x7f98e5cbdf80_0 .net "MO", 0 0, o0x7f98e70506d8;  0 drivers
o0x7f98e7050708 .functor BUFZ 1, C4<z>; HiZ drive
v0x7f98e5cbe010_0 .net "MOE", 0 0, o0x7f98e7050708;  0 drivers
o0x7f98e7050738 .functor BUFZ 1, C4<z>; HiZ drive
v0x7f98e5cbe0b0_0 .net "SBACKO", 0 0, o0x7f98e7050738;  0 drivers
o0x7f98e7050768 .functor BUFZ 1, C4<z>; HiZ drive
v0x7f98e5cbe150_0 .net "SBADRI0", 0 0, o0x7f98e7050768;  0 drivers
o0x7f98e7050798 .functor BUFZ 1, C4<z>; HiZ drive
v0x7f98e5cbe1f0_0 .net "SBADRI1", 0 0, o0x7f98e7050798;  0 drivers
o0x7f98e70507c8 .functor BUFZ 1, C4<z>; HiZ drive
v0x7f98e5cbe290_0 .net "SBADRI2", 0 0, o0x7f98e70507c8;  0 drivers
o0x7f98e70507f8 .functor BUFZ 1, C4<z>; HiZ drive
v0x7f98e5cbe330_0 .net "SBADRI3", 0 0, o0x7f98e70507f8;  0 drivers
o0x7f98e7050828 .functor BUFZ 1, C4<z>; HiZ drive
v0x7f98e5cbe3d0_0 .net "SBADRI4", 0 0, o0x7f98e7050828;  0 drivers
o0x7f98e7050858 .functor BUFZ 1, C4<z>; HiZ drive
v0x7f98e5cbe560_0 .net "SBADRI5", 0 0, o0x7f98e7050858;  0 drivers
o0x7f98e7050888 .functor BUFZ 1, C4<z>; HiZ drive
v0x7f98e5cbe5f0_0 .net "SBADRI6", 0 0, o0x7f98e7050888;  0 drivers
o0x7f98e70508b8 .functor BUFZ 1, C4<z>; HiZ drive
v0x7f98e5cbe680_0 .net "SBADRI7", 0 0, o0x7f98e70508b8;  0 drivers
o0x7f98e70508e8 .functor BUFZ 1, C4<z>; HiZ drive
v0x7f98e5cbe710_0 .net "SBCLKI", 0 0, o0x7f98e70508e8;  0 drivers
o0x7f98e7050918 .functor BUFZ 1, C4<z>; HiZ drive
v0x7f98e5cbe7b0_0 .net "SBDATI0", 0 0, o0x7f98e7050918;  0 drivers
o0x7f98e7050948 .functor BUFZ 1, C4<z>; HiZ drive
v0x7f98e5cbe850_0 .net "SBDATI1", 0 0, o0x7f98e7050948;  0 drivers
o0x7f98e7050978 .functor BUFZ 1, C4<z>; HiZ drive
v0x7f98e5cbe8f0_0 .net "SBDATI2", 0 0, o0x7f98e7050978;  0 drivers
o0x7f98e70509a8 .functor BUFZ 1, C4<z>; HiZ drive
v0x7f98e5cbe990_0 .net "SBDATI3", 0 0, o0x7f98e70509a8;  0 drivers
o0x7f98e70509d8 .functor BUFZ 1, C4<z>; HiZ drive
v0x7f98e5cbea30_0 .net "SBDATI4", 0 0, o0x7f98e70509d8;  0 drivers
o0x7f98e7050a08 .functor BUFZ 1, C4<z>; HiZ drive
v0x7f98e5cbead0_0 .net "SBDATI5", 0 0, o0x7f98e7050a08;  0 drivers
o0x7f98e7050a38 .functor BUFZ 1, C4<z>; HiZ drive
v0x7f98e5cbeb70_0 .net "SBDATI6", 0 0, o0x7f98e7050a38;  0 drivers
o0x7f98e7050a68 .functor BUFZ 1, C4<z>; HiZ drive
v0x7f98e5cbec10_0 .net "SBDATI7", 0 0, o0x7f98e7050a68;  0 drivers
o0x7f98e7050a98 .functor BUFZ 1, C4<z>; HiZ drive
v0x7f98e5cbecb0_0 .net "SBDATO0", 0 0, o0x7f98e7050a98;  0 drivers
o0x7f98e7050ac8 .functor BUFZ 1, C4<z>; HiZ drive
v0x7f98e5cbed50_0 .net "SBDATO1", 0 0, o0x7f98e7050ac8;  0 drivers
o0x7f98e7050af8 .functor BUFZ 1, C4<z>; HiZ drive
v0x7f98e5cbedf0_0 .net "SBDATO2", 0 0, o0x7f98e7050af8;  0 drivers
o0x7f98e7050b28 .functor BUFZ 1, C4<z>; HiZ drive
v0x7f98e5cbee90_0 .net "SBDATO3", 0 0, o0x7f98e7050b28;  0 drivers
o0x7f98e7050b58 .functor BUFZ 1, C4<z>; HiZ drive
v0x7f98e5cbe470_0 .net "SBDATO4", 0 0, o0x7f98e7050b58;  0 drivers
o0x7f98e7050b88 .functor BUFZ 1, C4<z>; HiZ drive
v0x7f98e5cbf120_0 .net "SBDATO5", 0 0, o0x7f98e7050b88;  0 drivers
o0x7f98e7050bb8 .functor BUFZ 1, C4<z>; HiZ drive
v0x7f98e5cbf1b0_0 .net "SBDATO6", 0 0, o0x7f98e7050bb8;  0 drivers
o0x7f98e7050be8 .functor BUFZ 1, C4<z>; HiZ drive
v0x7f98e5cbf240_0 .net "SBDATO7", 0 0, o0x7f98e7050be8;  0 drivers
o0x7f98e7050c18 .functor BUFZ 1, C4<z>; HiZ drive
v0x7f98e5cbf2d0_0 .net "SBRWI", 0 0, o0x7f98e7050c18;  0 drivers
o0x7f98e7050c48 .functor BUFZ 1, C4<z>; HiZ drive
v0x7f98e5cbf360_0 .net "SBSTBI", 0 0, o0x7f98e7050c48;  0 drivers
o0x7f98e7050c78 .functor BUFZ 1, C4<z>; HiZ drive
v0x7f98e5cbf3f0_0 .net "SCKI", 0 0, o0x7f98e7050c78;  0 drivers
o0x7f98e7050ca8 .functor BUFZ 1, C4<z>; HiZ drive
v0x7f98e5cbf490_0 .net "SCKO", 0 0, o0x7f98e7050ca8;  0 drivers
o0x7f98e7050cd8 .functor BUFZ 1, C4<z>; HiZ drive
v0x7f98e5cbf530_0 .net "SCKOE", 0 0, o0x7f98e7050cd8;  0 drivers
o0x7f98e7050d08 .functor BUFZ 1, C4<z>; HiZ drive
v0x7f98e5cbf5d0_0 .net "SCSNI", 0 0, o0x7f98e7050d08;  0 drivers
o0x7f98e7050d38 .functor BUFZ 1, C4<z>; HiZ drive
v0x7f98e5cbf670_0 .net "SI", 0 0, o0x7f98e7050d38;  0 drivers
o0x7f98e7050d68 .functor BUFZ 1, C4<z>; HiZ drive
v0x7f98e5cbf710_0 .net "SO", 0 0, o0x7f98e7050d68;  0 drivers
o0x7f98e7050d98 .functor BUFZ 1, C4<z>; HiZ drive
v0x7f98e5cbf7b0_0 .net "SOE", 0 0, o0x7f98e7050d98;  0 drivers
o0x7f98e7050dc8 .functor BUFZ 1, C4<z>; HiZ drive
v0x7f98e5cbf850_0 .net "SPIIRQ", 0 0, o0x7f98e7050dc8;  0 drivers
o0x7f98e7050df8 .functor BUFZ 1, C4<z>; HiZ drive
v0x7f98e5cbf8f0_0 .net "SPIWKUP", 0 0, o0x7f98e7050df8;  0 drivers
S_0x7f98e5fbaa10 .scope module, "SB_SPRAM256KA" "SB_SPRAM256KA" 2 2600;
 .timescale -12 -12;
    .port_info 0 /INPUT 14 "ADDRESS";
    .port_info 1 /INPUT 16 "DATAIN";
    .port_info 2 /INPUT 4 "MASKWREN";
    .port_info 3 /INPUT 1 "WREN";
    .port_info 4 /INPUT 1 "CHIPSELECT";
    .port_info 5 /INPUT 1 "CLOCK";
    .port_info 6 /INPUT 1 "STANDBY";
    .port_info 7 /INPUT 1 "SLEEP";
    .port_info 8 /INPUT 1 "POWEROFF";
    .port_info 9 /OUTPUT 16 "DATAOUT";
o0x7f98e7051878 .functor BUFZ 1, C4<z>; HiZ drive
L_0x7f98e5d2d990 .functor OR 1, o0x7f98e7051878, L_0x7f98e5d2d8a0, C4<0>, C4<0>;
o0x7f98e7051728 .functor BUFZ 14, C4<zzzzzzzzzzzzzz>; HiZ drive
v0x7f98e5cbfec0_0 .net "ADDRESS", 13 0, o0x7f98e7051728;  0 drivers
o0x7f98e7051758 .functor BUFZ 1, C4<z>; HiZ drive
v0x7f98e5cbff80_0 .net "CHIPSELECT", 0 0, o0x7f98e7051758;  0 drivers
o0x7f98e7051788 .functor BUFZ 1, C4<z>; HiZ drive
v0x7f98e5cc0020_0 .net "CLOCK", 0 0, o0x7f98e7051788;  0 drivers
o0x7f98e70517b8 .functor BUFZ 16, C4<zzzzzzzzzzzzzzzz>; HiZ drive
v0x7f98e5cc00b0_0 .net "DATAIN", 15 0, o0x7f98e70517b8;  0 drivers
v0x7f98e5cc0140_0 .var "DATAOUT", 15 0;
o0x7f98e7051818 .functor BUFZ 4, C4<zzzz>; HiZ drive
v0x7f98e5cc01f0_0 .net "MASKWREN", 3 0, o0x7f98e7051818;  0 drivers
o0x7f98e7051848 .functor BUFZ 1, C4<z>; HiZ drive
v0x7f98e5cc02a0_0 .net "POWEROFF", 0 0, o0x7f98e7051848;  0 drivers
v0x7f98e5cc0340_0 .net "SLEEP", 0 0, o0x7f98e7051878;  0 drivers
o0x7f98e70518a8 .functor BUFZ 1, C4<z>; HiZ drive
v0x7f98e5cc03e0_0 .net "STANDBY", 0 0, o0x7f98e70518a8;  0 drivers
o0x7f98e70518d8 .functor BUFZ 1, C4<z>; HiZ drive
v0x7f98e5cc04f0_0 .net "WREN", 0 0, o0x7f98e70518d8;  0 drivers
v0x7f98e5cc0580_0 .net *"_ivl_1", 0 0, L_0x7f98e5d2d8a0;  1 drivers
v0x7f98e5cc0620_0 .var/i "i", 31 0;
v0x7f98e5cc06d0 .array "mem", 16383 0, 15 0;
v0x7f98e5cc0770_0 .net "off", 0 0, L_0x7f98e5d2d990;  1 drivers
E_0x7f98e5cbfe10 .event posedge, v0x7f98e5cc0770_0, v0x7f98e5cc0020_0;
E_0x7f98e5cbfe70 .event negedge, v0x7f98e5cc02a0_0;
L_0x7f98e5d2d8a0 .reduce/nor o0x7f98e7051848;
S_0x7f98e5fbacc0 .scope module, "SB_WARMBOOT" "SB_WARMBOOT" 2 2593;
 .timescale -12 -12;
    .port_info 0 /INPUT 1 "BOOT";
    .port_info 1 /INPUT 1 "S1";
    .port_info 2 /INPUT 1 "S0";
o0x7f98e7051b78 .functor BUFZ 1, C4<z>; HiZ drive
v0x7f98e5cc0900_0 .net "BOOT", 0 0, o0x7f98e7051b78;  0 drivers
o0x7f98e7051ba8 .functor BUFZ 1, C4<z>; HiZ drive
v0x7f98e5cc09b0_0 .net "S0", 0 0, o0x7f98e7051ba8;  0 drivers
o0x7f98e7051bd8 .functor BUFZ 1, C4<z>; HiZ drive
v0x7f98e5cc0a50_0 .net "S1", 0 0, o0x7f98e7051bd8;  0 drivers
S_0x7f98e5fbae30 .scope module, "led" "led" 3 1;
 .timescale -12 -12;
    .port_info 0 /OUTPUT 1 "led_0";
    .port_info 1 /INPUT 1 "pmod_0";
    .port_info 2 /INPUT 1 "pmod_1";
L_0x7f98e5d2dc60 .functor AND 1, L_0x7f98e5d2dab0, L_0x7f98e5d2db80, C4<1>, C4<1>;
v0x7f98e5cc0b10_0 .net *"_ivl_1", 0 0, L_0x7f98e5d2dab0;  1 drivers
v0x7f98e5cc0bc0_0 .net *"_ivl_3", 0 0, L_0x7f98e5d2db80;  1 drivers
v0x7f98e5cc0c60_0 .net "led_0", 0 0, L_0x7f98e5d2dc60;  1 drivers
o0x7f98e7051d28 .functor BUFZ 1, C4<z>; HiZ drive
v0x7f98e5cc0d10_0 .net "pmod_0", 0 0, o0x7f98e7051d28;  0 drivers
o0x7f98e7051d58 .functor BUFZ 1, C4<z>; HiZ drive
v0x7f98e5cc0db0_0 .net "pmod_1", 0 0, o0x7f98e7051d58;  0 drivers
L_0x7f98e5d2dab0 .reduce/nor o0x7f98e7051d28;
L_0x7f98e5d2db80 .reduce/nor o0x7f98e7051d58;
    .scope S_0x7f98e5f569c0;
T_2 ;
    %pushi/vec4 0, 0, 1;
    %store/vec4 v0x7f98e5c92210_0, 0, 1;
    %pushi/vec4 0, 0, 1;
    %store/vec4 v0x7f98e5c922b0_0, 0, 1;
    %end;
    .thread T_2;
    .scope S_0x7f98e5f569c0;
T_3 ;
    %wait E_0x7f98e5c074b0;
    %load/vec4 v0x7f98e5c90070_0;
    %flag_set/vec4 8;
    %jmp/0xz  T_3.0, 8;
    %load/vec4 v0x7f98e5c90a30_0;
    %flag_set/vec4 8;
    %jmp/0 T_3.2, 8;
    %pushi/vec4 0, 0, 1;
    %jmp/1 T_3.3, 8;
T_3.2 ; End of true expr.
    %load/vec4 v0x7f98e5c91ec0_0;
    %jmp/0 T_3.3, 8;
 ; End of false expr.
    %blend;
T_3.3;
    %assign/vec4 v0x7f98e5c92210_0, 0;
T_3.0 ;
    %jmp T_3;
    .thread T_3;
    .scope S_0x7f98e5f569c0;
T_4 ;
    %wait E_0x7f98e5c25420;
    %load/vec4 v0x7f98e5c90a30_0;
    %flag_set/vec4 8;
    %jmp/0xz  T_4.0, 8;
    %pushi/vec4 0, 0, 1;
    %assign/vec4 v0x7f98e5c922b0_0, 0;
    %jmp T_4.1;
T_4.0 ;
    %load/vec4 v0x7f98e5c90070_0;
    %flag_set/vec4 8;
    %jmp/0xz  T_4.2, 8;
    %load/vec4 v0x7f98e5c91ec0_0;
    %assign/vec4 v0x7f98e5c922b0_0, 0;
T_4.2 ;
T_4.1 ;
    %jmp T_4;
    .thread T_4;
    .scope S_0x7f98e5c92500;
T_5 ;
    %pushi/vec4 0, 0, 32;
    %store/vec4 v0x7f98e5c94fa0_0, 0, 32;
T_5.0 ; Top of for-loop 
    %load/vec4 v0x7f98e5c94fa0_0;
    %cmpi/s 16, 0, 32;
    %jmp/0xz T_5.1, 5;
    %pushi/vec4 0, 0, 256;
    %load/vec4 v0x7f98e5c94fa0_0;
    %muli 16, 0, 32;
    %part/s 16;
    %pushi/vec4 0, 0, 32;
    %load/vec4 v0x7f98e5c94fa0_0;
    %add;
    %ix/vec4/s 4;
    %store/vec4a v0x7f98e5c95050, 4, 0;
    %pushi/vec4 0, 0, 256;
    %load/vec4 v0x7f98e5c94fa0_0;
    %muli 16, 0, 32;
    %part/s 16;
    %pushi/vec4 16, 0, 32;
    %load/vec4 v0x7f98e5c94fa0_0;
    %add;
    %ix/vec4/s 4;
    %store/vec4a v0x7f98e5c95050, 4, 0;
    %pushi/vec4 0, 0, 256;
    %load/vec4 v0x7f98e5c94fa0_0;
    %muli 16, 0, 32;
    %part/s 16;
    %pushi/vec4 32, 0, 32;
    %load/vec4 v0x7f98e5c94fa0_0;
    %add;
    %ix/vec4/s 4;
    %store/vec4a v0x7f98e5c95050, 4, 0;
    %pushi/vec4 0, 0, 256;
    %load/vec4 v0x7f98e5c94fa0_0;
    %muli 16, 0, 32;
    %part/s 16;
    %pushi/vec4 48, 0, 32;
    %load/vec4 v0x7f98e5c94fa0_0;
    %add;
    %ix/vec4/s 4;
    %store/vec4a v0x7f98e5c95050, 4, 0;
    %pushi/vec4 0, 0, 256;
    %load/vec4 v0x7f98e5c94fa0_0;
    %muli 16, 0, 32;
    %part/s 16;
    %pushi/vec4 64, 0, 32;
    %load/vec4 v0x7f98e5c94fa0_0;
    %add;
    %ix/vec4/s 4;
    %store/vec4a v0x7f98e5c95050, 4, 0;
    %pushi/vec4 0, 0, 256;
    %load/vec4 v0x7f98e5c94fa0_0;
    %muli 16, 0, 32;
    %part/s 16;
    %pushi/vec4 80, 0, 32;
    %load/vec4 v0x7f98e5c94fa0_0;
    %add;
    %ix/vec4/s 4;
    %store/vec4a v0x7f98e5c95050, 4, 0;
    %pushi/vec4 0, 0, 256;
    %load/vec4 v0x7f98e5c94fa0_0;
    %muli 16, 0, 32;
    %part/s 16;
    %pushi/vec4 96, 0, 32;
    %load/vec4 v0x7f98e5c94fa0_0;
    %add;
    %ix/vec4/s 4;
    %store/vec4a v0x7f98e5c95050, 4, 0;
    %pushi/vec4 0, 0, 256;
    %load/vec4 v0x7f98e5c94fa0_0;
    %muli 16, 0, 32;
    %part/s 16;
    %pushi/vec4 112, 0, 32;
    %load/vec4 v0x7f98e5c94fa0_0;
    %add;
    %ix/vec4/s 4;
    %store/vec4a v0x7f98e5c95050, 4, 0;
    %pushi/vec4 0, 0, 256;
    %load/vec4 v0x7f98e5c94fa0_0;
    %muli 16, 0, 32;
    %part/s 16;
    %pushi/vec4 128, 0, 32;
    %load/vec4 v0x7f98e5c94fa0_0;
    %add;
    %ix/vec4/s 4;
    %store/vec4a v0x7f98e5c95050, 4, 0;
    %pushi/vec4 0, 0, 256;
    %load/vec4 v0x7f98e5c94fa0_0;
    %muli 16, 0, 32;
    %part/s 16;
    %pushi/vec4 144, 0, 32;
    %load/vec4 v0x7f98e5c94fa0_0;
    %add;
    %ix/vec4/s 4;
    %store/vec4a v0x7f98e5c95050, 4, 0;
    %pushi/vec4 0, 0, 256;
    %load/vec4 v0x7f98e5c94fa0_0;
    %muli 16, 0, 32;
    %part/s 16;
    %pushi/vec4 160, 0, 32;
    %load/vec4 v0x7f98e5c94fa0_0;
    %add;
    %ix/vec4/s 4;
    %store/vec4a v0x7f98e5c95050, 4, 0;
    %pushi/vec4 0, 0, 256;
    %load/vec4 v0x7f98e5c94fa0_0;
    %muli 16, 0, 32;
    %part/s 16;
    %pushi/vec4 176, 0, 32;
    %load/vec4 v0x7f98e5c94fa0_0;
    %add;
    %ix/vec4/s 4;
    %store/vec4a v0x7f98e5c95050, 4, 0;
    %pushi/vec4 0, 0, 256;
    %load/vec4 v0x7f98e5c94fa0_0;
    %muli 16, 0, 32;
    %part/s 16;
    %pushi/vec4 192, 0, 32;
    %load/vec4 v0x7f98e5c94fa0_0;
    %add;
    %ix/vec4/s 4;
    %store/vec4a v0x7f98e5c95050, 4, 0;
    %pushi/vec4 0, 0, 256;
    %load/vec4 v0x7f98e5c94fa0_0;
    %muli 16, 0, 32;
    %part/s 16;
    %pushi/vec4 208, 0, 32;
    %load/vec4 v0x7f98e5c94fa0_0;
    %add;
    %ix/vec4/s 4;
    %store/vec4a v0x7f98e5c95050, 4, 0;
    %pushi/vec4 0, 0, 256;
    %load/vec4 v0x7f98e5c94fa0_0;
    %muli 16, 0, 32;
    %part/s 16;
    %pushi/vec4 224, 0, 32;
    %load/vec4 v0x7f98e5c94fa0_0;
    %add;
    %ix/vec4/s 4;
    %store/vec4a v0x7f98e5c95050, 4, 0;
    %pushi/vec4 0, 0, 256;
    %load/vec4 v0x7f98e5c94fa0_0;
    %muli 16, 0, 32;
    %part/s 16;
    %pushi/vec4 240, 0, 32;
    %load/vec4 v0x7f98e5c94fa0_0;
    %add;
    %ix/vec4/s 4;
    %store/vec4a v0x7f98e5c95050, 4, 0;
T_5.2 ; for-loop step statement
    %load/vec4 v0x7f98e5c94fa0_0;
    %addi 1, 0, 32;
    %store/vec4 v0x7f98e5c94fa0_0, 0, 32;
    %jmp T_5.0;
T_5.1 ; for-loop exit label
    %end;
    .thread T_5;
    .scope S_0x7f98e5c92500;
T_6 ;
    %wait E_0x7f98e5c93e00;
    %load/vec4 v0x7f98e5c94e50_0;
    %flag_set/vec4 9;
    %flag_get/vec4 9;
    %jmp/0 T_6.2, 9;
    %load/vec4 v0x7f98e5c94c50_0;
    %and;
T_6.2;
    %flag_set/vec4 8;
    %jmp/0xz  T_6.0, 8;
    %load/vec4 v0x7f98e5c94ef0_0;
    %parti/s 1, 0, 2;
    %nor/r;
    %flag_set/vec4 8;
    %jmp/0xz  T_6.3, 8;
    %load/vec4 v0x7f98e5c94da0_0;
    %parti/s 1, 0, 2;
    %load/vec4 v0x7f98e5c94aa0_0;
    %parti/s 8, 0, 2;
    %pad/u 10;
    %ix/vec4 3;
    %ix/load 4, 0, 0; Constant delay
    %assign/vec4/a/d v0x7f98e5c95050, 0, 4;
T_6.3 ;
    %load/vec4 v0x7f98e5c94ef0_0;
    %parti/s 1, 1, 2;
    %nor/r;
    %flag_set/vec4 8;
    %jmp/0xz  T_6.5, 8;
    %load/vec4 v0x7f98e5c94da0_0;
    %parti/s 1, 1, 2;
    %load/vec4 v0x7f98e5c94aa0_0;
    %parti/s 8, 0, 2;
    %pad/u 10;
    %ix/vec4 3;
    %ix/load 4, 1, 0; part off
    %ix/load 5, 0, 0; Constant delay
    %assign/vec4/a/d v0x7f98e5c95050, 4, 5;
T_6.5 ;
    %load/vec4 v0x7f98e5c94ef0_0;
    %parti/s 1, 2, 3;
    %nor/r;
    %flag_set/vec4 8;
    %jmp/0xz  T_6.7, 8;
    %load/vec4 v0x7f98e5c94da0_0;
    %parti/s 1, 2, 3;
    %load/vec4 v0x7f98e5c94aa0_0;
    %parti/s 8, 0, 2;
    %pad/u 10;
    %ix/vec4 3;
    %ix/load 4, 2, 0; part off
    %ix/load 5, 0, 0; Constant delay
    %assign/vec4/a/d v0x7f98e5c95050, 4, 5;
T_6.7 ;
    %load/vec4 v0x7f98e5c94ef0_0;
    %parti/s 1, 3, 3;
    %nor/r;
    %flag_set/vec4 8;
    %jmp/0xz  T_6.9, 8;
    %load/vec4 v0x7f98e5c94da0_0;
    %parti/s 1, 3, 3;
    %load/vec4 v0x7f98e5c94aa0_0;
    %parti/s 8, 0, 2;
    %pad/u 10;
    %ix/vec4 3;
    %ix/load 4, 3, 0; part off
    %ix/load 5, 0, 0; Constant delay
    %assign/vec4/a/d v0x7f98e5c95050, 4, 5;
T_6.9 ;
    %load/vec4 v0x7f98e5c94ef0_0;
    %parti/s 1, 4, 4;
    %nor/r;
    %flag_set/vec4 8;
    %jmp/0xz  T_6.11, 8;
    %load/vec4 v0x7f98e5c94da0_0;
    %parti/s 1, 4, 4;
    %load/vec4 v0x7f98e5c94aa0_0;
    %parti/s 8, 0, 2;
    %pad/u 10;
    %ix/vec4 3;
    %ix/load 4, 4, 0; part off
    %ix/load 5, 0, 0; Constant delay
    %assign/vec4/a/d v0x7f98e5c95050, 4, 5;
T_6.11 ;
    %load/vec4 v0x7f98e5c94ef0_0;
    %parti/s 1, 5, 4;
    %nor/r;
    %flag_set/vec4 8;
    %jmp/0xz  T_6.13, 8;
    %load/vec4 v0x7f98e5c94da0_0;
    %parti/s 1, 5, 4;
    %load/vec4 v0x7f98e5c94aa0_0;
    %parti/s 8, 0, 2;
    %pad/u 10;
    %ix/vec4 3;
    %ix/load 4, 5, 0; part off
    %ix/load 5, 0, 0; Constant delay
    %assign/vec4/a/d v0x7f98e5c95050, 4, 5;
T_6.13 ;
    %load/vec4 v0x7f98e5c94ef0_0;
    %parti/s 1, 6, 4;
    %nor/r;
    %flag_set/vec4 8;
    %jmp/0xz  T_6.15, 8;
    %load/vec4 v0x7f98e5c94da0_0;
    %parti/s 1, 6, 4;
    %load/vec4 v0x7f98e5c94aa0_0;
    %parti/s 8, 0, 2;
    %pad/u 10;
    %ix/vec4 3;
    %ix/load 4, 6, 0; part off
    %ix/load 5, 0, 0; Constant delay
    %assign/vec4/a/d v0x7f98e5c95050, 4, 5;
T_6.15 ;
    %load/vec4 v0x7f98e5c94ef0_0;
    %parti/s 1, 7, 4;
    %nor/r;
    %flag_set/vec4 8;
    %jmp/0xz  T_6.17, 8;
    %load/vec4 v0x7f98e5c94da0_0;
    %parti/s 1, 7, 4;
    %load/vec4 v0x7f98e5c94aa0_0;
    %parti/s 8, 0, 2;
    %pad/u 10;
    %ix/vec4 3;
    %ix/load 4, 7, 0; part off
    %ix/load 5, 0, 0; Constant delay
    %assign/vec4/a/d v0x7f98e5c95050, 4, 5;
T_6.17 ;
    %load/vec4 v0x7f98e5c94ef0_0;
    %parti/s 1, 8, 5;
    %nor/r;
    %flag_set/vec4 8;
    %jmp/0xz  T_6.19, 8;
    %load/vec4 v0x7f98e5c94da0_0;
    %parti/s 1, 8, 5;
    %load/vec4 v0x7f98e5c94aa0_0;
    %parti/s 8, 0, 2;
    %pad/u 10;
    %ix/vec4 3;
    %ix/load 4, 8, 0; part off
    %ix/load 5, 0, 0; Constant delay
    %assign/vec4/a/d v0x7f98e5c95050, 4, 5;
T_6.19 ;
    %load/vec4 v0x7f98e5c94ef0_0;
    %parti/s 1, 9, 5;
    %nor/r;
    %flag_set/vec4 8;
    %jmp/0xz  T_6.21, 8;
    %load/vec4 v0x7f98e5c94da0_0;
    %parti/s 1, 9, 5;
    %load/vec4 v0x7f98e5c94aa0_0;
    %parti/s 8, 0, 2;
    %pad/u 10;
    %ix/vec4 3;
    %ix/load 4, 9, 0; part off
    %ix/load 5, 0, 0; Constant delay
    %assign/vec4/a/d v0x7f98e5c95050, 4, 5;
T_6.21 ;
    %load/vec4 v0x7f98e5c94ef0_0;
    %parti/s 1, 10, 5;
    %nor/r;
    %flag_set/vec4 8;
    %jmp/0xz  T_6.23, 8;
    %load/vec4 v0x7f98e5c94da0_0;
    %parti/s 1, 10, 5;
    %load/vec4 v0x7f98e5c94aa0_0;
    %parti/s 8, 0, 2;
    %pad/u 10;
    %ix/vec4 3;
    %ix/load 4, 10, 0; part off
    %ix/load 5, 0, 0; Constant delay
    %assign/vec4/a/d v0x7f98e5c95050, 4, 5;
T_6.23 ;
    %load/vec4 v0x7f98e5c94ef0_0;
    %parti/s 1, 11, 5;
    %nor/r;
    %flag_set/vec4 8;
    %jmp/0xz  T_6.25, 8;
    %load/vec4 v0x7f98e5c94da0_0;
    %parti/s 1, 11, 5;
    %load/vec4 v0x7f98e5c94aa0_0;
    %parti/s 8, 0, 2;
    %pad/u 10;
    %ix/vec4 3;
    %ix/load 4, 11, 0; part off
    %ix/load 5, 0, 0; Constant delay
    %assign/vec4/a/d v0x7f98e5c95050, 4, 5;
T_6.25 ;
    %load/vec4 v0x7f98e5c94ef0_0;
    %parti/s 1, 12, 5;
    %nor/r;
    %flag_set/vec4 8;
    %jmp/0xz  T_6.27, 8;
    %load/vec4 v0x7f98e5c94da0_0;
    %parti/s 1, 12, 5;
    %load/vec4 v0x7f98e5c94aa0_0;
    %parti/s 8, 0, 2;
    %pad/u 10;
    %ix/vec4 3;
    %ix/load 4, 12, 0; part off
    %ix/load 5, 0, 0; Constant delay
    %assign/vec4/a/d v0x7f98e5c95050, 4, 5;
T_6.27 ;
    %load/vec4 v0x7f98e5c94ef0_0;
    %parti/s 1, 13, 5;
    %nor/r;
    %flag_set/vec4 8;
    %jmp/0xz  T_6.29, 8;
    %load/vec4 v0x7f98e5c94da0_0;
    %parti/s 1, 13, 5;
    %load/vec4 v0x7f98e5c94aa0_0;
    %parti/s 8, 0, 2;
    %pad/u 10;
    %ix/vec4 3;
    %ix/load 4, 13, 0; part off
    %ix/load 5, 0, 0; Constant delay
    %assign/vec4/a/d v0x7f98e5c95050, 4, 5;
T_6.29 ;
    %load/vec4 v0x7f98e5c94ef0_0;
    %parti/s 1, 14, 5;
    %nor/r;
    %flag_set/vec4 8;
    %jmp/0xz  T_6.31, 8;
    %load/vec4 v0x7f98e5c94da0_0;
    %parti/s 1, 14, 5;
    %load/vec4 v0x7f98e5c94aa0_0;
    %parti/s 8, 0, 2;
    %pad/u 10;
    %ix/vec4 3;
    %ix/load 4, 14, 0; part off
    %ix/load 5, 0, 0; Constant delay
    %assign/vec4/a/d v0x7f98e5c95050, 4, 5;
T_6.31 ;
    %load/vec4 v0x7f98e5c94ef0_0;
    %parti/s 1, 15, 5;
    %nor/r;
    %flag_set/vec4 8;
    %jmp/0xz  T_6.33, 8;
    %load/vec4 v0x7f98e5c94da0_0;
    %parti/s 1, 15, 5;
    %load/vec4 v0x7f98e5c94aa0_0;
    %parti/s 8, 0, 2;
    %pad/u 10;
    %ix/vec4 3;
    %ix/load 4, 15, 0; part off
    %ix/load 5, 0, 0; Constant delay
    %assign/vec4/a/d v0x7f98e5c95050, 4, 5;
T_6.33 ;
T_6.0 ;
    %jmp T_6;
    .thread T_6;
    .scope S_0x7f98e5c92500;
T_7 ;
    %wait E_0x7f98e5c93da0;
    %load/vec4 v0x7f98e5c94950_0;
    %flag_set/vec4 9;
    %flag_get/vec4 9;
    %jmp/0 T_7.2, 9;
    %load/vec4 v0x7f98e5c94710_0;
    %and;
T_7.2;
    %flag_set/vec4 8;
    %jmp/0xz  T_7.0, 8;
    %load/vec4 v0x7f98e5c945b0_0;
    %parti/s 8, 0, 2;
    %pad/u 10;
    %ix/vec4 4;
    %load/vec4a v0x7f98e5c95050, 4;
    %load/vec4 v0x7f98e5c949f0_0;
    %inv;
    %and;
    %assign/vec4 v0x7f98e5c948a0_0, 0;
T_7.0 ;
    %jmp T_7;
    .thread T_7;
    .scope S_0x7f98e5f71d60;
T_8 ;
    %pushi/vec4 0, 0, 1;
    %store/vec4 v0x7f98e5c9bd40_0, 0, 1;
    %end;
    .thread T_8;
    .scope S_0x7f98e5f71d60;
T_9 ;
    %wait E_0x7f98e5c9bb90;
    %load/vec4 v0x7f98e5c9bca0_0;
    %assign/vec4 v0x7f98e5c9bd40_0, 0;
    %jmp T_9;
    .thread T_9;
    .scope S_0x7f98e5f690f0;
T_10 ;
    %pushi/vec4 0, 0, 1;
    %store/vec4 v0x7f98e5c9c0a0_0, 0, 1;
    %end;
    .thread T_10;
    .scope S_0x7f98e5f690f0;
T_11 ;
    %wait E_0x7f98e5c9be40;
    %load/vec4 v0x7f98e5c9bff0_0;
    %flag_set/vec4 8;
    %jmp/0xz  T_11.0, 8;
    %load/vec4 v0x7f98e5c9bf50_0;
    %assign/vec4 v0x7f98e5c9c0a0_0, 0;
T_11.0 ;
    %jmp T_11;
    .thread T_11;
    .scope S_0x7f98e5f69260;
T_12 ;
    %pushi/vec4 0, 0, 1;
    %store/vec4 v0x7f98e5c9c400_0, 0, 1;
    %end;
    .thread T_12;
    .scope S_0x7f98e5f69260;
T_13 ;
    %wait E_0x7f98e5c9c1a0;
    %load/vec4 v0x7f98e5c9c4a0_0;
    %flag_set/vec4 8;
    %jmp/0xz  T_13.0, 8;
    %pushi/vec4 0, 0, 1;
    %assign/vec4 v0x7f98e5c9c400_0, 0;
    %jmp T_13.1;
T_13.0 ;
    %load/vec4 v0x7f98e5c9c350_0;
    %flag_set/vec4 8;
    %jmp/0xz  T_13.2, 8;
    %load/vec4 v0x7f98e5c9c2b0_0;
    %assign/vec4 v0x7f98e5c9c400_0, 0;
T_13.2 ;
T_13.1 ;
    %jmp T_13;
    .thread T_13;
    .scope S_0x7f98e5f5ff50;
T_14 ;
    %pushi/vec4 0, 0, 1;
    %store/vec4 v0x7f98e5c9c840_0, 0, 1;
    %end;
    .thread T_14;
    .scope S_0x7f98e5f5ff50;
T_15 ;
    %wait E_0x7f98e5c9c600;
    %load/vec4 v0x7f98e5c9c8e0_0;
    %flag_set/vec4 8;
    %jmp/0xz  T_15.0, 8;
    %pushi/vec4 1, 0, 1;
    %assign/vec4 v0x7f98e5c9c840_0, 0;
    %jmp T_15.1;
T_15.0 ;
    %load/vec4 v0x7f98e5c9c7b0_0;
    %flag_set/vec4 8;
    %jmp/0xz  T_15.2, 8;
    %load/vec4 v0x7f98e5c9c710_0;
    %assign/vec4 v0x7f98e5c9c840_0, 0;
T_15.2 ;
T_15.1 ;
    %jmp T_15;
    .thread T_15;
    .scope S_0x7f98e5f600c0;
T_16 ;
    %pushi/vec4 0, 0, 1;
    %store/vec4 v0x7f98e5c9cc80_0, 0, 1;
    %end;
    .thread T_16;
    .scope S_0x7f98e5f600c0;
T_17 ;
    %wait E_0x7f98e5c9ca40;
    %load/vec4 v0x7f98e5c9cbf0_0;
    %flag_set/vec4 8;
    %jmp/0xz  T_17.0, 8;
    %load/vec4 v0x7f98e5c9cd20_0;
    %flag_set/vec4 8;
    %jmp/0xz  T_17.2, 8;
    %pushi/vec4 0, 0, 1;
    %assign/vec4 v0x7f98e5c9cc80_0, 0;
    %jmp T_17.3;
T_17.2 ;
    %load/vec4 v0x7f98e5c9cb50_0;
    %assign/vec4 v0x7f98e5c9cc80_0, 0;
T_17.3 ;
T_17.0 ;
    %jmp T_17;
    .thread T_17;
    .scope S_0x7f98e5f8f6c0;
T_18 ;
    %pushi/vec4 0, 0, 1;
    %store/vec4 v0x7f98e5c9d0c0_0, 0, 1;
    %end;
    .thread T_18;
    .scope S_0x7f98e5f8f6c0;
T_19 ;
    %wait E_0x7f98e5c9ce80;
    %load/vec4 v0x7f98e5c9d030_0;
    %flag_set/vec4 8;
    %jmp/0xz  T_19.0, 8;
    %load/vec4 v0x7f98e5c9d160_0;
    %flag_set/vec4 8;
    %jmp/0xz  T_19.2, 8;
    %pushi/vec4 1, 0, 1;
    %assign/vec4 v0x7f98e5c9d0c0_0, 0;
    %jmp T_19.3;
T_19.2 ;
    %load/vec4 v0x7f98e5c9cf90_0;
    %assign/vec4 v0x7f98e5c9d0c0_0, 0;
T_19.3 ;
T_19.0 ;
    %jmp T_19;
    .thread T_19;
    .scope S_0x7f98e5f8f830;
T_20 ;
    %pushi/vec4 0, 0, 1;
    %store/vec4 v0x7f98e5c9d470_0, 0, 1;
    %end;
    .thread T_20;
    .scope S_0x7f98e5f8f830;
T_21 ;
    %wait E_0x7f98e5c9d2c0;
    %load/vec4 v0x7f98e5c9d3d0_0;
    %assign/vec4 v0x7f98e5c9d470_0, 0;
    %jmp T_21;
    .thread T_21;
    .scope S_0x7f98e5f2ebc0;
T_22 ;
    %pushi/vec4 0, 0, 1;
    %store/vec4 v0x7f98e5c9d7b0_0, 0, 1;
    %end;
    .thread T_22;
    .scope S_0x7f98e5f2ebc0;
T_23 ;
    %wait E_0x7f98e5c9d550;
    %load/vec4 v0x7f98e5c9d700_0;
    %flag_set/vec4 8;
    %jmp/0xz  T_23.0, 8;
    %load/vec4 v0x7f98e5c9d660_0;
    %assign/vec4 v0x7f98e5c9d7b0_0, 0;
T_23.0 ;
    %jmp T_23;
    .thread T_23;
    .scope S_0x7f98e5f2ed30;
T_24 ;
    %pushi/vec4 0, 0, 1;
    %store/vec4 v0x7f98e5c9db10_0, 0, 1;
    %end;
    .thread T_24;
    .scope S_0x7f98e5f2ed30;
T_25 ;
    %wait E_0x7f98e5c9d8b0;
    %load/vec4 v0x7f98e5c9dbb0_0;
    %flag_set/vec4 8;
    %jmp/0xz  T_25.0, 8;
    %pushi/vec4 0, 0, 1;
    %assign/vec4 v0x7f98e5c9db10_0, 0;
    %jmp T_25.1;
T_25.0 ;
    %load/vec4 v0x7f98e5c9da60_0;
    %flag_set/vec4 8;
    %jmp/0xz  T_25.2, 8;
    %load/vec4 v0x7f98e5c9d9c0_0;
    %assign/vec4 v0x7f98e5c9db10_0, 0;
T_25.2 ;
T_25.1 ;
    %jmp T_25;
    .thread T_25;
    .scope S_0x7f98e5f1fa30;
T_26 ;
    %pushi/vec4 0, 0, 1;
    %store/vec4 v0x7f98e5c9df50_0, 0, 1;
    %end;
    .thread T_26;
    .scope S_0x7f98e5f1fa30;
T_27 ;
    %wait E_0x7f98e5c9dd10;
    %load/vec4 v0x7f98e5c9dff0_0;
    %flag_set/vec4 8;
    %jmp/0xz  T_27.0, 8;
    %pushi/vec4 1, 0, 1;
    %assign/vec4 v0x7f98e5c9df50_0, 0;
    %jmp T_27.1;
T_27.0 ;
    %load/vec4 v0x7f98e5c9dec0_0;
    %flag_set/vec4 8;
    %jmp/0xz  T_27.2, 8;
    %load/vec4 v0x7f98e5c9de20_0;
    %assign/vec4 v0x7f98e5c9df50_0, 0;
T_27.2 ;
T_27.1 ;
    %jmp T_27;
    .thread T_27;
    .scope S_0x7f98e5f1fba0;
T_28 ;
    %pushi/vec4 0, 0, 1;
    %store/vec4 v0x7f98e5c9e390_0, 0, 1;
    %end;
    .thread T_28;
    .scope S_0x7f98e5f1fba0;
T_29 ;
    %wait E_0x7f98e5c9e150;
    %load/vec4 v0x7f98e5c9e300_0;
    %flag_set/vec4 8;
    %jmp/0xz  T_29.0, 8;
    %load/vec4 v0x7f98e5c9e430_0;
    %flag_set/vec4 8;
    %jmp/0xz  T_29.2, 8;
    %pushi/vec4 0, 0, 1;
    %assign/vec4 v0x7f98e5c9e390_0, 0;
    %jmp T_29.3;
T_29.2 ;
    %load/vec4 v0x7f98e5c9e260_0;
    %assign/vec4 v0x7f98e5c9e390_0, 0;
T_29.3 ;
T_29.0 ;
    %jmp T_29;
    .thread T_29;
    .scope S_0x7f98e5f45c90;
T_30 ;
    %pushi/vec4 0, 0, 1;
    %store/vec4 v0x7f98e5c9e7d0_0, 0, 1;
    %end;
    .thread T_30;
    .scope S_0x7f98e5f45c90;
T_31 ;
    %wait E_0x7f98e5c9e590;
    %load/vec4 v0x7f98e5c9e740_0;
    %flag_set/vec4 8;
    %jmp/0xz  T_31.0, 8;
    %load/vec4 v0x7f98e5c9e870_0;
    %flag_set/vec4 8;
    %jmp/0xz  T_31.2, 8;
    %pushi/vec4 1, 0, 1;
    %assign/vec4 v0x7f98e5c9e7d0_0, 0;
    %jmp T_31.3;
T_31.2 ;
    %load/vec4 v0x7f98e5c9e6a0_0;
    %assign/vec4 v0x7f98e5c9e7d0_0, 0;
T_31.3 ;
T_31.0 ;
    %jmp T_31;
    .thread T_31;
    .scope S_0x7f98e5f45e00;
T_32 ;
    %pushi/vec4 0, 0, 1;
    %store/vec4 v0x7f98e5c9eb80_0, 0, 1;
    %end;
    .thread T_32;
    .scope S_0x7f98e5f45e00;
T_33 ;
    %wait E_0x7f98e5c9e9d0;
    %load/vec4 v0x7f98e5c9ec10_0;
    %flag_set/vec4 8;
    %jmp/0xz  T_33.0, 8;
    %pushi/vec4 0, 0, 1;
    %assign/vec4 v0x7f98e5c9eb80_0, 0;
    %jmp T_33.1;
T_33.0 ;
    %load/vec4 v0x7f98e5c9eae0_0;
    %assign/vec4 v0x7f98e5c9eb80_0, 0;
T_33.1 ;
    %jmp T_33;
    .thread T_33;
    .scope S_0x7f98e5f50a70;
T_34 ;
    %pushi/vec4 0, 0, 1;
    %store/vec4 v0x7f98e5c9eec0_0, 0, 1;
    %end;
    .thread T_34;
    .scope S_0x7f98e5f50a70;
T_35 ;
    %wait E_0x7f98e5c9ed10;
    %load/vec4 v0x7f98e5c9ef70_0;
    %flag_set/vec4 8;
    %jmp/0xz  T_35.0, 8;
    %pushi/vec4 1, 0, 1;
    %assign/vec4 v0x7f98e5c9eec0_0, 0;
    %jmp T_35.1;
T_35.0 ;
    %load/vec4 v0x7f98e5c9ee20_0;
    %assign/vec4 v0x7f98e5c9eec0_0, 0;
T_35.1 ;
    %jmp T_35;
    .thread T_35;
    .scope S_0x7f98e5f50be0;
T_36 ;
    %pushi/vec4 0, 0, 1;
    %store/vec4 v0x7f98e5c9f220_0, 0, 1;
    %end;
    .thread T_36;
    .scope S_0x7f98e5f50be0;
T_37 ;
    %wait E_0x7f98e5c9f070;
    %load/vec4 v0x7f98e5c9f2d0_0;
    %flag_set/vec4 8;
    %jmp/0xz  T_37.0, 8;
    %pushi/vec4 0, 0, 1;
    %assign/vec4 v0x7f98e5c9f220_0, 0;
    %jmp T_37.1;
T_37.0 ;
    %load/vec4 v0x7f98e5c9f180_0;
    %assign/vec4 v0x7f98e5c9f220_0, 0;
T_37.1 ;
    %jmp T_37;
    .thread T_37;
    .scope S_0x7f98e5f4ebe0;
T_38 ;
    %pushi/vec4 0, 0, 1;
    %store/vec4 v0x7f98e5c9f580_0, 0, 1;
    %end;
    .thread T_38;
    .scope S_0x7f98e5f4ebe0;
T_39 ;
    %wait E_0x7f98e5c9f3d0;
    %load/vec4 v0x7f98e5c9f630_0;
    %flag_set/vec4 8;
    %jmp/0xz  T_39.0, 8;
    %pushi/vec4 1, 0, 1;
    %assign/vec4 v0x7f98e5c9f580_0, 0;
    %jmp T_39.1;
T_39.0 ;
    %load/vec4 v0x7f98e5c9f4e0_0;
    %assign/vec4 v0x7f98e5c9f580_0, 0;
T_39.1 ;
    %jmp T_39;
    .thread T_39;
    .scope S_0x7f98e5f4ed50;
T_40 ;
    %pushi/vec4 0, 0, 1;
    %store/vec4 v0x7f98e5c9f8e0_0, 0, 1;
    %end;
    .thread T_40;
    .scope S_0x7f98e5f4ed50;
T_41 ;
    %wait E_0x7f98e5c9f730;
    %load/vec4 v0x7f98e5c9f990_0;
    %flag_set/vec4 8;
    %jmp/0xz  T_41.0, 8;
    %pushi/vec4 0, 0, 1;
    %assign/vec4 v0x7f98e5c9f8e0_0, 0;
    %jmp T_41.1;
T_41.0 ;
    %load/vec4 v0x7f98e5c9f840_0;
    %assign/vec4 v0x7f98e5c9f8e0_0, 0;
T_41.1 ;
    %jmp T_41;
    .thread T_41;
    .scope S_0x7f98e5f3a050;
T_42 ;
    %pushi/vec4 0, 0, 1;
    %store/vec4 v0x7f98e5c9fc40_0, 0, 1;
    %end;
    .thread T_42;
    .scope S_0x7f98e5f3a050;
T_43 ;
    %wait E_0x7f98e5c9fa90;
    %load/vec4 v0x7f98e5c9fcf0_0;
    %flag_set/vec4 8;
    %jmp/0xz  T_43.0, 8;
    %pushi/vec4 1, 0, 1;
    %assign/vec4 v0x7f98e5c9fc40_0, 0;
    %jmp T_43.1;
T_43.0 ;
    %load/vec4 v0x7f98e5c9fba0_0;
    %assign/vec4 v0x7f98e5c9fc40_0, 0;
T_43.1 ;
    %jmp T_43;
    .thread T_43;
    .scope S_0x7f98e5f3a1c0;
T_44 ;
    %pushi/vec4 0, 0, 1;
    %store/vec4 v0x7f98e5c9ffa0_0, 0, 1;
    %end;
    .thread T_44;
    .scope S_0x7f98e5f3a1c0;
T_45 ;
    %wait E_0x7f98e5c9fdf0;
    %load/vec4 v0x7f98e5ca0050_0;
    %flag_set/vec4 8;
    %jmp/0xz  T_45.0, 8;
    %pushi/vec4 0, 0, 1;
    %assign/vec4 v0x7f98e5c9ffa0_0, 0;
    %jmp T_45.1;
T_45.0 ;
    %load/vec4 v0x7f98e5c9ff00_0;
    %assign/vec4 v0x7f98e5c9ffa0_0, 0;
T_45.1 ;
    %jmp T_45;
    .thread T_45;
    .scope S_0x7f98e5f37590;
T_46 ;
    %pushi/vec4 0, 0, 1;
    %store/vec4 v0x7f98e5ca0300_0, 0, 1;
    %end;
    .thread T_46;
    .scope S_0x7f98e5f37590;
T_47 ;
    %wait E_0x7f98e5ca0150;
    %load/vec4 v0x7f98e5ca03b0_0;
    %flag_set/vec4 8;
    %jmp/0xz  T_47.0, 8;
    %pushi/vec4 1, 0, 1;
    %assign/vec4 v0x7f98e5ca0300_0, 0;
    %jmp T_47.1;
T_47.0 ;
    %load/vec4 v0x7f98e5ca0260_0;
    %assign/vec4 v0x7f98e5ca0300_0, 0;
T_47.1 ;
    %jmp T_47;
    .thread T_47;
    .scope S_0x7f98e5ca0ec0;
T_48 ;
    %wait E_0x7f98e5ca11a0;
    %load/vec4 v0x7f98e5ca1a40_0;
    %assign/vec4 v0x7f98e5ca1ae0_0, 0;
    %jmp T_48;
    .thread T_48;
    .scope S_0x7f98e5ca0ec0;
T_49 ;
    %wait E_0x7f98e5ca11a0;
    %load/vec4 v0x7f98e5ca1a40_0;
    %flag_set/vec4 8;
    %jmp/0xz  T_49.0, 8;
    %load/vec4 v0x7f98e5ca1860_0;
    %assign/vec4 v0x7f98e5ca1e50_0, 0;
T_49.0 ;
    %jmp T_49;
    .thread T_49;
    .scope S_0x7f98e5ca0ec0;
T_50 ;
    %wait E_0x7f98e5ca1140;
    %load/vec4 v0x7f98e5ca1ae0_0;
    %flag_set/vec4 8;
    %jmp/0xz  T_50.0, 8;
    %load/vec4 v0x7f98e5ca1860_0;
    %assign/vec4 v0x7f98e5ca1ee0_0, 0;
T_50.0 ;
    %jmp T_50;
    .thread T_50;
    .scope S_0x7f98e5ca0ec0;
T_51 ;
    %wait E_0x7f98e5ca1090;
    %load/vec4 v0x7f98e5ca1a40_0;
    %assign/vec4 v0x7f98e5ca1b80_0, 0;
    %jmp T_51;
    .thread T_51;
    .scope S_0x7f98e5ca0ec0;
T_52 ;
    %wait E_0x7f98e5ca1090;
    %load/vec4 v0x7f98e5ca1a40_0;
    %flag_set/vec4 8;
    %jmp/0xz  T_52.0, 8;
    %load/vec4 v0x7f98e5ca13f0_0;
    %assign/vec4 v0x7f98e5ca2000_0, 0;
T_52.0 ;
    %jmp T_52;
    .thread T_52;
    .scope S_0x7f98e5ca0ec0;
T_53 ;
    %wait E_0x7f98e5ca10f0;
    %load/vec4 v0x7f98e5ca1b80_0;
    %flag_set/vec4 8;
    %jmp/0xz  T_53.0, 8;
    %load/vec4 v0x7f98e5ca1490_0;
    %assign/vec4 v0x7f98e5ca20a0_0, 0;
T_53.0 ;
    %jmp T_53;
    .thread T_53;
    .scope S_0x7f98e5ca0ec0;
T_54 ;
    %wait E_0x7f98e5ca1090;
    %load/vec4 v0x7f98e5ca1a40_0;
    %flag_set/vec4 8;
    %jmp/0xz  T_54.0, 8;
    %load/vec4 v0x7f98e5ca1750_0;
    %assign/vec4 v0x7f98e5ca2280_0, 0;
T_54.0 ;
    %jmp T_54;
    .thread T_54;
    .scope S_0x7f98e5ca07b0;
T_55 ;
    %wait E_0x7f98e5ca0e70;
    %load/vec4 v0x7f98e5ca1e50_0;
    %store/vec4 v0x7f98e5ca1c20_0, 0, 1;
    %load/vec4 v0x7f98e5ca1ee0_0;
    %store/vec4 v0x7f98e5ca1cc0_0, 0, 1;
    %jmp T_55;
    .thread T_55, $push;
    .scope S_0x7f98e5ca07b0;
T_56 ;
    %wait E_0x7f98e5ca0e10;
    %load/vec4 v0x7f98e5ca16b0_0;
    %assign/vec4 v0x7f98e5ca2140_0, 0;
    %jmp T_56;
    .thread T_56, $push;
    .scope S_0x7f98e5ca07b0;
T_57 ;
    %wait E_0x7f98e5ca0dc0;
    %load/vec4 v0x7f98e5ca2140_0;
    %assign/vec4 v0x7f98e5ca21e0_0, 0;
    %jmp T_57;
    .thread T_57, $push;
    .scope S_0x7f98e5ca07b0;
T_58 ;
    %wait E_0x7f98e5ca0d80;
    %load/vec4 v0x7f98e5ca21e0_0;
    %pushi/vec4 0, 0, 1;
    %xor;
    %flag_set/vec4 8;
    %jmp/1 T_58.2, 8;
    %pushi/vec4 0, 0, 1;
    %flag_set/vec4 9;
    %flag_or 8, 9;
T_58.2;
    %jmp/0 T_58.0, 8;
    %load/vec4 v0x7f98e5ca2000_0;
    %jmp/1 T_58.1, 8;
T_58.0 ; End of true expr.
    %load/vec4 v0x7f98e5ca20a0_0;
    %jmp/0 T_58.1, 8;
 ; End of false expr.
    %blend;
T_58.1;
    %store/vec4 v0x7f98e5ca1f70_0, 0, 1;
    %jmp T_58;
    .thread T_58, $push;
    .scope S_0x7f98e5ca5310;
T_59 ;
    %wait E_0x7f98e5ca55c0;
    %load/vec4 v0x7f98e5ca5610_0;
    %flag_set/vec4 8;
    %jmp/0xz  T_59.0, 8;
    %load/vec4 v0x7f98e5ca5c80_0;
    %assign/vec4 v0x7f98e5ca5f90_0, 0;
T_59.0 ;
    %jmp T_59;
    .thread T_59;
    .scope S_0x7f98e5ca5310;
T_60 ;
    %wait E_0x7f98e5ca5560;
    %load/vec4 v0x7f98e5ca5610_0;
    %flag_set/vec4 8;
    %jmp/0xz  T_60.0, 8;
    %load/vec4 v0x7f98e5ca5c80_0;
    %assign/vec4 v0x7f98e5ca6030_0, 0;
T_60.0 ;
    %jmp T_60;
    .thread T_60;
    .scope S_0x7f98e5ca5310;
T_61 ;
    %wait E_0x7f98e5ca54d0;
    %load/vec4 v0x7f98e5ca5610_0;
    %flag_set/vec4 8;
    %jmp/0xz  T_61.0, 8;
    %load/vec4 v0x7f98e5ca5810_0;
    %assign/vec4 v0x7f98e5ca6260_0, 0;
T_61.0 ;
    %jmp T_61;
    .thread T_61;
    .scope S_0x7f98e5ca5310;
T_62 ;
    %wait E_0x7f98e5ca5510;
    %load/vec4 v0x7f98e5ca5610_0;
    %flag_set/vec4 8;
    %jmp/0xz  T_62.0, 8;
    %load/vec4 v0x7f98e5ca58b0_0;
    %assign/vec4 v0x7f98e5ca62f0_0, 0;
T_62.0 ;
    %jmp T_62;
    .thread T_62;
    .scope S_0x7f98e5ca5310;
T_63 ;
    %wait E_0x7f98e5ca54d0;
    %load/vec4 v0x7f98e5ca5610_0;
    %flag_set/vec4 8;
    %jmp/0xz  T_63.0, 8;
    %load/vec4 v0x7f98e5ca5b70_0;
    %assign/vec4 v0x7f98e5ca64b0_0, 0;
T_63.0 ;
    %jmp T_63;
    .thread T_63;
    .scope S_0x7f98e5f4e210;
T_64 ;
    %wait E_0x7f98e5ca3b80;
    %load/vec4 v0x7f98e5ca5f90_0;
    %store/vec4 v0x7f98e5ca5e50_0, 0, 1;
    %load/vec4 v0x7f98e5ca6030_0;
    %store/vec4 v0x7f98e5ca5ef0_0, 0, 1;
    %jmp T_64;
    .thread T_64, $push;
    .scope S_0x7f98e5f4e210;
T_65 ;
    %wait E_0x7f98e5ca52b0;
    %load/vec4 v0x7f98e5ca5ad0_0;
    %assign/vec4 v0x7f98e5ca6380_0, 0;
    %jmp T_65;
    .thread T_65, $push;
    .scope S_0x7f98e5f4e210;
T_66 ;
    %wait E_0x7f98e5ca5260;
    %load/vec4 v0x7f98e5ca6380_0;
    %assign/vec4 v0x7f98e5ca6410_0, 0;
    %jmp T_66;
    .thread T_66, $push;
    .scope S_0x7f98e5f4e210;
T_67 ;
    %wait E_0x7f98e5ca51f0;
    %load/vec4 v0x7f98e5ca6410_0;
    %pushi/vec4 0, 0, 1;
    %xor;
    %flag_set/vec4 8;
    %jmp/1 T_67.2, 8;
    %pushi/vec4 0, 0, 1;
    %flag_set/vec4 9;
    %flag_or 8, 9;
T_67.2;
    %jmp/0 T_67.0, 8;
    %load/vec4 v0x7f98e5ca6260_0;
    %jmp/1 T_67.1, 8;
T_67.0 ; End of true expr.
    %load/vec4 v0x7f98e5ca62f0_0;
    %jmp/0 T_67.1, 8;
 ; End of false expr.
    %blend;
T_67.1;
    %store/vec4 v0x7f98e5ca60d0_0, 0, 1;
    %jmp T_67;
    .thread T_67, $push;
    .scope S_0x7f98e5ca6790;
T_68 ;
    %wait E_0x7f98e5ca6a40;
    %load/vec4 v0x7f98e5ca6a90_0;
    %flag_set/vec4 8;
    %jmp/0xz  T_68.0, 8;
    %load/vec4 v0x7f98e5ca7100_0;
    %assign/vec4 v0x7f98e5ca72d0_0, 0;
T_68.0 ;
    %jmp T_68;
    .thread T_68;
    .scope S_0x7f98e5ca6790;
T_69 ;
    %wait E_0x7f98e5ca69e0;
    %load/vec4 v0x7f98e5ca6a90_0;
    %flag_set/vec4 8;
    %jmp/0xz  T_69.0, 8;
    %load/vec4 v0x7f98e5ca7100_0;
    %assign/vec4 v0x7f98e5ca7370_0, 0;
T_69.0 ;
    %jmp T_69;
    .thread T_69;
    .scope S_0x7f98e5ca6790;
T_70 ;
    %wait E_0x7f98e5ca6950;
    %load/vec4 v0x7f98e5ca6a90_0;
    %flag_set/vec4 8;
    %jmp/0xz  T_70.0, 8;
    %load/vec4 v0x7f98e5ca6c90_0;
    %assign/vec4 v0x7f98e5ca74b0_0, 0;
T_70.0 ;
    %jmp T_70;
    .thread T_70;
    .scope S_0x7f98e5ca6790;
T_71 ;
    %wait E_0x7f98e5ca6990;
    %load/vec4 v0x7f98e5ca6a90_0;
    %flag_set/vec4 8;
    %jmp/0xz  T_71.0, 8;
    %load/vec4 v0x7f98e5ca6d30_0;
    %assign/vec4 v0x7f98e5ca7550_0, 0;
T_71.0 ;
    %jmp T_71;
    .thread T_71;
    .scope S_0x7f98e5ca6790;
T_72 ;
    %wait E_0x7f98e5ca6950;
    %load/vec4 v0x7f98e5ca6a90_0;
    %flag_set/vec4 8;
    %jmp/0xz  T_72.0, 8;
    %load/vec4 v0x7f98e5ca6ff0_0;
    %assign/vec4 v0x7f98e5ca7800_0, 0;
T_72.0 ;
    %jmp T_72;
    .thread T_72;
    .scope S_0x7f98e5f50420;
T_73 ;
    %wait E_0x7f98e5ca5c00;
    %load/vec4 v0x7f98e5ca72d0_0;
    %store/vec4 v0x7f98e5ca7190_0, 0, 1;
    %load/vec4 v0x7f98e5ca7370_0;
    %store/vec4 v0x7f98e5ca7230_0, 0, 1;
    %jmp T_73;
    .thread T_73, $push;
    .scope S_0x7f98e5f50420;
T_74 ;
    %wait E_0x7f98e5ca6730;
    %load/vec4 v0x7f98e5ca6f50_0;
    %assign/vec4 v0x7f98e5ca76e0_0, 0;
    %jmp T_74;
    .thread T_74, $push;
    .scope S_0x7f98e5f50420;
T_75 ;
    %wait E_0x7f98e5ca66e0;
    %load/vec4 v0x7f98e5ca76e0_0;
    %assign/vec4 v0x7f98e5ca7770_0, 0;
    %jmp T_75;
    .thread T_75, $push;
    .scope S_0x7f98e5f50420;
T_76 ;
    %wait E_0x7f98e5ca6670;
    %load/vec4 v0x7f98e5ca7770_0;
    %pushi/vec4 0, 0, 1;
    %xor;
    %flag_set/vec4 8;
    %jmp/1 T_76.2, 8;
    %pushi/vec4 0, 0, 1;
    %flag_set/vec4 9;
    %flag_or 8, 9;
T_76.2;
    %jmp/0 T_76.0, 8;
    %load/vec4 v0x7f98e5ca74b0_0;
    %jmp/1 T_76.1, 8;
T_76.0 ; End of true expr.
    %load/vec4 v0x7f98e5ca7550_0;
    %jmp/0 T_76.1, 8;
 ; End of false expr.
    %blend;
T_76.1;
    %store/vec4 v0x7f98e5ca7410_0, 0, 1;
    %jmp T_76;
    .thread T_76, $push;
    .scope S_0x7f98e5fb4cd0;
T_77 ;
    %wait E_0x7f98e5ca99b0;
    %load/vec4 v0x7f98e5caa9c0_0;
    %flag_set/vec4 8;
    %jmp/0xz  T_77.0, 8;
    %pushi/vec4 0, 0, 16;
    %assign/vec4 v0x7f98e5caf030_0, 0;
    %pushi/vec4 0, 0, 16;
    %assign/vec4 v0x7f98e5caeed0_0, 0;
    %jmp T_77.1;
T_77.0 ;
    %load/vec4 v0x7f98e5caa350_0;
    %flag_set/vec4 8;
    %jmp/0xz  T_77.2, 8;
    %load/vec4 v0x7f98e5caa3f0_0;
    %nor/r;
    %flag_set/vec4 8;
    %jmp/0xz  T_77.4, 8;
    %load/vec4 v0x7f98e5caa2a0_0;
    %assign/vec4 v0x7f98e5caf030_0, 0;
T_77.4 ;
    %load/vec4 v0x7f98e5ca9d90_0;
    %nor/r;
    %flag_set/vec4 8;
    %jmp/0xz  T_77.6, 8;
    %load/vec4 v0x7f98e5ca9a00_0;
    %assign/vec4 v0x7f98e5caeed0_0, 0;
T_77.6 ;
T_77.2 ;
T_77.1 ;
    %jmp T_77;
    .thread T_77;
    .scope S_0x7f98e5fb4cd0;
T_78 ;
    %wait E_0x7f98e5ca9950;
    %load/vec4 v0x7f98e5caa920_0;
    %flag_set/vec4 8;
    %jmp/0xz  T_78.0, 8;
    %pushi/vec4 0, 0, 16;
    %assign/vec4 v0x7f98e5caef80_0, 0;
    %pushi/vec4 0, 0, 16;
    %assign/vec4 v0x7f98e5caf0e0_0, 0;
    %jmp T_78.1;
T_78.0 ;
    %load/vec4 v0x7f98e5caa350_0;
    %flag_set/vec4 8;
    %jmp/0xz  T_78.2, 8;
    %load/vec4 v0x7f98e5caa0a0_0;
    %nor/r;
    %flag_set/vec4 8;
    %jmp/0xz  T_78.4, 8;
    %load/vec4 v0x7f98e5ca9f90_0;
    %assign/vec4 v0x7f98e5caef80_0, 0;
T_78.4 ;
    %load/vec4 v0x7f98e5caa7e0_0;
    %nor/r;
    %flag_set/vec4 8;
    %jmp/0xz  T_78.6, 8;
    %load/vec4 v0x7f98e5caa750_0;
    %assign/vec4 v0x7f98e5caf0e0_0, 0;
T_78.6 ;
T_78.2 ;
T_78.1 ;
    %jmp T_78;
    .thread T_78;
    .scope S_0x7f98e5fb4cd0;
T_79 ;
    %wait E_0x7f98e5ca99b0;
    %load/vec4 v0x7f98e5caa9c0_0;
    %flag_set/vec4 8;
    %jmp/0xz  T_79.0, 8;
    %pushi/vec4 0, 0, 16;
    %assign/vec4 v0x7f98e5caf190_0, 0;
    %pushi/vec4 0, 0, 16;
    %assign/vec4 v0x7f98e5caf3a0_0, 0;
    %jmp T_79.1;
T_79.0 ;
    %load/vec4 v0x7f98e5caa350_0;
    %flag_set/vec4 8;
    %jmp/0xz  T_79.2, 8;
    %load/vec4 v0x7f98e5caec10_0;
    %assign/vec4 v0x7f98e5caf190_0, 0;
    %load/vec4 v0x7f98e5caed70_0;
    %assign/vec4 v0x7f98e5caf3a0_0, 0;
T_79.2 ;
T_79.1 ;
    %jmp T_79;
    .thread T_79;
    .scope S_0x7f98e5fb4cd0;
T_80 ;
    %wait E_0x7f98e5ca9950;
    %load/vec4 v0x7f98e5caa920_0;
    %flag_set/vec4 8;
    %jmp/0xz  T_80.0, 8;
    %pushi/vec4 0, 0, 16;
    %assign/vec4 v0x7f98e5caf450_0, 0;
    %pushi/vec4 0, 0, 16;
    %assign/vec4 v0x7f98e5caf240_0, 0;
    %jmp T_80.1;
T_80.0 ;
    %load/vec4 v0x7f98e5caa350_0;
    %flag_set/vec4 8;
    %jmp/0xz  T_80.2, 8;
    %load/vec4 v0x7f98e5caecc0_0;
    %assign/vec4 v0x7f98e5caf450_0, 0;
    %load/vec4 v0x7f98e5caee20_0;
    %assign/vec4 v0x7f98e5caf240_0, 0;
T_80.2 ;
T_80.1 ;
    %jmp T_80;
    .thread T_80;
    .scope S_0x7f98e5fb4cd0;
T_81 ;
    %wait E_0x7f98e5ca9950;
    %load/vec4 v0x7f98e5caa920_0;
    %flag_set/vec4 8;
    %jmp/0xz  T_81.0, 8;
    %pushi/vec4 0, 0, 32;
    %assign/vec4 v0x7f98e5caf2f0_0, 0;
    %jmp T_81.1;
T_81.0 ;
    %load/vec4 v0x7f98e5caa350_0;
    %flag_set/vec4 8;
    %jmp/0xz  T_81.2, 8;
    %load/vec4 v0x7f98e5cae5e0_0;
    %assign/vec4 v0x7f98e5caf2f0_0, 0;
T_81.2 ;
T_81.1 ;
    %jmp T_81;
    .thread T_81;
    .scope S_0x7f98e5fb4cd0;
T_82 ;
    %wait E_0x7f98e5ca9900;
    %load/vec4 v0x7f98e5caaf70_0;
    %flag_set/vec4 8;
    %jmp/0xz  T_82.0, 8;
    %pushi/vec4 0, 0, 16;
    %assign/vec4 v0x7f98e5caf500_0, 0;
    %jmp T_82.1;
T_82.0 ;
    %load/vec4 v0x7f98e5caa350_0;
    %flag_set/vec4 8;
    %jmp/0xz  T_82.2, 8;
    %load/vec4 v0x7f98e5caacf0_0;
    %nor/r;
    %flag_set/vec4 8;
    %jmp/0xz  T_82.4, 8;
    %load/vec4 v0x7f98e5cae690_0;
    %assign/vec4 v0x7f98e5caf500_0, 0;
T_82.4 ;
T_82.2 ;
T_82.1 ;
    %jmp T_82;
    .thread T_82;
    .scope S_0x7f98e5fb4cd0;
T_83 ;
    %wait E_0x7f98e5ca9020;
    %load/vec4 v0x7f98e5caaed0_0;
    %flag_set/vec4 8;
    %jmp/0xz  T_83.0, 8;
    %pushi/vec4 0, 0, 16;
    %assign/vec4 v0x7f98e5caf5b0_0, 0;
    %jmp T_83.1;
T_83.0 ;
    %load/vec4 v0x7f98e5caa350_0;
    %flag_set/vec4 8;
    %jmp/0xz  T_83.2, 8;
    %load/vec4 v0x7f98e5caac50_0;
    %nor/r;
    %flag_set/vec4 8;
    %jmp/0xz  T_83.4, 8;
    %load/vec4 v0x7f98e5cae7f0_0;
    %assign/vec4 v0x7f98e5caf5b0_0, 0;
T_83.4 ;
T_83.2 ;
T_83.1 ;
    %jmp T_83;
    .thread T_83;
    .scope S_0x7f98e5cb2af0;
T_84 ;
    %pushi/vec4 0, 0, 32;
    %store/vec4 v0x7f98e5cb55d0_0, 0, 32;
T_84.0 ; Top of for-loop 
    %load/vec4 v0x7f98e5cb55d0_0;
    %cmpi/s 16, 0, 32;
    %jmp/0xz T_84.1, 5;
    %pushi/vec4 0, 0, 256;
    %load/vec4 v0x7f98e5cb55d0_0;
    %muli 16, 0, 32;
    %part/s 16;
    %pushi/vec4 0, 0, 32;
    %load/vec4 v0x7f98e5cb55d0_0;
    %add;
    %ix/vec4/s 4;
    %store/vec4a v0x7f98e5cb5680, 4, 0;
    %pushi/vec4 0, 0, 256;
    %load/vec4 v0x7f98e5cb55d0_0;
    %muli 16, 0, 32;
    %part/s 16;
    %pushi/vec4 16, 0, 32;
    %load/vec4 v0x7f98e5cb55d0_0;
    %add;
    %ix/vec4/s 4;
    %store/vec4a v0x7f98e5cb5680, 4, 0;
    %pushi/vec4 0, 0, 256;
    %load/vec4 v0x7f98e5cb55d0_0;
    %muli 16, 0, 32;
    %part/s 16;
    %pushi/vec4 32, 0, 32;
    %load/vec4 v0x7f98e5cb55d0_0;
    %add;
    %ix/vec4/s 4;
    %store/vec4a v0x7f98e5cb5680, 4, 0;
    %pushi/vec4 0, 0, 256;
    %load/vec4 v0x7f98e5cb55d0_0;
    %muli 16, 0, 32;
    %part/s 16;
    %pushi/vec4 48, 0, 32;
    %load/vec4 v0x7f98e5cb55d0_0;
    %add;
    %ix/vec4/s 4;
    %store/vec4a v0x7f98e5cb5680, 4, 0;
    %pushi/vec4 0, 0, 256;
    %load/vec4 v0x7f98e5cb55d0_0;
    %muli 16, 0, 32;
    %part/s 16;
    %pushi/vec4 64, 0, 32;
    %load/vec4 v0x7f98e5cb55d0_0;
    %add;
    %ix/vec4/s 4;
    %store/vec4a v0x7f98e5cb5680, 4, 0;
    %pushi/vec4 0, 0, 256;
    %load/vec4 v0x7f98e5cb55d0_0;
    %muli 16, 0, 32;
    %part/s 16;
    %pushi/vec4 80, 0, 32;
    %load/vec4 v0x7f98e5cb55d0_0;
    %add;
    %ix/vec4/s 4;
    %store/vec4a v0x7f98e5cb5680, 4, 0;
    %pushi/vec4 0, 0, 256;
    %load/vec4 v0x7f98e5cb55d0_0;
    %muli 16, 0, 32;
    %part/s 16;
    %pushi/vec4 96, 0, 32;
    %load/vec4 v0x7f98e5cb55d0_0;
    %add;
    %ix/vec4/s 4;
    %store/vec4a v0x7f98e5cb5680, 4, 0;
    %pushi/vec4 0, 0, 256;
    %load/vec4 v0x7f98e5cb55d0_0;
    %muli 16, 0, 32;
    %part/s 16;
    %pushi/vec4 112, 0, 32;
    %load/vec4 v0x7f98e5cb55d0_0;
    %add;
    %ix/vec4/s 4;
    %store/vec4a v0x7f98e5cb5680, 4, 0;
    %pushi/vec4 0, 0, 256;
    %load/vec4 v0x7f98e5cb55d0_0;
    %muli 16, 0, 32;
    %part/s 16;
    %pushi/vec4 128, 0, 32;
    %load/vec4 v0x7f98e5cb55d0_0;
    %add;
    %ix/vec4/s 4;
    %store/vec4a v0x7f98e5cb5680, 4, 0;
    %pushi/vec4 0, 0, 256;
    %load/vec4 v0x7f98e5cb55d0_0;
    %muli 16, 0, 32;
    %part/s 16;
    %pushi/vec4 144, 0, 32;
    %load/vec4 v0x7f98e5cb55d0_0;
    %add;
    %ix/vec4/s 4;
    %store/vec4a v0x7f98e5cb5680, 4, 0;
    %pushi/vec4 0, 0, 256;
    %load/vec4 v0x7f98e5cb55d0_0;
    %muli 16, 0, 32;
    %part/s 16;
    %pushi/vec4 160, 0, 32;
    %load/vec4 v0x7f98e5cb55d0_0;
    %add;
    %ix/vec4/s 4;
    %store/vec4a v0x7f98e5cb5680, 4, 0;
    %pushi/vec4 0, 0, 256;
    %load/vec4 v0x7f98e5cb55d0_0;
    %muli 16, 0, 32;
    %part/s 16;
    %pushi/vec4 176, 0, 32;
    %load/vec4 v0x7f98e5cb55d0_0;
    %add;
    %ix/vec4/s 4;
    %store/vec4a v0x7f98e5cb5680, 4, 0;
    %pushi/vec4 0, 0, 256;
    %load/vec4 v0x7f98e5cb55d0_0;
    %muli 16, 0, 32;
    %part/s 16;
    %pushi/vec4 192, 0, 32;
    %load/vec4 v0x7f98e5cb55d0_0;
    %add;
    %ix/vec4/s 4;
    %store/vec4a v0x7f98e5cb5680, 4, 0;
    %pushi/vec4 0, 0, 256;
    %load/vec4 v0x7f98e5cb55d0_0;
    %muli 16, 0, 32;
    %part/s 16;
    %pushi/vec4 208, 0, 32;
    %load/vec4 v0x7f98e5cb55d0_0;
    %add;
    %ix/vec4/s 4;
    %store/vec4a v0x7f98e5cb5680, 4, 0;
    %pushi/vec4 0, 0, 256;
    %load/vec4 v0x7f98e5cb55d0_0;
    %muli 16, 0, 32;
    %part/s 16;
    %pushi/vec4 224, 0, 32;
    %load/vec4 v0x7f98e5cb55d0_0;
    %add;
    %ix/vec4/s 4;
    %store/vec4a v0x7f98e5cb5680, 4, 0;
    %pushi/vec4 0, 0, 256;
    %load/vec4 v0x7f98e5cb55d0_0;
    %muli 16, 0, 32;
    %part/s 16;
    %pushi/vec4 240, 0, 32;
    %load/vec4 v0x7f98e5cb55d0_0;
    %add;
    %ix/vec4/s 4;
    %store/vec4a v0x7f98e5cb5680, 4, 0;
T_84.2 ; for-loop step statement
    %load/vec4 v0x7f98e5cb55d0_0;
    %addi 1, 0, 32;
    %store/vec4 v0x7f98e5cb55d0_0, 0, 32;
    %jmp T_84.0;
T_84.1 ; for-loop exit label
    %end;
    .thread T_84;
    .scope S_0x7f98e5cb2af0;
T_85 ;
    %wait E_0x7f98e5cb4430;
    %load/vec4 v0x7f98e5cb5480_0;
    %flag_set/vec4 9;
    %flag_get/vec4 9;
    %jmp/0 T_85.2, 9;
    %load/vec4 v0x7f98e5cb5280_0;
    %and;
T_85.2;
    %flag_set/vec4 8;
    %jmp/0xz  T_85.0, 8;
    %load/vec4 v0x7f98e5cb5520_0;
    %parti/s 1, 0, 2;
    %nor/r;
    %flag_set/vec4 8;
    %jmp/0xz  T_85.3, 8;
    %load/vec4 v0x7f98e5cb53d0_0;
    %parti/s 1, 0, 2;
    %load/vec4 v0x7f98e5cb50d0_0;
    %parti/s 8, 0, 2;
    %pad/u 10;
    %ix/vec4 3;
    %ix/load 4, 0, 0; Constant delay
    %assign/vec4/a/d v0x7f98e5cb5680, 0, 4;
T_85.3 ;
    %load/vec4 v0x7f98e5cb5520_0;
    %parti/s 1, 1, 2;
    %nor/r;
    %flag_set/vec4 8;
    %jmp/0xz  T_85.5, 8;
    %load/vec4 v0x7f98e5cb53d0_0;
    %parti/s 1, 1, 2;
    %load/vec4 v0x7f98e5cb50d0_0;
    %parti/s 8, 0, 2;
    %pad/u 10;
    %ix/vec4 3;
    %ix/load 4, 1, 0; part off
    %ix/load 5, 0, 0; Constant delay
    %assign/vec4/a/d v0x7f98e5cb5680, 4, 5;
T_85.5 ;
    %load/vec4 v0x7f98e5cb5520_0;
    %parti/s 1, 2, 3;
    %nor/r;
    %flag_set/vec4 8;
    %jmp/0xz  T_85.7, 8;
    %load/vec4 v0x7f98e5cb53d0_0;
    %parti/s 1, 2, 3;
    %load/vec4 v0x7f98e5cb50d0_0;
    %parti/s 8, 0, 2;
    %pad/u 10;
    %ix/vec4 3;
    %ix/load 4, 2, 0; part off
    %ix/load 5, 0, 0; Constant delay
    %assign/vec4/a/d v0x7f98e5cb5680, 4, 5;
T_85.7 ;
    %load/vec4 v0x7f98e5cb5520_0;
    %parti/s 1, 3, 3;
    %nor/r;
    %flag_set/vec4 8;
    %jmp/0xz  T_85.9, 8;
    %load/vec4 v0x7f98e5cb53d0_0;
    %parti/s 1, 3, 3;
    %load/vec4 v0x7f98e5cb50d0_0;
    %parti/s 8, 0, 2;
    %pad/u 10;
    %ix/vec4 3;
    %ix/load 4, 3, 0; part off
    %ix/load 5, 0, 0; Constant delay
    %assign/vec4/a/d v0x7f98e5cb5680, 4, 5;
T_85.9 ;
    %load/vec4 v0x7f98e5cb5520_0;
    %parti/s 1, 4, 4;
    %nor/r;
    %flag_set/vec4 8;
    %jmp/0xz  T_85.11, 8;
    %load/vec4 v0x7f98e5cb53d0_0;
    %parti/s 1, 4, 4;
    %load/vec4 v0x7f98e5cb50d0_0;
    %parti/s 8, 0, 2;
    %pad/u 10;
    %ix/vec4 3;
    %ix/load 4, 4, 0; part off
    %ix/load 5, 0, 0; Constant delay
    %assign/vec4/a/d v0x7f98e5cb5680, 4, 5;
T_85.11 ;
    %load/vec4 v0x7f98e5cb5520_0;
    %parti/s 1, 5, 4;
    %nor/r;
    %flag_set/vec4 8;
    %jmp/0xz  T_85.13, 8;
    %load/vec4 v0x7f98e5cb53d0_0;
    %parti/s 1, 5, 4;
    %load/vec4 v0x7f98e5cb50d0_0;
    %parti/s 8, 0, 2;
    %pad/u 10;
    %ix/vec4 3;
    %ix/load 4, 5, 0; part off
    %ix/load 5, 0, 0; Constant delay
    %assign/vec4/a/d v0x7f98e5cb5680, 4, 5;
T_85.13 ;
    %load/vec4 v0x7f98e5cb5520_0;
    %parti/s 1, 6, 4;
    %nor/r;
    %flag_set/vec4 8;
    %jmp/0xz  T_85.15, 8;
    %load/vec4 v0x7f98e5cb53d0_0;
    %parti/s 1, 6, 4;
    %load/vec4 v0x7f98e5cb50d0_0;
    %parti/s 8, 0, 2;
    %pad/u 10;
    %ix/vec4 3;
    %ix/load 4, 6, 0; part off
    %ix/load 5, 0, 0; Constant delay
    %assign/vec4/a/d v0x7f98e5cb5680, 4, 5;
T_85.15 ;
    %load/vec4 v0x7f98e5cb5520_0;
    %parti/s 1, 7, 4;
    %nor/r;
    %flag_set/vec4 8;
    %jmp/0xz  T_85.17, 8;
    %load/vec4 v0x7f98e5cb53d0_0;
    %parti/s 1, 7, 4;
    %load/vec4 v0x7f98e5cb50d0_0;
    %parti/s 8, 0, 2;
    %pad/u 10;
    %ix/vec4 3;
    %ix/load 4, 7, 0; part off
    %ix/load 5, 0, 0; Constant delay
    %assign/vec4/a/d v0x7f98e5cb5680, 4, 5;
T_85.17 ;
    %load/vec4 v0x7f98e5cb5520_0;
    %parti/s 1, 8, 5;
    %nor/r;
    %flag_set/vec4 8;
    %jmp/0xz  T_85.19, 8;
    %load/vec4 v0x7f98e5cb53d0_0;
    %parti/s 1, 8, 5;
    %load/vec4 v0x7f98e5cb50d0_0;
    %parti/s 8, 0, 2;
    %pad/u 10;
    %ix/vec4 3;
    %ix/load 4, 8, 0; part off
    %ix/load 5, 0, 0; Constant delay
    %assign/vec4/a/d v0x7f98e5cb5680, 4, 5;
T_85.19 ;
    %load/vec4 v0x7f98e5cb5520_0;
    %parti/s 1, 9, 5;
    %nor/r;
    %flag_set/vec4 8;
    %jmp/0xz  T_85.21, 8;
    %load/vec4 v0x7f98e5cb53d0_0;
    %parti/s 1, 9, 5;
    %load/vec4 v0x7f98e5cb50d0_0;
    %parti/s 8, 0, 2;
    %pad/u 10;
    %ix/vec4 3;
    %ix/load 4, 9, 0; part off
    %ix/load 5, 0, 0; Constant delay
    %assign/vec4/a/d v0x7f98e5cb5680, 4, 5;
T_85.21 ;
    %load/vec4 v0x7f98e5cb5520_0;
    %parti/s 1, 10, 5;
    %nor/r;
    %flag_set/vec4 8;
    %jmp/0xz  T_85.23, 8;
    %load/vec4 v0x7f98e5cb53d0_0;
    %parti/s 1, 10, 5;
    %load/vec4 v0x7f98e5cb50d0_0;
    %parti/s 8, 0, 2;
    %pad/u 10;
    %ix/vec4 3;
    %ix/load 4, 10, 0; part off
    %ix/load 5, 0, 0; Constant delay
    %assign/vec4/a/d v0x7f98e5cb5680, 4, 5;
T_85.23 ;
    %load/vec4 v0x7f98e5cb5520_0;
    %parti/s 1, 11, 5;
    %nor/r;
    %flag_set/vec4 8;
    %jmp/0xz  T_85.25, 8;
    %load/vec4 v0x7f98e5cb53d0_0;
    %parti/s 1, 11, 5;
    %load/vec4 v0x7f98e5cb50d0_0;
    %parti/s 8, 0, 2;
    %pad/u 10;
    %ix/vec4 3;
    %ix/load 4, 11, 0; part off
    %ix/load 5, 0, 0; Constant delay
    %assign/vec4/a/d v0x7f98e5cb5680, 4, 5;
T_85.25 ;
    %load/vec4 v0x7f98e5cb5520_0;
    %parti/s 1, 12, 5;
    %nor/r;
    %flag_set/vec4 8;
    %jmp/0xz  T_85.27, 8;
    %load/vec4 v0x7f98e5cb53d0_0;
    %parti/s 1, 12, 5;
    %load/vec4 v0x7f98e5cb50d0_0;
    %parti/s 8, 0, 2;
    %pad/u 10;
    %ix/vec4 3;
    %ix/load 4, 12, 0; part off
    %ix/load 5, 0, 0; Constant delay
    %assign/vec4/a/d v0x7f98e5cb5680, 4, 5;
T_85.27 ;
    %load/vec4 v0x7f98e5cb5520_0;
    %parti/s 1, 13, 5;
    %nor/r;
    %flag_set/vec4 8;
    %jmp/0xz  T_85.29, 8;
    %load/vec4 v0x7f98e5cb53d0_0;
    %parti/s 1, 13, 5;
    %load/vec4 v0x7f98e5cb50d0_0;
    %parti/s 8, 0, 2;
    %pad/u 10;
    %ix/vec4 3;
    %ix/load 4, 13, 0; part off
    %ix/load 5, 0, 0; Constant delay
    %assign/vec4/a/d v0x7f98e5cb5680, 4, 5;
T_85.29 ;
    %load/vec4 v0x7f98e5cb5520_0;
    %parti/s 1, 14, 5;
    %nor/r;
    %flag_set/vec4 8;
    %jmp/0xz  T_85.31, 8;
    %load/vec4 v0x7f98e5cb53d0_0;
    %parti/s 1, 14, 5;
    %load/vec4 v0x7f98e5cb50d0_0;
    %parti/s 8, 0, 2;
    %pad/u 10;
    %ix/vec4 3;
    %ix/load 4, 14, 0; part off
    %ix/load 5, 0, 0; Constant delay
    %assign/vec4/a/d v0x7f98e5cb5680, 4, 5;
T_85.31 ;
    %load/vec4 v0x7f98e5cb5520_0;
    %parti/s 1, 15, 5;
    %nor/r;
    %flag_set/vec4 8;
    %jmp/0xz  T_85.33, 8;
    %load/vec4 v0x7f98e5cb53d0_0;
    %parti/s 1, 15, 5;
    %load/vec4 v0x7f98e5cb50d0_0;
    %parti/s 8, 0, 2;
    %pad/u 10;
    %ix/vec4 3;
    %ix/load 4, 15, 0; part off
    %ix/load 5, 0, 0; Constant delay
    %assign/vec4/a/d v0x7f98e5cb5680, 4, 5;
T_85.33 ;
T_85.0 ;
    %jmp T_85;
    .thread T_85;
    .scope S_0x7f98e5cb2af0;
T_86 ;
    %wait E_0x7f98e5cb43d0;
    %load/vec4 v0x7f98e5cb4f80_0;
    %flag_set/vec4 9;
    %flag_get/vec4 9;
    %jmp/0 T_86.2, 9;
    %load/vec4 v0x7f98e5cb4d40_0;
    %and;
T_86.2;
    %flag_set/vec4 8;
    %jmp/0xz  T_86.0, 8;
    %load/vec4 v0x7f98e5cb4be0_0;
    %parti/s 8, 0, 2;
    %pad/u 10;
    %ix/vec4 4;
    %load/vec4a v0x7f98e5cb5680, 4;
    %load/vec4 v0x7f98e5cb5020_0;
    %inv;
    %and;
    %assign/vec4 v0x7f98e5cb4ed0_0, 0;
T_86.0 ;
    %jmp T_86;
    .thread T_86;
    .scope S_0x7f98e5cb60d0;
T_87 ;
    %pushi/vec4 0, 0, 32;
    %store/vec4 v0x7f98e5cb8bf0_0, 0, 32;
T_87.0 ; Top of for-loop 
    %load/vec4 v0x7f98e5cb8bf0_0;
    %cmpi/s 16, 0, 32;
    %jmp/0xz T_87.1, 5;
    %pushi/vec4 0, 0, 256;
    %load/vec4 v0x7f98e5cb8bf0_0;
    %muli 16, 0, 32;
    %part/s 16;
    %pushi/vec4 0, 0, 32;
    %load/vec4 v0x7f98e5cb8bf0_0;
    %add;
    %ix/vec4/s 4;
    %store/vec4a v0x7f98e5cb8ca0, 4, 0;
    %pushi/vec4 0, 0, 256;
    %load/vec4 v0x7f98e5cb8bf0_0;
    %muli 16, 0, 32;
    %part/s 16;
    %pushi/vec4 16, 0, 32;
    %load/vec4 v0x7f98e5cb8bf0_0;
    %add;
    %ix/vec4/s 4;
    %store/vec4a v0x7f98e5cb8ca0, 4, 0;
    %pushi/vec4 0, 0, 256;
    %load/vec4 v0x7f98e5cb8bf0_0;
    %muli 16, 0, 32;
    %part/s 16;
    %pushi/vec4 32, 0, 32;
    %load/vec4 v0x7f98e5cb8bf0_0;
    %add;
    %ix/vec4/s 4;
    %store/vec4a v0x7f98e5cb8ca0, 4, 0;
    %pushi/vec4 0, 0, 256;
    %load/vec4 v0x7f98e5cb8bf0_0;
    %muli 16, 0, 32;
    %part/s 16;
    %pushi/vec4 48, 0, 32;
    %load/vec4 v0x7f98e5cb8bf0_0;
    %add;
    %ix/vec4/s 4;
    %store/vec4a v0x7f98e5cb8ca0, 4, 0;
    %pushi/vec4 0, 0, 256;
    %load/vec4 v0x7f98e5cb8bf0_0;
    %muli 16, 0, 32;
    %part/s 16;
    %pushi/vec4 64, 0, 32;
    %load/vec4 v0x7f98e5cb8bf0_0;
    %add;
    %ix/vec4/s 4;
    %store/vec4a v0x7f98e5cb8ca0, 4, 0;
    %pushi/vec4 0, 0, 256;
    %load/vec4 v0x7f98e5cb8bf0_0;
    %muli 16, 0, 32;
    %part/s 16;
    %pushi/vec4 80, 0, 32;
    %load/vec4 v0x7f98e5cb8bf0_0;
    %add;
    %ix/vec4/s 4;
    %store/vec4a v0x7f98e5cb8ca0, 4, 0;
    %pushi/vec4 0, 0, 256;
    %load/vec4 v0x7f98e5cb8bf0_0;
    %muli 16, 0, 32;
    %part/s 16;
    %pushi/vec4 96, 0, 32;
    %load/vec4 v0x7f98e5cb8bf0_0;
    %add;
    %ix/vec4/s 4;
    %store/vec4a v0x7f98e5cb8ca0, 4, 0;
    %pushi/vec4 0, 0, 256;
    %load/vec4 v0x7f98e5cb8bf0_0;
    %muli 16, 0, 32;
    %part/s 16;
    %pushi/vec4 112, 0, 32;
    %load/vec4 v0x7f98e5cb8bf0_0;
    %add;
    %ix/vec4/s 4;
    %store/vec4a v0x7f98e5cb8ca0, 4, 0;
    %pushi/vec4 0, 0, 256;
    %load/vec4 v0x7f98e5cb8bf0_0;
    %muli 16, 0, 32;
    %part/s 16;
    %pushi/vec4 128, 0, 32;
    %load/vec4 v0x7f98e5cb8bf0_0;
    %add;
    %ix/vec4/s 4;
    %store/vec4a v0x7f98e5cb8ca0, 4, 0;
    %pushi/vec4 0, 0, 256;
    %load/vec4 v0x7f98e5cb8bf0_0;
    %muli 16, 0, 32;
    %part/s 16;
    %pushi/vec4 144, 0, 32;
    %load/vec4 v0x7f98e5cb8bf0_0;
    %add;
    %ix/vec4/s 4;
    %store/vec4a v0x7f98e5cb8ca0, 4, 0;
    %pushi/vec4 0, 0, 256;
    %load/vec4 v0x7f98e5cb8bf0_0;
    %muli 16, 0, 32;
    %part/s 16;
    %pushi/vec4 160, 0, 32;
    %load/vec4 v0x7f98e5cb8bf0_0;
    %add;
    %ix/vec4/s 4;
    %store/vec4a v0x7f98e5cb8ca0, 4, 0;
    %pushi/vec4 0, 0, 256;
    %load/vec4 v0x7f98e5cb8bf0_0;
    %muli 16, 0, 32;
    %part/s 16;
    %pushi/vec4 176, 0, 32;
    %load/vec4 v0x7f98e5cb8bf0_0;
    %add;
    %ix/vec4/s 4;
    %store/vec4a v0x7f98e5cb8ca0, 4, 0;
    %pushi/vec4 0, 0, 256;
    %load/vec4 v0x7f98e5cb8bf0_0;
    %muli 16, 0, 32;
    %part/s 16;
    %pushi/vec4 192, 0, 32;
    %load/vec4 v0x7f98e5cb8bf0_0;
    %add;
    %ix/vec4/s 4;
    %store/vec4a v0x7f98e5cb8ca0, 4, 0;
    %pushi/vec4 0, 0, 256;
    %load/vec4 v0x7f98e5cb8bf0_0;
    %muli 16, 0, 32;
    %part/s 16;
    %pushi/vec4 208, 0, 32;
    %load/vec4 v0x7f98e5cb8bf0_0;
    %add;
    %ix/vec4/s 4;
    %store/vec4a v0x7f98e5cb8ca0, 4, 0;
    %pushi/vec4 0, 0, 256;
    %load/vec4 v0x7f98e5cb8bf0_0;
    %muli 16, 0, 32;
    %part/s 16;
    %pushi/vec4 224, 0, 32;
    %load/vec4 v0x7f98e5cb8bf0_0;
    %add;
    %ix/vec4/s 4;
    %store/vec4a v0x7f98e5cb8ca0, 4, 0;
    %pushi/vec4 0, 0, 256;
    %load/vec4 v0x7f98e5cb8bf0_0;
    %muli 16, 0, 32;
    %part/s 16;
    %pushi/vec4 240, 0, 32;
    %load/vec4 v0x7f98e5cb8bf0_0;
    %add;
    %ix/vec4/s 4;
    %store/vec4a v0x7f98e5cb8ca0, 4, 0;
T_87.2 ; for-loop step statement
    %load/vec4 v0x7f98e5cb8bf0_0;
    %addi 1, 0, 32;
    %store/vec4 v0x7f98e5cb8bf0_0, 0, 32;
    %jmp T_87.0;
T_87.1 ; for-loop exit label
    %end;
    .thread T_87;
    .scope S_0x7f98e5cb60d0;
T_88 ;
    %wait E_0x7f98e5cb7a50;
    %load/vec4 v0x7f98e5cb8aa0_0;
    %flag_set/vec4 9;
    %flag_get/vec4 9;
    %jmp/0 T_88.2, 9;
    %load/vec4 v0x7f98e5cb88a0_0;
    %and;
T_88.2;
    %flag_set/vec4 8;
    %jmp/0xz  T_88.0, 8;
    %load/vec4 v0x7f98e5cb8b40_0;
    %parti/s 1, 0, 2;
    %nor/r;
    %flag_set/vec4 8;
    %jmp/0xz  T_88.3, 8;
    %load/vec4 v0x7f98e5cb89f0_0;
    %parti/s 1, 0, 2;
    %load/vec4 v0x7f98e5cb86f0_0;
    %parti/s 8, 0, 2;
    %pad/u 10;
    %ix/vec4 3;
    %ix/load 4, 0, 0; Constant delay
    %assign/vec4/a/d v0x7f98e5cb8ca0, 0, 4;
T_88.3 ;
    %load/vec4 v0x7f98e5cb8b40_0;
    %parti/s 1, 1, 2;
    %nor/r;
    %flag_set/vec4 8;
    %jmp/0xz  T_88.5, 8;
    %load/vec4 v0x7f98e5cb89f0_0;
    %parti/s 1, 1, 2;
    %load/vec4 v0x7f98e5cb86f0_0;
    %parti/s 8, 0, 2;
    %pad/u 10;
    %ix/vec4 3;
    %ix/load 4, 1, 0; part off
    %ix/load 5, 0, 0; Constant delay
    %assign/vec4/a/d v0x7f98e5cb8ca0, 4, 5;
T_88.5 ;
    %load/vec4 v0x7f98e5cb8b40_0;
    %parti/s 1, 2, 3;
    %nor/r;
    %flag_set/vec4 8;
    %jmp/0xz  T_88.7, 8;
    %load/vec4 v0x7f98e5cb89f0_0;
    %parti/s 1, 2, 3;
    %load/vec4 v0x7f98e5cb86f0_0;
    %parti/s 8, 0, 2;
    %pad/u 10;
    %ix/vec4 3;
    %ix/load 4, 2, 0; part off
    %ix/load 5, 0, 0; Constant delay
    %assign/vec4/a/d v0x7f98e5cb8ca0, 4, 5;
T_88.7 ;
    %load/vec4 v0x7f98e5cb8b40_0;
    %parti/s 1, 3, 3;
    %nor/r;
    %flag_set/vec4 8;
    %jmp/0xz  T_88.9, 8;
    %load/vec4 v0x7f98e5cb89f0_0;
    %parti/s 1, 3, 3;
    %load/vec4 v0x7f98e5cb86f0_0;
    %parti/s 8, 0, 2;
    %pad/u 10;
    %ix/vec4 3;
    %ix/load 4, 3, 0; part off
    %ix/load 5, 0, 0; Constant delay
    %assign/vec4/a/d v0x7f98e5cb8ca0, 4, 5;
T_88.9 ;
    %load/vec4 v0x7f98e5cb8b40_0;
    %parti/s 1, 4, 4;
    %nor/r;
    %flag_set/vec4 8;
    %jmp/0xz  T_88.11, 8;
    %load/vec4 v0x7f98e5cb89f0_0;
    %parti/s 1, 4, 4;
    %load/vec4 v0x7f98e5cb86f0_0;
    %parti/s 8, 0, 2;
    %pad/u 10;
    %ix/vec4 3;
    %ix/load 4, 4, 0; part off
    %ix/load 5, 0, 0; Constant delay
    %assign/vec4/a/d v0x7f98e5cb8ca0, 4, 5;
T_88.11 ;
    %load/vec4 v0x7f98e5cb8b40_0;
    %parti/s 1, 5, 4;
    %nor/r;
    %flag_set/vec4 8;
    %jmp/0xz  T_88.13, 8;
    %load/vec4 v0x7f98e5cb89f0_0;
    %parti/s 1, 5, 4;
    %load/vec4 v0x7f98e5cb86f0_0;
    %parti/s 8, 0, 2;
    %pad/u 10;
    %ix/vec4 3;
    %ix/load 4, 5, 0; part off
    %ix/load 5, 0, 0; Constant delay
    %assign/vec4/a/d v0x7f98e5cb8ca0, 4, 5;
T_88.13 ;
    %load/vec4 v0x7f98e5cb8b40_0;
    %parti/s 1, 6, 4;
    %nor/r;
    %flag_set/vec4 8;
    %jmp/0xz  T_88.15, 8;
    %load/vec4 v0x7f98e5cb89f0_0;
    %parti/s 1, 6, 4;
    %load/vec4 v0x7f98e5cb86f0_0;
    %parti/s 8, 0, 2;
    %pad/u 10;
    %ix/vec4 3;
    %ix/load 4, 6, 0; part off
    %ix/load 5, 0, 0; Constant delay
    %assign/vec4/a/d v0x7f98e5cb8ca0, 4, 5;
T_88.15 ;
    %load/vec4 v0x7f98e5cb8b40_0;
    %parti/s 1, 7, 4;
    %nor/r;
    %flag_set/vec4 8;
    %jmp/0xz  T_88.17, 8;
    %load/vec4 v0x7f98e5cb89f0_0;
    %parti/s 1, 7, 4;
    %load/vec4 v0x7f98e5cb86f0_0;
    %parti/s 8, 0, 2;
    %pad/u 10;
    %ix/vec4 3;
    %ix/load 4, 7, 0; part off
    %ix/load 5, 0, 0; Constant delay
    %assign/vec4/a/d v0x7f98e5cb8ca0, 4, 5;
T_88.17 ;
    %load/vec4 v0x7f98e5cb8b40_0;
    %parti/s 1, 8, 5;
    %nor/r;
    %flag_set/vec4 8;
    %jmp/0xz  T_88.19, 8;
    %load/vec4 v0x7f98e5cb89f0_0;
    %parti/s 1, 8, 5;
    %load/vec4 v0x7f98e5cb86f0_0;
    %parti/s 8, 0, 2;
    %pad/u 10;
    %ix/vec4 3;
    %ix/load 4, 8, 0; part off
    %ix/load 5, 0, 0; Constant delay
    %assign/vec4/a/d v0x7f98e5cb8ca0, 4, 5;
T_88.19 ;
    %load/vec4 v0x7f98e5cb8b40_0;
    %parti/s 1, 9, 5;
    %nor/r;
    %flag_set/vec4 8;
    %jmp/0xz  T_88.21, 8;
    %load/vec4 v0x7f98e5cb89f0_0;
    %parti/s 1, 9, 5;
    %load/vec4 v0x7f98e5cb86f0_0;
    %parti/s 8, 0, 2;
    %pad/u 10;
    %ix/vec4 3;
    %ix/load 4, 9, 0; part off
    %ix/load 5, 0, 0; Constant delay
    %assign/vec4/a/d v0x7f98e5cb8ca0, 4, 5;
T_88.21 ;
    %load/vec4 v0x7f98e5cb8b40_0;
    %parti/s 1, 10, 5;
    %nor/r;
    %flag_set/vec4 8;
    %jmp/0xz  T_88.23, 8;
    %load/vec4 v0x7f98e5cb89f0_0;
    %parti/s 1, 10, 5;
    %load/vec4 v0x7f98e5cb86f0_0;
    %parti/s 8, 0, 2;
    %pad/u 10;
    %ix/vec4 3;
    %ix/load 4, 10, 0; part off
    %ix/load 5, 0, 0; Constant delay
    %assign/vec4/a/d v0x7f98e5cb8ca0, 4, 5;
T_88.23 ;
    %load/vec4 v0x7f98e5cb8b40_0;
    %parti/s 1, 11, 5;
    %nor/r;
    %flag_set/vec4 8;
    %jmp/0xz  T_88.25, 8;
    %load/vec4 v0x7f98e5cb89f0_0;
    %parti/s 1, 11, 5;
    %load/vec4 v0x7f98e5cb86f0_0;
    %parti/s 8, 0, 2;
    %pad/u 10;
    %ix/vec4 3;
    %ix/load 4, 11, 0; part off
    %ix/load 5, 0, 0; Constant delay
    %assign/vec4/a/d v0x7f98e5cb8ca0, 4, 5;
T_88.25 ;
    %load/vec4 v0x7f98e5cb8b40_0;
    %parti/s 1, 12, 5;
    %nor/r;
    %flag_set/vec4 8;
    %jmp/0xz  T_88.27, 8;
    %load/vec4 v0x7f98e5cb89f0_0;
    %parti/s 1, 12, 5;
    %load/vec4 v0x7f98e5cb86f0_0;
    %parti/s 8, 0, 2;
    %pad/u 10;
    %ix/vec4 3;
    %ix/load 4, 12, 0; part off
    %ix/load 5, 0, 0; Constant delay
    %assign/vec4/a/d v0x7f98e5cb8ca0, 4, 5;
T_88.27 ;
    %load/vec4 v0x7f98e5cb8b40_0;
    %parti/s 1, 13, 5;
    %nor/r;
    %flag_set/vec4 8;
    %jmp/0xz  T_88.29, 8;
    %load/vec4 v0x7f98e5cb89f0_0;
    %parti/s 1, 13, 5;
    %load/vec4 v0x7f98e5cb86f0_0;
    %parti/s 8, 0, 2;
    %pad/u 10;
    %ix/vec4 3;
    %ix/load 4, 13, 0; part off
    %ix/load 5, 0, 0; Constant delay
    %assign/vec4/a/d v0x7f98e5cb8ca0, 4, 5;
T_88.29 ;
    %load/vec4 v0x7f98e5cb8b40_0;
    %parti/s 1, 14, 5;
    %nor/r;
    %flag_set/vec4 8;
    %jmp/0xz  T_88.31, 8;
    %load/vec4 v0x7f98e5cb89f0_0;
    %parti/s 1, 14, 5;
    %load/vec4 v0x7f98e5cb86f0_0;
    %parti/s 8, 0, 2;
    %pad/u 10;
    %ix/vec4 3;
    %ix/load 4, 14, 0; part off
    %ix/load 5, 0, 0; Constant delay
    %assign/vec4/a/d v0x7f98e5cb8ca0, 4, 5;
T_88.31 ;
    %load/vec4 v0x7f98e5cb8b40_0;
    %parti/s 1, 15, 5;
    %nor/r;
    %flag_set/vec4 8;
    %jmp/0xz  T_88.33, 8;
    %load/vec4 v0x7f98e5cb89f0_0;
    %parti/s 1, 15, 5;
    %load/vec4 v0x7f98e5cb86f0_0;
    %parti/s 8, 0, 2;
    %pad/u 10;
    %ix/vec4 3;
    %ix/load 4, 15, 0; part off
    %ix/load 5, 0, 0; Constant delay
    %assign/vec4/a/d v0x7f98e5cb8ca0, 4, 5;
T_88.33 ;
T_88.0 ;
    %jmp T_88;
    .thread T_88;
    .scope S_0x7f98e5cb60d0;
T_89 ;
    %wait E_0x7f98e5cb79f0;
    %load/vec4 v0x7f98e5cb85a0_0;
    %flag_set/vec4 9;
    %flag_get/vec4 9;
    %jmp/0 T_89.2, 9;
    %load/vec4 v0x7f98e5cb8360_0;
    %and;
T_89.2;
    %flag_set/vec4 8;
    %jmp/0xz  T_89.0, 8;
    %load/vec4 v0x7f98e5cb8200_0;
    %parti/s 8, 0, 2;
    %pad/u 10;
    %ix/vec4 4;
    %load/vec4a v0x7f98e5cb8ca0, 4;
    %load/vec4 v0x7f98e5cb8640_0;
    %inv;
    %and;
    %assign/vec4 v0x7f98e5cb84f0_0, 0;
T_89.0 ;
    %jmp T_89;
    .thread T_89;
    .scope S_0x7f98e5cb96f0;
T_90 ;
    %pushi/vec4 0, 0, 32;
    %store/vec4 v0x7f98e5cbc210_0, 0, 32;
T_90.0 ; Top of for-loop 
    %load/vec4 v0x7f98e5cbc210_0;
    %cmpi/s 16, 0, 32;
    %jmp/0xz T_90.1, 5;
    %pushi/vec4 0, 0, 256;
    %load/vec4 v0x7f98e5cbc210_0;
    %muli 16, 0, 32;
    %part/s 16;
    %pushi/vec4 0, 0, 32;
    %load/vec4 v0x7f98e5cbc210_0;
    %add;
    %ix/vec4/s 4;
    %store/vec4a v0x7f98e5cbc2c0, 4, 0;
    %pushi/vec4 0, 0, 256;
    %load/vec4 v0x7f98e5cbc210_0;
    %muli 16, 0, 32;
    %part/s 16;
    %pushi/vec4 16, 0, 32;
    %load/vec4 v0x7f98e5cbc210_0;
    %add;
    %ix/vec4/s 4;
    %store/vec4a v0x7f98e5cbc2c0, 4, 0;
    %pushi/vec4 0, 0, 256;
    %load/vec4 v0x7f98e5cbc210_0;
    %muli 16, 0, 32;
    %part/s 16;
    %pushi/vec4 32, 0, 32;
    %load/vec4 v0x7f98e5cbc210_0;
    %add;
    %ix/vec4/s 4;
    %store/vec4a v0x7f98e5cbc2c0, 4, 0;
    %pushi/vec4 0, 0, 256;
    %load/vec4 v0x7f98e5cbc210_0;
    %muli 16, 0, 32;
    %part/s 16;
    %pushi/vec4 48, 0, 32;
    %load/vec4 v0x7f98e5cbc210_0;
    %add;
    %ix/vec4/s 4;
    %store/vec4a v0x7f98e5cbc2c0, 4, 0;
    %pushi/vec4 0, 0, 256;
    %load/vec4 v0x7f98e5cbc210_0;
    %muli 16, 0, 32;
    %part/s 16;
    %pushi/vec4 64, 0, 32;
    %load/vec4 v0x7f98e5cbc210_0;
    %add;
    %ix/vec4/s 4;
    %store/vec4a v0x7f98e5cbc2c0, 4, 0;
    %pushi/vec4 0, 0, 256;
    %load/vec4 v0x7f98e5cbc210_0;
    %muli 16, 0, 32;
    %part/s 16;
    %pushi/vec4 80, 0, 32;
    %load/vec4 v0x7f98e5cbc210_0;
    %add;
    %ix/vec4/s 4;
    %store/vec4a v0x7f98e5cbc2c0, 4, 0;
    %pushi/vec4 0, 0, 256;
    %load/vec4 v0x7f98e5cbc210_0;
    %muli 16, 0, 32;
    %part/s 16;
    %pushi/vec4 96, 0, 32;
    %load/vec4 v0x7f98e5cbc210_0;
    %add;
    %ix/vec4/s 4;
    %store/vec4a v0x7f98e5cbc2c0, 4, 0;
    %pushi/vec4 0, 0, 256;
    %load/vec4 v0x7f98e5cbc210_0;
    %muli 16, 0, 32;
    %part/s 16;
    %pushi/vec4 112, 0, 32;
    %load/vec4 v0x7f98e5cbc210_0;
    %add;
    %ix/vec4/s 4;
    %store/vec4a v0x7f98e5cbc2c0, 4, 0;
    %pushi/vec4 0, 0, 256;
    %load/vec4 v0x7f98e5cbc210_0;
    %muli 16, 0, 32;
    %part/s 16;
    %pushi/vec4 128, 0, 32;
    %load/vec4 v0x7f98e5cbc210_0;
    %add;
    %ix/vec4/s 4;
    %store/vec4a v0x7f98e5cbc2c0, 4, 0;
    %pushi/vec4 0, 0, 256;
    %load/vec4 v0x7f98e5cbc210_0;
    %muli 16, 0, 32;
    %part/s 16;
    %pushi/vec4 144, 0, 32;
    %load/vec4 v0x7f98e5cbc210_0;
    %add;
    %ix/vec4/s 4;
    %store/vec4a v0x7f98e5cbc2c0, 4, 0;
    %pushi/vec4 0, 0, 256;
    %load/vec4 v0x7f98e5cbc210_0;
    %muli 16, 0, 32;
    %part/s 16;
    %pushi/vec4 160, 0, 32;
    %load/vec4 v0x7f98e5cbc210_0;
    %add;
    %ix/vec4/s 4;
    %store/vec4a v0x7f98e5cbc2c0, 4, 0;
    %pushi/vec4 0, 0, 256;
    %load/vec4 v0x7f98e5cbc210_0;
    %muli 16, 0, 32;
    %part/s 16;
    %pushi/vec4 176, 0, 32;
    %load/vec4 v0x7f98e5cbc210_0;
    %add;
    %ix/vec4/s 4;
    %store/vec4a v0x7f98e5cbc2c0, 4, 0;
    %pushi/vec4 0, 0, 256;
    %load/vec4 v0x7f98e5cbc210_0;
    %muli 16, 0, 32;
    %part/s 16;
    %pushi/vec4 192, 0, 32;
    %load/vec4 v0x7f98e5cbc210_0;
    %add;
    %ix/vec4/s 4;
    %store/vec4a v0x7f98e5cbc2c0, 4, 0;
    %pushi/vec4 0, 0, 256;
    %load/vec4 v0x7f98e5cbc210_0;
    %muli 16, 0, 32;
    %part/s 16;
    %pushi/vec4 208, 0, 32;
    %load/vec4 v0x7f98e5cbc210_0;
    %add;
    %ix/vec4/s 4;
    %store/vec4a v0x7f98e5cbc2c0, 4, 0;
    %pushi/vec4 0, 0, 256;
    %load/vec4 v0x7f98e5cbc210_0;
    %muli 16, 0, 32;
    %part/s 16;
    %pushi/vec4 224, 0, 32;
    %load/vec4 v0x7f98e5cbc210_0;
    %add;
    %ix/vec4/s 4;
    %store/vec4a v0x7f98e5cbc2c0, 4, 0;
    %pushi/vec4 0, 0, 256;
    %load/vec4 v0x7f98e5cbc210_0;
    %muli 16, 0, 32;
    %part/s 16;
    %pushi/vec4 240, 0, 32;
    %load/vec4 v0x7f98e5cbc210_0;
    %add;
    %ix/vec4/s 4;
    %store/vec4a v0x7f98e5cbc2c0, 4, 0;
T_90.2 ; for-loop step statement
    %load/vec4 v0x7f98e5cbc210_0;
    %addi 1, 0, 32;
    %store/vec4 v0x7f98e5cbc210_0, 0, 32;
    %jmp T_90.0;
T_90.1 ; for-loop exit label
    %end;
    .thread T_90;
    .scope S_0x7f98e5cb96f0;
T_91 ;
    %wait E_0x7f98e5cbb070;
    %load/vec4 v0x7f98e5cbc0c0_0;
    %flag_set/vec4 9;
    %flag_get/vec4 9;
    %jmp/0 T_91.2, 9;
    %load/vec4 v0x7f98e5cbbec0_0;
    %and;
T_91.2;
    %flag_set/vec4 8;
    %jmp/0xz  T_91.0, 8;
    %load/vec4 v0x7f98e5cbc160_0;
    %parti/s 1, 0, 2;
    %nor/r;
    %flag_set/vec4 8;
    %jmp/0xz  T_91.3, 8;
    %load/vec4 v0x7f98e5cbc010_0;
    %parti/s 1, 0, 2;
    %load/vec4 v0x7f98e5cbbd10_0;
    %parti/s 8, 0, 2;
    %pad/u 10;
    %ix/vec4 3;
    %ix/load 4, 0, 0; Constant delay
    %assign/vec4/a/d v0x7f98e5cbc2c0, 0, 4;
T_91.3 ;
    %load/vec4 v0x7f98e5cbc160_0;
    %parti/s 1, 1, 2;
    %nor/r;
    %flag_set/vec4 8;
    %jmp/0xz  T_91.5, 8;
    %load/vec4 v0x7f98e5cbc010_0;
    %parti/s 1, 1, 2;
    %load/vec4 v0x7f98e5cbbd10_0;
    %parti/s 8, 0, 2;
    %pad/u 10;
    %ix/vec4 3;
    %ix/load 4, 1, 0; part off
    %ix/load 5, 0, 0; Constant delay
    %assign/vec4/a/d v0x7f98e5cbc2c0, 4, 5;
T_91.5 ;
    %load/vec4 v0x7f98e5cbc160_0;
    %parti/s 1, 2, 3;
    %nor/r;
    %flag_set/vec4 8;
    %jmp/0xz  T_91.7, 8;
    %load/vec4 v0x7f98e5cbc010_0;
    %parti/s 1, 2, 3;
    %load/vec4 v0x7f98e5cbbd10_0;
    %parti/s 8, 0, 2;
    %pad/u 10;
    %ix/vec4 3;
    %ix/load 4, 2, 0; part off
    %ix/load 5, 0, 0; Constant delay
    %assign/vec4/a/d v0x7f98e5cbc2c0, 4, 5;
T_91.7 ;
    %load/vec4 v0x7f98e5cbc160_0;
    %parti/s 1, 3, 3;
    %nor/r;
    %flag_set/vec4 8;
    %jmp/0xz  T_91.9, 8;
    %load/vec4 v0x7f98e5cbc010_0;
    %parti/s 1, 3, 3;
    %load/vec4 v0x7f98e5cbbd10_0;
    %parti/s 8, 0, 2;
    %pad/u 10;
    %ix/vec4 3;
    %ix/load 4, 3, 0; part off
    %ix/load 5, 0, 0; Constant delay
    %assign/vec4/a/d v0x7f98e5cbc2c0, 4, 5;
T_91.9 ;
    %load/vec4 v0x7f98e5cbc160_0;
    %parti/s 1, 4, 4;
    %nor/r;
    %flag_set/vec4 8;
    %jmp/0xz  T_91.11, 8;
    %load/vec4 v0x7f98e5cbc010_0;
    %parti/s 1, 4, 4;
    %load/vec4 v0x7f98e5cbbd10_0;
    %parti/s 8, 0, 2;
    %pad/u 10;
    %ix/vec4 3;
    %ix/load 4, 4, 0; part off
    %ix/load 5, 0, 0; Constant delay
    %assign/vec4/a/d v0x7f98e5cbc2c0, 4, 5;
T_91.11 ;
    %load/vec4 v0x7f98e5cbc160_0;
    %parti/s 1, 5, 4;
    %nor/r;
    %flag_set/vec4 8;
    %jmp/0xz  T_91.13, 8;
    %load/vec4 v0x7f98e5cbc010_0;
    %parti/s 1, 5, 4;
    %load/vec4 v0x7f98e5cbbd10_0;
    %parti/s 8, 0, 2;
    %pad/u 10;
    %ix/vec4 3;
    %ix/load 4, 5, 0; part off
    %ix/load 5, 0, 0; Constant delay
    %assign/vec4/a/d v0x7f98e5cbc2c0, 4, 5;
T_91.13 ;
    %load/vec4 v0x7f98e5cbc160_0;
    %parti/s 1, 6, 4;
    %nor/r;
    %flag_set/vec4 8;
    %jmp/0xz  T_91.15, 8;
    %load/vec4 v0x7f98e5cbc010_0;
    %parti/s 1, 6, 4;
    %load/vec4 v0x7f98e5cbbd10_0;
    %parti/s 8, 0, 2;
    %pad/u 10;
    %ix/vec4 3;
    %ix/load 4, 6, 0; part off
    %ix/load 5, 0, 0; Constant delay
    %assign/vec4/a/d v0x7f98e5cbc2c0, 4, 5;
T_91.15 ;
    %load/vec4 v0x7f98e5cbc160_0;
    %parti/s 1, 7, 4;
    %nor/r;
    %flag_set/vec4 8;
    %jmp/0xz  T_91.17, 8;
    %load/vec4 v0x7f98e5cbc010_0;
    %parti/s 1, 7, 4;
    %load/vec4 v0x7f98e5cbbd10_0;
    %parti/s 8, 0, 2;
    %pad/u 10;
    %ix/vec4 3;
    %ix/load 4, 7, 0; part off
    %ix/load 5, 0, 0; Constant delay
    %assign/vec4/a/d v0x7f98e5cbc2c0, 4, 5;
T_91.17 ;
    %load/vec4 v0x7f98e5cbc160_0;
    %parti/s 1, 8, 5;
    %nor/r;
    %flag_set/vec4 8;
    %jmp/0xz  T_91.19, 8;
    %load/vec4 v0x7f98e5cbc010_0;
    %parti/s 1, 8, 5;
    %load/vec4 v0x7f98e5cbbd10_0;
    %parti/s 8, 0, 2;
    %pad/u 10;
    %ix/vec4 3;
    %ix/load 4, 8, 0; part off
    %ix/load 5, 0, 0; Constant delay
    %assign/vec4/a/d v0x7f98e5cbc2c0, 4, 5;
T_91.19 ;
    %load/vec4 v0x7f98e5cbc160_0;
    %parti/s 1, 9, 5;
    %nor/r;
    %flag_set/vec4 8;
    %jmp/0xz  T_91.21, 8;
    %load/vec4 v0x7f98e5cbc010_0;
    %parti/s 1, 9, 5;
    %load/vec4 v0x7f98e5cbbd10_0;
    %parti/s 8, 0, 2;
    %pad/u 10;
    %ix/vec4 3;
    %ix/load 4, 9, 0; part off
    %ix/load 5, 0, 0; Constant delay
    %assign/vec4/a/d v0x7f98e5cbc2c0, 4, 5;
T_91.21 ;
    %load/vec4 v0x7f98e5cbc160_0;
    %parti/s 1, 10, 5;
    %nor/r;
    %flag_set/vec4 8;
    %jmp/0xz  T_91.23, 8;
    %load/vec4 v0x7f98e5cbc010_0;
    %parti/s 1, 10, 5;
    %load/vec4 v0x7f98e5cbbd10_0;
    %parti/s 8, 0, 2;
    %pad/u 10;
    %ix/vec4 3;
    %ix/load 4, 10, 0; part off
    %ix/load 5, 0, 0; Constant delay
    %assign/vec4/a/d v0x7f98e5cbc2c0, 4, 5;
T_91.23 ;
    %load/vec4 v0x7f98e5cbc160_0;
    %parti/s 1, 11, 5;
    %nor/r;
    %flag_set/vec4 8;
    %jmp/0xz  T_91.25, 8;
    %load/vec4 v0x7f98e5cbc010_0;
    %parti/s 1, 11, 5;
    %load/vec4 v0x7f98e5cbbd10_0;
    %parti/s 8, 0, 2;
    %pad/u 10;
    %ix/vec4 3;
    %ix/load 4, 11, 0; part off
    %ix/load 5, 0, 0; Constant delay
    %assign/vec4/a/d v0x7f98e5cbc2c0, 4, 5;
T_91.25 ;
    %load/vec4 v0x7f98e5cbc160_0;
    %parti/s 1, 12, 5;
    %nor/r;
    %flag_set/vec4 8;
    %jmp/0xz  T_91.27, 8;
    %load/vec4 v0x7f98e5cbc010_0;
    %parti/s 1, 12, 5;
    %load/vec4 v0x7f98e5cbbd10_0;
    %parti/s 8, 0, 2;
    %pad/u 10;
    %ix/vec4 3;
    %ix/load 4, 12, 0; part off
    %ix/load 5, 0, 0; Constant delay
    %assign/vec4/a/d v0x7f98e5cbc2c0, 4, 5;
T_91.27 ;
    %load/vec4 v0x7f98e5cbc160_0;
    %parti/s 1, 13, 5;
    %nor/r;
    %flag_set/vec4 8;
    %jmp/0xz  T_91.29, 8;
    %load/vec4 v0x7f98e5cbc010_0;
    %parti/s 1, 13, 5;
    %load/vec4 v0x7f98e5cbbd10_0;
    %parti/s 8, 0, 2;
    %pad/u 10;
    %ix/vec4 3;
    %ix/load 4, 13, 0; part off
    %ix/load 5, 0, 0; Constant delay
    %assign/vec4/a/d v0x7f98e5cbc2c0, 4, 5;
T_91.29 ;
    %load/vec4 v0x7f98e5cbc160_0;
    %parti/s 1, 14, 5;
    %nor/r;
    %flag_set/vec4 8;
    %jmp/0xz  T_91.31, 8;
    %load/vec4 v0x7f98e5cbc010_0;
    %parti/s 1, 14, 5;
    %load/vec4 v0x7f98e5cbbd10_0;
    %parti/s 8, 0, 2;
    %pad/u 10;
    %ix/vec4 3;
    %ix/load 4, 14, 0; part off
    %ix/load 5, 0, 0; Constant delay
    %assign/vec4/a/d v0x7f98e5cbc2c0, 4, 5;
T_91.31 ;
    %load/vec4 v0x7f98e5cbc160_0;
    %parti/s 1, 15, 5;
    %nor/r;
    %flag_set/vec4 8;
    %jmp/0xz  T_91.33, 8;
    %load/vec4 v0x7f98e5cbc010_0;
    %parti/s 1, 15, 5;
    %load/vec4 v0x7f98e5cbbd10_0;
    %parti/s 8, 0, 2;
    %pad/u 10;
    %ix/vec4 3;
    %ix/load 4, 15, 0; part off
    %ix/load 5, 0, 0; Constant delay
    %assign/vec4/a/d v0x7f98e5cbc2c0, 4, 5;
T_91.33 ;
T_91.0 ;
    %jmp T_91;
    .thread T_91;
    .scope S_0x7f98e5cb96f0;
T_92 ;
    %wait E_0x7f98e5cbb010;
    %load/vec4 v0x7f98e5cbbbc0_0;
    %flag_set/vec4 9;
    %flag_get/vec4 9;
    %jmp/0 T_92.2, 9;
    %load/vec4 v0x7f98e5cbb980_0;
    %and;
T_92.2;
    %flag_set/vec4 8;
    %jmp/0xz  T_92.0, 8;
    %load/vec4 v0x7f98e5cbb820_0;
    %parti/s 8, 0, 2;
    %pad/u 10;
    %ix/vec4 4;
    %load/vec4a v0x7f98e5cbc2c0, 4;
    %load/vec4 v0x7f98e5cbbc60_0;
    %inv;
    %and;
    %assign/vec4 v0x7f98e5cbbb10_0, 0;
T_92.0 ;
    %jmp T_92;
    .thread T_92;
    .scope S_0x7f98e5fbaa10;
T_93 ;
    %wait E_0x7f98e5cbfe70;
    %pushi/vec4 0, 0, 32;
    %store/vec4 v0x7f98e5cc0620_0, 0, 32;
T_93.0 ; Top of for-loop 
    %load/vec4 v0x7f98e5cc0620_0;
    %cmpi/s 16383, 0, 32;
    %flag_or 5, 4;
    %jmp/0xz T_93.1, 5;
    %pushi/vec4 65535, 65535, 16;
    %ix/getv/s 4, v0x7f98e5cc0620_0;
    %store/vec4a v0x7f98e5cc06d0, 4, 0;
T_93.2 ; for-loop step statement
    %load/vec4 v0x7f98e5cc0620_0;
    %addi 1, 0, 32;
    %store/vec4 v0x7f98e5cc0620_0, 0, 32;
    %jmp T_93.0;
T_93.1 ; for-loop exit label
    %jmp T_93;
    .thread T_93;
    .scope S_0x7f98e5fbaa10;
T_94 ;
    %wait E_0x7f98e5cbfe10;
    %load/vec4 v0x7f98e5cc0770_0;
    %flag_set/vec4 8;
    %jmp/0xz  T_94.0, 8;
    %pushi/vec4 0, 0, 16;
    %assign/vec4 v0x7f98e5cc0140_0, 0;
    %jmp T_94.1;
T_94.0 ;
    %load/vec4 v0x7f98e5cc03e0_0;
    %flag_set/vec4 8;
    %jmp/0xz  T_94.2, 8;
    %pushi/vec4 65535, 65535, 16;
    %assign/vec4 v0x7f98e5cc0140_0, 0;
    %jmp T_94.3;
T_94.2 ;
    %load/vec4 v0x7f98e5cbff80_0;
    %flag_set/vec4 8;
    %jmp/0xz  T_94.4, 8;
    %load/vec4 v0x7f98e5cc04f0_0;
    %nor/r;
    %flag_set/vec4 8;
    %jmp/0xz  T_94.6, 8;
    %load/vec4 v0x7f98e5cbfec0_0;
    %pad/u 16;
    %ix/vec4 4;
    %load/vec4a v0x7f98e5cc06d0, 4;
    %assign/vec4 v0x7f98e5cc0140_0, 0;
    %jmp T_94.7;
T_94.6 ;
    %load/vec4 v0x7f98e5cc01f0_0;
    %parti/s 1, 0, 2;
    %flag_set/vec4 8;
    %jmp/0xz  T_94.8, 8;
    %load/vec4 v0x7f98e5cc00b0_0;
    %parti/s 4, 0, 2;
    %load/vec4 v0x7f98e5cbfec0_0;
    %pad/u 16;
    %ix/vec4 3;
    %ix/load 4, 0, 0; Constant delay
    %assign/vec4/a/d v0x7f98e5cc06d0, 0, 4;
T_94.8 ;
    %load/vec4 v0x7f98e5cc01f0_0;
    %parti/s 1, 1, 2;
    %flag_set/vec4 8;
    %jmp/0xz  T_94.10, 8;
    %load/vec4 v0x7f98e5cc00b0_0;
    %parti/s 4, 4, 4;
    %load/vec4 v0x7f98e5cbfec0_0;
    %pad/u 16;
    %ix/vec4 3;
    %ix/load 4, 4, 0; part off
    %ix/load 5, 0, 0; Constant delay
    %assign/vec4/a/d v0x7f98e5cc06d0, 4, 5;
T_94.10 ;
    %load/vec4 v0x7f98e5cc01f0_0;
    %parti/s 1, 2, 3;
    %flag_set/vec4 8;
    %jmp/0xz  T_94.12, 8;
    %load/vec4 v0x7f98e5cc00b0_0;
    %parti/s 4, 8, 5;
    %load/vec4 v0x7f98e5cbfec0_0;
    %pad/u 16;
    %ix/vec4 3;
    %ix/load 4, 8, 0; part off
    %ix/load 5, 0, 0; Constant delay
    %assign/vec4/a/d v0x7f98e5cc06d0, 4, 5;
T_94.12 ;
    %load/vec4 v0x7f98e5cc01f0_0;
    %parti/s 1, 3, 3;
    %flag_set/vec4 8;
    %jmp/0xz  T_94.14, 8;
    %load/vec4 v0x7f98e5cc00b0_0;
    %parti/s 4, 12, 5;
    %load/vec4 v0x7f98e5cbfec0_0;
    %pad/u 16;
    %ix/vec4 3;
    %ix/load 4, 12, 0; part off
    %ix/load 5, 0, 0; Constant delay
    %assign/vec4/a/d v0x7f98e5cc06d0, 4, 5;
T_94.14 ;
    %pushi/vec4 65535, 65535, 16;
    %assign/vec4 v0x7f98e5cc0140_0, 0;
T_94.7 ;
T_94.4 ;
T_94.3 ;
T_94.1 ;
    %jmp T_94;
    .thread T_94;
# The file index is used to find the file name in the following table.
:file_names 4;
    "N/A";
    "<interactive>";
    "/Users/chimdileeze/.apio/packages/tools-oss-cad-suite/share/yosys/ice40/cells_sim.v";
    "led.v";
