#! /Users/chimdileeze/.apio/packages/tools-oss-cad-suite/bin/vvp
:ivl_version "13.0 (devel)" "(s20221226-321-gd22bb3d25)";
:ivl_delay_selection "TYPICAL";
:vpi_time_precision - 12;
:vpi_module "/Users/chimdileeze/.apio/packages/tools-oss-cad-suite/lib/ivl/system.vpi";
:vpi_module "/Users/chimdileeze/.apio/packages/tools-oss-cad-suite/lib/ivl/vhdl_sys.vpi";
:vpi_module "/Users/chimdileeze/.apio/packages/tools-oss-cad-suite/lib/ivl/vhdl_textio.vpi";
:vpi_module "/Users/chimdileeze/.apio/packages/tools-oss-cad-suite/lib/ivl/v2005_math.vpi";
:vpi_module "/Users/chimdileeze/.apio/packages/tools-oss-cad-suite/lib/ivl/va_math.vpi";
S_0x7f945ee1fd50 .scope module, "ICESTORM_LC" "ICESTORM_LC" 2 2136;
 .timescale -12 -12;
    .port_info 0 /INPUT 1 "I0";
    .port_info 1 /INPUT 1 "I1";
    .port_info 2 /INPUT 1 "I2";
    .port_info 3 /INPUT 1 "I3";
    .port_info 4 /INPUT 1 "CIN";
    .port_info 5 /INPUT 1 "CLK";
    .port_info 6 /INPUT 1 "CEN";
    .port_info 7 /INPUT 1 "SR";
    .port_info 8 /OUTPUT 1 "LO";
    .port_info 9 /OUTPUT 1 "O";
    .port_info 10 /OUTPUT 1 "COUT";
P_0x7f945ee203d0 .param/l "ASYNC_SR" 0 2 2148, C4<0>;
P_0x7f945ee20410 .param/l "CARRY_ENABLE" 0 2 2145, C4<0>;
P_0x7f945ee20450 .param/l "CIN_CONST" 0 2 2150, C4<0>;
P_0x7f945ee20490 .param/l "CIN_SET" 0 2 2151, C4<0>;
P_0x7f945ee204d0 .param/l "DFF_ENABLE" 0 2 2146, C4<0>;
P_0x7f945ee20510 .param/l "LUT_INIT" 0 2 2142, C4<0000000000000000>;
P_0x7f945ee20550 .param/l "NEG_CLK" 0 2 2144, C4<0>;
P_0x7f945ee20590 .param/l "SET_NORESET" 0 2 2147, C4<0>;
o0x7f9460842068 .functor BUFZ 1, C4<z>; HiZ drive
L_0x7f946094f620 .functor BUFZ 1, o0x7f9460842068, C4<0>, C4<0>, C4<0>;
L_0x7f94609501a0 .functor BUFZ 1, L_0x7f946094fe50, C4<0>, C4<0>, C4<0>;
o0x7f9460842098 .functor BUFZ 1, C4<z>; HiZ drive
L_0x7f9460873290 .functor BUFT 1, C4<0>, C4<0>, C4<0>, C4<0>;
L_0x7f9460950250 .functor XOR 1, o0x7f9460842098, L_0x7f9460873290, C4<0>, C4<0>;
L_0x7f9460950300 .functor BUFZ 1, L_0x7f946094fe50, C4<0>, C4<0>, C4<0>;
o0x7f9460842008 .functor BUFZ 1, C4<z>; HiZ drive
v0x7f945ec090e0_0 .net "CEN", 0 0, o0x7f9460842008;  0 drivers
v0x7f945ef71c00_0 .net "CEN_pu", 0 0, L_0x7f946094f500;  1 drivers
v0x7f945ef15b00_0 .net "CIN", 0 0, o0x7f9460842068;  0 drivers
v0x7f945ef06380_0 .net "CLK", 0 0, o0x7f9460842098;  0 drivers
L_0x7f94608731b8 .functor BUFT 1, C4<x>, C4<0>, C4<0>, C4<0>;
v0x7f945ef81ef0_0 .net "COUT", 0 0, L_0x7f94608731b8;  1 drivers
o0x7f94608420f8 .functor BUFZ 1, C4<z>; HiZ drive
v0x7f945ef6b460_0 .net "I0", 0 0, o0x7f94608420f8;  0 drivers
v0x7f945ef68990_0 .net "I0_pd", 0 0, L_0x7f946094e960;  1 drivers
o0x7f9460842158 .functor BUFZ 1, C4<z>; HiZ drive
v0x7f945ef6f1b0_0 .net "I1", 0 0, o0x7f9460842158;  0 drivers
v0x7f945ef10440_0 .net "I1_pd", 0 0, L_0x7f946094eba0;  1 drivers
o0x7f94608421b8 .functor BUFZ 1, C4<z>; HiZ drive
v0x7f945efcf3b0_0 .net "I2", 0 0, o0x7f94608421b8;  0 drivers
v0x7f945efce650_0 .net "I2_pd", 0 0, L_0x7f946094edf0;  1 drivers
o0x7f9460842218 .functor BUFZ 1, C4<z>; HiZ drive
v0x7f945efcd8f0_0 .net "I3", 0 0, o0x7f9460842218;  0 drivers
v0x7f945efccb90_0 .net "I3_pd", 0 0, L_0x7f946094f050;  1 drivers
v0x7f945efcbe30_0 .net "LO", 0 0, L_0x7f94609501a0;  1 drivers
v0x7f945efcb0d0_0 .net "O", 0 0, L_0x7f9460950300;  1 drivers
o0x7f94608422d8 .functor BUFZ 1, C4<z>; HiZ drive
v0x7f945ef6e2f0_0 .net "SR", 0 0, o0x7f94608422d8;  0 drivers
v0x7f945ef74350_0 .net "SR_pd", 0 0, L_0x7f946094f2a0;  1 drivers
o0x7f9460842338 .functor BUFZ 1, C4<z>; HiZ drive
; Elide local net with no drivers, v0x7f945ef712b0_0 name=_ivl_0
v0x7f945eff5c10_0 .net *"_ivl_10", 0 0, L_0x7f946094eae0;  1 drivers
L_0x7f9460873050 .functor BUFT 1, C4<0>, C4<0>, C4<0>, C4<0>;
v0x7f945effae10_0 .net/2u *"_ivl_12", 0 0, L_0x7f9460873050;  1 drivers
o0x7f94608423c8 .functor BUFZ 1, C4<z>; HiZ drive
; Elide local net with no drivers, v0x7f945eff5ad0_0 name=_ivl_16
v0x7f945effcc60_0 .net *"_ivl_18", 0 0, L_0x7f946094ed20;  1 drivers
v0x7f945effccf0_0 .net *"_ivl_2", 0 0, L_0x7f946094e880;  1 drivers
L_0x7f9460873098 .functor BUFT 1, C4<0>, C4<0>, C4<0>, C4<0>;
v0x7f945eff7ee0_0 .net/2u *"_ivl_20", 0 0, L_0x7f9460873098;  1 drivers
o0x7f9460842488 .functor BUFZ 1, C4<z>; HiZ drive
; Elide local net with no drivers, v0x7f945eff7f70_0 name=_ivl_24
v0x7f945ef7a7e0_0 .net *"_ivl_26", 0 0, L_0x7f946094ef70;  1 drivers
L_0x7f94608730e0 .functor BUFT 1, C4<0>, C4<0>, C4<0>, C4<0>;
v0x7f945ef7a870_0 .net/2u *"_ivl_28", 0 0, L_0x7f94608730e0;  1 drivers
o0x7f9460842518 .functor BUFZ 1, C4<z>; HiZ drive
; Elide local net with no drivers, v0x7f9460929d40_0 name=_ivl_32
v0x7f9460929dd0_0 .net *"_ivl_34", 0 0, L_0x7f946094f1b0;  1 drivers
L_0x7f9460873128 .functor BUFT 1, C4<0>, C4<0>, C4<0>, C4<0>;
v0x7f946091de50_0 .net/2u *"_ivl_36", 0 0, L_0x7f9460873128;  1 drivers
L_0x7f9460873008 .functor BUFT 1, C4<0>, C4<0>, C4<0>, C4<0>;
v0x7f946091dee0_0 .net/2u *"_ivl_4", 0 0, L_0x7f9460873008;  1 drivers
o0x7f94608425d8 .functor BUFZ 1, C4<z>; HiZ drive
; Elide local net with no drivers, v0x7f946091dbd0_0 name=_ivl_40
v0x7f946091dc60_0 .net *"_ivl_42", 0 0, L_0x7f946094f400;  1 drivers
L_0x7f9460873170 .functor BUFT 1, C4<1>, C4<0>, C4<0>, C4<0>;
v0x7f945effaf50_0 .net/2u *"_ivl_44", 0 0, L_0x7f9460873170;  1 drivers
L_0x7f9460873200 .functor BUFT 1, C4<00000000>, C4<0>, C4<0>, C4<0>;
v0x7f945ef76080_0 .net/2u *"_ivl_52", 7 0, L_0x7f9460873200;  1 drivers
L_0x7f9460873248 .functor BUFT 1, C4<00000000>, C4<0>, C4<0>, C4<0>;
v0x7f945ef76110_0 .net/2u *"_ivl_54", 7 0, L_0x7f9460873248;  1 drivers
v0x7f946091d770_0 .net *"_ivl_59", 3 0, L_0x7f946094f8c0;  1 drivers
v0x7f946091d800_0 .net *"_ivl_61", 3 0, L_0x7f946094f9a0;  1 drivers
v0x7f946091d400_0 .net *"_ivl_65", 1 0, L_0x7f946094fbe0;  1 drivers
v0x7f946091d490_0 .net *"_ivl_67", 1 0, L_0x7f946094fd10;  1 drivers
v0x7f94609115b0_0 .net *"_ivl_71", 0 0, L_0x7f946094fef0;  1 drivers
v0x7f9460911640_0 .net *"_ivl_73", 0 0, L_0x7f946094ff90;  1 drivers
v0x7f9460911350_0 .net/2u *"_ivl_78", 0 0, L_0x7f9460873290;  1 drivers
o0x7f9460842818 .functor BUFZ 1, C4<z>; HiZ drive
; Elide local net with no drivers, v0x7f94609113e0_0 name=_ivl_8
v0x7f9460910e50_0 .net "lut_o", 0 0, L_0x7f946094fe50;  1 drivers
v0x7f9460910ee0_0 .net "lut_s1", 1 0, L_0x7f946094fdb0;  1 drivers
v0x7f9460904f90_0 .net "lut_s2", 3 0, L_0x7f946094fac0;  1 drivers
v0x7f9460905020_0 .net "lut_s3", 7 0, L_0x7f946094f730;  1 drivers
v0x7f945efedb30_0 .net "mux_cin", 0 0, L_0x7f946094f620;  1 drivers
v0x7f945efedbc0_0 .var "o_reg", 0 0;
v0x7f945effc8b0_0 .var "o_reg_async", 0 0;
v0x7f945effc940_0 .net "polarized_clk", 0 0, L_0x7f9460950250;  1 drivers
E_0x7f945ec05ca0 .event posedge, v0x7f945ef74350_0, v0x7f945effc940_0;
E_0x7f945ec127a0 .event posedge, v0x7f945effc940_0;
L_0x7f946094e880 .cmp/eeq 1, o0x7f94608420f8, o0x7f9460842338;
L_0x7f946094e960 .functor MUXZ 1, o0x7f94608420f8, L_0x7f9460873008, L_0x7f946094e880, C4<>;
L_0x7f946094eae0 .cmp/eeq 1, o0x7f9460842158, o0x7f9460842818;
L_0x7f946094eba0 .functor MUXZ 1, o0x7f9460842158, L_0x7f9460873050, L_0x7f946094eae0, C4<>;
L_0x7f946094ed20 .cmp/eeq 1, o0x7f94608421b8, o0x7f94608423c8;
L_0x7f946094edf0 .functor MUXZ 1, o0x7f94608421b8, L_0x7f9460873098, L_0x7f946094ed20, C4<>;
L_0x7f946094ef70 .cmp/eeq 1, o0x7f9460842218, o0x7f9460842488;
L_0x7f946094f050 .functor MUXZ 1, o0x7f9460842218, L_0x7f94608730e0, L_0x7f946094ef70, C4<>;
L_0x7f946094f1b0 .cmp/eeq 1, o0x7f94608422d8, o0x7f9460842518;
L_0x7f946094f2a0 .functor MUXZ 1, o0x7f94608422d8, L_0x7f9460873128, L_0x7f946094f1b0, C4<>;
L_0x7f946094f400 .cmp/eeq 1, o0x7f9460842008, o0x7f94608425d8;
L_0x7f946094f500 .functor MUXZ 1, o0x7f9460842008, L_0x7f9460873170, L_0x7f946094f400, C4<>;
L_0x7f946094f730 .functor MUXZ 8, L_0x7f9460873248, L_0x7f9460873200, L_0x7f946094f050, C4<>;
L_0x7f946094f8c0 .part L_0x7f946094f730, 4, 4;
L_0x7f946094f9a0 .part L_0x7f946094f730, 0, 4;
L_0x7f946094fac0 .functor MUXZ 4, L_0x7f946094f9a0, L_0x7f946094f8c0, L_0x7f946094edf0, C4<>;
L_0x7f946094fbe0 .part L_0x7f946094fac0, 2, 2;
L_0x7f946094fd10 .part L_0x7f946094fac0, 0, 2;
L_0x7f946094fdb0 .functor MUXZ 2, L_0x7f946094fd10, L_0x7f946094fbe0, L_0x7f946094eba0, C4<>;
L_0x7f946094fef0 .part L_0x7f946094fdb0, 1, 1;
L_0x7f946094ff90 .part L_0x7f946094fdb0, 0, 1;
L_0x7f946094fe50 .functor MUXZ 1, L_0x7f946094ff90, L_0x7f946094fef0, L_0x7f946094e960, C4<>;
S_0x7f945ee19930 .scope module, "ICESTORM_RAM" "ICESTORM_RAM" 2 3167;
 .timescale -12 -12;
    .port_info 0 /OUTPUT 1 "RDATA_15";
    .port_info 1 /OUTPUT 1 "RDATA_14";
    .port_info 2 /OUTPUT 1 "RDATA_13";
    .port_info 3 /OUTPUT 1 "RDATA_12";
    .port_info 4 /OUTPUT 1 "RDATA_11";
    .port_info 5 /OUTPUT 1 "RDATA_10";
    .port_info 6 /OUTPUT 1 "RDATA_9";
    .port_info 7 /OUTPUT 1 "RDATA_8";
    .port_info 8 /OUTPUT 1 "RDATA_7";
    .port_info 9 /OUTPUT 1 "RDATA_6";
    .port_info 10 /OUTPUT 1 "RDATA_5";
    .port_info 11 /OUTPUT 1 "RDATA_4";
    .port_info 12 /OUTPUT 1 "RDATA_3";
    .port_info 13 /OUTPUT 1 "RDATA_2";
    .port_info 14 /OUTPUT 1 "RDATA_1";
    .port_info 15 /OUTPUT 1 "RDATA_0";
    .port_info 16 /INPUT 1 "RCLK";
    .port_info 17 /INPUT 1 "RCLKE";
    .port_info 18 /INPUT 1 "RE";
    .port_info 19 /INPUT 1 "RADDR_10";
    .port_info 20 /INPUT 1 "RADDR_9";
    .port_info 21 /INPUT 1 "RADDR_8";
    .port_info 22 /INPUT 1 "RADDR_7";
    .port_info 23 /INPUT 1 "RADDR_6";
    .port_info 24 /INPUT 1 "RADDR_5";
    .port_info 25 /INPUT 1 "RADDR_4";
    .port_info 26 /INPUT 1 "RADDR_3";
    .port_info 27 /INPUT 1 "RADDR_2";
    .port_info 28 /INPUT 1 "RADDR_1";
    .port_info 29 /INPUT 1 "RADDR_0";
    .port_info 30 /INPUT 1 "WCLK";
    .port_info 31 /INPUT 1 "WCLKE";
    .port_info 32 /INPUT 1 "WE";
    .port_info 33 /INPUT 1 "WADDR_10";
    .port_info 34 /INPUT 1 "WADDR_9";
    .port_info 35 /INPUT 1 "WADDR_8";
    .port_info 36 /INPUT 1 "WADDR_7";
    .port_info 37 /INPUT 1 "WADDR_6";
    .port_info 38 /INPUT 1 "WADDR_5";
    .port_info 39 /INPUT 1 "WADDR_4";
    .port_info 40 /INPUT 1 "WADDR_3";
    .port_info 41 /INPUT 1 "WADDR_2";
    .port_info 42 /INPUT 1 "WADDR_1";
    .port_info 43 /INPUT 1 "WADDR_0";
    .port_info 44 /INPUT 1 "MASK_15";
    .port_info 45 /INPUT 1 "MASK_14";
    .port_info 46 /INPUT 1 "MASK_13";
    .port_info 47 /INPUT 1 "MASK_12";
    .port_info 48 /INPUT 1 "MASK_11";
    .port_info 49 /INPUT 1 "MASK_10";
    .port_info 50 /INPUT 1 "MASK_9";
    .port_info 51 /INPUT 1 "MASK_8";
    .port_info 52 /INPUT 1 "MASK_7";
    .port_info 53 /INPUT 1 "MASK_6";
    .port_info 54 /INPUT 1 "MASK_5";
    .port_info 55 /INPUT 1 "MASK_4";
    .port_info 56 /INPUT 1 "MASK_3";
    .port_info 57 /INPUT 1 "MASK_2";
    .port_info 58 /INPUT 1 "MASK_1";
    .port_info 59 /INPUT 1 "MASK_0";
    .port_info 60 /INPUT 1 "WDATA_15";
    .port_info 61 /INPUT 1 "WDATA_14";
    .port_info 62 /INPUT 1 "WDATA_13";
    .port_info 63 /INPUT 1 "WDATA_12";
    .port_info 64 /INPUT 1 "WDATA_11";
    .port_info 65 /INPUT 1 "WDATA_10";
    .port_info 66 /INPUT 1 "WDATA_9";
    .port_info 67 /INPUT 1 "WDATA_8";
    .port_info 68 /INPUT 1 "WDATA_7";
    .port_info 69 /INPUT 1 "WDATA_6";
    .port_info 70 /INPUT 1 "WDATA_5";
    .port_info 71 /INPUT 1 "WDATA_4";
    .port_info 72 /INPUT 1 "WDATA_3";
    .port_info 73 /INPUT 1 "WDATA_2";
    .port_info 74 /INPUT 1 "WDATA_1";
    .port_info 75 /INPUT 1 "WDATA_0";
P_0x7f946000d200 .param/l "INIT_0" 0 2 3182, C4<0000000000000000000000000000000000000000000000000000000000000000000000000000000000000000000000000000000000000000000000000000000000000000000000000000000000000000000000000000000000000000000000000000000000000000000000000000000000000000000000000000000000000000>;
P_0x7f946000d240 .param/l "INIT_1" 0 2 3183, C4<0000000000000000000000000000000000000000000000000000000000000000000000000000000000000000000000000000000000000000000000000000000000000000000000000000000000000000000000000000000000000000000000000000000000000000000000000000000000000000000000000000000000000000>;
P_0x7f946000d280 .param/l "INIT_2" 0 2 3184, C4<0000000000000000000000000000000000000000000000000000000000000000000000000000000000000000000000000000000000000000000000000000000000000000000000000000000000000000000000000000000000000000000000000000000000000000000000000000000000000000000000000000000000000000>;
P_0x7f946000d2c0 .param/l "INIT_3" 0 2 3185, C4<0000000000000000000000000000000000000000000000000000000000000000000000000000000000000000000000000000000000000000000000000000000000000000000000000000000000000000000000000000000000000000000000000000000000000000000000000000000000000000000000000000000000000000>;
P_0x7f946000d300 .param/l "INIT_4" 0 2 3186, C4<0000000000000000000000000000000000000000000000000000000000000000000000000000000000000000000000000000000000000000000000000000000000000000000000000000000000000000000000000000000000000000000000000000000000000000000000000000000000000000000000000000000000000000>;
P_0x7f946000d340 .param/l "INIT_5" 0 2 3187, C4<0000000000000000000000000000000000000000000000000000000000000000000000000000000000000000000000000000000000000000000000000000000000000000000000000000000000000000000000000000000000000000000000000000000000000000000000000000000000000000000000000000000000000000>;
P_0x7f946000d380 .param/l "INIT_6" 0 2 3188, C4<0000000000000000000000000000000000000000000000000000000000000000000000000000000000000000000000000000000000000000000000000000000000000000000000000000000000000000000000000000000000000000000000000000000000000000000000000000000000000000000000000000000000000000>;
P_0x7f946000d3c0 .param/l "INIT_7" 0 2 3189, C4<0000000000000000000000000000000000000000000000000000000000000000000000000000000000000000000000000000000000000000000000000000000000000000000000000000000000000000000000000000000000000000000000000000000000000000000000000000000000000000000000000000000000000000>;
P_0x7f946000d400 .param/l "INIT_8" 0 2 3190, C4<0000000000000000000000000000000000000000000000000000000000000000000000000000000000000000000000000000000000000000000000000000000000000000000000000000000000000000000000000000000000000000000000000000000000000000000000000000000000000000000000000000000000000000>;
P_0x7f946000d440 .param/l "INIT_9" 0 2 3191, C4<0000000000000000000000000000000000000000000000000000000000000000000000000000000000000000000000000000000000000000000000000000000000000000000000000000000000000000000000000000000000000000000000000000000000000000000000000000000000000000000000000000000000000000>;
P_0x7f946000d480 .param/l "INIT_A" 0 2 3192, C4<0000000000000000000000000000000000000000000000000000000000000000000000000000000000000000000000000000000000000000000000000000000000000000000000000000000000000000000000000000000000000000000000000000000000000000000000000000000000000000000000000000000000000000>;
P_0x7f946000d4c0 .param/l "INIT_B" 0 2 3193, C4<0000000000000000000000000000000000000000000000000000000000000000000000000000000000000000000000000000000000000000000000000000000000000000000000000000000000000000000000000000000000000000000000000000000000000000000000000000000000000000000000000000000000000000>;
P_0x7f946000d500 .param/l "INIT_C" 0 2 3194, C4<0000000000000000000000000000000000000000000000000000000000000000000000000000000000000000000000000000000000000000000000000000000000000000000000000000000000000000000000000000000000000000000000000000000000000000000000000000000000000000000000000000000000000000>;
P_0x7f946000d540 .param/l "INIT_D" 0 2 3195, C4<0000000000000000000000000000000000000000000000000000000000000000000000000000000000000000000000000000000000000000000000000000000000000000000000000000000000000000000000000000000000000000000000000000000000000000000000000000000000000000000000000000000000000000>;
P_0x7f946000d580 .param/l "INIT_E" 0 2 3196, C4<0000000000000000000000000000000000000000000000000000000000000000000000000000000000000000000000000000000000000000000000000000000000000000000000000000000000000000000000000000000000000000000000000000000000000000000000000000000000000000000000000000000000000000>;
P_0x7f946000d5c0 .param/l "INIT_F" 0 2 3197, C4<0000000000000000000000000000000000000000000000000000000000000000000000000000000000000000000000000000000000000000000000000000000000000000000000000000000000000000000000000000000000000000000000000000000000000000000000000000000000000000000000000000000000000000>;
P_0x7f946000d600 .param/l "NEG_CLK_R" 0 2 3179, C4<0>;
P_0x7f946000d640 .param/l "NEG_CLK_W" 0 2 3180, C4<0>;
P_0x7f946000d680 .param/l "READ_MODE" 0 2 3177, +C4<00000000000000000000000000000000>;
P_0x7f946000d6c0 .param/l "WRITE_MODE" 0 2 3176, +C4<00000000000000000000000000000000>;
L_0x7f9460873320 .functor BUFT 1, C4<0>, C4<0>, C4<0>, C4<0>;
L_0x7f9460950ba0 .functor XOR 1, L_0x7f94609514c0, L_0x7f9460873320, C4<0>, C4<0>;
L_0x7f9460873368 .functor BUFT 1, C4<0>, C4<0>, C4<0>, C4<0>;
L_0x7f9460952040 .functor XOR 1, L_0x7f94609525d0, L_0x7f9460873368, C4<0>, C4<0>;
o0x7f94608431a8 .functor BUFZ 1, C4<z>; HiZ drive
v0x7f946091e2a0_0 .net "MASK_0", 0 0, o0x7f94608431a8;  0 drivers
o0x7f94608431d8 .functor BUFZ 1, C4<z>; HiZ drive
v0x7f9460911cc0_0 .net "MASK_1", 0 0, o0x7f94608431d8;  0 drivers
o0x7f9460843208 .functor BUFZ 1, C4<z>; HiZ drive
v0x7f9460911d50_0 .net "MASK_10", 0 0, o0x7f9460843208;  0 drivers
o0x7f9460843238 .functor BUFZ 1, C4<z>; HiZ drive
v0x7f9460911970_0 .net "MASK_11", 0 0, o0x7f9460843238;  0 drivers
o0x7f9460843268 .functor BUFZ 1, C4<z>; HiZ drive
v0x7f9460911a00_0 .net "MASK_12", 0 0, o0x7f9460843268;  0 drivers
o0x7f9460843298 .functor BUFZ 1, C4<z>; HiZ drive
v0x7f9460904ce0_0 .net "MASK_13", 0 0, o0x7f9460843298;  0 drivers
o0x7f94608432c8 .functor BUFZ 1, C4<z>; HiZ drive
v0x7f9460904d70_0 .net "MASK_14", 0 0, o0x7f94608432c8;  0 drivers
o0x7f94608432f8 .functor BUFZ 1, C4<z>; HiZ drive
v0x7f945efe7180_0 .net "MASK_15", 0 0, o0x7f94608432f8;  0 drivers
o0x7f9460843328 .functor BUFZ 1, C4<z>; HiZ drive
v0x7f945efe7210_0 .net "MASK_2", 0 0, o0x7f9460843328;  0 drivers
o0x7f9460843358 .functor BUFZ 1, C4<z>; HiZ drive
v0x7f945efe6e40_0 .net "MASK_3", 0 0, o0x7f9460843358;  0 drivers
o0x7f9460843388 .functor BUFZ 1, C4<z>; HiZ drive
v0x7f945efe6ed0_0 .net "MASK_4", 0 0, o0x7f9460843388;  0 drivers
o0x7f94608433b8 .functor BUFZ 1, C4<z>; HiZ drive
v0x7f945efe6b00_0 .net "MASK_5", 0 0, o0x7f94608433b8;  0 drivers
o0x7f94608433e8 .functor BUFZ 1, C4<z>; HiZ drive
v0x7f945efe6b90_0 .net "MASK_6", 0 0, o0x7f94608433e8;  0 drivers
o0x7f9460843418 .functor BUFZ 1, C4<z>; HiZ drive
v0x7f945eff31a0_0 .net "MASK_7", 0 0, o0x7f9460843418;  0 drivers
o0x7f9460843448 .functor BUFZ 1, C4<z>; HiZ drive
v0x7f945eff3230_0 .net "MASK_8", 0 0, o0x7f9460843448;  0 drivers
o0x7f9460843478 .functor BUFZ 1, C4<z>; HiZ drive
v0x7f945eff2da0_0 .net "MASK_9", 0 0, o0x7f9460843478;  0 drivers
o0x7f94608434a8 .functor BUFZ 1, C4<z>; HiZ drive
v0x7f945eff2e30_0 .net "RADDR_0", 0 0, o0x7f94608434a8;  0 drivers
o0x7f94608434d8 .functor BUFZ 1, C4<z>; HiZ drive
v0x7f945efe75c0_0 .net "RADDR_1", 0 0, o0x7f94608434d8;  0 drivers
o0x7f9460843508 .functor BUFZ 1, C4<z>; HiZ drive
v0x7f945efdbb50_0 .net "RADDR_10", 0 0, o0x7f9460843508;  0 drivers
o0x7f9460843538 .functor BUFZ 1, C4<z>; HiZ drive
v0x7f945efdbbe0_0 .net "RADDR_2", 0 0, o0x7f9460843538;  0 drivers
o0x7f9460843568 .functor BUFZ 1, C4<z>; HiZ drive
v0x7f945efd9650_0 .net "RADDR_3", 0 0, o0x7f9460843568;  0 drivers
o0x7f9460843598 .functor BUFZ 1, C4<z>; HiZ drive
v0x7f945efd96e0_0 .net "RADDR_4", 0 0, o0x7f9460843598;  0 drivers
o0x7f94608435c8 .functor BUFZ 1, C4<z>; HiZ drive
v0x7f945efcff50_0 .net "RADDR_5", 0 0, o0x7f94608435c8;  0 drivers
o0x7f94608435f8 .functor BUFZ 1, C4<z>; HiZ drive
v0x7f945efcffe0_0 .net "RADDR_6", 0 0, o0x7f94608435f8;  0 drivers
o0x7f9460843628 .functor BUFZ 1, C4<z>; HiZ drive
v0x7f945efed3b0_0 .net "RADDR_7", 0 0, o0x7f9460843628;  0 drivers
o0x7f9460843658 .functor BUFZ 1, C4<z>; HiZ drive
v0x7f945efed440_0 .net "RADDR_8", 0 0, o0x7f9460843658;  0 drivers
o0x7f9460843688 .functor BUFZ 1, C4<z>; HiZ drive
v0x7f945efecd70_0 .net "RADDR_9", 0 0, o0x7f9460843688;  0 drivers
o0x7f94608436b8 .functor BUFZ 1, C4<z>; HiZ drive
v0x7f945efece00_0 .net "RCLK", 0 0, o0x7f94608436b8;  0 drivers
o0x7f94608436e8 .functor BUFZ 1, C4<z>; HiZ drive
v0x7f945efec370_0 .net "RCLKE", 0 0, o0x7f94608436e8;  0 drivers
v0x7f945efec400_0 .net "RDATA_0", 0 0, L_0x7f9460951420;  1 drivers
v0x7f945efeb5a0_0 .net "RDATA_1", 0 0, L_0x7f9460951180;  1 drivers
v0x7f945efeb630_0 .net "RDATA_10", 0 0, L_0x7f94609509b0;  1 drivers
v0x7f945eff8570_0 .net "RDATA_11", 0 0, L_0x7f94609508e0;  1 drivers
v0x7f945efe74c0_0 .net "RDATA_12", 0 0, L_0x7f9460950840;  1 drivers
v0x7f945eff8600_0 .net "RDATA_13", 0 0, L_0x7f9460950700;  1 drivers
v0x7f945ef54620_0 .net "RDATA_14", 0 0, L_0x7f9460950660;  1 drivers
v0x7f945ef546b0_0 .net "RDATA_15", 0 0, L_0x7f9460950560;  1 drivers
v0x7f945efe1eb0_0 .net "RDATA_2", 0 0, L_0x7f94609510e0;  1 drivers
v0x7f945efe1f40_0 .net "RDATA_3", 0 0, L_0x7f9460950fd0;  1 drivers
v0x7f945efdf150_0 .net "RDATA_4", 0 0, L_0x7f9460950f30;  1 drivers
v0x7f945efdf1e0_0 .net "RDATA_5", 0 0, L_0x7f9460950e30;  1 drivers
v0x7f945efd9980_0 .net "RDATA_6", 0 0, L_0x7f9460950d90;  1 drivers
v0x7f945efd9a10_0 .net "RDATA_7", 0 0, L_0x7f9460950cf0;  1 drivers
v0x7f945efdc220_0 .net "RDATA_8", 0 0, L_0x7f9460950c50;  1 drivers
v0x7f945efdc2b0_0 .net "RDATA_9", 0 0, L_0x7f9460950a50;  1 drivers
o0x7f9460843a18 .functor BUFZ 1, C4<z>; HiZ drive
v0x7f945efdbeb0_0 .net "RE", 0 0, o0x7f9460843a18;  0 drivers
o0x7f9460843a48 .functor BUFZ 1, C4<z>; HiZ drive
v0x7f945efdbf40_0 .net "WADDR_0", 0 0, o0x7f9460843a48;  0 drivers
o0x7f9460843a78 .functor BUFZ 1, C4<z>; HiZ drive
v0x7f94609056e0_0 .net "WADDR_1", 0 0, o0x7f9460843a78;  0 drivers
o0x7f9460843aa8 .functor BUFZ 1, C4<z>; HiZ drive
v0x7f9460905770_0 .net "WADDR_10", 0 0, o0x7f9460843aa8;  0 drivers
o0x7f9460843ad8 .functor BUFZ 1, C4<z>; HiZ drive
v0x7f9460905370_0 .net "WADDR_2", 0 0, o0x7f9460843ad8;  0 drivers
o0x7f9460843b08 .functor BUFZ 1, C4<z>; HiZ drive
v0x7f9460905400_0 .net "WADDR_3", 0 0, o0x7f9460843b08;  0 drivers
o0x7f9460843b38 .functor BUFZ 1, C4<z>; HiZ drive
v0x7f945effc350_0 .net "WADDR_4", 0 0, o0x7f9460843b38;  0 drivers
o0x7f9460843b68 .functor BUFZ 1, C4<z>; HiZ drive
v0x7f945effc3e0_0 .net "WADDR_5", 0 0, o0x7f9460843b68;  0 drivers
o0x7f9460843b98 .functor BUFZ 1, C4<z>; HiZ drive
v0x7f945effc470_0 .net "WADDR_6", 0 0, o0x7f9460843b98;  0 drivers
o0x7f9460843bc8 .functor BUFZ 1, C4<z>; HiZ drive
v0x7f945eff73d0_0 .net "WADDR_7", 0 0, o0x7f9460843bc8;  0 drivers
o0x7f9460843bf8 .functor BUFZ 1, C4<z>; HiZ drive
v0x7f945eff7460_0 .net "WADDR_8", 0 0, o0x7f9460843bf8;  0 drivers
o0x7f9460843c28 .functor BUFZ 1, C4<z>; HiZ drive
v0x7f945eff74f0_0 .net "WADDR_9", 0 0, o0x7f9460843c28;  0 drivers
o0x7f9460843c58 .functor BUFZ 1, C4<z>; HiZ drive
v0x7f945effb090_0 .net "WCLK", 0 0, o0x7f9460843c58;  0 drivers
o0x7f9460843c88 .functor BUFZ 1, C4<z>; HiZ drive
v0x7f945effb120_0 .net "WCLKE", 0 0, o0x7f9460843c88;  0 drivers
o0x7f9460843cb8 .functor BUFZ 1, C4<z>; HiZ drive
v0x7f945effb1b0_0 .net "WDATA_0", 0 0, o0x7f9460843cb8;  0 drivers
o0x7f9460843ce8 .functor BUFZ 1, C4<z>; HiZ drive
v0x7f945eff5d50_0 .net "WDATA_1", 0 0, o0x7f9460843ce8;  0 drivers
o0x7f9460843d18 .functor BUFZ 1, C4<z>; HiZ drive
v0x7f945eff5de0_0 .net "WDATA_10", 0 0, o0x7f9460843d18;  0 drivers
o0x7f9460843d48 .functor BUFZ 1, C4<z>; HiZ drive
v0x7f945eff5e70_0 .net "WDATA_11", 0 0, o0x7f9460843d48;  0 drivers
o0x7f9460843d78 .functor BUFZ 1, C4<z>; HiZ drive
v0x7f945ef59450_0 .net "WDATA_12", 0 0, o0x7f9460843d78;  0 drivers
o0x7f9460843da8 .functor BUFZ 1, C4<z>; HiZ drive
v0x7f945ef594e0_0 .net "WDATA_13", 0 0, o0x7f9460843da8;  0 drivers
o0x7f9460843dd8 .functor BUFZ 1, C4<z>; HiZ drive
v0x7f945ef54420_0 .net "WDATA_14", 0 0, o0x7f9460843dd8;  0 drivers
o0x7f9460843e08 .functor BUFZ 1, C4<z>; HiZ drive
v0x7f945ef544b0_0 .net "WDATA_15", 0 0, o0x7f9460843e08;  0 drivers
o0x7f9460843e38 .functor BUFZ 1, C4<z>; HiZ drive
v0x7f945ef54540_0 .net "WDATA_2", 0 0, o0x7f9460843e38;  0 drivers
o0x7f9460843e68 .functor BUFZ 1, C4<z>; HiZ drive
v0x7f945ef59570_0 .net "WDATA_3", 0 0, o0x7f9460843e68;  0 drivers
o0x7f9460843e98 .functor BUFZ 1, C4<z>; HiZ drive
v0x7f945ef59600_0 .net "WDATA_4", 0 0, o0x7f9460843e98;  0 drivers
o0x7f9460843ec8 .functor BUFZ 1, C4<z>; HiZ drive
v0x7f945ef59690_0 .net "WDATA_5", 0 0, o0x7f9460843ec8;  0 drivers
o0x7f9460843ef8 .functor BUFZ 1, C4<z>; HiZ drive
v0x7f945ef4f350_0 .net "WDATA_6", 0 0, o0x7f9460843ef8;  0 drivers
o0x7f9460843f28 .functor BUFZ 1, C4<z>; HiZ drive
v0x7f945ef4f3e0_0 .net "WDATA_7", 0 0, o0x7f9460843f28;  0 drivers
o0x7f9460843f58 .functor BUFZ 1, C4<z>; HiZ drive
v0x7f945ef4f470_0 .net "WDATA_8", 0 0, o0x7f9460843f58;  0 drivers
o0x7f9460843f88 .functor BUFZ 1, C4<z>; HiZ drive
v0x7f945ef4f500_0 .net "WDATA_9", 0 0, o0x7f9460843f88;  0 drivers
o0x7f9460843fb8 .functor BUFZ 1, C4<z>; HiZ drive
v0x7f945ef4f590_0 .net "WE", 0 0, o0x7f9460843fb8;  0 drivers
v0x7f945ef2ed20_0 .net *"_ivl_100", 0 0, L_0x7f9460953a60;  1 drivers
v0x7f945ef2edb0_0 .net *"_ivl_102", 0 0, L_0x7f9460953b20;  1 drivers
v0x7f945ef2ee40_0 .net *"_ivl_104", 0 0, L_0x7f94609538b0;  1 drivers
v0x7f945ef2eed0_0 .net *"_ivl_106", 0 0, L_0x7f9460953990;  1 drivers
v0x7f945ef2ef60_0 .net *"_ivl_108", 0 0, L_0x7f9460953c00;  1 drivers
v0x7f945ef6f3e0_0 .net *"_ivl_110", 0 0, L_0x7f9460953ce0;  1 drivers
v0x7f945ef6f470_0 .net *"_ivl_112", 0 0, L_0x7f9460953fc0;  1 drivers
v0x7f945ef6f500_0 .net *"_ivl_114", 0 0, L_0x7f94609540a0;  1 drivers
v0x7f945ef6f590_0 .net *"_ivl_116", 0 0, L_0x7f9460953de0;  1 drivers
v0x7f945ef6f620_0 .net *"_ivl_120", 0 0, L_0x7f9460954180;  1 drivers
v0x7f945ef04da0_0 .net *"_ivl_122", 0 0, L_0x7f9460954220;  1 drivers
v0x7f945ef04e30_0 .net *"_ivl_124", 0 0, L_0x7f94609542c0;  1 drivers
v0x7f945ef04ec0_0 .net *"_ivl_126", 0 0, L_0x7f9460954a10;  1 drivers
v0x7f945ef04f50_0 .net *"_ivl_128", 0 0, L_0x7f9460954800;  1 drivers
v0x7f945ef04fe0_0 .net *"_ivl_130", 0 0, L_0x7f94609548a0;  1 drivers
v0x7f945ef7e4e0_0 .net *"_ivl_132", 0 0, L_0x7f9460954940;  1 drivers
v0x7f945ef7e570_0 .net *"_ivl_134", 0 0, L_0x7f9460954ce0;  1 drivers
v0x7f945ef7e600_0 .net *"_ivl_136", 0 0, L_0x7f9460954ab0;  1 drivers
v0x7f945ef7e690_0 .net *"_ivl_138", 0 0, L_0x7f9460954b50;  1 drivers
v0x7f945ef7e720_0 .net *"_ivl_140", 0 0, L_0x7f9460954c10;  1 drivers
v0x7f945ef0ec10_0 .net *"_ivl_142", 0 0, L_0x7f9460954ff0;  1 drivers
v0x7f945ef0eca0_0 .net *"_ivl_144", 0 0, L_0x7f9460954d80;  1 drivers
v0x7f945ef0ed30_0 .net *"_ivl_146", 0 0, L_0x7f9460954e60;  1 drivers
v0x7f945ef0edc0_0 .net *"_ivl_148", 0 0, L_0x7f9460955340;  1 drivers
v0x7f945ef0ee50_0 .net *"_ivl_150", 0 0, L_0x7f94609553e0;  1 drivers
v0x7f945ef11d50_0 .net *"_ivl_18", 0 0, L_0x7f94609514c0;  1 drivers
v0x7f945ef11de0_0 .net/2u *"_ivl_19", 0 0, L_0x7f9460873320;  1 drivers
v0x7f945ef11e70_0 .net *"_ivl_28", 0 0, L_0x7f94609517c0;  1 drivers
v0x7f945ef11f00_0 .net *"_ivl_30", 0 0, L_0x7f9460951860;  1 drivers
v0x7f945ef11f90_0 .net *"_ivl_32", 0 0, L_0x7f9460951720;  1 drivers
v0x7f945ef5e4b0_0 .net *"_ivl_34", 0 0, L_0x7f94609519d0;  1 drivers
v0x7f945ef5e540_0 .net *"_ivl_36", 0 0, L_0x7f9460951b70;  1 drivers
v0x7f945ef5e5d0_0 .net *"_ivl_38", 0 0, L_0x7f9460951c30;  1 drivers
v0x7f945ef5e660_0 .net *"_ivl_40", 0 0, L_0x7f9460951da0;  1 drivers
v0x7f945ef5e6f0_0 .net *"_ivl_42", 0 0, L_0x7f9460951ab0;  1 drivers
v0x7f945ef75580_0 .net *"_ivl_44", 0 0, L_0x7f9460951f40;  1 drivers
v0x7f945ef75610_0 .net *"_ivl_46", 0 0, L_0x7f9460951cf0;  1 drivers
v0x7f945ef756a0_0 .net *"_ivl_48", 0 0, L_0x7f9460952130;  1 drivers
v0x7f945ef75730_0 .net *"_ivl_52", 0 0, L_0x7f94609525d0;  1 drivers
v0x7f945ef757c0_0 .net/2u *"_ivl_53", 0 0, L_0x7f9460873368;  1 drivers
v0x7f945ef75850_0 .net *"_ivl_62", 0 0, L_0x7f9460952820;  1 drivers
v0x7f945ef7cfd0_0 .net *"_ivl_64", 0 0, L_0x7f9460952710;  1 drivers
v0x7f945ef7d060_0 .net *"_ivl_66", 0 0, L_0x7f94609529e0;  1 drivers
v0x7f945ef7d0f0_0 .net *"_ivl_68", 0 0, L_0x7f94609528c0;  1 drivers
v0x7f945ef7d180_0 .net *"_ivl_70", 0 0, L_0x7f9460952bb0;  1 drivers
v0x7f945ef7d210_0 .net *"_ivl_72", 0 0, L_0x7f9460952a80;  1 drivers
v0x7f945ef7d2a0_0 .net *"_ivl_74", 0 0, L_0x7f9460952d90;  1 drivers
v0x7f945ef7b430_0 .net *"_ivl_76", 0 0, L_0x7f9460952c50;  1 drivers
v0x7f945ef7b4c0_0 .net *"_ivl_78", 0 0, L_0x7f9460952cf0;  1 drivers
v0x7f945ef7b550_0 .net *"_ivl_80", 0 0, L_0x7f9460952f90;  1 drivers
v0x7f945ef7b5e0_0 .net *"_ivl_82", 0 0, L_0x7f9460953070;  1 drivers
v0x7f945ef7b670_0 .net *"_ivl_86", 0 0, L_0x7f9460953540;  1 drivers
v0x7f945ef7b700_0 .net *"_ivl_88", 0 0, L_0x7f9460953150;  1 drivers
v0x7f945ef69940_0 .net *"_ivl_90", 0 0, L_0x7f94609531f0;  1 drivers
v0x7f945ef699d0_0 .net *"_ivl_92", 0 0, L_0x7f9460953770;  1 drivers
v0x7f945ef69a60_0 .net *"_ivl_94", 0 0, L_0x7f9460953810;  1 drivers
v0x7f945ef69af0_0 .net *"_ivl_96", 0 0, L_0x7f94609535e0;  1 drivers
v0x7f945ef69b80_0 .net *"_ivl_98", 0 0, L_0x7f9460953680;  1 drivers
L_0x7f9460950560 .part v0x7f945efecb10_0, 15, 1;
L_0x7f9460950660 .part v0x7f945efecb10_0, 14, 1;
L_0x7f9460950700 .part v0x7f945efecb10_0, 13, 1;
L_0x7f9460950840 .part v0x7f945efecb10_0, 12, 1;
L_0x7f94609508e0 .part v0x7f945efecb10_0, 11, 1;
L_0x7f94609509b0 .part v0x7f945efecb10_0, 10, 1;
L_0x7f9460950a50 .part v0x7f945efecb10_0, 9, 1;
L_0x7f9460950c50 .part v0x7f945efecb10_0, 8, 1;
L_0x7f9460950cf0 .part v0x7f945efecb10_0, 7, 1;
L_0x7f9460950d90 .part v0x7f945efecb10_0, 6, 1;
L_0x7f9460950e30 .part v0x7f945efecb10_0, 5, 1;
L_0x7f9460950f30 .part v0x7f945efecb10_0, 4, 1;
L_0x7f9460950fd0 .part v0x7f945efecb10_0, 3, 1;
L_0x7f94609510e0 .part v0x7f945efecb10_0, 2, 1;
L_0x7f9460951180 .part v0x7f945efecb10_0, 1, 1;
L_0x7f9460951420 .part v0x7f945efecb10_0, 0, 1;
L_0x7f94609514c0 .ufunc/vec4 TD_ICESTORM_RAM.pd, 1, o0x7f94608436b8 (v0x7f946092a480_0) S_0x7f945efdee00;
L_0x7f94609515a0 .ufunc/vec4 TD_ICESTORM_RAM.pu, 1, o0x7f94608436e8 (v0x7f946091e210_0) S_0x7f946091e560;
L_0x7f9460951640 .ufunc/vec4 TD_ICESTORM_RAM.pd, 1, o0x7f9460843a18 (v0x7f946092a480_0) S_0x7f945efdee00;
L_0x7f94609517c0 .ufunc/vec4 TD_ICESTORM_RAM.pd, 1, o0x7f9460843508 (v0x7f946092a480_0) S_0x7f945efdee00;
L_0x7f9460951860 .ufunc/vec4 TD_ICESTORM_RAM.pd, 1, o0x7f9460843688 (v0x7f946092a480_0) S_0x7f945efdee00;
L_0x7f9460951720 .ufunc/vec4 TD_ICESTORM_RAM.pd, 1, o0x7f9460843658 (v0x7f946092a480_0) S_0x7f945efdee00;
L_0x7f94609519d0 .ufunc/vec4 TD_ICESTORM_RAM.pd, 1, o0x7f9460843628 (v0x7f946092a480_0) S_0x7f945efdee00;
L_0x7f9460951b70 .ufunc/vec4 TD_ICESTORM_RAM.pd, 1, o0x7f94608435f8 (v0x7f946092a480_0) S_0x7f945efdee00;
L_0x7f9460951c30 .ufunc/vec4 TD_ICESTORM_RAM.pd, 1, o0x7f94608435c8 (v0x7f946092a480_0) S_0x7f945efdee00;
L_0x7f9460951da0 .ufunc/vec4 TD_ICESTORM_RAM.pd, 1, o0x7f9460843598 (v0x7f946092a480_0) S_0x7f945efdee00;
L_0x7f9460951ab0 .ufunc/vec4 TD_ICESTORM_RAM.pd, 1, o0x7f9460843568 (v0x7f946092a480_0) S_0x7f945efdee00;
L_0x7f9460951f40 .ufunc/vec4 TD_ICESTORM_RAM.pd, 1, o0x7f9460843538 (v0x7f946092a480_0) S_0x7f945efdee00;
L_0x7f9460951cf0 .ufunc/vec4 TD_ICESTORM_RAM.pd, 1, o0x7f94608434d8 (v0x7f946092a480_0) S_0x7f945efdee00;
L_0x7f9460952130 .ufunc/vec4 TD_ICESTORM_RAM.pd, 1, o0x7f94608434a8 (v0x7f946092a480_0) S_0x7f945efdee00;
LS_0x7f9460951e80_0_0 .concat [ 1 1 1 1], L_0x7f9460952130, L_0x7f9460951cf0, L_0x7f9460951f40, L_0x7f9460951ab0;
LS_0x7f9460951e80_0_4 .concat [ 1 1 1 1], L_0x7f9460951da0, L_0x7f9460951c30, L_0x7f9460951b70, L_0x7f94609519d0;
LS_0x7f9460951e80_0_8 .concat [ 1 1 1 0], L_0x7f9460951720, L_0x7f9460951860, L_0x7f94609517c0;
L_0x7f9460951e80 .concat [ 4 4 3 0], LS_0x7f9460951e80_0_0, LS_0x7f9460951e80_0_4, LS_0x7f9460951e80_0_8;
L_0x7f94609525d0 .ufunc/vec4 TD_ICESTORM_RAM.pd, 1, o0x7f9460843c58 (v0x7f946092a480_0) S_0x7f945efdee00;
L_0x7f9460952670 .ufunc/vec4 TD_ICESTORM_RAM.pu, 1, o0x7f9460843c88 (v0x7f946091e210_0) S_0x7f946091e560;
L_0x7f94609524d0 .ufunc/vec4 TD_ICESTORM_RAM.pd, 1, o0x7f9460843fb8 (v0x7f946092a480_0) S_0x7f945efdee00;
L_0x7f9460952820 .ufunc/vec4 TD_ICESTORM_RAM.pd, 1, o0x7f9460843aa8 (v0x7f946092a480_0) S_0x7f945efdee00;
L_0x7f9460952710 .ufunc/vec4 TD_ICESTORM_RAM.pd, 1, o0x7f9460843c28 (v0x7f946092a480_0) S_0x7f945efdee00;
L_0x7f94609529e0 .ufunc/vec4 TD_ICESTORM_RAM.pd, 1, o0x7f9460843bf8 (v0x7f946092a480_0) S_0x7f945efdee00;
L_0x7f94609528c0 .ufunc/vec4 TD_ICESTORM_RAM.pd, 1, o0x7f9460843bc8 (v0x7f946092a480_0) S_0x7f945efdee00;
L_0x7f9460952bb0 .ufunc/vec4 TD_ICESTORM_RAM.pd, 1, o0x7f9460843b98 (v0x7f946092a480_0) S_0x7f945efdee00;
L_0x7f9460952a80 .ufunc/vec4 TD_ICESTORM_RAM.pd, 1, o0x7f9460843b68 (v0x7f946092a480_0) S_0x7f945efdee00;
L_0x7f9460952d90 .ufunc/vec4 TD_ICESTORM_RAM.pd, 1, o0x7f9460843b38 (v0x7f946092a480_0) S_0x7f945efdee00;
L_0x7f9460952c50 .ufunc/vec4 TD_ICESTORM_RAM.pd, 1, o0x7f9460843b08 (v0x7f946092a480_0) S_0x7f945efdee00;
L_0x7f9460952cf0 .ufunc/vec4 TD_ICESTORM_RAM.pd, 1, o0x7f9460843ad8 (v0x7f946092a480_0) S_0x7f945efdee00;
L_0x7f9460952f90 .ufunc/vec4 TD_ICESTORM_RAM.pd, 1, o0x7f9460843a78 (v0x7f946092a480_0) S_0x7f945efdee00;
L_0x7f9460953070 .ufunc/vec4 TD_ICESTORM_RAM.pd, 1, o0x7f9460843a48 (v0x7f946092a480_0) S_0x7f945efdee00;
LS_0x7f9460952e30_0_0 .concat [ 1 1 1 1], L_0x7f9460953070, L_0x7f9460952f90, L_0x7f9460952cf0, L_0x7f9460952c50;
LS_0x7f9460952e30_0_4 .concat [ 1 1 1 1], L_0x7f9460952d90, L_0x7f9460952a80, L_0x7f9460952bb0, L_0x7f94609528c0;
LS_0x7f9460952e30_0_8 .concat [ 1 1 1 0], L_0x7f94609529e0, L_0x7f9460952710, L_0x7f9460952820;
L_0x7f9460952e30 .concat [ 4 4 3 0], LS_0x7f9460952e30_0_0, LS_0x7f9460952e30_0_4, LS_0x7f9460952e30_0_8;
L_0x7f9460953540 .ufunc/vec4 TD_ICESTORM_RAM.pd, 1, o0x7f94608432f8 (v0x7f946092a480_0) S_0x7f945efdee00;
L_0x7f9460953150 .ufunc/vec4 TD_ICESTORM_RAM.pd, 1, o0x7f94608432c8 (v0x7f946092a480_0) S_0x7f945efdee00;
L_0x7f94609531f0 .ufunc/vec4 TD_ICESTORM_RAM.pd, 1, o0x7f9460843298 (v0x7f946092a480_0) S_0x7f945efdee00;
L_0x7f9460953770 .ufunc/vec4 TD_ICESTORM_RAM.pd, 1, o0x7f9460843268 (v0x7f946092a480_0) S_0x7f945efdee00;
L_0x7f9460953810 .ufunc/vec4 TD_ICESTORM_RAM.pd, 1, o0x7f9460843238 (v0x7f946092a480_0) S_0x7f945efdee00;
L_0x7f94609535e0 .ufunc/vec4 TD_ICESTORM_RAM.pd, 1, o0x7f9460843208 (v0x7f946092a480_0) S_0x7f945efdee00;
L_0x7f9460953680 .ufunc/vec4 TD_ICESTORM_RAM.pd, 1, o0x7f9460843478 (v0x7f946092a480_0) S_0x7f945efdee00;
L_0x7f9460953a60 .ufunc/vec4 TD_ICESTORM_RAM.pd, 1, o0x7f9460843448 (v0x7f946092a480_0) S_0x7f945efdee00;
L_0x7f9460953b20 .ufunc/vec4 TD_ICESTORM_RAM.pd, 1, o0x7f9460843418 (v0x7f946092a480_0) S_0x7f945efdee00;
L_0x7f94609538b0 .ufunc/vec4 TD_ICESTORM_RAM.pd, 1, o0x7f94608433e8 (v0x7f946092a480_0) S_0x7f945efdee00;
L_0x7f9460953990 .ufunc/vec4 TD_ICESTORM_RAM.pd, 1, o0x7f94608433b8 (v0x7f946092a480_0) S_0x7f945efdee00;
L_0x7f9460953c00 .ufunc/vec4 TD_ICESTORM_RAM.pd, 1, o0x7f9460843388 (v0x7f946092a480_0) S_0x7f945efdee00;
L_0x7f9460953ce0 .ufunc/vec4 TD_ICESTORM_RAM.pd, 1, o0x7f9460843358 (v0x7f946092a480_0) S_0x7f945efdee00;
L_0x7f9460953fc0 .ufunc/vec4 TD_ICESTORM_RAM.pd, 1, o0x7f9460843328 (v0x7f946092a480_0) S_0x7f945efdee00;
L_0x7f94609540a0 .ufunc/vec4 TD_ICESTORM_RAM.pd, 1, o0x7f94608431d8 (v0x7f946092a480_0) S_0x7f945efdee00;
L_0x7f9460953de0 .ufunc/vec4 TD_ICESTORM_RAM.pd, 1, o0x7f94608431a8 (v0x7f946092a480_0) S_0x7f945efdee00;
LS_0x7f9460953ec0_0_0 .concat [ 1 1 1 1], L_0x7f9460953de0, L_0x7f94609540a0, L_0x7f9460953fc0, L_0x7f9460953ce0;
LS_0x7f9460953ec0_0_4 .concat [ 1 1 1 1], L_0x7f9460953c00, L_0x7f9460953990, L_0x7f94609538b0, L_0x7f9460953b20;
LS_0x7f9460953ec0_0_8 .concat [ 1 1 1 1], L_0x7f9460953a60, L_0x7f9460953680, L_0x7f94609535e0, L_0x7f9460953810;
LS_0x7f9460953ec0_0_12 .concat [ 1 1 1 1], L_0x7f9460953770, L_0x7f94609531f0, L_0x7f9460953150, L_0x7f9460953540;
L_0x7f9460953ec0 .concat [ 4 4 4 4], LS_0x7f9460953ec0_0_0, LS_0x7f9460953ec0_0_4, LS_0x7f9460953ec0_0_8, LS_0x7f9460953ec0_0_12;
L_0x7f9460954180 .ufunc/vec4 TD_ICESTORM_RAM.pd, 1, o0x7f9460843e08 (v0x7f946092a480_0) S_0x7f945efdee00;
L_0x7f9460954220 .ufunc/vec4 TD_ICESTORM_RAM.pd, 1, o0x7f9460843dd8 (v0x7f946092a480_0) S_0x7f945efdee00;
L_0x7f94609542c0 .ufunc/vec4 TD_ICESTORM_RAM.pd, 1, o0x7f9460843da8 (v0x7f946092a480_0) S_0x7f945efdee00;
L_0x7f9460954a10 .ufunc/vec4 TD_ICESTORM_RAM.pd, 1, o0x7f9460843d78 (v0x7f946092a480_0) S_0x7f945efdee00;
L_0x7f9460954800 .ufunc/vec4 TD_ICESTORM_RAM.pd, 1, o0x7f9460843d48 (v0x7f946092a480_0) S_0x7f945efdee00;
L_0x7f94609548a0 .ufunc/vec4 TD_ICESTORM_RAM.pd, 1, o0x7f9460843d18 (v0x7f946092a480_0) S_0x7f945efdee00;
L_0x7f9460954940 .ufunc/vec4 TD_ICESTORM_RAM.pd, 1, o0x7f9460843f88 (v0x7f946092a480_0) S_0x7f945efdee00;
L_0x7f9460954ce0 .ufunc/vec4 TD_ICESTORM_RAM.pd, 1, o0x7f9460843f58 (v0x7f946092a480_0) S_0x7f945efdee00;
L_0x7f9460954ab0 .ufunc/vec4 TD_ICESTORM_RAM.pd, 1, o0x7f9460843f28 (v0x7f946092a480_0) S_0x7f945efdee00;
L_0x7f9460954b50 .ufunc/vec4 TD_ICESTORM_RAM.pd, 1, o0x7f9460843ef8 (v0x7f946092a480_0) S_0x7f945efdee00;
L_0x7f9460954c10 .ufunc/vec4 TD_ICESTORM_RAM.pd, 1, o0x7f9460843ec8 (v0x7f946092a480_0) S_0x7f945efdee00;
L_0x7f9460954ff0 .ufunc/vec4 TD_ICESTORM_RAM.pd, 1, o0x7f9460843e98 (v0x7f946092a480_0) S_0x7f945efdee00;
L_0x7f9460954d80 .ufunc/vec4 TD_ICESTORM_RAM.pd, 1, o0x7f9460843e68 (v0x7f946092a480_0) S_0x7f945efdee00;
L_0x7f9460954e60 .ufunc/vec4 TD_ICESTORM_RAM.pd, 1, o0x7f9460843e38 (v0x7f946092a480_0) S_0x7f945efdee00;
L_0x7f9460955340 .ufunc/vec4 TD_ICESTORM_RAM.pd, 1, o0x7f9460843ce8 (v0x7f946092a480_0) S_0x7f945efdee00;
L_0x7f94609553e0 .ufunc/vec4 TD_ICESTORM_RAM.pd, 1, o0x7f9460843cb8 (v0x7f946092a480_0) S_0x7f945efdee00;
LS_0x7f94609550d0_0_0 .concat [ 1 1 1 1], L_0x7f94609553e0, L_0x7f9460955340, L_0x7f9460954e60, L_0x7f9460954d80;
LS_0x7f94609550d0_0_4 .concat [ 1 1 1 1], L_0x7f9460954ff0, L_0x7f9460954c10, L_0x7f9460954b50, L_0x7f9460954ab0;
LS_0x7f94609550d0_0_8 .concat [ 1 1 1 1], L_0x7f9460954ce0, L_0x7f9460954940, L_0x7f94609548a0, L_0x7f9460954800;
LS_0x7f94609550d0_0_12 .concat [ 1 1 1 1], L_0x7f9460954a10, L_0x7f94609542c0, L_0x7f9460954220, L_0x7f9460954180;
L_0x7f94609550d0 .concat [ 4 4 4 4], LS_0x7f94609550d0_0_0, LS_0x7f94609550d0_0_4, LS_0x7f94609550d0_0_8, LS_0x7f94609550d0_0_12;
S_0x7f945efee380 .scope module, "RAM" "SB_RAM40_4K" 2 3233, 2 1487 0, S_0x7f945ee19930;
 .timescale -12 -12;
    .port_info 0 /OUTPUT 16 "RDATA";
    .port_info 1 /INPUT 1 "RCLK";
    .port_info 2 /INPUT 1 "RCLKE";
    .port_info 3 /INPUT 1 "RE";
    .port_info 4 /INPUT 11 "RADDR";
    .port_info 5 /INPUT 1 "WCLK";
    .port_info 6 /INPUT 1 "WCLKE";
    .port_info 7 /INPUT 1 "WE";
    .port_info 8 /INPUT 11 "WADDR";
    .port_info 9 /INPUT 16 "MASK";
    .port_info 10 /INPUT 16 "WDATA";
P_0x7f946102b400 .param/l "INIT_0" 0 2 1507, C4<0000000000000000000000000000000000000000000000000000000000000000000000000000000000000000000000000000000000000000000000000000000000000000000000000000000000000000000000000000000000000000000000000000000000000000000000000000000000000000000000000000000000000000>;
P_0x7f946102b440 .param/l "INIT_1" 0 2 1508, C4<0000000000000000000000000000000000000000000000000000000000000000000000000000000000000000000000000000000000000000000000000000000000000000000000000000000000000000000000000000000000000000000000000000000000000000000000000000000000000000000000000000000000000000>;
P_0x7f946102b480 .param/l "INIT_2" 0 2 1509, C4<0000000000000000000000000000000000000000000000000000000000000000000000000000000000000000000000000000000000000000000000000000000000000000000000000000000000000000000000000000000000000000000000000000000000000000000000000000000000000000000000000000000000000000>;
P_0x7f946102b4c0 .param/l "INIT_3" 0 2 1510, C4<0000000000000000000000000000000000000000000000000000000000000000000000000000000000000000000000000000000000000000000000000000000000000000000000000000000000000000000000000000000000000000000000000000000000000000000000000000000000000000000000000000000000000000>;
P_0x7f946102b500 .param/l "INIT_4" 0 2 1511, C4<0000000000000000000000000000000000000000000000000000000000000000000000000000000000000000000000000000000000000000000000000000000000000000000000000000000000000000000000000000000000000000000000000000000000000000000000000000000000000000000000000000000000000000>;
P_0x7f946102b540 .param/l "INIT_5" 0 2 1512, C4<0000000000000000000000000000000000000000000000000000000000000000000000000000000000000000000000000000000000000000000000000000000000000000000000000000000000000000000000000000000000000000000000000000000000000000000000000000000000000000000000000000000000000000>;
P_0x7f946102b580 .param/l "INIT_6" 0 2 1513, C4<0000000000000000000000000000000000000000000000000000000000000000000000000000000000000000000000000000000000000000000000000000000000000000000000000000000000000000000000000000000000000000000000000000000000000000000000000000000000000000000000000000000000000000>;
P_0x7f946102b5c0 .param/l "INIT_7" 0 2 1514, C4<0000000000000000000000000000000000000000000000000000000000000000000000000000000000000000000000000000000000000000000000000000000000000000000000000000000000000000000000000000000000000000000000000000000000000000000000000000000000000000000000000000000000000000>;
P_0x7f946102b600 .param/l "INIT_8" 0 2 1515, C4<0000000000000000000000000000000000000000000000000000000000000000000000000000000000000000000000000000000000000000000000000000000000000000000000000000000000000000000000000000000000000000000000000000000000000000000000000000000000000000000000000000000000000000>;
P_0x7f946102b640 .param/l "INIT_9" 0 2 1516, C4<0000000000000000000000000000000000000000000000000000000000000000000000000000000000000000000000000000000000000000000000000000000000000000000000000000000000000000000000000000000000000000000000000000000000000000000000000000000000000000000000000000000000000000>;
P_0x7f946102b680 .param/l "INIT_A" 0 2 1517, C4<0000000000000000000000000000000000000000000000000000000000000000000000000000000000000000000000000000000000000000000000000000000000000000000000000000000000000000000000000000000000000000000000000000000000000000000000000000000000000000000000000000000000000000>;
P_0x7f946102b6c0 .param/l "INIT_B" 0 2 1518, C4<0000000000000000000000000000000000000000000000000000000000000000000000000000000000000000000000000000000000000000000000000000000000000000000000000000000000000000000000000000000000000000000000000000000000000000000000000000000000000000000000000000000000000000>;
P_0x7f946102b700 .param/l "INIT_C" 0 2 1519, C4<0000000000000000000000000000000000000000000000000000000000000000000000000000000000000000000000000000000000000000000000000000000000000000000000000000000000000000000000000000000000000000000000000000000000000000000000000000000000000000000000000000000000000000>;
P_0x7f946102b740 .param/l "INIT_D" 0 2 1520, C4<0000000000000000000000000000000000000000000000000000000000000000000000000000000000000000000000000000000000000000000000000000000000000000000000000000000000000000000000000000000000000000000000000000000000000000000000000000000000000000000000000000000000000000>;
P_0x7f946102b780 .param/l "INIT_E" 0 2 1521, C4<0000000000000000000000000000000000000000000000000000000000000000000000000000000000000000000000000000000000000000000000000000000000000000000000000000000000000000000000000000000000000000000000000000000000000000000000000000000000000000000000000000000000000000>;
P_0x7f946102b7c0 .param/l "INIT_F" 0 2 1522, C4<0000000000000000000000000000000000000000000000000000000000000000000000000000000000000000000000000000000000000000000000000000000000000000000000000000000000000000000000000000000000000000000000000000000000000000000000000000000000000000000000000000000000000000>;
P_0x7f946102b800 .param/str "INIT_FILE" 0 2 1524, "\000";
P_0x7f946102b840 .param/l "READ_MODE" 0 2 1505, +C4<00000000000000000000000000000000>;
P_0x7f946102b880 .param/l "WRITE_MODE" 0 2 1504, +C4<00000000000000000000000000000000>;
v0x7f946092d330_0 .net "MASK", 15 0, L_0x7f9460953ec0;  1 drivers
v0x7f946092d3c0_0 .net "RADDR", 10 0, L_0x7f9460951e80;  1 drivers
v0x7f945efed0c0_0 .net "RCLK", 0 0, L_0x7f9460950ba0;  1 drivers
v0x7f945efed150_0 .net "RCLKE", 0 0, L_0x7f94609515a0;  1 drivers
v0x7f945efeca80_0 .net "RDATA", 15 0, v0x7f945efecb10_0;  1 drivers
v0x7f945efecb10_0 .var "RDATA_I", 15 0;
v0x7f945efec750_0 .net "RE", 0 0, L_0x7f9460951640;  1 drivers
L_0x7f94608732d8 .functor BUFT 1, C4<0000000000000000>, C4<0>, C4<0>, C4<0>;
v0x7f945efec7e0_0 .net "RMASK_I", 15 0, L_0x7f94608732d8;  1 drivers
v0x7f945efea800_0 .net "WADDR", 10 0, L_0x7f9460952e30;  1 drivers
v0x7f945effc620_0 .net "WCLK", 0 0, L_0x7f9460952040;  1 drivers
v0x7f945effc6b0_0 .net "WCLKE", 0 0, L_0x7f9460952670;  1 drivers
v0x7f945eff81d0_0 .net "WDATA", 15 0, L_0x7f94609550d0;  1 drivers
v0x7f945eff8260_0 .net "WDATA_I", 15 0, L_0x7f9460950400;  1 drivers
v0x7f945eff76a0_0 .net "WE", 0 0, L_0x7f94609524d0;  1 drivers
v0x7f945eff7730_0 .net "WMASK_I", 15 0, L_0x7f9460950370;  1 drivers
v0x7f945eff2aa0_0 .var/i "i", 31 0;
v0x7f945eff2b30 .array "memory", 255 0, 15 0;
E_0x7f945efe9870 .event posedge, v0x7f945efed0c0_0;
E_0x7f945efea420 .event posedge, v0x7f945effc620_0;
S_0x7f945efced80 .scope generate, "genblk1" "genblk1" 2 1534, 2 1534 0, S_0x7f945efee380;
 .timescale -12 -12;
L_0x7f9460950370 .functor BUFZ 16, L_0x7f9460953ec0, C4<0000000000000000>, C4<0000000000000000>, C4<0000000000000000>;
S_0x7f945efce020 .scope generate, "genblk2" "genblk2" 2 1555, 2 1555 0, S_0x7f945efee380;
 .timescale -12 -12;
S_0x7f945efcd2c0 .scope generate, "genblk3" "genblk3" 2 1576, 2 1576 0, S_0x7f945efee380;
 .timescale -12 -12;
L_0x7f9460950400 .functor BUFZ 16, L_0x7f94609550d0, C4<0000000000000000>, C4<0000000000000000>, C4<0000000000000000>;
S_0x7f945efcc560 .scope generate, "genblk4" "genblk4" 2 1595, 2 1595 0, S_0x7f945efee380;
 .timescale -12 -12;
S_0x7f945efdee00 .scope function.vec4.s1, "pd" "pd" 2 3200, 2 3200 0, S_0x7f945ee19930;
 .timescale -12 -12;
; Variable pd is vec4 return value of scope S_0x7f945efdee00
v0x7f946092a480_0 .var "x", 0 0;
TD_ICESTORM_RAM.pd ;
    %load/vec4 v0x7f946092a480_0;
    %cmpi/e 0, 1, 1;
    %flag_mov 8, 6;
    %jmp/0 T_0.0, 8;
    %pushi/vec4 0, 0, 1;
    %jmp/1 T_0.1, 8;
T_0.0 ; End of true expr.
    %load/vec4 v0x7f946092a480_0;
    %jmp/0 T_0.1, 8;
 ; End of false expr.
    %blend;
T_0.1;
    %ret/vec4 0, 0, 1;  Assign to pd (store_vec4_to_lval)
    %end;
S_0x7f946091e560 .scope function.vec4.s1, "pu" "pu" 2 3207, 2 3207 0, S_0x7f945ee19930;
 .timescale -12 -12;
; Variable pu is vec4 return value of scope S_0x7f946091e560
v0x7f946091e210_0 .var "x", 0 0;
TD_ICESTORM_RAM.pu ;
    %load/vec4 v0x7f946091e210_0;
    %cmpi/e 0, 1, 1;
    %flag_mov 8, 6;
    %jmp/0 T_1.2, 8;
    %pushi/vec4 1, 0, 1;
    %jmp/1 T_1.3, 8;
T_1.2 ; End of true expr.
    %load/vec4 v0x7f946091e210_0;
    %jmp/0 T_1.3, 8;
 ; End of false expr.
    %blend;
T_1.3;
    %ret/vec4 0, 0, 1;  Assign to pu (store_vec4_to_lval)
    %end;
S_0x7f945ee20830 .scope module, "SB_CARRY" "SB_CARRY" 2 228;
 .timescale -12 -12;
    .port_info 0 /OUTPUT 1 "CO";
    .port_info 1 /INPUT 1 "I0";
    .port_info 2 /INPUT 1 "I1";
    .port_info 3 /INPUT 1 "CI";
o0x7f9460845968 .functor BUFZ 1, C4<z>; HiZ drive
o0x7f9460845998 .functor BUFZ 1, C4<z>; HiZ drive
L_0x7f9460955a00 .functor AND 1, o0x7f9460845968, o0x7f9460845998, C4<1>, C4<1>;
L_0x7f9460955a70 .functor OR 1, o0x7f9460845968, o0x7f9460845998, C4<0>, C4<0>;
o0x7f9460845908 .functor BUFZ 1, C4<z>; HiZ drive
L_0x7f9460955b60 .functor AND 1, L_0x7f9460955a70, o0x7f9460845908, C4<1>, C4<1>;
L_0x7f9460955c10 .functor OR 1, L_0x7f9460955a00, L_0x7f9460955b60, C4<0>, C4<0>;
v0x7f945ef69c10_0 .net "CI", 0 0, o0x7f9460845908;  0 drivers
v0x7f945ef670e0_0 .net "CO", 0 0, L_0x7f9460955c10;  1 drivers
v0x7f945ef6c410_0 .net "I0", 0 0, o0x7f9460845968;  0 drivers
v0x7f945ef6c4a0_0 .net "I1", 0 0, o0x7f9460845998;  0 drivers
v0x7f945ef6c530_0 .net *"_ivl_1", 0 0, L_0x7f9460955a00;  1 drivers
v0x7f945ef6c5c0_0 .net *"_ivl_3", 0 0, L_0x7f9460955a70;  1 drivers
v0x7f945ef6c650_0 .net *"_ivl_5", 0 0, L_0x7f9460955b60;  1 drivers
S_0x7f945ee209a0 .scope module, "SB_DFF" "SB_DFF" 2 265;
 .timescale -12 -12;
    .port_info 0 /OUTPUT 1 "Q";
    .port_info 1 /INPUT 1 "C";
    .port_info 2 /INPUT 1 "D";
o0x7f9460845b18 .functor BUFZ 1, C4<z>; HiZ drive
v0x7f945ef6c6e0_0 .net "C", 0 0, o0x7f9460845b18;  0 drivers
o0x7f9460845b48 .functor BUFZ 1, C4<z>; HiZ drive
v0x7f945ef724a0_0 .net "D", 0 0, o0x7f9460845b48;  0 drivers
v0x7f945ef72530_0 .var "Q", 0 0;
E_0x7f945efece90 .event posedge, v0x7f945ef6c6e0_0;
S_0x7f945ee20b10 .scope module, "SB_DFFE" "SB_DFFE" 2 303;
 .timescale -12 -12;
    .port_info 0 /OUTPUT 1 "Q";
    .port_info 1 /INPUT 1 "C";
    .port_info 2 /INPUT 1 "E";
    .port_info 3 /INPUT 1 "D";
o0x7f9460845c38 .functor BUFZ 1, C4<z>; HiZ drive
v0x7f945ef725c0_0 .net "C", 0 0, o0x7f9460845c38;  0 drivers
o0x7f9460845c68 .functor BUFZ 1, C4<z>; HiZ drive
v0x7f945ef72650_0 .net "D", 0 0, o0x7f9460845c68;  0 drivers
o0x7f9460845c98 .functor BUFZ 1, C4<z>; HiZ drive
v0x7f945ef726e0_0 .net "E", 0 0, o0x7f9460845c98;  0 drivers
v0x7f945ef72770_0 .var "Q", 0 0;
E_0x7f945efed510 .event posedge, v0x7f945ef725c0_0;
S_0x7f945ee20d00 .scope module, "SB_DFFER" "SB_DFFER" 2 653;
 .timescale -12 -12;
    .port_info 0 /OUTPUT 1 "Q";
    .port_info 1 /INPUT 1 "C";
    .port_info 2 /INPUT 1 "E";
    .port_info 3 /INPUT 1 "R";
    .port_info 4 /INPUT 1 "D";
o0x7f9460845db8 .functor BUFZ 1, C4<z>; HiZ drive
v0x7f945ef12740_0 .net "C", 0 0, o0x7f9460845db8;  0 drivers
o0x7f9460845de8 .functor BUFZ 1, C4<z>; HiZ drive
v0x7f945ef127e0_0 .net "D", 0 0, o0x7f9460845de8;  0 drivers
o0x7f9460845e18 .functor BUFZ 1, C4<z>; HiZ drive
v0x7f945ef12880_0 .net "E", 0 0, o0x7f9460845e18;  0 drivers
v0x7f945ef12930_0 .var "Q", 0 0;
o0x7f9460845e78 .functor BUFZ 1, C4<z>; HiZ drive
v0x7f945ef129d0_0 .net "R", 0 0, o0x7f9460845e78;  0 drivers
E_0x7f945ef12700 .event posedge, v0x7f945ef129d0_0, v0x7f945ef12740_0;
S_0x7f945ee20f10 .scope module, "SB_DFFES" "SB_DFFES" 2 794;
 .timescale -12 -12;
    .port_info 0 /OUTPUT 1 "Q";
    .port_info 1 /INPUT 1 "C";
    .port_info 2 /INPUT 1 "E";
    .port_info 3 /INPUT 1 "S";
    .port_info 4 /INPUT 1 "D";
o0x7f9460845f98 .functor BUFZ 1, C4<z>; HiZ drive
v0x7f945ef7aba0_0 .net "C", 0 0, o0x7f9460845f98;  0 drivers
o0x7f9460845fc8 .functor BUFZ 1, C4<z>; HiZ drive
v0x7f945ef7ac50_0 .net "D", 0 0, o0x7f9460845fc8;  0 drivers
o0x7f9460845ff8 .functor BUFZ 1, C4<z>; HiZ drive
v0x7f945ef7acf0_0 .net "E", 0 0, o0x7f9460845ff8;  0 drivers
v0x7f945ef1b950_0 .var "Q", 0 0;
o0x7f9460846058 .functor BUFZ 1, C4<z>; HiZ drive
v0x7f945ef1b9e0_0 .net "S", 0 0, o0x7f9460846058;  0 drivers
E_0x7f945ef7ab40 .event posedge, v0x7f945ef1b9e0_0, v0x7f945ef7aba0_0;
S_0x7f945ee21120 .scope module, "SB_DFFESR" "SB_DFFESR" 2 592;
 .timescale -12 -12;
    .port_info 0 /OUTPUT 1 "Q";
    .port_info 1 /INPUT 1 "C";
    .port_info 2 /INPUT 1 "E";
    .port_info 3 /INPUT 1 "R";
    .port_info 4 /INPUT 1 "D";
o0x7f9460846178 .functor BUFZ 1, C4<z>; HiZ drive
v0x7f945ef1bb40_0 .net "C", 0 0, o0x7f9460846178;  0 drivers
o0x7f94608461a8 .functor BUFZ 1, C4<z>; HiZ drive
v0x7f945ef1bbf0_0 .net "D", 0 0, o0x7f94608461a8;  0 drivers
o0x7f94608461d8 .functor BUFZ 1, C4<z>; HiZ drive
v0x7f945ef19380_0 .net "E", 0 0, o0x7f94608461d8;  0 drivers
v0x7f945ef19410_0 .var "Q", 0 0;
o0x7f9460846238 .functor BUFZ 1, C4<z>; HiZ drive
v0x7f945ef194a0_0 .net "R", 0 0, o0x7f9460846238;  0 drivers
E_0x7f945ef1bae0 .event posedge, v0x7f945ef1bb40_0;
S_0x7f945ee21390 .scope module, "SB_DFFESS" "SB_DFFESS" 2 733;
 .timescale -12 -12;
    .port_info 0 /OUTPUT 1 "Q";
    .port_info 1 /INPUT 1 "C";
    .port_info 2 /INPUT 1 "E";
    .port_info 3 /INPUT 1 "S";
    .port_info 4 /INPUT 1 "D";
o0x7f9460846358 .functor BUFZ 1, C4<z>; HiZ drive
v0x7f945ef19640_0 .net "C", 0 0, o0x7f9460846358;  0 drivers
o0x7f9460846388 .functor BUFZ 1, C4<z>; HiZ drive
v0x7f945ef27fc0_0 .net "D", 0 0, o0x7f9460846388;  0 drivers
o0x7f94608463b8 .functor BUFZ 1, C4<z>; HiZ drive
v0x7f945ef28060_0 .net "E", 0 0, o0x7f94608463b8;  0 drivers
v0x7f945ef280f0_0 .var "Q", 0 0;
o0x7f9460846418 .functor BUFZ 1, C4<z>; HiZ drive
v0x7f945ef28190_0 .net "S", 0 0, o0x7f9460846418;  0 drivers
E_0x7f945ef195e0 .event posedge, v0x7f945ef19640_0;
S_0x7f945ee21680 .scope module, "SB_DFFN" "SB_DFFN" 2 876;
 .timescale -12 -12;
    .port_info 0 /OUTPUT 1 "Q";
    .port_info 1 /INPUT 1 "C";
    .port_info 2 /INPUT 1 "D";
o0x7f9460846538 .functor BUFZ 1, C4<z>; HiZ drive
v0x7f945ef25a10_0 .net "C", 0 0, o0x7f9460846538;  0 drivers
o0x7f9460846568 .functor BUFZ 1, C4<z>; HiZ drive
v0x7f945ef25ac0_0 .net "D", 0 0, o0x7f9460846568;  0 drivers
v0x7f945ef25b60_0 .var "Q", 0 0;
E_0x7f945ef282f0 .event negedge, v0x7f945ef25a10_0;
S_0x7f945ed442b0 .scope module, "SB_DFFNE" "SB_DFFNE" 2 914;
 .timescale -12 -12;
    .port_info 0 /OUTPUT 1 "Q";
    .port_info 1 /INPUT 1 "C";
    .port_info 2 /INPUT 1 "E";
    .port_info 3 /INPUT 1 "D";
o0x7f9460846658 .functor BUFZ 1, C4<z>; HiZ drive
v0x7f945ef25ca0_0 .net "C", 0 0, o0x7f9460846658;  0 drivers
o0x7f9460846688 .functor BUFZ 1, C4<z>; HiZ drive
v0x7f945ef16130_0 .net "D", 0 0, o0x7f9460846688;  0 drivers
o0x7f94608466b8 .functor BUFZ 1, C4<z>; HiZ drive
v0x7f945ef161c0_0 .net "E", 0 0, o0x7f94608466b8;  0 drivers
v0x7f945ef16270_0 .var "Q", 0 0;
E_0x7f945ef25c40 .event negedge, v0x7f945ef25ca0_0;
S_0x7f945ed1d670 .scope module, "SB_DFFNER" "SB_DFFNER" 2 1264;
 .timescale -12 -12;
    .port_info 0 /OUTPUT 1 "Q";
    .port_info 1 /INPUT 1 "C";
    .port_info 2 /INPUT 1 "E";
    .port_info 3 /INPUT 1 "R";
    .port_info 4 /INPUT 1 "D";
o0x7f94608467d8 .functor BUFZ 1, C4<z>; HiZ drive
v0x7f945ef163d0_0 .net "C", 0 0, o0x7f94608467d8;  0 drivers
o0x7f9460846808 .functor BUFZ 1, C4<z>; HiZ drive
v0x7f945ef150b0_0 .net "D", 0 0, o0x7f9460846808;  0 drivers
o0x7f9460846838 .functor BUFZ 1, C4<z>; HiZ drive
v0x7f945ef15140_0 .net "E", 0 0, o0x7f9460846838;  0 drivers
v0x7f945ef151f0_0 .var "Q", 0 0;
o0x7f9460846898 .functor BUFZ 1, C4<z>; HiZ drive
v0x7f945ef15280_0 .net "R", 0 0, o0x7f9460846898;  0 drivers
E_0x7f945ef16370/0 .event negedge, v0x7f945ef163d0_0;
E_0x7f945ef16370/1 .event posedge, v0x7f945ef15280_0;
E_0x7f945ef16370 .event/or E_0x7f945ef16370/0, E_0x7f945ef16370/1;
S_0x7f945ed1d7e0 .scope module, "SB_DFFNES" "SB_DFFNES" 2 1405;
 .timescale -12 -12;
    .port_info 0 /OUTPUT 1 "Q";
    .port_info 1 /INPUT 1 "C";
    .port_info 2 /INPUT 1 "E";
    .port_info 3 /INPUT 1 "S";
    .port_info 4 /INPUT 1 "D";
o0x7f94608469b8 .functor BUFZ 1, C4<z>; HiZ drive
v0x7f945ef78e40_0 .net "C", 0 0, o0x7f94608469b8;  0 drivers
o0x7f94608469e8 .functor BUFZ 1, C4<z>; HiZ drive
v0x7f945ef78ef0_0 .net "D", 0 0, o0x7f94608469e8;  0 drivers
o0x7f9460846a18 .functor BUFZ 1, C4<z>; HiZ drive
v0x7f945ef78f90_0 .net "E", 0 0, o0x7f9460846a18;  0 drivers
v0x7f945ef79020_0 .var "Q", 0 0;
o0x7f9460846a78 .functor BUFZ 1, C4<z>; HiZ drive
v0x7f945ef790c0_0 .net "S", 0 0, o0x7f9460846a78;  0 drivers
E_0x7f945ef153e0/0 .event negedge, v0x7f945ef78e40_0;
E_0x7f945ef153e0/1 .event posedge, v0x7f945ef790c0_0;
E_0x7f945ef153e0 .event/or E_0x7f945ef153e0/0, E_0x7f945ef153e0/1;
S_0x7f945ed14b70 .scope module, "SB_DFFNESR" "SB_DFFNESR" 2 1203;
 .timescale -12 -12;
    .port_info 0 /OUTPUT 1 "Q";
    .port_info 1 /INPUT 1 "C";
    .port_info 2 /INPUT 1 "E";
    .port_info 3 /INPUT 1 "R";
    .port_info 4 /INPUT 1 "D";
o0x7f9460846b98 .functor BUFZ 1, C4<z>; HiZ drive
v0x7f945ef2d8b0_0 .net "C", 0 0, o0x7f9460846b98;  0 drivers
o0x7f9460846bc8 .functor BUFZ 1, C4<z>; HiZ drive
v0x7f945ef2d960_0 .net "D", 0 0, o0x7f9460846bc8;  0 drivers
o0x7f9460846bf8 .functor BUFZ 1, C4<z>; HiZ drive
v0x7f945ef2da00_0 .net "E", 0 0, o0x7f9460846bf8;  0 drivers
v0x7f945ef2da90_0 .var "Q", 0 0;
o0x7f9460846c58 .functor BUFZ 1, C4<z>; HiZ drive
v0x7f945ef1a6b0_0 .net "R", 0 0, o0x7f9460846c58;  0 drivers
E_0x7f945ef2d850 .event negedge, v0x7f945ef2d8b0_0;
S_0x7f945ed14ce0 .scope module, "SB_DFFNESS" "SB_DFFNESS" 2 1344;
 .timescale -12 -12;
    .port_info 0 /OUTPUT 1 "Q";
    .port_info 1 /INPUT 1 "C";
    .port_info 2 /INPUT 1 "E";
    .port_info 3 /INPUT 1 "S";
    .port_info 4 /INPUT 1 "D";
o0x7f9460846d78 .functor BUFZ 1, C4<z>; HiZ drive
v0x7f945ef1a830_0 .net "C", 0 0, o0x7f9460846d78;  0 drivers
o0x7f9460846da8 .functor BUFZ 1, C4<z>; HiZ drive
v0x7f945ef1a8e0_0 .net "D", 0 0, o0x7f9460846da8;  0 drivers
o0x7f9460846dd8 .functor BUFZ 1, C4<z>; HiZ drive
v0x7f945ef1a980_0 .net "E", 0 0, o0x7f9460846dd8;  0 drivers
v0x7f945ef180e0_0 .var "Q", 0 0;
o0x7f9460846e38 .functor BUFZ 1, C4<z>; HiZ drive
v0x7f945ef18170_0 .net "S", 0 0, o0x7f9460846e38;  0 drivers
E_0x7f945ef1a7d0 .event negedge, v0x7f945ef1a830_0;
S_0x7f945ed0b9d0 .scope module, "SB_DFFNR" "SB_DFFNR" 2 1011;
 .timescale -12 -12;
    .port_info 0 /OUTPUT 1 "Q";
    .port_info 1 /INPUT 1 "C";
    .port_info 2 /INPUT 1 "R";
    .port_info 3 /INPUT 1 "D";
o0x7f9460846f58 .functor BUFZ 1, C4<z>; HiZ drive
v0x7f945ef18310_0 .net "C", 0 0, o0x7f9460846f58;  0 drivers
o0x7f9460846f88 .functor BUFZ 1, C4<z>; HiZ drive
v0x7f945ef183c0_0 .net "D", 0 0, o0x7f9460846f88;  0 drivers
v0x7f945ef16f90_0 .var "Q", 0 0;
o0x7f9460846fe8 .functor BUFZ 1, C4<z>; HiZ drive
v0x7f945ef17020_0 .net "R", 0 0, o0x7f9460846fe8;  0 drivers
E_0x7f945ef182b0/0 .event negedge, v0x7f945ef18310_0;
E_0x7f945ef182b0/1 .event posedge, v0x7f945ef17020_0;
E_0x7f945ef182b0 .event/or E_0x7f945ef182b0/0, E_0x7f945ef182b0/1;
S_0x7f945ed0bb40 .scope module, "SB_DFFNS" "SB_DFFNS" 2 1132;
 .timescale -12 -12;
    .port_info 0 /OUTPUT 1 "Q";
    .port_info 1 /INPUT 1 "C";
    .port_info 2 /INPUT 1 "S";
    .port_info 3 /INPUT 1 "D";
o0x7f94608470d8 .functor BUFZ 1, C4<z>; HiZ drive
v0x7f945ef17170_0 .net "C", 0 0, o0x7f94608470d8;  0 drivers
o0x7f9460847108 .functor BUFZ 1, C4<z>; HiZ drive
v0x7f945ef17220_0 .net "D", 0 0, o0x7f9460847108;  0 drivers
v0x7f945ef26d20_0 .var "Q", 0 0;
o0x7f9460847168 .functor BUFZ 1, C4<z>; HiZ drive
v0x7f945ef26db0_0 .net "S", 0 0, o0x7f9460847168;  0 drivers
E_0x7f945ef17110/0 .event negedge, v0x7f945ef17170_0;
E_0x7f945ef17110/1 .event posedge, v0x7f945ef26db0_0;
E_0x7f945ef17110 .event/or E_0x7f945ef17110/0, E_0x7f945ef17110/1;
S_0x7f945ed3b140 .scope module, "SB_DFFNSR" "SB_DFFNSR" 2 961;
 .timescale -12 -12;
    .port_info 0 /OUTPUT 1 "Q";
    .port_info 1 /INPUT 1 "C";
    .port_info 2 /INPUT 1 "R";
    .port_info 3 /INPUT 1 "D";
o0x7f9460847258 .functor BUFZ 1, C4<z>; HiZ drive
v0x7f945ef26ed0_0 .net "C", 0 0, o0x7f9460847258;  0 drivers
o0x7f9460847288 .functor BUFZ 1, C4<z>; HiZ drive
v0x7f945ef26f80_0 .net "D", 0 0, o0x7f9460847288;  0 drivers
v0x7f945ef27020_0 .var "Q", 0 0;
o0x7f94608472e8 .functor BUFZ 1, C4<z>; HiZ drive
v0x7f945ef24770_0 .net "R", 0 0, o0x7f94608472e8;  0 drivers
E_0x7f945ef26e70 .event negedge, v0x7f945ef26ed0_0;
S_0x7f945ed3b2b0 .scope module, "SB_DFFNSS" "SB_DFFNSS" 2 1082;
 .timescale -12 -12;
    .port_info 0 /OUTPUT 1 "Q";
    .port_info 1 /INPUT 1 "C";
    .port_info 2 /INPUT 1 "S";
    .port_info 3 /INPUT 1 "D";
o0x7f94608473d8 .functor BUFZ 1, C4<z>; HiZ drive
v0x7f945ef248d0_0 .net "C", 0 0, o0x7f94608473d8;  0 drivers
o0x7f9460847408 .functor BUFZ 1, C4<z>; HiZ drive
v0x7f945ef24980_0 .net "D", 0 0, o0x7f9460847408;  0 drivers
v0x7f945ef24a20_0 .var "Q", 0 0;
o0x7f9460847468 .functor BUFZ 1, C4<z>; HiZ drive
v0x7f945ef23600_0 .net "S", 0 0, o0x7f9460847468;  0 drivers
E_0x7f945ef24870 .event negedge, v0x7f945ef248d0_0;
S_0x7f945ed46ab0 .scope module, "SB_DFFR" "SB_DFFR" 2 400;
 .timescale -12 -12;
    .port_info 0 /OUTPUT 1 "Q";
    .port_info 1 /INPUT 1 "C";
    .port_info 2 /INPUT 1 "R";
    .port_info 3 /INPUT 1 "D";
o0x7f9460847558 .functor BUFZ 1, C4<z>; HiZ drive
v0x7f945ef23750_0 .net "C", 0 0, o0x7f9460847558;  0 drivers
o0x7f9460847588 .functor BUFZ 1, C4<z>; HiZ drive
v0x7f945ef23800_0 .net "D", 0 0, o0x7f9460847588;  0 drivers
v0x7f945ef238a0_0 .var "Q", 0 0;
o0x7f94608475e8 .functor BUFZ 1, C4<z>; HiZ drive
v0x7f945ef2c060_0 .net "R", 0 0, o0x7f94608475e8;  0 drivers
E_0x7f945ef236f0 .event posedge, v0x7f945ef2c060_0, v0x7f945ef23750_0;
S_0x7f945ed46c20 .scope module, "SB_DFFS" "SB_DFFS" 2 521;
 .timescale -12 -12;
    .port_info 0 /OUTPUT 1 "Q";
    .port_info 1 /INPUT 1 "C";
    .port_info 2 /INPUT 1 "S";
    .port_info 3 /INPUT 1 "D";
o0x7f94608476d8 .functor BUFZ 1, C4<z>; HiZ drive
v0x7f945ef2c180_0 .net "C", 0 0, o0x7f94608476d8;  0 drivers
o0x7f9460847708 .functor BUFZ 1, C4<z>; HiZ drive
v0x7f945ef2c230_0 .net "D", 0 0, o0x7f9460847708;  0 drivers
v0x7f945ef2c2d0_0 .var "Q", 0 0;
o0x7f9460847768 .functor BUFZ 1, C4<z>; HiZ drive
v0x7f945ef2aa70_0 .net "S", 0 0, o0x7f9460847768;  0 drivers
E_0x7f945ef2c120 .event posedge, v0x7f945ef2aa70_0, v0x7f945ef2c180_0;
S_0x7f945ed084e0 .scope module, "SB_DFFSR" "SB_DFFSR" 2 350;
 .timescale -12 -12;
    .port_info 0 /OUTPUT 1 "Q";
    .port_info 1 /INPUT 1 "C";
    .port_info 2 /INPUT 1 "R";
    .port_info 3 /INPUT 1 "D";
o0x7f9460847858 .functor BUFZ 1, C4<z>; HiZ drive
v0x7f945ef2ab60_0 .net "C", 0 0, o0x7f9460847858;  0 drivers
o0x7f9460847888 .functor BUFZ 1, C4<z>; HiZ drive
v0x7f945ef2ac10_0 .net "D", 0 0, o0x7f9460847888;  0 drivers
v0x7f945ef2acb0_0 .var "Q", 0 0;
o0x7f94608478e8 .functor BUFZ 1, C4<z>; HiZ drive
v0x7f945ef2ad60_0 .net "R", 0 0, o0x7f94608478e8;  0 drivers
E_0x7f945ef2ab00 .event posedge, v0x7f945ef2ab60_0;
S_0x7f945ed08650 .scope module, "SB_DFFSS" "SB_DFFSS" 2 471;
 .timescale -12 -12;
    .port_info 0 /OUTPUT 1 "Q";
    .port_info 1 /INPUT 1 "C";
    .port_info 2 /INPUT 1 "S";
    .port_info 3 /INPUT 1 "D";
o0x7f94608479d8 .functor BUFZ 1, C4<z>; HiZ drive
v0x7f945ef293b0_0 .net "C", 0 0, o0x7f94608479d8;  0 drivers
o0x7f9460847a08 .functor BUFZ 1, C4<z>; HiZ drive
v0x7f945ef29460_0 .net "D", 0 0, o0x7f9460847a08;  0 drivers
v0x7f945ef29500_0 .var "Q", 0 0;
o0x7f9460847a68 .functor BUFZ 1, C4<z>; HiZ drive
v0x7f945ef295b0_0 .net "S", 0 0, o0x7f9460847a68;  0 drivers
E_0x7f945ef29350 .event posedge, v0x7f945ef293b0_0;
S_0x7f945ed087c0 .scope module, "SB_FILTER_50NS" "SB_FILTER_50NS" 2 2856;
 .timescale -12 -12;
    .port_info 0 /INPUT 1 "FILTERIN";
    .port_info 1 /OUTPUT 1 "FILTEROUT";
o0x7f9460847b58 .functor BUFZ 1, C4<z>; HiZ drive
v0x7f945ef22790_0 .net "FILTERIN", 0 0, o0x7f9460847b58;  0 drivers
o0x7f9460847b88 .functor BUFZ 1, C4<z>; HiZ drive
v0x7f945ef22840_0 .net "FILTEROUT", 0 0, o0x7f9460847b88;  0 drivers
S_0x7f945ed0b1e0 .scope module, "SB_GB" "SB_GB" 2 162;
 .timescale -12 -12;
    .port_info 0 /INPUT 1 "USER_SIGNAL_TO_GLOBAL_BUFFER";
    .port_info 1 /OUTPUT 1 "GLOBAL_BUFFER_OUTPUT";
o0x7f9460847c48 .functor BUFZ 1, C4<z>; HiZ drive
L_0x7f9460955d00 .functor BUFZ 1, o0x7f9460847c48, C4<0>, C4<0>, C4<0>;
v0x7f945ef22910_0 .net "GLOBAL_BUFFER_OUTPUT", 0 0, L_0x7f9460955d00;  1 drivers
v0x7f945ef229c0_0 .net "USER_SIGNAL_TO_GLOBAL_BUFFER", 0 0, o0x7f9460847c48;  0 drivers
S_0x7f945ed0b350 .scope module, "SB_GB_IO" "SB_GB_IO" 2 123;
 .timescale -12 -12;
    .port_info 0 /INOUT 1 "PACKAGE_PIN";
    .port_info 1 /OUTPUT 1 "GLOBAL_BUFFER_OUTPUT";
    .port_info 2 /INPUT 1 "LATCH_INPUT_VALUE";
    .port_info 3 /INPUT 1 "CLOCK_ENABLE";
    .port_info 4 /INPUT 1 "INPUT_CLK";
    .port_info 5 /INPUT 1 "OUTPUT_CLK";
    .port_info 6 /INPUT 1 "OUTPUT_ENABLE";
    .port_info 7 /INPUT 1 "D_OUT_0";
    .port_info 8 /INPUT 1 "D_OUT_1";
    .port_info 9 /OUTPUT 1 "D_IN_0";
    .port_info 10 /OUTPUT 1 "D_IN_1";
P_0x7f945ed08930 .param/str "IO_STANDARD" 0 2 139, "SB_LVCMOS";
P_0x7f945ed08970 .param/l "NEG_TRIGGER" 0 2 138, C4<0>;
P_0x7f945ed089b0 .param/l "PIN_TYPE" 0 2 136, C4<000000>;
P_0x7f945ed089f0 .param/l "PULLUP" 0 2 137, C4<0>;
o0x7f9460847e88 .functor BUFZ 1, C4<z>; HiZ drive
L_0x7f9460955d70 .functor BUFZ 1, o0x7f9460847e88, C4<0>, C4<0>, C4<0>;
o0x7f9460847cd8 .functor BUFZ 1, C4<z>; HiZ drive
v0x7f946092f930_0 .net "CLOCK_ENABLE", 0 0, o0x7f9460847cd8;  0 drivers
v0x7f946092f9c0_0 .net "D_IN_0", 0 0, L_0x7f9460955fb0;  1 drivers
v0x7f946092fa50_0 .net "D_IN_1", 0 0, L_0x7f9460956060;  1 drivers
o0x7f9460847d68 .functor BUFZ 1, C4<z>; HiZ drive
v0x7f946092fae0_0 .net "D_OUT_0", 0 0, o0x7f9460847d68;  0 drivers
o0x7f9460847d98 .functor BUFZ 1, C4<z>; HiZ drive
v0x7f946092fb70_0 .net "D_OUT_1", 0 0, o0x7f9460847d98;  0 drivers
v0x7f946092fc40_0 .net "GLOBAL_BUFFER_OUTPUT", 0 0, L_0x7f9460955d70;  1 drivers
o0x7f9460847dc8 .functor BUFZ 1, C4<z>; HiZ drive
v0x7f946092fcd0_0 .net "INPUT_CLK", 0 0, o0x7f9460847dc8;  0 drivers
o0x7f9460847df8 .functor BUFZ 1, C4<z>; HiZ drive
v0x7f946092fd60_0 .net "LATCH_INPUT_VALUE", 0 0, o0x7f9460847df8;  0 drivers
o0x7f9460847e28 .functor BUFZ 1, C4<z>; HiZ drive
v0x7f946092fdf0_0 .net "OUTPUT_CLK", 0 0, o0x7f9460847e28;  0 drivers
o0x7f9460847e58 .functor BUFZ 1, C4<z>; HiZ drive
v0x7f946092ff00_0 .net "OUTPUT_ENABLE", 0 0, o0x7f9460847e58;  0 drivers
v0x7f946092ff90_0 .net "PACKAGE_PIN", 0 0, o0x7f9460847e88;  0 drivers
S_0x7f945ef21170 .scope module, "IO" "SB_IO" 2 148, 2 17 0, S_0x7f945ed0b350;
 .timescale -12 -12;
    .port_info 0 /INOUT 1 "PACKAGE_PIN";
    .port_info 1 /INPUT 1 "LATCH_INPUT_VALUE";
    .port_info 2 /INPUT 1 "CLOCK_ENABLE";
    .port_info 3 /INPUT 1 "INPUT_CLK";
    .port_info 4 /INPUT 1 "OUTPUT_CLK";
    .port_info 5 /INPUT 1 "OUTPUT_ENABLE";
    .port_info 6 /INPUT 1 "D_OUT_0";
    .port_info 7 /INPUT 1 "D_OUT_1";
    .port_info 8 /OUTPUT 1 "D_IN_0";
    .port_info 9 /OUTPUT 1 "D_IN_1";
P_0x7f945ef212e0 .param/str "IO_STANDARD" 0 2 32, "SB_LVCMOS";
P_0x7f945ef21320 .param/l "NEG_TRIGGER" 0 2 31, C4<0>;
P_0x7f945ef21360 .param/l "PIN_TYPE" 0 2 29, C4<000000>;
P_0x7f945ef213a0 .param/l "PULLUP" 0 2 30, C4<0>;
L_0x7f9460955f00 .functor OR 1, o0x7f9460847cd8, L_0x7f9460955e20, C4<0>, C4<0>;
L_0x7f9460955fb0 .functor BUFZ 1, v0x7f946092f150_0, C4<0>, C4<0>, C4<0>;
L_0x7f9460956060 .functor BUFZ 1, v0x7f946092f1e0_0, C4<0>, C4<0>, C4<0>;
v0x7f945ef1e6c0_0 .net "CLOCK_ENABLE", 0 0, o0x7f9460847cd8;  alias, 0 drivers
v0x7f945ef1cc80_0 .net "D_IN_0", 0 0, L_0x7f9460955fb0;  alias, 1 drivers
v0x7f945ef1cd10_0 .net "D_IN_1", 0 0, L_0x7f9460956060;  alias, 1 drivers
v0x7f945ef1cdc0_0 .net "D_OUT_0", 0 0, o0x7f9460847d68;  alias, 0 drivers
v0x7f945ef1ce50_0 .net "D_OUT_1", 0 0, o0x7f9460847d98;  alias, 0 drivers
v0x7f945ef1cf30_0 .net "INPUT_CLK", 0 0, o0x7f9460847dc8;  alias, 0 drivers
v0x7f945ef7c800_0 .net "LATCH_INPUT_VALUE", 0 0, o0x7f9460847df8;  alias, 0 drivers
v0x7f945ef7c890_0 .net "OUTPUT_CLK", 0 0, o0x7f9460847e28;  alias, 0 drivers
v0x7f945ef7c920_0 .net "OUTPUT_ENABLE", 0 0, o0x7f9460847e58;  alias, 0 drivers
v0x7f945ef7ca30_0 .net "PACKAGE_PIN", 0 0, o0x7f9460847e88;  alias, 0 drivers
o0x7f9460847eb8 .functor BUFZ 1, C4<z>; HiZ drive
; Elide local net with no drivers, v0x7f945ef7cac0_0 name=_ivl_0
v0x7f946092ef10_0 .net *"_ivl_2", 0 0, L_0x7f9460955e20;  1 drivers
v0x7f946092efa0_0 .net "clken_pulled", 0 0, L_0x7f9460955f00;  1 drivers
v0x7f946092f030_0 .var "clken_pulled_ri", 0 0;
v0x7f946092f0c0_0 .var "clken_pulled_ro", 0 0;
v0x7f946092f150_0 .var "din_0", 0 0;
v0x7f946092f1e0_0 .var "din_1", 0 0;
v0x7f946092f370_0 .var "din_q_0", 0 0;
v0x7f946092f400_0 .var "din_q_1", 0 0;
v0x7f946092f490_0 .var "dout", 0 0;
v0x7f946092f520_0 .var "dout_q_0", 0 0;
v0x7f946092f5c0_0 .var "dout_q_1", 0 0;
v0x7f946092f660_0 .var "outclk_delayed_1", 0 0;
v0x7f946092f700_0 .var "outclk_delayed_2", 0 0;
v0x7f946092f7a0_0 .var "outena_q", 0 0;
E_0x7f945ef1fbd0 .event anyedge, v0x7f946092f700_0, v0x7f946092f520_0, v0x7f946092f5c0_0;
E_0x7f945ef1fc10 .event anyedge, v0x7f946092f660_0;
E_0x7f945ef1fc60 .event anyedge, v0x7f945ef7c890_0;
E_0x7f945ef1fcc0 .event anyedge, v0x7f946092f370_0, v0x7f946092f400_0;
L_0x7f9460955e20 .cmp/eeq 1, o0x7f9460847cd8, o0x7f9460847eb8;
S_0x7f945ef1e400 .scope generate, "genblk1" "genblk1" 2 45, 2 45 0, S_0x7f945ef21170;
 .timescale -12 -12;
E_0x7f945ef1e570 .event posedge, v0x7f945ef7c890_0;
E_0x7f945ef1e5c0 .event negedge, v0x7f945ef7c890_0;
E_0x7f945ef1e610 .event negedge, v0x7f945ef1cf30_0;
E_0x7f945ef1e670 .event posedge, v0x7f945ef1cf30_0;
S_0x7f945ed47110 .scope module, "SB_HFOSC" "SB_HFOSC" 2 2664;
 .timescale -12 -12;
    .port_info 0 /INPUT 1 "TRIM0";
    .port_info 1 /INPUT 1 "TRIM1";
    .port_info 2 /INPUT 1 "TRIM2";
    .port_info 3 /INPUT 1 "TRIM3";
    .port_info 4 /INPUT 1 "TRIM4";
    .port_info 5 /INPUT 1 "TRIM5";
    .port_info 6 /INPUT 1 "TRIM6";
    .port_info 7 /INPUT 1 "TRIM7";
    .port_info 8 /INPUT 1 "TRIM8";
    .port_info 9 /INPUT 1 "TRIM9";
    .port_info 10 /INPUT 1 "CLKHFPU";
    .port_info 11 /INPUT 1 "CLKHFEN";
    .port_info 12 /OUTPUT 1 "CLKHF";
P_0x7f945ed45740 .param/str "CLKHF_DIV" 0 2 2680, "0b00";
P_0x7f945ed45780 .param/str "TRIM_EN" 0 2 2679, "0b0";
o0x7f94608485a8 .functor BUFZ 1, C4<z>; HiZ drive
v0x7f94609300d0_0 .net "CLKHF", 0 0, o0x7f94608485a8;  0 drivers
o0x7f94608485d8 .functor BUFZ 1, C4<z>; HiZ drive
v0x7f9460930180_0 .net "CLKHFEN", 0 0, o0x7f94608485d8;  0 drivers
o0x7f9460848608 .functor BUFZ 1, C4<z>; HiZ drive
v0x7f9460930220_0 .net "CLKHFPU", 0 0, o0x7f9460848608;  0 drivers
o0x7f9460848638 .functor BUFZ 1, C4<z>; HiZ drive
v0x7f94609302d0_0 .net "TRIM0", 0 0, o0x7f9460848638;  0 drivers
o0x7f9460848668 .functor BUFZ 1, C4<z>; HiZ drive
v0x7f9460930370_0 .net "TRIM1", 0 0, o0x7f9460848668;  0 drivers
o0x7f9460848698 .functor BUFZ 1, C4<z>; HiZ drive
v0x7f9460930450_0 .net "TRIM2", 0 0, o0x7f9460848698;  0 drivers
o0x7f94608486c8 .functor BUFZ 1, C4<z>; HiZ drive
v0x7f94609304f0_0 .net "TRIM3", 0 0, o0x7f94608486c8;  0 drivers
o0x7f94608486f8 .functor BUFZ 1, C4<z>; HiZ drive
v0x7f9460930590_0 .net "TRIM4", 0 0, o0x7f94608486f8;  0 drivers
o0x7f9460848728 .functor BUFZ 1, C4<z>; HiZ drive
v0x7f9460930630_0 .net "TRIM5", 0 0, o0x7f9460848728;  0 drivers
o0x7f9460848758 .functor BUFZ 1, C4<z>; HiZ drive
v0x7f9460930740_0 .net "TRIM6", 0 0, o0x7f9460848758;  0 drivers
o0x7f9460848788 .functor BUFZ 1, C4<z>; HiZ drive
v0x7f94609307d0_0 .net "TRIM7", 0 0, o0x7f9460848788;  0 drivers
o0x7f94608487b8 .functor BUFZ 1, C4<z>; HiZ drive
v0x7f9460930870_0 .net "TRIM8", 0 0, o0x7f94608487b8;  0 drivers
o0x7f94608487e8 .functor BUFZ 1, C4<z>; HiZ drive
v0x7f9460930910_0 .net "TRIM9", 0 0, o0x7f94608487e8;  0 drivers
S_0x7f945ed47420 .scope module, "SB_I2C" "SB_I2C" 2 2733;
 .timescale -12 -12;
    .port_info 0 /INPUT 1 "SBCLKI";
    .port_info 1 /INPUT 1 "SBRWI";
    .port_info 2 /INPUT 1 "SBSTBI";
    .port_info 3 /INPUT 1 "SBADRI7";
    .port_info 4 /INPUT 1 "SBADRI6";
    .port_info 5 /INPUT 1 "SBADRI5";
    .port_info 6 /INPUT 1 "SBADRI4";
    .port_info 7 /INPUT 1 "SBADRI3";
    .port_info 8 /INPUT 1 "SBADRI2";
    .port_info 9 /INPUT 1 "SBADRI1";
    .port_info 10 /INPUT 1 "SBADRI0";
    .port_info 11 /INPUT 1 "SBDATI7";
    .port_info 12 /INPUT 1 "SBDATI6";
    .port_info 13 /INPUT 1 "SBDATI5";
    .port_info 14 /INPUT 1 "SBDATI4";
    .port_info 15 /INPUT 1 "SBDATI3";
    .port_info 16 /INPUT 1 "SBDATI2";
    .port_info 17 /INPUT 1 "SBDATI1";
    .port_info 18 /INPUT 1 "SBDATI0";
    .port_info 19 /INPUT 1 "SCLI";
    .port_info 20 /INPUT 1 "SDAI";
    .port_info 21 /OUTPUT 1 "SBDATO7";
    .port_info 22 /OUTPUT 1 "SBDATO6";
    .port_info 23 /OUTPUT 1 "SBDATO5";
    .port_info 24 /OUTPUT 1 "SBDATO4";
    .port_info 25 /OUTPUT 1 "SBDATO3";
    .port_info 26 /OUTPUT 1 "SBDATO2";
    .port_info 27 /OUTPUT 1 "SBDATO1";
    .port_info 28 /OUTPUT 1 "SBDATO0";
    .port_info 29 /OUTPUT 1 "SBACKO";
    .port_info 30 /OUTPUT 1 "I2CIRQ";
    .port_info 31 /OUTPUT 1 "I2CWKUP";
    .port_info 32 /OUTPUT 1 "SCLO";
    .port_info 33 /OUTPUT 1 "SCLOE";
    .port_info 34 /OUTPUT 1 "SDAO";
    .port_info 35 /OUTPUT 1 "SDAOE";
P_0x7f945ed45940 .param/str "BUS_ADDR74" 0 2 2772, "0b0001";
P_0x7f945ed45980 .param/str "I2C_SLAVE_INIT_ADDR" 0 2 2771, "0b1111100001";
o0x7f9460848a88 .functor BUFZ 1, C4<z>; HiZ drive
v0x7f9460930af0_0 .net "I2CIRQ", 0 0, o0x7f9460848a88;  0 drivers
o0x7f9460848ab8 .functor BUFZ 1, C4<z>; HiZ drive
v0x7f9460930ba0_0 .net "I2CWKUP", 0 0, o0x7f9460848ab8;  0 drivers
o0x7f9460848ae8 .functor BUFZ 1, C4<z>; HiZ drive
v0x7f9460930c40_0 .net "SBACKO", 0 0, o0x7f9460848ae8;  0 drivers
o0x7f9460848b18 .functor BUFZ 1, C4<z>; HiZ drive
v0x7f9460930cd0_0 .net "SBADRI0", 0 0, o0x7f9460848b18;  0 drivers
o0x7f9460848b48 .functor BUFZ 1, C4<z>; HiZ drive
v0x7f9460930d60_0 .net "SBADRI1", 0 0, o0x7f9460848b48;  0 drivers
o0x7f9460848b78 .functor BUFZ 1, C4<z>; HiZ drive
v0x7f9460930e30_0 .net "SBADRI2", 0 0, o0x7f9460848b78;  0 drivers
o0x7f9460848ba8 .functor BUFZ 1, C4<z>; HiZ drive
v0x7f9460930ed0_0 .net "SBADRI3", 0 0, o0x7f9460848ba8;  0 drivers
o0x7f9460848bd8 .functor BUFZ 1, C4<z>; HiZ drive
v0x7f9460930f70_0 .net "SBADRI4", 0 0, o0x7f9460848bd8;  0 drivers
o0x7f9460848c08 .functor BUFZ 1, C4<z>; HiZ drive
v0x7f9460931010_0 .net "SBADRI5", 0 0, o0x7f9460848c08;  0 drivers
o0x7f9460848c38 .functor BUFZ 1, C4<z>; HiZ drive
v0x7f9460931120_0 .net "SBADRI6", 0 0, o0x7f9460848c38;  0 drivers
o0x7f9460848c68 .functor BUFZ 1, C4<z>; HiZ drive
v0x7f94609311b0_0 .net "SBADRI7", 0 0, o0x7f9460848c68;  0 drivers
o0x7f9460848c98 .functor BUFZ 1, C4<z>; HiZ drive
v0x7f9460931250_0 .net "SBCLKI", 0 0, o0x7f9460848c98;  0 drivers
o0x7f9460848cc8 .functor BUFZ 1, C4<z>; HiZ drive
v0x7f94609312f0_0 .net "SBDATI0", 0 0, o0x7f9460848cc8;  0 drivers
o0x7f9460848cf8 .functor BUFZ 1, C4<z>; HiZ drive
v0x7f9460931390_0 .net "SBDATI1", 0 0, o0x7f9460848cf8;  0 drivers
o0x7f9460848d28 .functor BUFZ 1, C4<z>; HiZ drive
v0x7f9460931430_0 .net "SBDATI2", 0 0, o0x7f9460848d28;  0 drivers
o0x7f9460848d58 .functor BUFZ 1, C4<z>; HiZ drive
v0x7f94609314d0_0 .net "SBDATI3", 0 0, o0x7f9460848d58;  0 drivers
o0x7f9460848d88 .functor BUFZ 1, C4<z>; HiZ drive
v0x7f9460931570_0 .net "SBDATI4", 0 0, o0x7f9460848d88;  0 drivers
o0x7f9460848db8 .functor BUFZ 1, C4<z>; HiZ drive
v0x7f9460931700_0 .net "SBDATI5", 0 0, o0x7f9460848db8;  0 drivers
o0x7f9460848de8 .functor BUFZ 1, C4<z>; HiZ drive
v0x7f9460931790_0 .net "SBDATI6", 0 0, o0x7f9460848de8;  0 drivers
o0x7f9460848e18 .functor BUFZ 1, C4<z>; HiZ drive
v0x7f9460931820_0 .net "SBDATI7", 0 0, o0x7f9460848e18;  0 drivers
o0x7f9460848e48 .functor BUFZ 1, C4<z>; HiZ drive
v0x7f94609318b0_0 .net "SBDATO0", 0 0, o0x7f9460848e48;  0 drivers
o0x7f9460848e78 .functor BUFZ 1, C4<z>; HiZ drive
v0x7f9460931950_0 .net "SBDATO1", 0 0, o0x7f9460848e78;  0 drivers
o0x7f9460848ea8 .functor BUFZ 1, C4<z>; HiZ drive
v0x7f94609319f0_0 .net "SBDATO2", 0 0, o0x7f9460848ea8;  0 drivers
o0x7f9460848ed8 .functor BUFZ 1, C4<z>; HiZ drive
v0x7f9460931a90_0 .net "SBDATO3", 0 0, o0x7f9460848ed8;  0 drivers
o0x7f9460848f08 .functor BUFZ 1, C4<z>; HiZ drive
v0x7f9460931b30_0 .net "SBDATO4", 0 0, o0x7f9460848f08;  0 drivers
o0x7f9460848f38 .functor BUFZ 1, C4<z>; HiZ drive
v0x7f9460931bd0_0 .net "SBDATO5", 0 0, o0x7f9460848f38;  0 drivers
o0x7f9460848f68 .functor BUFZ 1, C4<z>; HiZ drive
v0x7f9460931c70_0 .net "SBDATO6", 0 0, o0x7f9460848f68;  0 drivers
o0x7f9460848f98 .functor BUFZ 1, C4<z>; HiZ drive
v0x7f9460931d10_0 .net "SBDATO7", 0 0, o0x7f9460848f98;  0 drivers
o0x7f9460848fc8 .functor BUFZ 1, C4<z>; HiZ drive
v0x7f9460931db0_0 .net "SBRWI", 0 0, o0x7f9460848fc8;  0 drivers
o0x7f9460848ff8 .functor BUFZ 1, C4<z>; HiZ drive
v0x7f9460931e50_0 .net "SBSTBI", 0 0, o0x7f9460848ff8;  0 drivers
o0x7f9460849028 .functor BUFZ 1, C4<z>; HiZ drive
v0x7f9460931ef0_0 .net "SCLI", 0 0, o0x7f9460849028;  0 drivers
o0x7f9460849058 .functor BUFZ 1, C4<z>; HiZ drive
v0x7f9460931f90_0 .net "SCLO", 0 0, o0x7f9460849058;  0 drivers
o0x7f9460849088 .functor BUFZ 1, C4<z>; HiZ drive
v0x7f9460932030_0 .net "SCLOE", 0 0, o0x7f9460849088;  0 drivers
o0x7f94608490b8 .functor BUFZ 1, C4<z>; HiZ drive
v0x7f9460931610_0 .net "SDAI", 0 0, o0x7f94608490b8;  0 drivers
o0x7f94608490e8 .functor BUFZ 1, C4<z>; HiZ drive
v0x7f94609322c0_0 .net "SDAO", 0 0, o0x7f94608490e8;  0 drivers
o0x7f9460849118 .functor BUFZ 1, C4<z>; HiZ drive
v0x7f9460932350_0 .net "SDAOE", 0 0, o0x7f9460849118;  0 drivers
S_0x7f945ed476b0 .scope module, "SB_IO_I3C" "SB_IO_I3C" 2 2862;
 .timescale -12 -12;
    .port_info 0 /INOUT 1 "PACKAGE_PIN";
    .port_info 1 /INPUT 1 "LATCH_INPUT_VALUE";
    .port_info 2 /INPUT 1 "CLOCK_ENABLE";
    .port_info 3 /INPUT 1 "INPUT_CLK";
    .port_info 4 /INPUT 1 "OUTPUT_CLK";
    .port_info 5 /INPUT 1 "OUTPUT_ENABLE";
    .port_info 6 /INPUT 1 "D_OUT_0";
    .port_info 7 /INPUT 1 "D_OUT_1";
    .port_info 8 /OUTPUT 1 "D_IN_0";
    .port_info 9 /OUTPUT 1 "D_IN_1";
    .port_info 10 /INPUT 1 "PU_ENB";
    .port_info 11 /INPUT 1 "WEAK_PU_ENB";
P_0x7f945ed47820 .param/str "IO_STANDARD" 0 2 2880, "SB_LVCMOS";
P_0x7f945ed47860 .param/l "NEG_TRIGGER" 0 2 2879, C4<0>;
P_0x7f945ed478a0 .param/l "PIN_TYPE" 0 2 2876, C4<000000>;
P_0x7f945ed478e0 .param/l "PULLUP" 0 2 2877, C4<0>;
P_0x7f945ed47920 .param/l "WEAK_PULLUP" 0 2 2878, C4<0>;
L_0x7f9460956110 .functor BUFZ 1, v0x7f9460933370_0, C4<0>, C4<0>, C4<0>;
L_0x7f9460956180 .functor BUFZ 1, v0x7f9460933410_0, C4<0>, C4<0>, C4<0>;
o0x7f9460849808 .functor BUFZ 1, C4<z>; HiZ drive
v0x7f9460932b30_0 .net "CLOCK_ENABLE", 0 0, o0x7f9460849808;  0 drivers
v0x7f9460932be0_0 .net "D_IN_0", 0 0, L_0x7f9460956110;  1 drivers
v0x7f9460932c80_0 .net "D_IN_1", 0 0, L_0x7f9460956180;  1 drivers
o0x7f9460849898 .functor BUFZ 1, C4<z>; HiZ drive
v0x7f9460932d30_0 .net "D_OUT_0", 0 0, o0x7f9460849898;  0 drivers
o0x7f94608498c8 .functor BUFZ 1, C4<z>; HiZ drive
v0x7f9460932dd0_0 .net "D_OUT_1", 0 0, o0x7f94608498c8;  0 drivers
o0x7f94608498f8 .functor BUFZ 1, C4<z>; HiZ drive
v0x7f9460932eb0_0 .net "INPUT_CLK", 0 0, o0x7f94608498f8;  0 drivers
o0x7f9460849928 .functor BUFZ 1, C4<z>; HiZ drive
v0x7f9460932f50_0 .net "LATCH_INPUT_VALUE", 0 0, o0x7f9460849928;  0 drivers
o0x7f9460849958 .functor BUFZ 1, C4<z>; HiZ drive
v0x7f9460932ff0_0 .net "OUTPUT_CLK", 0 0, o0x7f9460849958;  0 drivers
o0x7f9460849988 .functor BUFZ 1, C4<z>; HiZ drive
v0x7f9460933090_0 .net "OUTPUT_ENABLE", 0 0, o0x7f9460849988;  0 drivers
o0x7f94608499b8 .functor BUFZ 1, C4<z>; HiZ drive
v0x7f94609331a0_0 .net "PACKAGE_PIN", 0 0, o0x7f94608499b8;  0 drivers
o0x7f94608499e8 .functor BUFZ 1, C4<z>; HiZ drive
v0x7f9460933230_0 .net "PU_ENB", 0 0, o0x7f94608499e8;  0 drivers
o0x7f9460849a18 .functor BUFZ 1, C4<z>; HiZ drive
v0x7f94609332d0_0 .net "WEAK_PU_ENB", 0 0, o0x7f9460849a18;  0 drivers
v0x7f9460933370_0 .var "din_0", 0 0;
v0x7f9460933410_0 .var "din_1", 0 0;
v0x7f94609334b0_0 .var "din_q_0", 0 0;
v0x7f9460933550_0 .var "din_q_1", 0 0;
v0x7f94609335f0_0 .var "dout", 0 0;
v0x7f9460933780_0 .var "dout_q_0", 0 0;
v0x7f9460933810_0 .var "dout_q_1", 0 0;
v0x7f94609338a0_0 .var "outclk_delayed_1", 0 0;
v0x7f9460933930_0 .var "outclk_delayed_2", 0 0;
v0x7f94609339d0_0 .var "outena_q", 0 0;
E_0x7f9460932710 .event anyedge, v0x7f9460933930_0, v0x7f9460933780_0, v0x7f9460933810_0;
E_0x7f9460932780 .event anyedge, v0x7f94609338a0_0;
E_0x7f94609327d0 .event anyedge, v0x7f9460932ff0_0;
E_0x7f94609310a0 .event anyedge, v0x7f94609334b0_0, v0x7f9460933550_0;
S_0x7f9460932830 .scope generate, "genblk1" "genblk1" 2 2888, 2 2888 0, S_0x7f945ed476b0;
 .timescale -12 -12;
E_0x7f94609329f0 .event posedge, v0x7f9460932ff0_0;
E_0x7f9460932a30 .event negedge, v0x7f9460932ff0_0;
E_0x7f9460932a80 .event negedge, v0x7f9460932eb0_0;
E_0x7f9460932ae0 .event posedge, v0x7f9460932eb0_0;
S_0x7f945ed47ae0 .scope module, "SB_IO_OD" "SB_IO_OD" 2 2931;
 .timescale -12 -12;
    .port_info 0 /INOUT 1 "PACKAGEPIN";
    .port_info 1 /INPUT 1 "LATCHINPUTVALUE";
    .port_info 2 /INPUT 1 "CLOCKENABLE";
    .port_info 3 /INPUT 1 "INPUTCLK";
    .port_info 4 /INPUT 1 "OUTPUTCLK";
    .port_info 5 /INPUT 1 "OUTPUTENABLE";
    .port_info 6 /INPUT 1 "DOUT1";
    .port_info 7 /INPUT 1 "DOUT0";
    .port_info 8 /OUTPUT 1 "DIN1";
    .port_info 9 /OUTPUT 1 "DIN0";
P_0x7f945ed45840 .param/l "NEG_TRIGGER" 0 2 2944, C4<0>;
P_0x7f945ed45880 .param/l "PIN_TYPE" 0 2 2943, C4<000000>;
L_0x7f94609561f0 .functor BUFZ 1, v0x7f94609346b0_0, C4<0>, C4<0>, C4<0>;
L_0x7f9460956260 .functor BUFZ 1, v0x7f9460934750_0, C4<0>, C4<0>, C4<0>;
o0x7f9460849e68 .functor BUFZ 1, C4<z>; HiZ drive
v0x7f9460933fb0_0 .net "CLOCKENABLE", 0 0, o0x7f9460849e68;  0 drivers
v0x7f9460934060_0 .net "DIN0", 0 0, L_0x7f94609561f0;  1 drivers
v0x7f9460934100_0 .net "DIN1", 0 0, L_0x7f9460956260;  1 drivers
o0x7f9460849ef8 .functor BUFZ 1, C4<z>; HiZ drive
v0x7f94609341b0_0 .net "DOUT0", 0 0, o0x7f9460849ef8;  0 drivers
o0x7f9460849f28 .functor BUFZ 1, C4<z>; HiZ drive
v0x7f9460934250_0 .net "DOUT1", 0 0, o0x7f9460849f28;  0 drivers
o0x7f9460849f58 .functor BUFZ 1, C4<z>; HiZ drive
v0x7f9460934330_0 .net "INPUTCLK", 0 0, o0x7f9460849f58;  0 drivers
o0x7f9460849f88 .functor BUFZ 1, C4<z>; HiZ drive
v0x7f94609343d0_0 .net "LATCHINPUTVALUE", 0 0, o0x7f9460849f88;  0 drivers
o0x7f9460849fb8 .functor BUFZ 1, C4<z>; HiZ drive
v0x7f9460934470_0 .net "OUTPUTCLK", 0 0, o0x7f9460849fb8;  0 drivers
o0x7f9460849fe8 .functor BUFZ 1, C4<z>; HiZ drive
v0x7f9460934510_0 .net "OUTPUTENABLE", 0 0, o0x7f9460849fe8;  0 drivers
o0x7f946084a018 .functor BUFZ 1, C4<z>; HiZ drive
v0x7f9460934620_0 .net "PACKAGEPIN", 0 0, o0x7f946084a018;  0 drivers
v0x7f94609346b0_0 .var "din_0", 0 0;
v0x7f9460934750_0 .var "din_1", 0 0;
v0x7f94609347f0_0 .var "din_q_0", 0 0;
v0x7f9460934890_0 .var "din_q_1", 0 0;
v0x7f9460934930_0 .var "dout", 0 0;
v0x7f94609349d0_0 .var "dout_q_0", 0 0;
v0x7f9460934a70_0 .var "dout_q_1", 0 0;
v0x7f9460934c00_0 .var "outclk_delayed_1", 0 0;
v0x7f9460934c90_0 .var "outclk_delayed_2", 0 0;
v0x7f9460934d20_0 .var "outena_q", 0 0;
E_0x7f9460933b90 .event anyedge, v0x7f9460934c90_0, v0x7f94609349d0_0, v0x7f9460934a70_0;
E_0x7f9460933c00 .event anyedge, v0x7f9460934c00_0;
E_0x7f9460933c50 .event anyedge, v0x7f9460934470_0;
E_0x7f9460933120 .event anyedge, v0x7f94609347f0_0, v0x7f9460934890_0;
S_0x7f9460933cb0 .scope generate, "genblk1" "genblk1" 2 2952, 2 2952 0, S_0x7f945ed47ae0;
 .timescale -12 -12;
E_0x7f9460933e70 .event posedge, v0x7f9460934470_0;
E_0x7f9460933eb0 .event negedge, v0x7f9460934470_0;
E_0x7f9460933f00 .event negedge, v0x7f9460934330_0;
E_0x7f9460933f60 .event posedge, v0x7f9460934330_0;
S_0x7f945ed47d90 .scope module, "SB_LEDDA_IP" "SB_LEDDA_IP" 2 2830;
 .timescale -12 -12;
    .port_info 0 /INPUT 1 "LEDDCS";
    .port_info 1 /INPUT 1 "LEDDCLK";
    .port_info 2 /INPUT 1 "LEDDDAT7";
    .port_info 3 /INPUT 1 "LEDDDAT6";
    .port_info 4 /INPUT 1 "LEDDDAT5";
    .port_info 5 /INPUT 1 "LEDDDAT4";
    .port_info 6 /INPUT 1 "LEDDDAT3";
    .port_info 7 /INPUT 1 "LEDDDAT2";
    .port_info 8 /INPUT 1 "LEDDDAT1";
    .port_info 9 /INPUT 1 "LEDDDAT0";
    .port_info 10 /INPUT 1 "LEDDADDR3";
    .port_info 11 /INPUT 1 "LEDDADDR2";
    .port_info 12 /INPUT 1 "LEDDADDR1";
    .port_info 13 /INPUT 1 "LEDDADDR0";
    .port_info 14 /INPUT 1 "LEDDDEN";
    .port_info 15 /INPUT 1 "LEDDEXE";
    .port_info 16 /INPUT 1 "LEDDRST";
    .port_info 17 /OUTPUT 1 "PWMOUT0";
    .port_info 18 /OUTPUT 1 "PWMOUT1";
    .port_info 19 /OUTPUT 1 "PWMOUT2";
    .port_info 20 /OUTPUT 1 "LEDDON";
o0x7f946084a408 .functor BUFZ 1, C4<z>; HiZ drive
v0x7f9460934ea0_0 .net "LEDDADDR0", 0 0, o0x7f946084a408;  0 drivers
o0x7f946084a438 .functor BUFZ 1, C4<z>; HiZ drive
v0x7f9460934f50_0 .net "LEDDADDR1", 0 0, o0x7f946084a438;  0 drivers
o0x7f946084a468 .functor BUFZ 1, C4<z>; HiZ drive
v0x7f9460934ff0_0 .net "LEDDADDR2", 0 0, o0x7f946084a468;  0 drivers
o0x7f946084a498 .functor BUFZ 1, C4<z>; HiZ drive
v0x7f9460935080_0 .net "LEDDADDR3", 0 0, o0x7f946084a498;  0 drivers
o0x7f946084a4c8 .functor BUFZ 1, C4<z>; HiZ drive
v0x7f9460935110_0 .net "LEDDCLK", 0 0, o0x7f946084a4c8;  0 drivers
o0x7f946084a4f8 .functor BUFZ 1, C4<z>; HiZ drive
v0x7f94609351a0_0 .net "LEDDCS", 0 0, o0x7f946084a4f8;  0 drivers
o0x7f946084a528 .functor BUFZ 1, C4<z>; HiZ drive
v0x7f9460935240_0 .net "LEDDDAT0", 0 0, o0x7f946084a528;  0 drivers
o0x7f946084a558 .functor BUFZ 1, C4<z>; HiZ drive
v0x7f94609352e0_0 .net "LEDDDAT1", 0 0, o0x7f946084a558;  0 drivers
o0x7f946084a588 .functor BUFZ 1, C4<z>; HiZ drive
v0x7f9460935380_0 .net "LEDDDAT2", 0 0, o0x7f946084a588;  0 drivers
o0x7f946084a5b8 .functor BUFZ 1, C4<z>; HiZ drive
v0x7f9460935490_0 .net "LEDDDAT3", 0 0, o0x7f946084a5b8;  0 drivers
o0x7f946084a5e8 .functor BUFZ 1, C4<z>; HiZ drive
v0x7f9460935520_0 .net "LEDDDAT4", 0 0, o0x7f946084a5e8;  0 drivers
o0x7f946084a618 .functor BUFZ 1, C4<z>; HiZ drive
v0x7f94609355c0_0 .net "LEDDDAT5", 0 0, o0x7f946084a618;  0 drivers
o0x7f946084a648 .functor BUFZ 1, C4<z>; HiZ drive
v0x7f9460935660_0 .net "LEDDDAT6", 0 0, o0x7f946084a648;  0 drivers
o0x7f946084a678 .functor BUFZ 1, C4<z>; HiZ drive
v0x7f9460935700_0 .net "LEDDDAT7", 0 0, o0x7f946084a678;  0 drivers
o0x7f946084a6a8 .functor BUFZ 1, C4<z>; HiZ drive
v0x7f94609357a0_0 .net "LEDDDEN", 0 0, o0x7f946084a6a8;  0 drivers
o0x7f946084a6d8 .functor BUFZ 1, C4<z>; HiZ drive
v0x7f9460935840_0 .net "LEDDEXE", 0 0, o0x7f946084a6d8;  0 drivers
o0x7f946084a708 .functor BUFZ 1, C4<z>; HiZ drive
v0x7f94609358e0_0 .net "LEDDON", 0 0, o0x7f946084a708;  0 drivers
o0x7f946084a738 .functor BUFZ 1, C4<z>; HiZ drive
v0x7f9460935a70_0 .net "LEDDRST", 0 0, o0x7f946084a738;  0 drivers
o0x7f946084a768 .functor BUFZ 1, C4<z>; HiZ drive
v0x7f9460935b00_0 .net "PWMOUT0", 0 0, o0x7f946084a768;  0 drivers
o0x7f946084a798 .functor BUFZ 1, C4<z>; HiZ drive
v0x7f9460935b90_0 .net "PWMOUT1", 0 0, o0x7f946084a798;  0 drivers
o0x7f946084a7c8 .functor BUFZ 1, C4<z>; HiZ drive
v0x7f9460935c20_0 .net "PWMOUT2", 0 0, o0x7f946084a7c8;  0 drivers
S_0x7f945ed48250 .scope module, "SB_LED_DRV_CUR" "SB_LED_DRV_CUR" 2 2709;
 .timescale -12 -12;
    .port_info 0 /INPUT 1 "EN";
    .port_info 1 /OUTPUT 1 "LEDPU";
o0x7f946084abe8 .functor BUFZ 1, C4<z>; HiZ drive
v0x7f9460935ec0_0 .net "EN", 0 0, o0x7f946084abe8;  0 drivers
o0x7f946084ac18 .functor BUFZ 1, C4<z>; HiZ drive
v0x7f9460935f70_0 .net "LEDPU", 0 0, o0x7f946084ac18;  0 drivers
S_0x7f945ed483c0 .scope module, "SB_LFOSC" "SB_LFOSC" 2 2684;
 .timescale -12 -12;
    .port_info 0 /INPUT 1 "CLKLFPU";
    .port_info 1 /INPUT 1 "CLKLFEN";
    .port_info 2 /OUTPUT 1 "CLKLF";
o0x7f946084aca8 .functor BUFZ 1, C4<z>; HiZ drive
v0x7f9460936010_0 .net "CLKLF", 0 0, o0x7f946084aca8;  0 drivers
o0x7f946084acd8 .functor BUFZ 1, C4<z>; HiZ drive
v0x7f94609360a0_0 .net "CLKLFEN", 0 0, o0x7f946084acd8;  0 drivers
o0x7f946084ad08 .functor BUFZ 1, C4<z>; HiZ drive
v0x7f9460936130_0 .net "CLKLFPU", 0 0, o0x7f946084ad08;  0 drivers
S_0x7f945ed48730 .scope module, "SB_LUT4" "SB_LUT4" 2 177;
 .timescale -12 -12;
    .port_info 0 /OUTPUT 1 "O";
    .port_info 1 /INPUT 1 "I0";
    .port_info 2 /INPUT 1 "I1";
    .port_info 3 /INPUT 1 "I2";
    .port_info 4 /INPUT 1 "I3";
P_0x7f945ed04aa0 .param/l "LUT_INIT" 0 2 184, C4<0000000000000000>;
o0x7f946084adc8 .functor BUFZ 1, C4<z>; HiZ drive
v0x7f9460936210_0 .net "I0", 0 0, o0x7f946084adc8;  0 drivers
o0x7f946084adf8 .functor BUFZ 1, C4<z>; HiZ drive
v0x7f94609362c0_0 .net "I1", 0 0, o0x7f946084adf8;  0 drivers
o0x7f946084ae28 .functor BUFZ 1, C4<z>; HiZ drive
v0x7f9460936360_0 .net "I2", 0 0, o0x7f946084ae28;  0 drivers
o0x7f946084ae58 .functor BUFZ 1, C4<z>; HiZ drive
v0x7f9460936410_0 .net "I3", 0 0, o0x7f946084ae58;  0 drivers
v0x7f94609364b0_0 .net "O", 0 0, L_0x7f9460956c50;  1 drivers
L_0x7f94608733b0 .functor BUFT 1, C4<00000000>, C4<0>, C4<0>, C4<0>;
v0x7f9460936590_0 .net/2u *"_ivl_0", 7 0, L_0x7f94608733b0;  1 drivers
v0x7f9460936640_0 .net *"_ivl_13", 1 0, L_0x7f9460956770;  1 drivers
v0x7f94609366f0_0 .net *"_ivl_15", 1 0, L_0x7f9460956880;  1 drivers
v0x7f94609367a0_0 .net *"_ivl_19", 0 0, L_0x7f9460956a80;  1 drivers
L_0x7f94608733f8 .functor BUFT 1, C4<00000000>, C4<0>, C4<0>, C4<0>;
v0x7f94609368b0_0 .net/2u *"_ivl_2", 7 0, L_0x7f94608733f8;  1 drivers
v0x7f9460936960_0 .net *"_ivl_21", 0 0, L_0x7f9460956b60;  1 drivers
v0x7f9460936a10_0 .net *"_ivl_7", 3 0, L_0x7f9460956490;  1 drivers
v0x7f9460936ac0_0 .net *"_ivl_9", 3 0, L_0x7f9460956570;  1 drivers
v0x7f9460936b70_0 .net "s1", 1 0, L_0x7f9460956920;  1 drivers
v0x7f9460936c20_0 .net "s2", 3 0, L_0x7f9460956610;  1 drivers
v0x7f9460936cd0_0 .net "s3", 7 0, L_0x7f9460956330;  1 drivers
L_0x7f9460956330 .functor MUXZ 8, L_0x7f94608733f8, L_0x7f94608733b0, o0x7f946084ae58, C4<>;
L_0x7f9460956490 .part L_0x7f9460956330, 4, 4;
L_0x7f9460956570 .part L_0x7f9460956330, 0, 4;
L_0x7f9460956610 .functor MUXZ 4, L_0x7f9460956570, L_0x7f9460956490, o0x7f946084ae28, C4<>;
L_0x7f9460956770 .part L_0x7f9460956610, 2, 2;
L_0x7f9460956880 .part L_0x7f9460956610, 0, 2;
L_0x7f9460956920 .functor MUXZ 2, L_0x7f9460956880, L_0x7f9460956770, o0x7f946084adf8, C4<>;
L_0x7f9460956a80 .part L_0x7f9460956920, 1, 1;
L_0x7f9460956b60 .part L_0x7f9460956920, 0, 1;
L_0x7f9460956c50 .functor MUXZ 1, L_0x7f9460956b60, L_0x7f9460956a80, o0x7f946084adc8, C4<>;
S_0x7f945ed488a0 .scope module, "SB_MAC16" "SB_MAC16" 2 2996;
 .timescale -12 -12;
    .port_info 0 /INPUT 1 "CLK";
    .port_info 1 /INPUT 1 "CE";
    .port_info 2 /INPUT 16 "C";
    .port_info 3 /INPUT 16 "A";
    .port_info 4 /INPUT 16 "B";
    .port_info 5 /INPUT 16 "D";
    .port_info 6 /INPUT 1 "AHOLD";
    .port_info 7 /INPUT 1 "BHOLD";
    .port_info 8 /INPUT 1 "CHOLD";
    .port_info 9 /INPUT 1 "DHOLD";
    .port_info 10 /INPUT 1 "IRSTTOP";
    .port_info 11 /INPUT 1 "IRSTBOT";
    .port_info 12 /INPUT 1 "ORSTTOP";
    .port_info 13 /INPUT 1 "ORSTBOT";
    .port_info 14 /INPUT 1 "OLOADTOP";
    .port_info 15 /INPUT 1 "OLOADBOT";
    .port_info 16 /INPUT 1 "ADDSUBTOP";
    .port_info 17 /INPUT 1 "ADDSUBBOT";
    .port_info 18 /INPUT 1 "OHOLDTOP";
    .port_info 19 /INPUT 1 "OHOLDBOT";
    .port_info 20 /INPUT 1 "CI";
    .port_info 21 /INPUT 1 "ACCUMCI";
    .port_info 22 /INPUT 1 "SIGNEXTIN";
    .port_info 23 /OUTPUT 32 "O";
    .port_info 24 /OUTPUT 1 "CO";
    .port_info 25 /OUTPUT 1 "ACCUMCO";
    .port_info 26 /OUTPUT 1 "SIGNEXTOUT";
P_0x7f945f80d200 .param/l "A_REG" 0 2 3011, C4<0>;
P_0x7f945f80d240 .param/l "A_SIGNED" 0 2 3027, C4<0>;
P_0x7f945f80d280 .param/l "BOTADDSUB_CARRYSELECT" 0 2 3025, C4<00>;
P_0x7f945f80d2c0 .param/l "BOTADDSUB_LOWERINPUT" 0 2 3023, C4<00>;
P_0x7f945f80d300 .param/l "BOTADDSUB_UPPERINPUT" 0 2 3024, C4<0>;
P_0x7f945f80d340 .param/l "BOTOUTPUT_SELECT" 0 2 3022, C4<00>;
P_0x7f945f80d380 .param/l "BOT_8x8_MULT_REG" 0 2 3015, C4<0>;
P_0x7f945f80d3c0 .param/l "B_REG" 0 2 3012, C4<0>;
P_0x7f945f80d400 .param/l "B_SIGNED" 0 2 3028, C4<0>;
P_0x7f945f80d440 .param/l "C_REG" 0 2 3010, C4<0>;
P_0x7f945f80d480 .param/l "D_REG" 0 2 3013, C4<0>;
P_0x7f945f80d4c0 .param/l "MODE_8x8" 0 2 3026, C4<0>;
P_0x7f945f80d500 .param/l "NEG_TRIGGER" 0 2 3009, C4<0>;
P_0x7f945f80d540 .param/l "PIPELINE_16x16_MULT_REG1" 0 2 3016, C4<0>;
P_0x7f945f80d580 .param/l "PIPELINE_16x16_MULT_REG2" 0 2 3017, C4<0>;
P_0x7f945f80d5c0 .param/l "TOPADDSUB_CARRYSELECT" 0 2 3021, C4<00>;
P_0x7f945f80d600 .param/l "TOPADDSUB_LOWERINPUT" 0 2 3019, C4<00>;
P_0x7f945f80d640 .param/l "TOPADDSUB_UPPERINPUT" 0 2 3020, C4<0>;
P_0x7f945f80d680 .param/l "TOPOUTPUT_SELECT" 0 2 3018, C4<00>;
P_0x7f945f80d6c0 .param/l "TOP_8x8_MULT_REG" 0 2 3014, C4<0>;
o0x7f946084b4b8 .functor BUFZ 1, C4<z>; HiZ drive
L_0x7f9460873440 .functor BUFT 1, C4<0>, C4<0>, C4<0>, C4<0>;
L_0x7f9460956d30 .functor XOR 1, o0x7f946084b4b8, L_0x7f9460873440, C4<0>, C4<0>;
o0x7f946084b3f8 .functor BUFZ 16, C4<zzzzzzzzzzzzzzzz>; HiZ drive
L_0x7f9460956e20 .functor BUFZ 16, o0x7f946084b3f8, C4<0000000000000000>, C4<0000000000000000>, C4<0000000000000000>;
o0x7f946084b1b8 .functor BUFZ 16, C4<zzzzzzzzzzzzzzzz>; HiZ drive
L_0x7f9460956eb0 .functor BUFZ 16, o0x7f946084b1b8, C4<0000000000000000>, C4<0000000000000000>, C4<0000000000000000>;
o0x7f946084b338 .functor BUFZ 16, C4<zzzzzzzzzzzzzzzz>; HiZ drive
L_0x7f9460956f80 .functor BUFZ 16, o0x7f946084b338, C4<0000000000000000>, C4<0000000000000000>, C4<0000000000000000>;
o0x7f946084b518 .functor BUFZ 16, C4<zzzzzzzzzzzzzzzz>; HiZ drive
L_0x7f9460957030 .functor BUFZ 16, o0x7f946084b518, C4<0000000000000000>, C4<0000000000000000>, C4<0000000000000000>;
L_0x7f9460957f70 .functor BUFZ 16, L_0x7f9460957a60, C4<0000000000000000>, C4<0000000000000000>, C4<0000000000000000>;
L_0x7f9460958300 .functor BUFZ 16, L_0x7f9460957df0, C4<0000000000000000>, C4<0000000000000000>, C4<0000000000000000>;
L_0x7f94609583f0 .functor BUFZ 16, L_0x7f94609580c0, C4<0000000000000000>, C4<0000000000000000>, C4<0000000000000000>;
L_0x7f94609584a0 .functor BUFZ 16, L_0x7f9460958220, C4<0000000000000000>, C4<0000000000000000>, C4<0000000000000000>;
L_0x7f9460959840 .functor BUFZ 32, L_0x7f9460959600, C4<00000000000000000000000000000000>, C4<00000000000000000000000000000000>, C4<00000000000000000000000000000000>;
L_0x7f9460959510 .functor BUFZ 16, v0x7f946093ca20_0, C4<0000000000000000>, C4<0000000000000000>, C4<0000000000000000>;
L_0x7f9460959910 .functor BUFZ 16, L_0x7f9460956eb0, C4<0000000000000000>, C4<0000000000000000>, C4<0000000000000000>;
L_0x7f9460957190 .functor XOR 17, L_0x7f9460959c50, L_0x7f946095a0d0, C4<00000000000000000>, C4<00000000000000000>;
o0x7f946084b278 .functor BUFZ 1, C4<z>; HiZ drive
L_0x7f946095a3d0 .functor XOR 1, L_0x7f9460959a00, o0x7f946084b278, C4<0>, C4<0>;
L_0x7f946095a1d0 .functor XOR 16, L_0x7f9460959aa0, L_0x7f946095a440, C4<0000000000000000>, C4<0000000000000000>;
L_0x7f946095a750 .functor BUFZ 16, L_0x7f946095a8b0, C4<0000000000000000>, C4<0000000000000000>, C4<0000000000000000>;
L_0x7f946095a2c0 .functor BUFZ 16, v0x7f946093cad0_0, C4<0000000000000000>, C4<0000000000000000>, C4<0000000000000000>;
L_0x7f946095abd0 .functor BUFZ 16, L_0x7f9460956f80, C4<0000000000000000>, C4<0000000000000000>, C4<0000000000000000>;
L_0x7f946095af40 .functor XOR 17, L_0x7f946095a950, L_0x7f946095b2a0, C4<00000000000000000>, C4<00000000000000000>;
L_0x7f946095b7c0 .functor XOR 16, L_0x7f946095ae00, L_0x7f946095b950, C4<0000000000000000>, C4<0000000000000000>;
L_0x7f946095bb30 .functor BUFZ 16, L_0x7f946095acc0, C4<0000000000000000>, C4<0000000000000000>, C4<0000000000000000>;
v0x7f9460936f20_0 .net "A", 15 0, o0x7f946084b1b8;  0 drivers
o0x7f946084b1e8 .functor BUFZ 1, C4<z>; HiZ drive
v0x7f9460936fe0_0 .net "ACCUMCI", 0 0, o0x7f946084b1e8;  0 drivers
v0x7f9460937080_0 .net "ACCUMCO", 0 0, L_0x7f9460959a00;  1 drivers
o0x7f946084b248 .functor BUFZ 1, C4<z>; HiZ drive
v0x7f9460937130_0 .net "ADDSUBBOT", 0 0, o0x7f946084b248;  0 drivers
v0x7f94609371d0_0 .net "ADDSUBTOP", 0 0, o0x7f946084b278;  0 drivers
o0x7f946084b2a8 .functor BUFZ 1, C4<z>; HiZ drive
v0x7f94609372b0_0 .net "AHOLD", 0 0, o0x7f946084b2a8;  0 drivers
v0x7f9460937350_0 .net "Ah", 15 0, L_0x7f94609572d0;  1 drivers
v0x7f9460937400_0 .net "Al", 15 0, L_0x7f9460957490;  1 drivers
v0x7f94609374b0_0 .net "B", 15 0, o0x7f946084b338;  0 drivers
o0x7f946084b368 .functor BUFZ 1, C4<z>; HiZ drive
v0x7f94609375c0_0 .net "BHOLD", 0 0, o0x7f946084b368;  0 drivers
v0x7f9460937660_0 .net "Bh", 15 0, L_0x7f9460957700;  1 drivers
v0x7f9460937710_0 .net "Bl", 15 0, L_0x7f9460957900;  1 drivers
v0x7f94609377c0_0 .net "C", 15 0, o0x7f946084b3f8;  0 drivers
o0x7f946084b428 .functor BUFZ 1, C4<z>; HiZ drive
v0x7f9460937870_0 .net "CE", 0 0, o0x7f946084b428;  0 drivers
o0x7f946084b458 .functor BUFZ 1, C4<z>; HiZ drive
v0x7f9460937910_0 .net "CHOLD", 0 0, o0x7f946084b458;  0 drivers
o0x7f946084b488 .functor BUFZ 1, C4<z>; HiZ drive
v0x7f94609379b0_0 .net "CI", 0 0, o0x7f946084b488;  0 drivers
v0x7f9460937a50_0 .net "CLK", 0 0, o0x7f946084b4b8;  0 drivers
v0x7f9460937be0_0 .net "CO", 0 0, L_0x7f946095a3d0;  1 drivers
v0x7f9460937c70_0 .net "D", 15 0, o0x7f946084b518;  0 drivers
o0x7f946084b548 .functor BUFZ 1, C4<z>; HiZ drive
v0x7f9460937d00_0 .net "DHOLD", 0 0, o0x7f946084b548;  0 drivers
L_0x7f9460873998 .functor BUFT 1, C4<0>, C4<0>, C4<0>, C4<0>;
v0x7f9460937da0_0 .net "HCI", 0 0, L_0x7f9460873998;  1 drivers
o0x7f946084b5a8 .functor BUFZ 1, C4<z>; HiZ drive
v0x7f9460937e40_0 .net "IRSTBOT", 0 0, o0x7f946084b5a8;  0 drivers
o0x7f946084b5d8 .functor BUFZ 1, C4<z>; HiZ drive
v0x7f9460937ee0_0 .net "IRSTTOP", 0 0, o0x7f946084b5d8;  0 drivers
L_0x7f9460873ab8 .functor BUFT 1, C4<0>, C4<0>, C4<0>, C4<0>;
v0x7f9460937f80_0 .net "LCI", 0 0, L_0x7f9460873ab8;  1 drivers
v0x7f9460938020_0 .net "LCO", 0 0, L_0x7f946095ad60;  1 drivers
v0x7f94609380c0_0 .net "O", 31 0, L_0x7f946095b830;  1 drivers
o0x7f946084b698 .functor BUFZ 1, C4<z>; HiZ drive
v0x7f9460938170_0 .net "OHOLDBOT", 0 0, o0x7f946084b698;  0 drivers
o0x7f946084b6c8 .functor BUFZ 1, C4<z>; HiZ drive
v0x7f9460938210_0 .net "OHOLDTOP", 0 0, o0x7f946084b6c8;  0 drivers
o0x7f946084b6f8 .functor BUFZ 1, C4<z>; HiZ drive
v0x7f94609382b0_0 .net "OLOADBOT", 0 0, o0x7f946084b6f8;  0 drivers
o0x7f946084b728 .functor BUFZ 1, C4<z>; HiZ drive
v0x7f9460938350_0 .net "OLOADTOP", 0 0, o0x7f946084b728;  0 drivers
o0x7f946084b758 .functor BUFZ 1, C4<z>; HiZ drive
v0x7f94609383f0_0 .net "ORSTBOT", 0 0, o0x7f946084b758;  0 drivers
o0x7f946084b788 .functor BUFZ 1, C4<z>; HiZ drive
v0x7f9460938490_0 .net "ORSTTOP", 0 0, o0x7f946084b788;  0 drivers
v0x7f9460938530_0 .net "Oh", 15 0, L_0x7f946095a750;  1 drivers
v0x7f9460937b00_0 .net "Ol", 15 0, L_0x7f946095bb30;  1 drivers
o0x7f946084b818 .functor BUFZ 1, C4<z>; HiZ drive
v0x7f94609387c0_0 .net "SIGNEXTIN", 0 0, o0x7f946084b818;  0 drivers
v0x7f9460938850_0 .net "SIGNEXTOUT", 0 0, L_0x7f946095ab30;  1 drivers
v0x7f94609388e0_0 .net "XW", 15 0, L_0x7f9460959aa0;  1 drivers
v0x7f9460938980_0 .net "YZ", 15 0, L_0x7f946095ae00;  1 drivers
v0x7f9460938a30_0 .net/2u *"_ivl_0", 0 0, L_0x7f9460873440;  1 drivers
v0x7f9460938ae0_0 .net *"_ivl_100", 31 0, L_0x7f9460959390;  1 drivers
L_0x7f9460873830 .functor BUFT 1, C4<0000000000000000>, C4<0>, C4<0>, C4<0>;
v0x7f9460938b90_0 .net *"_ivl_103", 15 0, L_0x7f9460873830;  1 drivers
v0x7f9460938c40_0 .net *"_ivl_104", 31 0, L_0x7f94609592b0;  1 drivers
v0x7f9460938cf0_0 .net *"_ivl_106", 15 0, L_0x7f9460959430;  1 drivers
L_0x7f9460873878 .functor BUFT 1, C4<0000000000000000>, C4<0>, C4<0>, C4<0>;
v0x7f9460938da0_0 .net *"_ivl_108", 15 0, L_0x7f9460873878;  1 drivers
L_0x7f9460873488 .functor BUFT 1, C4<00000000>, C4<0>, C4<0>, C4<0>;
v0x7f9460938e50_0 .net/2u *"_ivl_12", 7 0, L_0x7f9460873488;  1 drivers
v0x7f9460938f00_0 .net *"_ivl_121", 16 0, L_0x7f9460959740;  1 drivers
L_0x7f94608738c0 .functor BUFT 1, C4<0>, C4<0>, C4<0>, C4<0>;
v0x7f9460938fb0_0 .net *"_ivl_124", 0 0, L_0x7f94608738c0;  1 drivers
v0x7f9460939060_0 .net *"_ivl_125", 16 0, L_0x7f9460959c50;  1 drivers
L_0x7f9460873908 .functor BUFT 1, C4<0>, C4<0>, C4<0>, C4<0>;
v0x7f9460939110_0 .net *"_ivl_128", 0 0, L_0x7f9460873908;  1 drivers
v0x7f94609391c0_0 .net *"_ivl_129", 15 0, L_0x7f9460959b80;  1 drivers
v0x7f9460939270_0 .net *"_ivl_131", 16 0, L_0x7f946095a0d0;  1 drivers
L_0x7f9460873950 .functor BUFT 1, C4<0>, C4<0>, C4<0>, C4<0>;
v0x7f9460939320_0 .net *"_ivl_134", 0 0, L_0x7f9460873950;  1 drivers
v0x7f94609393d0_0 .net *"_ivl_135", 16 0, L_0x7f9460957190;  1 drivers
v0x7f9460939480_0 .net *"_ivl_137", 16 0, L_0x7f946095a500;  1 drivers
L_0x7f9460873bd8 .functor BUFT 1, C4<00000000000000000>, C4<0>, C4<0>, C4<0>;
v0x7f9460939530_0 .net *"_ivl_139", 16 0, L_0x7f9460873bd8;  1 drivers
v0x7f94609395e0_0 .net *"_ivl_143", 16 0, L_0x7f946095a5a0;  1 drivers
v0x7f9460939690_0 .net *"_ivl_147", 15 0, L_0x7f946095a440;  1 drivers
v0x7f9460939740_0 .net *"_ivl_149", 15 0, L_0x7f946095a1d0;  1 drivers
v0x7f94609397f0_0 .net *"_ivl_15", 7 0, L_0x7f9460957210;  1 drivers
v0x7f94609398a0_0 .net *"_ivl_168", 16 0, L_0x7f946095aea0;  1 drivers
L_0x7f94608739e0 .functor BUFT 1, C4<0>, C4<0>, C4<0>, C4<0>;
v0x7f9460939950_0 .net *"_ivl_171", 0 0, L_0x7f94608739e0;  1 drivers
v0x7f9460939a00_0 .net *"_ivl_172", 16 0, L_0x7f946095a950;  1 drivers
L_0x7f9460873a28 .functor BUFT 1, C4<0>, C4<0>, C4<0>, C4<0>;
v0x7f9460939ab0_0 .net *"_ivl_175", 0 0, L_0x7f9460873a28;  1 drivers
v0x7f9460939b60_0 .net *"_ivl_176", 15 0, L_0x7f946095b0b0;  1 drivers
v0x7f9460939c10_0 .net *"_ivl_178", 16 0, L_0x7f946095b2a0;  1 drivers
L_0x7f94608734d0 .functor BUFT 1, C4<00000000>, C4<0>, C4<0>, C4<0>;
v0x7f94609385e0_0 .net/2u *"_ivl_18", 7 0, L_0x7f94608734d0;  1 drivers
L_0x7f9460873a70 .functor BUFT 1, C4<0>, C4<0>, C4<0>, C4<0>;
v0x7f9460938690_0 .net *"_ivl_181", 0 0, L_0x7f9460873a70;  1 drivers
v0x7f9460939ca0_0 .net *"_ivl_182", 16 0, L_0x7f946095af40;  1 drivers
v0x7f9460939d30_0 .net *"_ivl_184", 16 0, L_0x7f946095aff0;  1 drivers
L_0x7f9460873c20 .functor BUFT 1, C4<00000000000000000>, C4<0>, C4<0>, C4<0>;
v0x7f9460939dc0_0 .net *"_ivl_186", 16 0, L_0x7f9460873c20;  1 drivers
v0x7f9460939e50_0 .net *"_ivl_190", 16 0, L_0x7f946095b5a0;  1 drivers
v0x7f9460939ee0_0 .net *"_ivl_192", 15 0, L_0x7f946095b950;  1 drivers
v0x7f9460939f90_0 .net *"_ivl_194", 15 0, L_0x7f946095b7c0;  1 drivers
v0x7f946093a040_0 .net *"_ivl_21", 7 0, L_0x7f94609573f0;  1 drivers
L_0x7f9460873518 .functor BUFT 1, C4<00000000>, C4<0>, C4<0>, C4<0>;
v0x7f946093a0f0_0 .net/2u *"_ivl_24", 7 0, L_0x7f9460873518;  1 drivers
v0x7f946093a1a0_0 .net *"_ivl_27", 7 0, L_0x7f94609575f0;  1 drivers
L_0x7f9460873560 .functor BUFT 1, C4<00000000>, C4<0>, C4<0>, C4<0>;
v0x7f946093a250_0 .net/2u *"_ivl_30", 7 0, L_0x7f9460873560;  1 drivers
v0x7f946093a300_0 .net *"_ivl_33", 7 0, L_0x7f9460957820;  1 drivers
L_0x7f94608735a8 .functor BUFT 1, C4<00000000>, C4<0>, C4<0>, C4<0>;
v0x7f946093a3b0_0 .net/2u *"_ivl_38", 7 0, L_0x7f94608735a8;  1 drivers
v0x7f946093a460_0 .net *"_ivl_41", 7 0, L_0x7f9460957bd0;  1 drivers
v0x7f946093a510_0 .net *"_ivl_42", 15 0, L_0x7f9460957c70;  1 drivers
L_0x7f94608735f0 .functor BUFT 1, C4<00000000>, C4<0>, C4<0>, C4<0>;
v0x7f946093a5c0_0 .net/2u *"_ivl_46", 7 0, L_0x7f94608735f0;  1 drivers
v0x7f946093a670_0 .net *"_ivl_49", 7 0, L_0x7f9460957e90;  1 drivers
v0x7f946093a720_0 .net *"_ivl_50", 15 0, L_0x7f9460957fe0;  1 drivers
L_0x7f9460873638 .functor BUFT 1, C4<00000000>, C4<0>, C4<0>, C4<0>;
v0x7f946093a7d0_0 .net/2u *"_ivl_64", 7 0, L_0x7f9460873638;  1 drivers
L_0x7f9460873680 .functor BUFT 1, C4<00000000>, C4<0>, C4<0>, C4<0>;
v0x7f946093a880_0 .net/2u *"_ivl_68", 7 0, L_0x7f9460873680;  1 drivers
v0x7f946093a930_0 .net *"_ivl_72", 31 0, L_0x7f94609587f0;  1 drivers
L_0x7f94608736c8 .functor BUFT 1, C4<0000000000000000>, C4<0>, C4<0>, C4<0>;
v0x7f946093a9e0_0 .net *"_ivl_75", 15 0, L_0x7f94608736c8;  1 drivers
v0x7f946093aa90_0 .net *"_ivl_76", 31 0, L_0x7f94609589b0;  1 drivers
L_0x7f9460873710 .functor BUFT 1, C4<00000000>, C4<0>, C4<0>, C4<0>;
v0x7f946093ab40_0 .net *"_ivl_79", 7 0, L_0x7f9460873710;  1 drivers
v0x7f946093abf0_0 .net *"_ivl_80", 31 0, L_0x7f94609588d0;  1 drivers
v0x7f946093aca0_0 .net *"_ivl_82", 23 0, L_0x7f9460958a50;  1 drivers
L_0x7f9460873758 .functor BUFT 1, C4<00000000>, C4<0>, C4<0>, C4<0>;
v0x7f946093ad50_0 .net *"_ivl_84", 7 0, L_0x7f9460873758;  1 drivers
v0x7f946093ae00_0 .net *"_ivl_86", 31 0, L_0x7f9460958ca0;  1 drivers
v0x7f946093aeb0_0 .net *"_ivl_88", 31 0, L_0x7f9460958ea0;  1 drivers
L_0x7f94608737a0 .functor BUFT 1, C4<00000000>, C4<0>, C4<0>, C4<0>;
v0x7f946093af60_0 .net *"_ivl_91", 7 0, L_0x7f94608737a0;  1 drivers
v0x7f946093b010_0 .net *"_ivl_92", 31 0, L_0x7f9460958de0;  1 drivers
v0x7f946093b0c0_0 .net *"_ivl_94", 23 0, L_0x7f9460958f40;  1 drivers
L_0x7f94608737e8 .functor BUFT 1, C4<00000000>, C4<0>, C4<0>, C4<0>;
v0x7f946093b170_0 .net *"_ivl_96", 7 0, L_0x7f94608737e8;  1 drivers
v0x7f946093b220_0 .net *"_ivl_98", 31 0, L_0x7f9460959170;  1 drivers
v0x7f946093b2d0_0 .net "clock", 0 0, L_0x7f9460956d30;  1 drivers
v0x7f946093b370_0 .net "iA", 15 0, L_0x7f9460956eb0;  1 drivers
v0x7f946093b420_0 .net "iB", 15 0, L_0x7f9460956f80;  1 drivers
v0x7f946093b4d0_0 .net "iC", 15 0, L_0x7f9460956e20;  1 drivers
v0x7f946093b580_0 .net "iD", 15 0, L_0x7f9460957030;  1 drivers
v0x7f946093b630_0 .net "iF", 15 0, L_0x7f9460957f70;  1 drivers
v0x7f946093b6e0_0 .net "iG", 15 0, L_0x7f94609584a0;  1 drivers
v0x7f946093b790_0 .net "iH", 31 0, L_0x7f9460959840;  1 drivers
v0x7f946093b840_0 .net "iJ", 15 0, L_0x7f9460958300;  1 drivers
v0x7f946093b8f0_0 .net "iJ_e", 23 0, L_0x7f9460958710;  1 drivers
v0x7f946093b9a0_0 .net "iK", 15 0, L_0x7f94609583f0;  1 drivers
v0x7f946093ba50_0 .net "iK_e", 23 0, L_0x7f94609585a0;  1 drivers
v0x7f946093bb00_0 .net "iL", 31 0, L_0x7f9460959600;  1 drivers
v0x7f946093bbb0_0 .net "iP", 15 0, L_0x7f946095a8b0;  1 drivers
v0x7f946093bc60_0 .net "iQ", 15 0, v0x7f946093ca20_0;  1 drivers
v0x7f946093bd10_0 .net "iR", 15 0, L_0x7f946095acc0;  1 drivers
v0x7f946093bdc0_0 .net "iS", 15 0, v0x7f946093cad0_0;  1 drivers
v0x7f946093be70_0 .net "iW", 15 0, L_0x7f9460959510;  1 drivers
v0x7f946093bf20_0 .net "iX", 15 0, L_0x7f9460959910;  1 drivers
v0x7f946093bfd0_0 .net "iY", 15 0, L_0x7f946095a2c0;  1 drivers
v0x7f946093c080_0 .net "iZ", 15 0, L_0x7f946095abd0;  1 drivers
v0x7f946093c130_0 .net "p_Ah_Bh", 15 0, L_0x7f9460957a60;  1 drivers
v0x7f946093c1e0_0 .net "p_Ah_Bl", 15 0, L_0x7f94609580c0;  1 drivers
v0x7f946093c290_0 .net "p_Al_Bh", 15 0, L_0x7f9460957df0;  1 drivers
v0x7f946093c340_0 .net "p_Al_Bl", 15 0, L_0x7f9460958220;  1 drivers
v0x7f946093c3f0_0 .var "rA", 15 0;
v0x7f946093c4a0_0 .var "rB", 15 0;
v0x7f946093c550_0 .var "rC", 15 0;
v0x7f946093c600_0 .var "rD", 15 0;
v0x7f946093c6b0_0 .var "rF", 15 0;
v0x7f946093c760_0 .var "rG", 15 0;
v0x7f946093c810_0 .var "rH", 31 0;
v0x7f946093c8c0_0 .var "rJ", 15 0;
v0x7f946093c970_0 .var "rK", 15 0;
v0x7f946093ca20_0 .var "rQ", 15 0;
v0x7f946093cad0_0 .var "rS", 15 0;
E_0x7f9460936540 .event posedge, v0x7f94609383f0_0, v0x7f946093b2d0_0;
E_0x7f9460936e20 .event posedge, v0x7f9460938490_0, v0x7f946093b2d0_0;
E_0x7f9460936e70 .event posedge, v0x7f9460937e40_0, v0x7f946093b2d0_0;
E_0x7f9460936ed0 .event posedge, v0x7f9460937ee0_0, v0x7f946093b2d0_0;
L_0x7f9460957210 .part L_0x7f9460956eb0, 8, 8;
L_0x7f94609572d0 .concat [ 8 8 0 0], L_0x7f9460957210, L_0x7f9460873488;
L_0x7f94609573f0 .part L_0x7f9460956eb0, 0, 8;
L_0x7f9460957490 .concat [ 8 8 0 0], L_0x7f94609573f0, L_0x7f94608734d0;
L_0x7f94609575f0 .part L_0x7f9460956f80, 8, 8;
L_0x7f9460957700 .concat [ 8 8 0 0], L_0x7f94609575f0, L_0x7f9460873518;
L_0x7f9460957820 .part L_0x7f9460956f80, 0, 8;
L_0x7f9460957900 .concat [ 8 8 0 0], L_0x7f9460957820, L_0x7f9460873560;
L_0x7f9460957a60 .arith/mult 16, L_0x7f94609572d0, L_0x7f9460957700;
L_0x7f9460957bd0 .part L_0x7f9460957490, 0, 8;
L_0x7f9460957c70 .concat [ 8 8 0 0], L_0x7f9460957bd0, L_0x7f94608735a8;
L_0x7f9460957df0 .arith/mult 16, L_0x7f9460957c70, L_0x7f9460957700;
L_0x7f9460957e90 .part L_0x7f9460957900, 0, 8;
L_0x7f9460957fe0 .concat [ 8 8 0 0], L_0x7f9460957e90, L_0x7f94608735f0;
L_0x7f94609580c0 .arith/mult 16, L_0x7f94609572d0, L_0x7f9460957fe0;
L_0x7f9460958220 .arith/mult 16, L_0x7f9460957490, L_0x7f9460957900;
L_0x7f94609585a0 .concat [ 16 8 0 0], L_0x7f94609583f0, L_0x7f9460873638;
L_0x7f9460958710 .concat [ 16 8 0 0], L_0x7f9460958300, L_0x7f9460873680;
L_0x7f94609587f0 .concat [ 16 16 0 0], L_0x7f94609584a0, L_0x7f94608736c8;
L_0x7f94609589b0 .concat [ 24 8 0 0], L_0x7f94609585a0, L_0x7f9460873710;
L_0x7f9460958a50 .part L_0x7f94609589b0, 0, 24;
L_0x7f94609588d0 .concat [ 8 24 0 0], L_0x7f9460873758, L_0x7f9460958a50;
L_0x7f9460958ca0 .arith/sum 32, L_0x7f94609587f0, L_0x7f94609588d0;
L_0x7f9460958ea0 .concat [ 24 8 0 0], L_0x7f9460958710, L_0x7f94608737a0;
L_0x7f9460958f40 .part L_0x7f9460958ea0, 0, 24;
L_0x7f9460958de0 .concat [ 8 24 0 0], L_0x7f94608737e8, L_0x7f9460958f40;
L_0x7f9460959170 .arith/sum 32, L_0x7f9460958ca0, L_0x7f9460958de0;
L_0x7f9460959390 .concat [ 16 16 0 0], L_0x7f9460957f70, L_0x7f9460873830;
L_0x7f9460959430 .part L_0x7f9460959390, 0, 16;
L_0x7f94609592b0 .concat [ 16 16 0 0], L_0x7f9460873878, L_0x7f9460959430;
L_0x7f9460959600 .arith/sum 32, L_0x7f9460959170, L_0x7f94609592b0;
L_0x7f9460959a00 .part L_0x7f946095a5a0, 16, 1;
L_0x7f9460959aa0 .part L_0x7f946095a5a0, 0, 16;
L_0x7f9460959740 .concat [ 16 1 0 0], L_0x7f9460959910, L_0x7f94608738c0;
L_0x7f9460959c50 .concat [ 16 1 0 0], L_0x7f9460959510, L_0x7f9460873908;
LS_0x7f9460959b80_0_0 .concat [ 1 1 1 1], o0x7f946084b278, o0x7f946084b278, o0x7f946084b278, o0x7f946084b278;
LS_0x7f9460959b80_0_4 .concat [ 1 1 1 1], o0x7f946084b278, o0x7f946084b278, o0x7f946084b278, o0x7f946084b278;
LS_0x7f9460959b80_0_8 .concat [ 1 1 1 1], o0x7f946084b278, o0x7f946084b278, o0x7f946084b278, o0x7f946084b278;
LS_0x7f9460959b80_0_12 .concat [ 1 1 1 1], o0x7f946084b278, o0x7f946084b278, o0x7f946084b278, o0x7f946084b278;
L_0x7f9460959b80 .concat [ 4 4 4 4], LS_0x7f9460959b80_0_0, LS_0x7f9460959b80_0_4, LS_0x7f9460959b80_0_8, LS_0x7f9460959b80_0_12;
L_0x7f946095a0d0 .concat [ 16 1 0 0], L_0x7f9460959b80, L_0x7f9460873950;
L_0x7f946095a500 .arith/sum 17, L_0x7f9460959740, L_0x7f9460957190;
L_0x7f946095a5a0 .arith/sum 17, L_0x7f946095a500, L_0x7f9460873bd8;
LS_0x7f946095a440_0_0 .concat [ 1 1 1 1], o0x7f946084b278, o0x7f946084b278, o0x7f946084b278, o0x7f946084b278;
LS_0x7f946095a440_0_4 .concat [ 1 1 1 1], o0x7f946084b278, o0x7f946084b278, o0x7f946084b278, o0x7f946084b278;
LS_0x7f946095a440_0_8 .concat [ 1 1 1 1], o0x7f946084b278, o0x7f946084b278, o0x7f946084b278, o0x7f946084b278;
LS_0x7f946095a440_0_12 .concat [ 1 1 1 1], o0x7f946084b278, o0x7f946084b278, o0x7f946084b278, o0x7f946084b278;
L_0x7f946095a440 .concat [ 4 4 4 4], LS_0x7f946095a440_0_0, LS_0x7f946095a440_0_4, LS_0x7f946095a440_0_8, LS_0x7f946095a440_0_12;
L_0x7f946095a8b0 .functor MUXZ 16, L_0x7f946095a1d0, L_0x7f9460956e20, o0x7f946084b728, C4<>;
L_0x7f946095ab30 .part L_0x7f9460959910, 15, 1;
L_0x7f946095ad60 .part L_0x7f946095b5a0, 16, 1;
L_0x7f946095ae00 .part L_0x7f946095b5a0, 0, 16;
L_0x7f946095aea0 .concat [ 16 1 0 0], L_0x7f946095abd0, L_0x7f94608739e0;
L_0x7f946095a950 .concat [ 16 1 0 0], L_0x7f946095a2c0, L_0x7f9460873a28;
LS_0x7f946095b0b0_0_0 .concat [ 1 1 1 1], o0x7f946084b248, o0x7f946084b248, o0x7f946084b248, o0x7f946084b248;
LS_0x7f946095b0b0_0_4 .concat [ 1 1 1 1], o0x7f946084b248, o0x7f946084b248, o0x7f946084b248, o0x7f946084b248;
LS_0x7f946095b0b0_0_8 .concat [ 1 1 1 1], o0x7f946084b248, o0x7f946084b248, o0x7f946084b248, o0x7f946084b248;
LS_0x7f946095b0b0_0_12 .concat [ 1 1 1 1], o0x7f946084b248, o0x7f946084b248, o0x7f946084b248, o0x7f946084b248;
L_0x7f946095b0b0 .concat [ 4 4 4 4], LS_0x7f946095b0b0_0_0, LS_0x7f946095b0b0_0_4, LS_0x7f946095b0b0_0_8, LS_0x7f946095b0b0_0_12;
L_0x7f946095b2a0 .concat [ 16 1 0 0], L_0x7f946095b0b0, L_0x7f9460873a70;
L_0x7f946095aff0 .arith/sum 17, L_0x7f946095aea0, L_0x7f946095af40;
L_0x7f946095b5a0 .arith/sum 17, L_0x7f946095aff0, L_0x7f9460873c20;
LS_0x7f946095b950_0_0 .concat [ 1 1 1 1], o0x7f946084b248, o0x7f946084b248, o0x7f946084b248, o0x7f946084b248;
LS_0x7f946095b950_0_4 .concat [ 1 1 1 1], o0x7f946084b248, o0x7f946084b248, o0x7f946084b248, o0x7f946084b248;
LS_0x7f946095b950_0_8 .concat [ 1 1 1 1], o0x7f946084b248, o0x7f946084b248, o0x7f946084b248, o0x7f946084b248;
LS_0x7f946095b950_0_12 .concat [ 1 1 1 1], o0x7f946084b248, o0x7f946084b248, o0x7f946084b248, o0x7f946084b248;
L_0x7f946095b950 .concat [ 4 4 4 4], LS_0x7f946095b950_0_0, LS_0x7f946095b950_0_4, LS_0x7f946095b950_0_8, LS_0x7f946095b950_0_12;
L_0x7f946095acc0 .functor MUXZ 16, L_0x7f946095b7c0, L_0x7f9460957030, o0x7f946084b6f8, C4<>;
L_0x7f946095b830 .concat [ 16 16 0 0], L_0x7f946095bb30, L_0x7f946095a750;
S_0x7f945ed48d70 .scope module, "SB_PLL40_2F_CORE" "SB_PLL40_2F_CORE" 2 2521;
 .timescale -12 -12;
    .port_info 0 /INPUT 1 "REFERENCECLK";
    .port_info 1 /OUTPUT 1 "PLLOUTCOREA";
    .port_info 2 /OUTPUT 1 "PLLOUTGLOBALA";
    .port_info 3 /OUTPUT 1 "PLLOUTCOREB";
    .port_info 4 /OUTPUT 1 "PLLOUTGLOBALB";
    .port_info 5 /INPUT 1 "EXTFEEDBACK";
    .port_info 6 /INPUT 8 "DYNAMICDELAY";
    .port_info 7 /OUTPUT 1 "LOCK";
    .port_info 8 /INPUT 1 "BYPASS";
    .port_info 9 /INPUT 1 "RESETB";
    .port_info 10 /INPUT 1 "LATCHINPUTVALUE";
    .port_info 11 /OUTPUT 1 "SDO";
    .port_info 12 /INPUT 1 "SDI";
    .port_info 13 /INPUT 1 "SCLK";
P_0x7f945f80c800 .param/str "DELAY_ADJUSTMENT_MODE_FEEDBACK" 0 2 2538, "FIXED";
P_0x7f945f80c840 .param/str "DELAY_ADJUSTMENT_MODE_RELATIVE" 0 2 2539, "FIXED";
P_0x7f945f80c880 .param/l "DIVF" 0 2 2546, C4<0000000>;
P_0x7f945f80c8c0 .param/l "DIVQ" 0 2 2547, C4<000>;
P_0x7f945f80c900 .param/l "DIVR" 0 2 2545, C4<0000>;
P_0x7f945f80c940 .param/l "ENABLE_ICEGATE_PORTA" 0 2 2549, C4<0>;
P_0x7f945f80c980 .param/l "ENABLE_ICEGATE_PORTB" 0 2 2550, C4<0>;
P_0x7f945f80c9c0 .param/l "EXTERNAL_DIVIDE_FACTOR" 0 2 2552, +C4<00000000000000000000000000000001>;
P_0x7f945f80ca00 .param/l "FDA_FEEDBACK" 0 2 2541, C4<0000>;
P_0x7f945f80ca40 .param/l "FDA_RELATIVE" 0 2 2542, C4<0000>;
P_0x7f945f80ca80 .param/str "FEEDBACK_PATH" 0 2 2537, "SIMPLE";
P_0x7f945f80cac0 .param/l "FILTER_RANGE" 0 2 2548, C4<000>;
P_0x7f945f80cb00 .param/str "PLLOUT_SELECT_PORTA" 0 2 2543, "GENCLK";
P_0x7f945f80cb40 .param/str "PLLOUT_SELECT_PORTB" 0 2 2544, "GENCLK";
P_0x7f945f80cb80 .param/l "SHIFTREG_DIV_MODE" 0 2 2540, C4<0>;
P_0x7f945f80cbc0 .param/l "TEST_MODE" 0 2 2551, C4<0>;
o0x7f946084d048 .functor BUFZ 1, C4<z>; HiZ drive
v0x7f946093ce10_0 .net "BYPASS", 0 0, o0x7f946084d048;  0 drivers
o0x7f946084d078 .functor BUFZ 8, C4<zzzzzzzz>; HiZ drive
v0x7f946093cec0_0 .net "DYNAMICDELAY", 7 0, o0x7f946084d078;  0 drivers
o0x7f946084d0a8 .functor BUFZ 1, C4<z>; HiZ drive
v0x7f946093cf60_0 .net "EXTFEEDBACK", 0 0, o0x7f946084d0a8;  0 drivers
o0x7f946084d0d8 .functor BUFZ 1, C4<z>; HiZ drive
v0x7f946093cff0_0 .net "LATCHINPUTVALUE", 0 0, o0x7f946084d0d8;  0 drivers
o0x7f946084d108 .functor BUFZ 1, C4<z>; HiZ drive
v0x7f946093d080_0 .net "LOCK", 0 0, o0x7f946084d108;  0 drivers
o0x7f946084d138 .functor BUFZ 1, C4<z>; HiZ drive
v0x7f946093d120_0 .net "PLLOUTCOREA", 0 0, o0x7f946084d138;  0 drivers
o0x7f946084d168 .functor BUFZ 1, C4<z>; HiZ drive
v0x7f946093d1c0_0 .net "PLLOUTCOREB", 0 0, o0x7f946084d168;  0 drivers
o0x7f946084d198 .functor BUFZ 1, C4<z>; HiZ drive
v0x7f946093d260_0 .net "PLLOUTGLOBALA", 0 0, o0x7f946084d198;  0 drivers
o0x7f946084d1c8 .functor BUFZ 1, C4<z>; HiZ drive
v0x7f946093d300_0 .net "PLLOUTGLOBALB", 0 0, o0x7f946084d1c8;  0 drivers
o0x7f946084d1f8 .functor BUFZ 1, C4<z>; HiZ drive
v0x7f946093d410_0 .net "REFERENCECLK", 0 0, o0x7f946084d1f8;  0 drivers
o0x7f946084d228 .functor BUFZ 1, C4<z>; HiZ drive
v0x7f946093d4a0_0 .net "RESETB", 0 0, o0x7f946084d228;  0 drivers
o0x7f946084d258 .functor BUFZ 1, C4<z>; HiZ drive
v0x7f946093d540_0 .net "SCLK", 0 0, o0x7f946084d258;  0 drivers
o0x7f946084d288 .functor BUFZ 1, C4<z>; HiZ drive
v0x7f946093d5e0_0 .net "SDI", 0 0, o0x7f946084d288;  0 drivers
o0x7f946084d2b8 .functor BUFZ 1, C4<z>; HiZ drive
v0x7f946093d680_0 .net "SDO", 0 0, o0x7f946084d2b8;  0 drivers
S_0x7f945ee21d10 .scope module, "SB_PLL40_2F_PAD" "SB_PLL40_2F_PAD" 2 2556;
 .timescale -12 -12;
    .port_info 0 /INPUT 1 "PACKAGEPIN";
    .port_info 1 /OUTPUT 1 "PLLOUTCOREA";
    .port_info 2 /OUTPUT 1 "PLLOUTGLOBALA";
    .port_info 3 /OUTPUT 1 "PLLOUTCOREB";
    .port_info 4 /OUTPUT 1 "PLLOUTGLOBALB";
    .port_info 5 /INPUT 1 "EXTFEEDBACK";
    .port_info 6 /INPUT 8 "DYNAMICDELAY";
    .port_info 7 /OUTPUT 1 "LOCK";
    .port_info 8 /INPUT 1 "BYPASS";
    .port_info 9 /INPUT 1 "RESETB";
    .port_info 10 /INPUT 1 "LATCHINPUTVALUE";
    .port_info 11 /OUTPUT 1 "SDO";
    .port_info 12 /INPUT 1 "SDI";
    .port_info 13 /INPUT 1 "SCLK";
P_0x7f946000d800 .param/str "DELAY_ADJUSTMENT_MODE_FEEDBACK" 0 2 2573, "FIXED";
P_0x7f946000d840 .param/str "DELAY_ADJUSTMENT_MODE_RELATIVE" 0 2 2574, "FIXED";
P_0x7f946000d880 .param/l "DIVF" 0 2 2581, C4<0000000>;
P_0x7f946000d8c0 .param/l "DIVQ" 0 2 2582, C4<000>;
P_0x7f946000d900 .param/l "DIVR" 0 2 2580, C4<0000>;
P_0x7f946000d940 .param/l "ENABLE_ICEGATE_PORTA" 0 2 2584, C4<0>;
P_0x7f946000d980 .param/l "ENABLE_ICEGATE_PORTB" 0 2 2585, C4<0>;
P_0x7f946000d9c0 .param/l "EXTERNAL_DIVIDE_FACTOR" 0 2 2587, +C4<00000000000000000000000000000001>;
P_0x7f946000da00 .param/l "FDA_FEEDBACK" 0 2 2576, C4<0000>;
P_0x7f946000da40 .param/l "FDA_RELATIVE" 0 2 2577, C4<0000>;
P_0x7f946000da80 .param/str "FEEDBACK_PATH" 0 2 2572, "SIMPLE";
P_0x7f946000dac0 .param/l "FILTER_RANGE" 0 2 2583, C4<000>;
P_0x7f946000db00 .param/str "PLLOUT_SELECT_PORTA" 0 2 2578, "GENCLK";
P_0x7f946000db40 .param/str "PLLOUT_SELECT_PORTB" 0 2 2579, "GENCLK";
P_0x7f946000db80 .param/l "SHIFTREG_DIV_MODE" 0 2 2575, C4<00>;
P_0x7f946000dbc0 .param/l "TEST_MODE" 0 2 2586, C4<0>;
o0x7f946084d588 .functor BUFZ 1, C4<z>; HiZ drive
v0x7f946093d870_0 .net "BYPASS", 0 0, o0x7f946084d588;  0 drivers
o0x7f946084d5b8 .functor BUFZ 8, C4<zzzzzzzz>; HiZ drive
v0x7f946093d920_0 .net "DYNAMICDELAY", 7 0, o0x7f946084d5b8;  0 drivers
o0x7f946084d5e8 .functor BUFZ 1, C4<z>; HiZ drive
v0x7f946093d9c0_0 .net "EXTFEEDBACK", 0 0, o0x7f946084d5e8;  0 drivers
o0x7f946084d618 .functor BUFZ 1, C4<z>; HiZ drive
v0x7f946093da50_0 .net "LATCHINPUTVALUE", 0 0, o0x7f946084d618;  0 drivers
o0x7f946084d648 .functor BUFZ 1, C4<z>; HiZ drive
v0x7f946093dae0_0 .net "LOCK", 0 0, o0x7f946084d648;  0 drivers
o0x7f946084d678 .functor BUFZ 1, C4<z>; HiZ drive
v0x7f946093dbc0_0 .net "PACKAGEPIN", 0 0, o0x7f946084d678;  0 drivers
o0x7f946084d6a8 .functor BUFZ 1, C4<z>; HiZ drive
v0x7f946093dc60_0 .net "PLLOUTCOREA", 0 0, o0x7f946084d6a8;  0 drivers
o0x7f946084d6d8 .functor BUFZ 1, C4<z>; HiZ drive
v0x7f946093dd00_0 .net "PLLOUTCOREB", 0 0, o0x7f946084d6d8;  0 drivers
o0x7f946084d708 .functor BUFZ 1, C4<z>; HiZ drive
v0x7f946093dda0_0 .net "PLLOUTGLOBALA", 0 0, o0x7f946084d708;  0 drivers
o0x7f946084d738 .functor BUFZ 1, C4<z>; HiZ drive
v0x7f946093deb0_0 .net "PLLOUTGLOBALB", 0 0, o0x7f946084d738;  0 drivers
o0x7f946084d768 .functor BUFZ 1, C4<z>; HiZ drive
v0x7f946093df40_0 .net "RESETB", 0 0, o0x7f946084d768;  0 drivers
o0x7f946084d798 .functor BUFZ 1, C4<z>; HiZ drive
v0x7f946093dfe0_0 .net "SCLK", 0 0, o0x7f946084d798;  0 drivers
o0x7f946084d7c8 .functor BUFZ 1, C4<z>; HiZ drive
v0x7f946093e080_0 .net "SDI", 0 0, o0x7f946084d7c8;  0 drivers
o0x7f946084d7f8 .functor BUFZ 1, C4<z>; HiZ drive
v0x7f946093e120_0 .net "SDO", 0 0, o0x7f946084d7f8;  0 drivers
S_0x7f945ee22510 .scope module, "SB_PLL40_2_PAD" "SB_PLL40_2_PAD" 2 2487;
 .timescale -12 -12;
    .port_info 0 /INPUT 1 "PACKAGEPIN";
    .port_info 1 /OUTPUT 1 "PLLOUTCOREA";
    .port_info 2 /OUTPUT 1 "PLLOUTGLOBALA";
    .port_info 3 /OUTPUT 1 "PLLOUTCOREB";
    .port_info 4 /OUTPUT 1 "PLLOUTGLOBALB";
    .port_info 5 /INPUT 1 "EXTFEEDBACK";
    .port_info 6 /INPUT 8 "DYNAMICDELAY";
    .port_info 7 /OUTPUT 1 "LOCK";
    .port_info 8 /INPUT 1 "BYPASS";
    .port_info 9 /INPUT 1 "RESETB";
    .port_info 10 /INPUT 1 "LATCHINPUTVALUE";
    .port_info 11 /OUTPUT 1 "SDO";
    .port_info 12 /INPUT 1 "SDI";
    .port_info 13 /INPUT 1 "SCLK";
P_0x7f945ee22680 .param/str "DELAY_ADJUSTMENT_MODE_FEEDBACK" 0 2 2504, "FIXED";
P_0x7f945ee226c0 .param/str "DELAY_ADJUSTMENT_MODE_RELATIVE" 0 2 2505, "FIXED";
P_0x7f945ee22700 .param/l "DIVF" 0 2 2511, C4<0000000>;
P_0x7f945ee22740 .param/l "DIVQ" 0 2 2512, C4<000>;
P_0x7f945ee22780 .param/l "DIVR" 0 2 2510, C4<0000>;
P_0x7f945ee227c0 .param/l "ENABLE_ICEGATE_PORTA" 0 2 2514, C4<0>;
P_0x7f945ee22800 .param/l "ENABLE_ICEGATE_PORTB" 0 2 2515, C4<0>;
P_0x7f945ee22840 .param/l "EXTERNAL_DIVIDE_FACTOR" 0 2 2517, +C4<00000000000000000000000000000001>;
P_0x7f945ee22880 .param/l "FDA_FEEDBACK" 0 2 2507, C4<0000>;
P_0x7f945ee228c0 .param/l "FDA_RELATIVE" 0 2 2508, C4<0000>;
P_0x7f945ee22900 .param/str "FEEDBACK_PATH" 0 2 2503, "SIMPLE";
P_0x7f945ee22940 .param/l "FILTER_RANGE" 0 2 2513, C4<000>;
P_0x7f945ee22980 .param/str "PLLOUT_SELECT_PORTB" 0 2 2509, "GENCLK";
P_0x7f945ee229c0 .param/l "SHIFTREG_DIV_MODE" 0 2 2506, C4<0>;
P_0x7f945ee22a00 .param/l "TEST_MODE" 0 2 2516, C4<0>;
o0x7f946084dac8 .functor BUFZ 1, C4<z>; HiZ drive
v0x7f946093e310_0 .net "BYPASS", 0 0, o0x7f946084dac8;  0 drivers
o0x7f946084daf8 .functor BUFZ 8, C4<zzzzzzzz>; HiZ drive
v0x7f946093e3c0_0 .net "DYNAMICDELAY", 7 0, o0x7f946084daf8;  0 drivers
o0x7f946084db28 .functor BUFZ 1, C4<z>; HiZ drive
v0x7f946093e460_0 .net "EXTFEEDBACK", 0 0, o0x7f946084db28;  0 drivers
o0x7f946084db58 .functor BUFZ 1, C4<z>; HiZ drive
v0x7f946093e4f0_0 .net "LATCHINPUTVALUE", 0 0, o0x7f946084db58;  0 drivers
o0x7f946084db88 .functor BUFZ 1, C4<z>; HiZ drive
v0x7f946093e580_0 .net "LOCK", 0 0, o0x7f946084db88;  0 drivers
o0x7f946084dbb8 .functor BUFZ 1, C4<z>; HiZ drive
v0x7f946093e660_0 .net "PACKAGEPIN", 0 0, o0x7f946084dbb8;  0 drivers
o0x7f946084dbe8 .functor BUFZ 1, C4<z>; HiZ drive
v0x7f946093e700_0 .net "PLLOUTCOREA", 0 0, o0x7f946084dbe8;  0 drivers
o0x7f946084dc18 .functor BUFZ 1, C4<z>; HiZ drive
v0x7f946093e7a0_0 .net "PLLOUTCOREB", 0 0, o0x7f946084dc18;  0 drivers
o0x7f946084dc48 .functor BUFZ 1, C4<z>; HiZ drive
v0x7f946093e840_0 .net "PLLOUTGLOBALA", 0 0, o0x7f946084dc48;  0 drivers
o0x7f946084dc78 .functor BUFZ 1, C4<z>; HiZ drive
v0x7f946093e950_0 .net "PLLOUTGLOBALB", 0 0, o0x7f946084dc78;  0 drivers
o0x7f946084dca8 .functor BUFZ 1, C4<z>; HiZ drive
v0x7f946093e9e0_0 .net "RESETB", 0 0, o0x7f946084dca8;  0 drivers
o0x7f946084dcd8 .functor BUFZ 1, C4<z>; HiZ drive
v0x7f946093ea80_0 .net "SCLK", 0 0, o0x7f946084dcd8;  0 drivers
o0x7f946084dd08 .functor BUFZ 1, C4<z>; HiZ drive
v0x7f946093eb20_0 .net "SDI", 0 0, o0x7f946084dd08;  0 drivers
o0x7f946084dd38 .functor BUFZ 1, C4<z>; HiZ drive
v0x7f946093ebc0_0 .net "SDO", 0 0, o0x7f946084dd38;  0 drivers
S_0x7f945ee23150 .scope module, "SB_PLL40_CORE" "SB_PLL40_CORE" 2 2425;
 .timescale -12 -12;
    .port_info 0 /INPUT 1 "REFERENCECLK";
    .port_info 1 /OUTPUT 1 "PLLOUTCORE";
    .port_info 2 /OUTPUT 1 "PLLOUTGLOBAL";
    .port_info 3 /INPUT 1 "EXTFEEDBACK";
    .port_info 4 /INPUT 8 "DYNAMICDELAY";
    .port_info 5 /OUTPUT 1 "LOCK";
    .port_info 6 /INPUT 1 "BYPASS";
    .port_info 7 /INPUT 1 "RESETB";
    .port_info 8 /INPUT 1 "LATCHINPUTVALUE";
    .port_info 9 /OUTPUT 1 "SDO";
    .port_info 10 /INPUT 1 "SDI";
    .port_info 11 /INPUT 1 "SCLK";
P_0x7f945ee232c0 .param/str "DELAY_ADJUSTMENT_MODE_FEEDBACK" 0 2 2440, "FIXED";
P_0x7f945ee23300 .param/str "DELAY_ADJUSTMENT_MODE_RELATIVE" 0 2 2441, "FIXED";
P_0x7f945ee23340 .param/l "DIVF" 0 2 2447, C4<0000000>;
P_0x7f945ee23380 .param/l "DIVQ" 0 2 2448, C4<000>;
P_0x7f945ee233c0 .param/l "DIVR" 0 2 2446, C4<0000>;
P_0x7f945ee23400 .param/l "ENABLE_ICEGATE" 0 2 2450, C4<0>;
P_0x7f945ee23440 .param/l "EXTERNAL_DIVIDE_FACTOR" 0 2 2452, +C4<00000000000000000000000000000001>;
P_0x7f945ee23480 .param/l "FDA_FEEDBACK" 0 2 2443, C4<0000>;
P_0x7f945ee234c0 .param/l "FDA_RELATIVE" 0 2 2444, C4<0000>;
P_0x7f945ee23500 .param/str "FEEDBACK_PATH" 0 2 2439, "SIMPLE";
P_0x7f945ee23540 .param/l "FILTER_RANGE" 0 2 2449, C4<000>;
P_0x7f945ee23580 .param/str "PLLOUT_SELECT" 0 2 2445, "GENCLK";
P_0x7f945ee235c0 .param/l "SHIFTREG_DIV_MODE" 0 2 2442, C4<0>;
P_0x7f945ee23600 .param/l "TEST_MODE" 0 2 2451, C4<0>;
o0x7f946084e008 .functor BUFZ 1, C4<z>; HiZ drive
v0x7f946093edb0_0 .net "BYPASS", 0 0, o0x7f946084e008;  0 drivers
o0x7f946084e038 .functor BUFZ 8, C4<zzzzzzzz>; HiZ drive
v0x7f946093ee60_0 .net "DYNAMICDELAY", 7 0, o0x7f946084e038;  0 drivers
o0x7f946084e068 .functor BUFZ 1, C4<z>; HiZ drive
v0x7f946093ef00_0 .net "EXTFEEDBACK", 0 0, o0x7f946084e068;  0 drivers
o0x7f946084e098 .functor BUFZ 1, C4<z>; HiZ drive
v0x7f946093ef90_0 .net "LATCHINPUTVALUE", 0 0, o0x7f946084e098;  0 drivers
o0x7f946084e0c8 .functor BUFZ 1, C4<z>; HiZ drive
v0x7f946093f020_0 .net "LOCK", 0 0, o0x7f946084e0c8;  0 drivers
o0x7f946084e0f8 .functor BUFZ 1, C4<z>; HiZ drive
v0x7f946093f100_0 .net "PLLOUTCORE", 0 0, o0x7f946084e0f8;  0 drivers
o0x7f946084e128 .functor BUFZ 1, C4<z>; HiZ drive
v0x7f946093f1a0_0 .net "PLLOUTGLOBAL", 0 0, o0x7f946084e128;  0 drivers
o0x7f946084e158 .functor BUFZ 1, C4<z>; HiZ drive
v0x7f946093f240_0 .net "REFERENCECLK", 0 0, o0x7f946084e158;  0 drivers
o0x7f946084e188 .functor BUFZ 1, C4<z>; HiZ drive
v0x7f946093f2e0_0 .net "RESETB", 0 0, o0x7f946084e188;  0 drivers
o0x7f946084e1b8 .functor BUFZ 1, C4<z>; HiZ drive
v0x7f946093f3f0_0 .net "SCLK", 0 0, o0x7f946084e1b8;  0 drivers
o0x7f946084e1e8 .functor BUFZ 1, C4<z>; HiZ drive
v0x7f946093f480_0 .net "SDI", 0 0, o0x7f946084e1e8;  0 drivers
o0x7f946084e218 .functor BUFZ 1, C4<z>; HiZ drive
v0x7f946093f520_0 .net "SDO", 0 0, o0x7f946084e218;  0 drivers
S_0x7f945ee23cb0 .scope module, "SB_PLL40_PAD" "SB_PLL40_PAD" 2 2456;
 .timescale -12 -12;
    .port_info 0 /INPUT 1 "PACKAGEPIN";
    .port_info 1 /OUTPUT 1 "PLLOUTCORE";
    .port_info 2 /OUTPUT 1 "PLLOUTGLOBAL";
    .port_info 3 /INPUT 1 "EXTFEEDBACK";
    .port_info 4 /INPUT 8 "DYNAMICDELAY";
    .port_info 5 /OUTPUT 1 "LOCK";
    .port_info 6 /INPUT 1 "BYPASS";
    .port_info 7 /INPUT 1 "RESETB";
    .port_info 8 /INPUT 1 "LATCHINPUTVALUE";
    .port_info 9 /OUTPUT 1 "SDO";
    .port_info 10 /INPUT 1 "SDI";
    .port_info 11 /INPUT 1 "SCLK";
P_0x7f945ee23e20 .param/str "DELAY_ADJUSTMENT_MODE_FEEDBACK" 0 2 2471, "FIXED";
P_0x7f945ee23e60 .param/str "DELAY_ADJUSTMENT_MODE_RELATIVE" 0 2 2472, "FIXED";
P_0x7f945ee23ea0 .param/l "DIVF" 0 2 2478, C4<0000000>;
P_0x7f945ee23ee0 .param/l "DIVQ" 0 2 2479, C4<000>;
P_0x7f945ee23f20 .param/l "DIVR" 0 2 2477, C4<0000>;
P_0x7f945ee23f60 .param/l "ENABLE_ICEGATE" 0 2 2481, C4<0>;
P_0x7f945ee23fa0 .param/l "EXTERNAL_DIVIDE_FACTOR" 0 2 2483, +C4<00000000000000000000000000000001>;
P_0x7f945ee23fe0 .param/l "FDA_FEEDBACK" 0 2 2474, C4<0000>;
P_0x7f945ee24020 .param/l "FDA_RELATIVE" 0 2 2475, C4<0000>;
P_0x7f945ee24060 .param/str "FEEDBACK_PATH" 0 2 2470, "SIMPLE";
P_0x7f945ee240a0 .param/l "FILTER_RANGE" 0 2 2480, C4<000>;
P_0x7f945ee240e0 .param/str "PLLOUT_SELECT" 0 2 2476, "GENCLK";
P_0x7f945ee24120 .param/l "SHIFTREG_DIV_MODE" 0 2 2473, C4<0>;
P_0x7f945ee24160 .param/l "TEST_MODE" 0 2 2482, C4<0>;
o0x7f946084e488 .functor BUFZ 1, C4<z>; HiZ drive
v0x7f946093f6e0_0 .net "BYPASS", 0 0, o0x7f946084e488;  0 drivers
o0x7f946084e4b8 .functor BUFZ 8, C4<zzzzzzzz>; HiZ drive
v0x7f946093f790_0 .net "DYNAMICDELAY", 7 0, o0x7f946084e4b8;  0 drivers
o0x7f946084e4e8 .functor BUFZ 1, C4<z>; HiZ drive
v0x7f946093f830_0 .net "EXTFEEDBACK", 0 0, o0x7f946084e4e8;  0 drivers
o0x7f946084e518 .functor BUFZ 1, C4<z>; HiZ drive
v0x7f946093f8c0_0 .net "LATCHINPUTVALUE", 0 0, o0x7f946084e518;  0 drivers
o0x7f946084e548 .functor BUFZ 1, C4<z>; HiZ drive
v0x7f946093f950_0 .net "LOCK", 0 0, o0x7f946084e548;  0 drivers
o0x7f946084e578 .functor BUFZ 1, C4<z>; HiZ drive
v0x7f946093fa30_0 .net "PACKAGEPIN", 0 0, o0x7f946084e578;  0 drivers
o0x7f946084e5a8 .functor BUFZ 1, C4<z>; HiZ drive
v0x7f946093fad0_0 .net "PLLOUTCORE", 0 0, o0x7f946084e5a8;  0 drivers
o0x7f946084e5d8 .functor BUFZ 1, C4<z>; HiZ drive
v0x7f946093fb70_0 .net "PLLOUTGLOBAL", 0 0, o0x7f946084e5d8;  0 drivers
o0x7f946084e608 .functor BUFZ 1, C4<z>; HiZ drive
v0x7f946093fc10_0 .net "RESETB", 0 0, o0x7f946084e608;  0 drivers
o0x7f946084e638 .functor BUFZ 1, C4<z>; HiZ drive
v0x7f946093fd20_0 .net "SCLK", 0 0, o0x7f946084e638;  0 drivers
o0x7f946084e668 .functor BUFZ 1, C4<z>; HiZ drive
v0x7f946093fdb0_0 .net "SDI", 0 0, o0x7f946084e668;  0 drivers
o0x7f946084e698 .functor BUFZ 1, C4<z>; HiZ drive
v0x7f946093fe50_0 .net "SDO", 0 0, o0x7f946084e698;  0 drivers
S_0x7f945ee24810 .scope module, "SB_RAM40_4KNR" "SB_RAM40_4KNR" 2 1726;
 .timescale -12 -12;
    .port_info 0 /OUTPUT 16 "RDATA";
    .port_info 1 /INPUT 1 "RCLKN";
    .port_info 2 /INPUT 1 "RCLKE";
    .port_info 3 /INPUT 1 "RE";
    .port_info 4 /INPUT 11 "RADDR";
    .port_info 5 /INPUT 1 "WCLK";
    .port_info 6 /INPUT 1 "WCLKE";
    .port_info 7 /INPUT 1 "WE";
    .port_info 8 /INPUT 11 "WADDR";
    .port_info 9 /INPUT 16 "MASK";
    .port_info 10 /INPUT 16 "WDATA";
P_0x7f9460008c00 .param/l "INIT_0" 0 2 1742, C4<0000000000000000000000000000000000000000000000000000000000000000000000000000000000000000000000000000000000000000000000000000000000000000000000000000000000000000000000000000000000000000000000000000000000000000000000000000000000000000000000000000000000000000>;
P_0x7f9460008c40 .param/l "INIT_1" 0 2 1743, C4<0000000000000000000000000000000000000000000000000000000000000000000000000000000000000000000000000000000000000000000000000000000000000000000000000000000000000000000000000000000000000000000000000000000000000000000000000000000000000000000000000000000000000000>;
P_0x7f9460008c80 .param/l "INIT_2" 0 2 1744, C4<0000000000000000000000000000000000000000000000000000000000000000000000000000000000000000000000000000000000000000000000000000000000000000000000000000000000000000000000000000000000000000000000000000000000000000000000000000000000000000000000000000000000000000>;
P_0x7f9460008cc0 .param/l "INIT_3" 0 2 1745, C4<0000000000000000000000000000000000000000000000000000000000000000000000000000000000000000000000000000000000000000000000000000000000000000000000000000000000000000000000000000000000000000000000000000000000000000000000000000000000000000000000000000000000000000>;
P_0x7f9460008d00 .param/l "INIT_4" 0 2 1746, C4<0000000000000000000000000000000000000000000000000000000000000000000000000000000000000000000000000000000000000000000000000000000000000000000000000000000000000000000000000000000000000000000000000000000000000000000000000000000000000000000000000000000000000000>;
P_0x7f9460008d40 .param/l "INIT_5" 0 2 1747, C4<0000000000000000000000000000000000000000000000000000000000000000000000000000000000000000000000000000000000000000000000000000000000000000000000000000000000000000000000000000000000000000000000000000000000000000000000000000000000000000000000000000000000000000>;
P_0x7f9460008d80 .param/l "INIT_6" 0 2 1748, C4<0000000000000000000000000000000000000000000000000000000000000000000000000000000000000000000000000000000000000000000000000000000000000000000000000000000000000000000000000000000000000000000000000000000000000000000000000000000000000000000000000000000000000000>;
P_0x7f9460008dc0 .param/l "INIT_7" 0 2 1749, C4<0000000000000000000000000000000000000000000000000000000000000000000000000000000000000000000000000000000000000000000000000000000000000000000000000000000000000000000000000000000000000000000000000000000000000000000000000000000000000000000000000000000000000000>;
P_0x7f9460008e00 .param/l "INIT_8" 0 2 1750, C4<0000000000000000000000000000000000000000000000000000000000000000000000000000000000000000000000000000000000000000000000000000000000000000000000000000000000000000000000000000000000000000000000000000000000000000000000000000000000000000000000000000000000000000>;
P_0x7f9460008e40 .param/l "INIT_9" 0 2 1751, C4<0000000000000000000000000000000000000000000000000000000000000000000000000000000000000000000000000000000000000000000000000000000000000000000000000000000000000000000000000000000000000000000000000000000000000000000000000000000000000000000000000000000000000000>;
P_0x7f9460008e80 .param/l "INIT_A" 0 2 1752, C4<0000000000000000000000000000000000000000000000000000000000000000000000000000000000000000000000000000000000000000000000000000000000000000000000000000000000000000000000000000000000000000000000000000000000000000000000000000000000000000000000000000000000000000>;
P_0x7f9460008ec0 .param/l "INIT_B" 0 2 1753, C4<0000000000000000000000000000000000000000000000000000000000000000000000000000000000000000000000000000000000000000000000000000000000000000000000000000000000000000000000000000000000000000000000000000000000000000000000000000000000000000000000000000000000000000>;
P_0x7f9460008f00 .param/l "INIT_C" 0 2 1754, C4<0000000000000000000000000000000000000000000000000000000000000000000000000000000000000000000000000000000000000000000000000000000000000000000000000000000000000000000000000000000000000000000000000000000000000000000000000000000000000000000000000000000000000000>;
P_0x7f9460008f40 .param/l "INIT_D" 0 2 1755, C4<0000000000000000000000000000000000000000000000000000000000000000000000000000000000000000000000000000000000000000000000000000000000000000000000000000000000000000000000000000000000000000000000000000000000000000000000000000000000000000000000000000000000000000>;
P_0x7f9460008f80 .param/l "INIT_E" 0 2 1756, C4<0000000000000000000000000000000000000000000000000000000000000000000000000000000000000000000000000000000000000000000000000000000000000000000000000000000000000000000000000000000000000000000000000000000000000000000000000000000000000000000000000000000000000000>;
P_0x7f9460008fc0 .param/l "INIT_F" 0 2 1757, C4<0000000000000000000000000000000000000000000000000000000000000000000000000000000000000000000000000000000000000000000000000000000000000000000000000000000000000000000000000000000000000000000000000000000000000000000000000000000000000000000000000000000000000000>;
P_0x7f9460009000 .param/str "INIT_FILE" 0 2 1759, "\000";
P_0x7f9460009040 .param/l "READ_MODE" 0 2 1740, +C4<00000000000000000000000000000000>;
P_0x7f9460009080 .param/l "WRITE_MODE" 0 2 1739, +C4<00000000000000000000000000000000>;
o0x7f946084ee18 .functor BUFZ 1, C4<z>; HiZ drive
L_0x7f946095bf40 .functor NOT 1, o0x7f946084ee18, C4<0>, C4<0>, C4<0>;
o0x7f946084e908 .functor BUFZ 16, C4<zzzzzzzzzzzzzzzz>; HiZ drive
v0x7f9460942e10_0 .net "MASK", 15 0, o0x7f946084e908;  0 drivers
o0x7f946084e938 .functor BUFZ 11, C4<zzzzzzzzzzz>; HiZ drive
v0x7f9460942ea0_0 .net "RADDR", 10 0, o0x7f946084e938;  0 drivers
o0x7f946084e998 .functor BUFZ 1, C4<z>; HiZ drive
v0x7f9460942f30_0 .net "RCLKE", 0 0, o0x7f946084e998;  0 drivers
v0x7f9460942fc0_0 .net "RCLKN", 0 0, o0x7f946084ee18;  0 drivers
v0x7f9460943050_0 .net "RDATA", 15 0, L_0x7f946095bed0;  1 drivers
o0x7f946084ea28 .functor BUFZ 1, C4<z>; HiZ drive
v0x7f94609430e0_0 .net "RE", 0 0, o0x7f946084ea28;  0 drivers
o0x7f946084ea88 .functor BUFZ 11, C4<zzzzzzzzzzz>; HiZ drive
v0x7f9460943190_0 .net "WADDR", 10 0, o0x7f946084ea88;  0 drivers
o0x7f946084eab8 .functor BUFZ 1, C4<z>; HiZ drive
v0x7f9460943240_0 .net "WCLK", 0 0, o0x7f946084eab8;  0 drivers
o0x7f946084eae8 .functor BUFZ 1, C4<z>; HiZ drive
v0x7f94609432f0_0 .net "WCLKE", 0 0, o0x7f946084eae8;  0 drivers
o0x7f946084eb18 .functor BUFZ 16, C4<zzzzzzzzzzzzzzzz>; HiZ drive
v0x7f9460943420_0 .net "WDATA", 15 0, o0x7f946084eb18;  0 drivers
o0x7f946084eb78 .functor BUFZ 1, C4<z>; HiZ drive
v0x7f94609434b0_0 .net "WE", 0 0, o0x7f946084eb78;  0 drivers
S_0x7f9460940010 .scope module, "RAM" "SB_RAM40_4K" 2 1781, 2 1487 0, S_0x7f945ee24810;
 .timescale -12 -12;
    .port_info 0 /OUTPUT 16 "RDATA";
    .port_info 1 /INPUT 1 "RCLK";
    .port_info 2 /INPUT 1 "RCLKE";
    .port_info 3 /INPUT 1 "RE";
    .port_info 4 /INPUT 11 "RADDR";
    .port_info 5 /INPUT 1 "WCLK";
    .port_info 6 /INPUT 1 "WCLKE";
    .port_info 7 /INPUT 1 "WE";
    .port_info 8 /INPUT 11 "WADDR";
    .port_info 9 /INPUT 16 "MASK";
    .port_info 10 /INPUT 16 "WDATA";
P_0x7f946100b200 .param/l "INIT_0" 0 2 1507, C4<0000000000000000000000000000000000000000000000000000000000000000000000000000000000000000000000000000000000000000000000000000000000000000000000000000000000000000000000000000000000000000000000000000000000000000000000000000000000000000000000000000000000000000>;
P_0x7f946100b240 .param/l "INIT_1" 0 2 1508, C4<0000000000000000000000000000000000000000000000000000000000000000000000000000000000000000000000000000000000000000000000000000000000000000000000000000000000000000000000000000000000000000000000000000000000000000000000000000000000000000000000000000000000000000>;
P_0x7f946100b280 .param/l "INIT_2" 0 2 1509, C4<0000000000000000000000000000000000000000000000000000000000000000000000000000000000000000000000000000000000000000000000000000000000000000000000000000000000000000000000000000000000000000000000000000000000000000000000000000000000000000000000000000000000000000>;
P_0x7f946100b2c0 .param/l "INIT_3" 0 2 1510, C4<0000000000000000000000000000000000000000000000000000000000000000000000000000000000000000000000000000000000000000000000000000000000000000000000000000000000000000000000000000000000000000000000000000000000000000000000000000000000000000000000000000000000000000>;
P_0x7f946100b300 .param/l "INIT_4" 0 2 1511, C4<0000000000000000000000000000000000000000000000000000000000000000000000000000000000000000000000000000000000000000000000000000000000000000000000000000000000000000000000000000000000000000000000000000000000000000000000000000000000000000000000000000000000000000>;
P_0x7f946100b340 .param/l "INIT_5" 0 2 1512, C4<0000000000000000000000000000000000000000000000000000000000000000000000000000000000000000000000000000000000000000000000000000000000000000000000000000000000000000000000000000000000000000000000000000000000000000000000000000000000000000000000000000000000000000>;
P_0x7f946100b380 .param/l "INIT_6" 0 2 1513, C4<0000000000000000000000000000000000000000000000000000000000000000000000000000000000000000000000000000000000000000000000000000000000000000000000000000000000000000000000000000000000000000000000000000000000000000000000000000000000000000000000000000000000000000>;
P_0x7f946100b3c0 .param/l "INIT_7" 0 2 1514, C4<0000000000000000000000000000000000000000000000000000000000000000000000000000000000000000000000000000000000000000000000000000000000000000000000000000000000000000000000000000000000000000000000000000000000000000000000000000000000000000000000000000000000000000>;
P_0x7f946100b400 .param/l "INIT_8" 0 2 1515, C4<0000000000000000000000000000000000000000000000000000000000000000000000000000000000000000000000000000000000000000000000000000000000000000000000000000000000000000000000000000000000000000000000000000000000000000000000000000000000000000000000000000000000000000>;
P_0x7f946100b440 .param/l "INIT_9" 0 2 1516, C4<0000000000000000000000000000000000000000000000000000000000000000000000000000000000000000000000000000000000000000000000000000000000000000000000000000000000000000000000000000000000000000000000000000000000000000000000000000000000000000000000000000000000000000>;
P_0x7f946100b480 .param/l "INIT_A" 0 2 1517, C4<0000000000000000000000000000000000000000000000000000000000000000000000000000000000000000000000000000000000000000000000000000000000000000000000000000000000000000000000000000000000000000000000000000000000000000000000000000000000000000000000000000000000000000>;
P_0x7f946100b4c0 .param/l "INIT_B" 0 2 1518, C4<0000000000000000000000000000000000000000000000000000000000000000000000000000000000000000000000000000000000000000000000000000000000000000000000000000000000000000000000000000000000000000000000000000000000000000000000000000000000000000000000000000000000000000>;
P_0x7f946100b500 .param/l "INIT_C" 0 2 1519, C4<0000000000000000000000000000000000000000000000000000000000000000000000000000000000000000000000000000000000000000000000000000000000000000000000000000000000000000000000000000000000000000000000000000000000000000000000000000000000000000000000000000000000000000>;
P_0x7f946100b540 .param/l "INIT_D" 0 2 1520, C4<0000000000000000000000000000000000000000000000000000000000000000000000000000000000000000000000000000000000000000000000000000000000000000000000000000000000000000000000000000000000000000000000000000000000000000000000000000000000000000000000000000000000000000>;
P_0x7f946100b580 .param/l "INIT_E" 0 2 1521, C4<0000000000000000000000000000000000000000000000000000000000000000000000000000000000000000000000000000000000000000000000000000000000000000000000000000000000000000000000000000000000000000000000000000000000000000000000000000000000000000000000000000000000000000>;
P_0x7f946100b5c0 .param/l "INIT_F" 0 2 1522, C4<0000000000000000000000000000000000000000000000000000000000000000000000000000000000000000000000000000000000000000000000000000000000000000000000000000000000000000000000000000000000000000000000000000000000000000000000000000000000000000000000000000000000000000>;
P_0x7f946100b600 .param/str "INIT_FILE" 0 2 1524, "\000";
P_0x7f946100b640 .param/l "READ_MODE" 0 2 1505, +C4<00000000000000000000000000000000>;
P_0x7f946100b680 .param/l "WRITE_MODE" 0 2 1504, +C4<00000000000000000000000000000000>;
v0x7f9460942070_0 .net "MASK", 15 0, o0x7f946084e908;  alias, 0 drivers
v0x7f9460942100_0 .net "RADDR", 10 0, o0x7f946084e938;  alias, 0 drivers
v0x7f94609421b0_0 .net "RCLK", 0 0, L_0x7f946095bf40;  1 drivers
v0x7f9460942260_0 .net "RCLKE", 0 0, o0x7f946084e998;  alias, 0 drivers
v0x7f9460942300_0 .net "RDATA", 15 0, L_0x7f946095bed0;  alias, 1 drivers
v0x7f94609423f0_0 .var "RDATA_I", 15 0;
v0x7f94609424a0_0 .net "RE", 0 0, o0x7f946084ea28;  alias, 0 drivers
L_0x7f9460873b00 .functor BUFT 1, C4<0000000000000000>, C4<0>, C4<0>, C4<0>;
v0x7f9460942540_0 .net "RMASK_I", 15 0, L_0x7f9460873b00;  1 drivers
v0x7f94609425f0_0 .net "WADDR", 10 0, o0x7f946084ea88;  alias, 0 drivers
v0x7f9460942700_0 .net "WCLK", 0 0, o0x7f946084eab8;  alias, 0 drivers
v0x7f94609427a0_0 .net "WCLKE", 0 0, o0x7f946084eae8;  alias, 0 drivers
v0x7f9460942840_0 .net "WDATA", 15 0, o0x7f946084eb18;  alias, 0 drivers
v0x7f94609428f0_0 .net "WDATA_I", 15 0, L_0x7f946095b450;  1 drivers
v0x7f94609429a0_0 .net "WE", 0 0, o0x7f946084eb78;  alias, 0 drivers
v0x7f9460942a40_0 .net "WMASK_I", 15 0, L_0x7f946095b3a0;  1 drivers
v0x7f9460942af0_0 .var/i "i", 31 0;
v0x7f9460942ba0 .array "memory", 255 0, 15 0;
E_0x7f94609418f0 .event posedge, v0x7f94609421b0_0;
E_0x7f9460941950 .event posedge, v0x7f9460942700_0;
S_0x7f94609419a0 .scope generate, "genblk1" "genblk1" 2 1534, 2 1534 0, S_0x7f9460940010;
 .timescale -12 -12;
L_0x7f946095b3a0 .functor BUFZ 16, o0x7f946084e908, C4<0000000000000000>, C4<0000000000000000>, C4<0000000000000000>;
S_0x7f9460941b70 .scope generate, "genblk2" "genblk2" 2 1555, 2 1555 0, S_0x7f9460940010;
 .timescale -12 -12;
S_0x7f9460941d40 .scope generate, "genblk3" "genblk3" 2 1576, 2 1576 0, S_0x7f9460940010;
 .timescale -12 -12;
L_0x7f946095b450 .functor BUFZ 16, o0x7f946084eb18, C4<0000000000000000>, C4<0000000000000000>, C4<0000000000000000>;
S_0x7f9460941eb0 .scope generate, "genblk4" "genblk4" 2 1595, 2 1595 0, S_0x7f9460940010;
 .timescale -12 -12;
L_0x7f946095bed0 .functor BUFZ 16, v0x7f94609423f0_0, C4<0000000000000000>, C4<0000000000000000>, C4<0000000000000000>;
S_0x7f945ee260c0 .scope module, "SB_RAM40_4KNRNW" "SB_RAM40_4KNRNW" 2 1998;
 .timescale -12 -12;
    .port_info 0 /OUTPUT 16 "RDATA";
    .port_info 1 /INPUT 1 "RCLKN";
    .port_info 2 /INPUT 1 "RCLKE";
    .port_info 3 /INPUT 1 "RE";
    .port_info 4 /INPUT 11 "RADDR";
    .port_info 5 /INPUT 1 "WCLKN";
    .port_info 6 /INPUT 1 "WCLKE";
    .port_info 7 /INPUT 1 "WE";
    .port_info 8 /INPUT 11 "WADDR";
    .port_info 9 /INPUT 16 "MASK";
    .port_info 10 /INPUT 16 "WDATA";
P_0x7f946000e000 .param/l "INIT_0" 0 2 2014, C4<0000000000000000000000000000000000000000000000000000000000000000000000000000000000000000000000000000000000000000000000000000000000000000000000000000000000000000000000000000000000000000000000000000000000000000000000000000000000000000000000000000000000000000>;
P_0x7f946000e040 .param/l "INIT_1" 0 2 2015, C4<0000000000000000000000000000000000000000000000000000000000000000000000000000000000000000000000000000000000000000000000000000000000000000000000000000000000000000000000000000000000000000000000000000000000000000000000000000000000000000000000000000000000000000>;
P_0x7f946000e080 .param/l "INIT_2" 0 2 2016, C4<0000000000000000000000000000000000000000000000000000000000000000000000000000000000000000000000000000000000000000000000000000000000000000000000000000000000000000000000000000000000000000000000000000000000000000000000000000000000000000000000000000000000000000>;
P_0x7f946000e0c0 .param/l "INIT_3" 0 2 2017, C4<0000000000000000000000000000000000000000000000000000000000000000000000000000000000000000000000000000000000000000000000000000000000000000000000000000000000000000000000000000000000000000000000000000000000000000000000000000000000000000000000000000000000000000>;
P_0x7f946000e100 .param/l "INIT_4" 0 2 2018, C4<0000000000000000000000000000000000000000000000000000000000000000000000000000000000000000000000000000000000000000000000000000000000000000000000000000000000000000000000000000000000000000000000000000000000000000000000000000000000000000000000000000000000000000>;
P_0x7f946000e140 .param/l "INIT_5" 0 2 2019, C4<0000000000000000000000000000000000000000000000000000000000000000000000000000000000000000000000000000000000000000000000000000000000000000000000000000000000000000000000000000000000000000000000000000000000000000000000000000000000000000000000000000000000000000>;
P_0x7f946000e180 .param/l "INIT_6" 0 2 2020, C4<0000000000000000000000000000000000000000000000000000000000000000000000000000000000000000000000000000000000000000000000000000000000000000000000000000000000000000000000000000000000000000000000000000000000000000000000000000000000000000000000000000000000000000>;
P_0x7f946000e1c0 .param/l "INIT_7" 0 2 2021, C4<0000000000000000000000000000000000000000000000000000000000000000000000000000000000000000000000000000000000000000000000000000000000000000000000000000000000000000000000000000000000000000000000000000000000000000000000000000000000000000000000000000000000000000>;
P_0x7f946000e200 .param/l "INIT_8" 0 2 2022, C4<0000000000000000000000000000000000000000000000000000000000000000000000000000000000000000000000000000000000000000000000000000000000000000000000000000000000000000000000000000000000000000000000000000000000000000000000000000000000000000000000000000000000000000>;
P_0x7f946000e240 .param/l "INIT_9" 0 2 2023, C4<0000000000000000000000000000000000000000000000000000000000000000000000000000000000000000000000000000000000000000000000000000000000000000000000000000000000000000000000000000000000000000000000000000000000000000000000000000000000000000000000000000000000000000>;
P_0x7f946000e280 .param/l "INIT_A" 0 2 2024, C4<0000000000000000000000000000000000000000000000000000000000000000000000000000000000000000000000000000000000000000000000000000000000000000000000000000000000000000000000000000000000000000000000000000000000000000000000000000000000000000000000000000000000000000>;
P_0x7f946000e2c0 .param/l "INIT_B" 0 2 2025, C4<0000000000000000000000000000000000000000000000000000000000000000000000000000000000000000000000000000000000000000000000000000000000000000000000000000000000000000000000000000000000000000000000000000000000000000000000000000000000000000000000000000000000000000>;
P_0x7f946000e300 .param/l "INIT_C" 0 2 2026, C4<0000000000000000000000000000000000000000000000000000000000000000000000000000000000000000000000000000000000000000000000000000000000000000000000000000000000000000000000000000000000000000000000000000000000000000000000000000000000000000000000000000000000000000>;
P_0x7f946000e340 .param/l "INIT_D" 0 2 2027, C4<0000000000000000000000000000000000000000000000000000000000000000000000000000000000000000000000000000000000000000000000000000000000000000000000000000000000000000000000000000000000000000000000000000000000000000000000000000000000000000000000000000000000000000>;
P_0x7f946000e380 .param/l "INIT_E" 0 2 2028, C4<0000000000000000000000000000000000000000000000000000000000000000000000000000000000000000000000000000000000000000000000000000000000000000000000000000000000000000000000000000000000000000000000000000000000000000000000000000000000000000000000000000000000000000>;
P_0x7f946000e3c0 .param/l "INIT_F" 0 2 2029, C4<0000000000000000000000000000000000000000000000000000000000000000000000000000000000000000000000000000000000000000000000000000000000000000000000000000000000000000000000000000000000000000000000000000000000000000000000000000000000000000000000000000000000000000>;
P_0x7f946000e400 .param/str "INIT_FILE" 0 2 2031, "\000";
P_0x7f946000e440 .param/l "READ_MODE" 0 2 2012, +C4<00000000000000000000000000000000>;
P_0x7f946000e480 .param/l "WRITE_MODE" 0 2 2011, +C4<00000000000000000000000000000000>;
o0x7f946084f568 .functor BUFZ 1, C4<z>; HiZ drive
L_0x7f946095c1c0 .functor NOT 1, o0x7f946084f568, C4<0>, C4<0>, C4<0>;
o0x7f946084f598 .functor BUFZ 1, C4<z>; HiZ drive
L_0x7f946095c230 .functor NOT 1, o0x7f946084f598, C4<0>, C4<0>, C4<0>;
o0x7f946084f058 .functor BUFZ 16, C4<zzzzzzzzzzzzzzzz>; HiZ drive
v0x7f9460946430_0 .net "MASK", 15 0, o0x7f946084f058;  0 drivers
o0x7f946084f088 .functor BUFZ 11, C4<zzzzzzzzzzz>; HiZ drive
v0x7f94609464c0_0 .net "RADDR", 10 0, o0x7f946084f088;  0 drivers
o0x7f946084f0e8 .functor BUFZ 1, C4<z>; HiZ drive
v0x7f9460946550_0 .net "RCLKE", 0 0, o0x7f946084f0e8;  0 drivers
v0x7f94609465e0_0 .net "RCLKN", 0 0, o0x7f946084f568;  0 drivers
v0x7f9460946670_0 .net "RDATA", 15 0, L_0x7f946095c110;  1 drivers
o0x7f946084f178 .functor BUFZ 1, C4<z>; HiZ drive
v0x7f9460946700_0 .net "RE", 0 0, o0x7f946084f178;  0 drivers
o0x7f946084f1d8 .functor BUFZ 11, C4<zzzzzzzzzzz>; HiZ drive
v0x7f94609467b0_0 .net "WADDR", 10 0, o0x7f946084f1d8;  0 drivers
o0x7f946084f238 .functor BUFZ 1, C4<z>; HiZ drive
v0x7f9460946860_0 .net "WCLKE", 0 0, o0x7f946084f238;  0 drivers
v0x7f9460946910_0 .net "WCLKN", 0 0, o0x7f946084f598;  0 drivers
o0x7f946084f268 .functor BUFZ 16, C4<zzzzzzzzzzzzzzzz>; HiZ drive
v0x7f9460946a20_0 .net "WDATA", 15 0, o0x7f946084f268;  0 drivers
o0x7f946084f2c8 .functor BUFZ 1, C4<z>; HiZ drive
v0x7f9460946ad0_0 .net "WE", 0 0, o0x7f946084f2c8;  0 drivers
S_0x7f94609435f0 .scope module, "RAM" "SB_RAM40_4K" 2 2053, 2 1487 0, S_0x7f945ee260c0;
 .timescale -12 -12;
    .port_info 0 /OUTPUT 16 "RDATA";
    .port_info 1 /INPUT 1 "RCLK";
    .port_info 2 /INPUT 1 "RCLKE";
    .port_info 3 /INPUT 1 "RE";
    .port_info 4 /INPUT 11 "RADDR";
    .port_info 5 /INPUT 1 "WCLK";
    .port_info 6 /INPUT 1 "WCLKE";
    .port_info 7 /INPUT 1 "WE";
    .port_info 8 /INPUT 11 "WADDR";
    .port_info 9 /INPUT 16 "MASK";
    .port_info 10 /INPUT 16 "WDATA";
P_0x7f946100b800 .param/l "INIT_0" 0 2 1507, C4<0000000000000000000000000000000000000000000000000000000000000000000000000000000000000000000000000000000000000000000000000000000000000000000000000000000000000000000000000000000000000000000000000000000000000000000000000000000000000000000000000000000000000000>;
P_0x7f946100b840 .param/l "INIT_1" 0 2 1508, C4<0000000000000000000000000000000000000000000000000000000000000000000000000000000000000000000000000000000000000000000000000000000000000000000000000000000000000000000000000000000000000000000000000000000000000000000000000000000000000000000000000000000000000000>;
P_0x7f946100b880 .param/l "INIT_2" 0 2 1509, C4<0000000000000000000000000000000000000000000000000000000000000000000000000000000000000000000000000000000000000000000000000000000000000000000000000000000000000000000000000000000000000000000000000000000000000000000000000000000000000000000000000000000000000000>;
P_0x7f946100b8c0 .param/l "INIT_3" 0 2 1510, C4<0000000000000000000000000000000000000000000000000000000000000000000000000000000000000000000000000000000000000000000000000000000000000000000000000000000000000000000000000000000000000000000000000000000000000000000000000000000000000000000000000000000000000000>;
P_0x7f946100b900 .param/l "INIT_4" 0 2 1511, C4<0000000000000000000000000000000000000000000000000000000000000000000000000000000000000000000000000000000000000000000000000000000000000000000000000000000000000000000000000000000000000000000000000000000000000000000000000000000000000000000000000000000000000000>;
P_0x7f946100b940 .param/l "INIT_5" 0 2 1512, C4<0000000000000000000000000000000000000000000000000000000000000000000000000000000000000000000000000000000000000000000000000000000000000000000000000000000000000000000000000000000000000000000000000000000000000000000000000000000000000000000000000000000000000000>;
P_0x7f946100b980 .param/l "INIT_6" 0 2 1513, C4<0000000000000000000000000000000000000000000000000000000000000000000000000000000000000000000000000000000000000000000000000000000000000000000000000000000000000000000000000000000000000000000000000000000000000000000000000000000000000000000000000000000000000000>;
P_0x7f946100b9c0 .param/l "INIT_7" 0 2 1514, C4<0000000000000000000000000000000000000000000000000000000000000000000000000000000000000000000000000000000000000000000000000000000000000000000000000000000000000000000000000000000000000000000000000000000000000000000000000000000000000000000000000000000000000000>;
P_0x7f946100ba00 .param/l "INIT_8" 0 2 1515, C4<0000000000000000000000000000000000000000000000000000000000000000000000000000000000000000000000000000000000000000000000000000000000000000000000000000000000000000000000000000000000000000000000000000000000000000000000000000000000000000000000000000000000000000>;
P_0x7f946100ba40 .param/l "INIT_9" 0 2 1516, C4<0000000000000000000000000000000000000000000000000000000000000000000000000000000000000000000000000000000000000000000000000000000000000000000000000000000000000000000000000000000000000000000000000000000000000000000000000000000000000000000000000000000000000000>;
P_0x7f946100ba80 .param/l "INIT_A" 0 2 1517, C4<0000000000000000000000000000000000000000000000000000000000000000000000000000000000000000000000000000000000000000000000000000000000000000000000000000000000000000000000000000000000000000000000000000000000000000000000000000000000000000000000000000000000000000>;
P_0x7f946100bac0 .param/l "INIT_B" 0 2 1518, C4<0000000000000000000000000000000000000000000000000000000000000000000000000000000000000000000000000000000000000000000000000000000000000000000000000000000000000000000000000000000000000000000000000000000000000000000000000000000000000000000000000000000000000000>;
P_0x7f946100bb00 .param/l "INIT_C" 0 2 1519, C4<0000000000000000000000000000000000000000000000000000000000000000000000000000000000000000000000000000000000000000000000000000000000000000000000000000000000000000000000000000000000000000000000000000000000000000000000000000000000000000000000000000000000000000>;
P_0x7f946100bb40 .param/l "INIT_D" 0 2 1520, C4<0000000000000000000000000000000000000000000000000000000000000000000000000000000000000000000000000000000000000000000000000000000000000000000000000000000000000000000000000000000000000000000000000000000000000000000000000000000000000000000000000000000000000000>;
P_0x7f946100bb80 .param/l "INIT_E" 0 2 1521, C4<0000000000000000000000000000000000000000000000000000000000000000000000000000000000000000000000000000000000000000000000000000000000000000000000000000000000000000000000000000000000000000000000000000000000000000000000000000000000000000000000000000000000000000>;
P_0x7f946100bbc0 .param/l "INIT_F" 0 2 1522, C4<0000000000000000000000000000000000000000000000000000000000000000000000000000000000000000000000000000000000000000000000000000000000000000000000000000000000000000000000000000000000000000000000000000000000000000000000000000000000000000000000000000000000000000>;
P_0x7f946100bc00 .param/str "INIT_FILE" 0 2 1524, "\000";
P_0x7f946100bc40 .param/l "READ_MODE" 0 2 1505, +C4<00000000000000000000000000000000>;
P_0x7f946100bc80 .param/l "WRITE_MODE" 0 2 1504, +C4<00000000000000000000000000000000>;
v0x7f9460945690_0 .net "MASK", 15 0, o0x7f946084f058;  alias, 0 drivers
v0x7f9460945720_0 .net "RADDR", 10 0, o0x7f946084f088;  alias, 0 drivers
v0x7f94609457d0_0 .net "RCLK", 0 0, L_0x7f946095c1c0;  1 drivers
v0x7f9460945880_0 .net "RCLKE", 0 0, o0x7f946084f0e8;  alias, 0 drivers
v0x7f9460945920_0 .net "RDATA", 15 0, L_0x7f946095c110;  alias, 1 drivers
v0x7f9460945a10_0 .var "RDATA_I", 15 0;
v0x7f9460945ac0_0 .net "RE", 0 0, o0x7f946084f178;  alias, 0 drivers
L_0x7f9460873b48 .functor BUFT 1, C4<0000000000000000>, C4<0>, C4<0>, C4<0>;
v0x7f9460945b60_0 .net "RMASK_I", 15 0, L_0x7f9460873b48;  1 drivers
v0x7f9460945c10_0 .net "WADDR", 10 0, o0x7f946084f1d8;  alias, 0 drivers
v0x7f9460945d20_0 .net "WCLK", 0 0, L_0x7f946095c230;  1 drivers
v0x7f9460945dc0_0 .net "WCLKE", 0 0, o0x7f946084f238;  alias, 0 drivers
v0x7f9460945e60_0 .net "WDATA", 15 0, o0x7f946084f268;  alias, 0 drivers
v0x7f9460945f10_0 .net "WDATA_I", 15 0, L_0x7f946095c060;  1 drivers
v0x7f9460945fc0_0 .net "WE", 0 0, o0x7f946084f2c8;  alias, 0 drivers
v0x7f9460946060_0 .net "WMASK_I", 15 0, L_0x7f946095bfb0;  1 drivers
v0x7f9460946110_0 .var/i "i", 31 0;
v0x7f94609461c0 .array "memory", 255 0, 15 0;
E_0x7f9460944f10 .event posedge, v0x7f94609457d0_0;
E_0x7f9460944f70 .event posedge, v0x7f9460945d20_0;
S_0x7f9460944fc0 .scope generate, "genblk1" "genblk1" 2 1534, 2 1534 0, S_0x7f94609435f0;
 .timescale -12 -12;
L_0x7f946095bfb0 .functor BUFZ 16, o0x7f946084f058, C4<0000000000000000>, C4<0000000000000000>, C4<0000000000000000>;
S_0x7f9460945190 .scope generate, "genblk2" "genblk2" 2 1555, 2 1555 0, S_0x7f94609435f0;
 .timescale -12 -12;
S_0x7f9460945360 .scope generate, "genblk3" "genblk3" 2 1576, 2 1576 0, S_0x7f94609435f0;
 .timescale -12 -12;
L_0x7f946095c060 .functor BUFZ 16, o0x7f946084f268, C4<0000000000000000>, C4<0000000000000000>, C4<0000000000000000>;
S_0x7f94609454d0 .scope generate, "genblk4" "genblk4" 2 1595, 2 1595 0, S_0x7f94609435f0;
 .timescale -12 -12;
L_0x7f946095c110 .functor BUFZ 16, v0x7f9460945a10_0, C4<0000000000000000>, C4<0000000000000000>, C4<0000000000000000>;
S_0x7f945ee27900 .scope module, "SB_RAM40_4KNW" "SB_RAM40_4KNW" 2 1862;
 .timescale -12 -12;
    .port_info 0 /OUTPUT 16 "RDATA";
    .port_info 1 /INPUT 1 "RCLK";
    .port_info 2 /INPUT 1 "RCLKE";
    .port_info 3 /INPUT 1 "RE";
    .port_info 4 /INPUT 11 "RADDR";
    .port_info 5 /INPUT 1 "WCLKN";
    .port_info 6 /INPUT 1 "WCLKE";
    .port_info 7 /INPUT 1 "WE";
    .port_info 8 /INPUT 11 "WADDR";
    .port_info 9 /INPUT 16 "MASK";
    .port_info 10 /INPUT 16 "WDATA";
P_0x7f946000e600 .param/l "INIT_0" 0 2 1878, C4<0000000000000000000000000000000000000000000000000000000000000000000000000000000000000000000000000000000000000000000000000000000000000000000000000000000000000000000000000000000000000000000000000000000000000000000000000000000000000000000000000000000000000000>;
P_0x7f946000e640 .param/l "INIT_1" 0 2 1879, C4<0000000000000000000000000000000000000000000000000000000000000000000000000000000000000000000000000000000000000000000000000000000000000000000000000000000000000000000000000000000000000000000000000000000000000000000000000000000000000000000000000000000000000000>;
P_0x7f946000e680 .param/l "INIT_2" 0 2 1880, C4<0000000000000000000000000000000000000000000000000000000000000000000000000000000000000000000000000000000000000000000000000000000000000000000000000000000000000000000000000000000000000000000000000000000000000000000000000000000000000000000000000000000000000000>;
P_0x7f946000e6c0 .param/l "INIT_3" 0 2 1881, C4<0000000000000000000000000000000000000000000000000000000000000000000000000000000000000000000000000000000000000000000000000000000000000000000000000000000000000000000000000000000000000000000000000000000000000000000000000000000000000000000000000000000000000000>;
P_0x7f946000e700 .param/l "INIT_4" 0 2 1882, C4<0000000000000000000000000000000000000000000000000000000000000000000000000000000000000000000000000000000000000000000000000000000000000000000000000000000000000000000000000000000000000000000000000000000000000000000000000000000000000000000000000000000000000000>;
P_0x7f946000e740 .param/l "INIT_5" 0 2 1883, C4<0000000000000000000000000000000000000000000000000000000000000000000000000000000000000000000000000000000000000000000000000000000000000000000000000000000000000000000000000000000000000000000000000000000000000000000000000000000000000000000000000000000000000000>;
P_0x7f946000e780 .param/l "INIT_6" 0 2 1884, C4<0000000000000000000000000000000000000000000000000000000000000000000000000000000000000000000000000000000000000000000000000000000000000000000000000000000000000000000000000000000000000000000000000000000000000000000000000000000000000000000000000000000000000000>;
P_0x7f946000e7c0 .param/l "INIT_7" 0 2 1885, C4<0000000000000000000000000000000000000000000000000000000000000000000000000000000000000000000000000000000000000000000000000000000000000000000000000000000000000000000000000000000000000000000000000000000000000000000000000000000000000000000000000000000000000000>;
P_0x7f946000e800 .param/l "INIT_8" 0 2 1886, C4<0000000000000000000000000000000000000000000000000000000000000000000000000000000000000000000000000000000000000000000000000000000000000000000000000000000000000000000000000000000000000000000000000000000000000000000000000000000000000000000000000000000000000000>;
P_0x7f946000e840 .param/l "INIT_9" 0 2 1887, C4<0000000000000000000000000000000000000000000000000000000000000000000000000000000000000000000000000000000000000000000000000000000000000000000000000000000000000000000000000000000000000000000000000000000000000000000000000000000000000000000000000000000000000000>;
P_0x7f946000e880 .param/l "INIT_A" 0 2 1888, C4<0000000000000000000000000000000000000000000000000000000000000000000000000000000000000000000000000000000000000000000000000000000000000000000000000000000000000000000000000000000000000000000000000000000000000000000000000000000000000000000000000000000000000000>;
P_0x7f946000e8c0 .param/l "INIT_B" 0 2 1889, C4<0000000000000000000000000000000000000000000000000000000000000000000000000000000000000000000000000000000000000000000000000000000000000000000000000000000000000000000000000000000000000000000000000000000000000000000000000000000000000000000000000000000000000000>;
P_0x7f946000e900 .param/l "INIT_C" 0 2 1890, C4<0000000000000000000000000000000000000000000000000000000000000000000000000000000000000000000000000000000000000000000000000000000000000000000000000000000000000000000000000000000000000000000000000000000000000000000000000000000000000000000000000000000000000000>;
P_0x7f946000e940 .param/l "INIT_D" 0 2 1891, C4<0000000000000000000000000000000000000000000000000000000000000000000000000000000000000000000000000000000000000000000000000000000000000000000000000000000000000000000000000000000000000000000000000000000000000000000000000000000000000000000000000000000000000000>;
P_0x7f946000e980 .param/l "INIT_E" 0 2 1892, C4<0000000000000000000000000000000000000000000000000000000000000000000000000000000000000000000000000000000000000000000000000000000000000000000000000000000000000000000000000000000000000000000000000000000000000000000000000000000000000000000000000000000000000000>;
P_0x7f946000e9c0 .param/l "INIT_F" 0 2 1893, C4<0000000000000000000000000000000000000000000000000000000000000000000000000000000000000000000000000000000000000000000000000000000000000000000000000000000000000000000000000000000000000000000000000000000000000000000000000000000000000000000000000000000000000000>;
P_0x7f946000ea00 .param/str "INIT_FILE" 0 2 1895, "\000";
P_0x7f946000ea40 .param/l "READ_MODE" 0 2 1876, +C4<00000000000000000000000000000000>;
P_0x7f946000ea80 .param/l "WRITE_MODE" 0 2 1875, +C4<00000000000000000000000000000000>;
o0x7f946084fce8 .functor BUFZ 1, C4<z>; HiZ drive
L_0x7f946095c510 .functor NOT 1, o0x7f946084fce8, C4<0>, C4<0>, C4<0>;
o0x7f946084f7d8 .functor BUFZ 16, C4<zzzzzzzzzzzzzzzz>; HiZ drive
v0x7f9460949a50_0 .net "MASK", 15 0, o0x7f946084f7d8;  0 drivers
o0x7f946084f808 .functor BUFZ 11, C4<zzzzzzzzzzz>; HiZ drive
v0x7f9460949ae0_0 .net "RADDR", 10 0, o0x7f946084f808;  0 drivers
o0x7f946084f838 .functor BUFZ 1, C4<z>; HiZ drive
v0x7f9460949b70_0 .net "RCLK", 0 0, o0x7f946084f838;  0 drivers
o0x7f946084f868 .functor BUFZ 1, C4<z>; HiZ drive
v0x7f9460949c00_0 .net "RCLKE", 0 0, o0x7f946084f868;  0 drivers
v0x7f9460949c90_0 .net "RDATA", 15 0, L_0x7f946095c460;  1 drivers
o0x7f946084f8f8 .functor BUFZ 1, C4<z>; HiZ drive
v0x7f9460949d60_0 .net "RE", 0 0, o0x7f946084f8f8;  0 drivers
o0x7f946084f958 .functor BUFZ 11, C4<zzzzzzzzzzz>; HiZ drive
v0x7f9460949df0_0 .net "WADDR", 10 0, o0x7f946084f958;  0 drivers
o0x7f946084f9b8 .functor BUFZ 1, C4<z>; HiZ drive
v0x7f9460949e80_0 .net "WCLKE", 0 0, o0x7f946084f9b8;  0 drivers
v0x7f9460949f30_0 .net "WCLKN", 0 0, o0x7f946084fce8;  0 drivers
o0x7f946084f9e8 .functor BUFZ 16, C4<zzzzzzzzzzzzzzzz>; HiZ drive
v0x7f946094a040_0 .net "WDATA", 15 0, o0x7f946084f9e8;  0 drivers
o0x7f946084fa48 .functor BUFZ 1, C4<z>; HiZ drive
v0x7f946094a0f0_0 .net "WE", 0 0, o0x7f946084fa48;  0 drivers
S_0x7f9460946c10 .scope module, "RAM" "SB_RAM40_4K" 2 1917, 2 1487 0, S_0x7f945ee27900;
 .timescale -12 -12;
    .port_info 0 /OUTPUT 16 "RDATA";
    .port_info 1 /INPUT 1 "RCLK";
    .port_info 2 /INPUT 1 "RCLKE";
    .port_info 3 /INPUT 1 "RE";
    .port_info 4 /INPUT 11 "RADDR";
    .port_info 5 /INPUT 1 "WCLK";
    .port_info 6 /INPUT 1 "WCLKE";
    .port_info 7 /INPUT 1 "WE";
    .port_info 8 /INPUT 11 "WADDR";
    .port_info 9 /INPUT 16 "MASK";
    .port_info 10 /INPUT 16 "WDATA";
P_0x7f946100be00 .param/l "INIT_0" 0 2 1507, C4<0000000000000000000000000000000000000000000000000000000000000000000000000000000000000000000000000000000000000000000000000000000000000000000000000000000000000000000000000000000000000000000000000000000000000000000000000000000000000000000000000000000000000000>;
P_0x7f946100be40 .param/l "INIT_1" 0 2 1508, C4<0000000000000000000000000000000000000000000000000000000000000000000000000000000000000000000000000000000000000000000000000000000000000000000000000000000000000000000000000000000000000000000000000000000000000000000000000000000000000000000000000000000000000000>;
P_0x7f946100be80 .param/l "INIT_2" 0 2 1509, C4<0000000000000000000000000000000000000000000000000000000000000000000000000000000000000000000000000000000000000000000000000000000000000000000000000000000000000000000000000000000000000000000000000000000000000000000000000000000000000000000000000000000000000000>;
P_0x7f946100bec0 .param/l "INIT_3" 0 2 1510, C4<0000000000000000000000000000000000000000000000000000000000000000000000000000000000000000000000000000000000000000000000000000000000000000000000000000000000000000000000000000000000000000000000000000000000000000000000000000000000000000000000000000000000000000>;
P_0x7f946100bf00 .param/l "INIT_4" 0 2 1511, C4<0000000000000000000000000000000000000000000000000000000000000000000000000000000000000000000000000000000000000000000000000000000000000000000000000000000000000000000000000000000000000000000000000000000000000000000000000000000000000000000000000000000000000000>;
P_0x7f946100bf40 .param/l "INIT_5" 0 2 1512, C4<0000000000000000000000000000000000000000000000000000000000000000000000000000000000000000000000000000000000000000000000000000000000000000000000000000000000000000000000000000000000000000000000000000000000000000000000000000000000000000000000000000000000000000>;
P_0x7f946100bf80 .param/l "INIT_6" 0 2 1513, C4<0000000000000000000000000000000000000000000000000000000000000000000000000000000000000000000000000000000000000000000000000000000000000000000000000000000000000000000000000000000000000000000000000000000000000000000000000000000000000000000000000000000000000000>;
P_0x7f946100bfc0 .param/l "INIT_7" 0 2 1514, C4<0000000000000000000000000000000000000000000000000000000000000000000000000000000000000000000000000000000000000000000000000000000000000000000000000000000000000000000000000000000000000000000000000000000000000000000000000000000000000000000000000000000000000000>;
P_0x7f946100c000 .param/l "INIT_8" 0 2 1515, C4<0000000000000000000000000000000000000000000000000000000000000000000000000000000000000000000000000000000000000000000000000000000000000000000000000000000000000000000000000000000000000000000000000000000000000000000000000000000000000000000000000000000000000000>;
P_0x7f946100c040 .param/l "INIT_9" 0 2 1516, C4<0000000000000000000000000000000000000000000000000000000000000000000000000000000000000000000000000000000000000000000000000000000000000000000000000000000000000000000000000000000000000000000000000000000000000000000000000000000000000000000000000000000000000000>;
P_0x7f946100c080 .param/l "INIT_A" 0 2 1517, C4<0000000000000000000000000000000000000000000000000000000000000000000000000000000000000000000000000000000000000000000000000000000000000000000000000000000000000000000000000000000000000000000000000000000000000000000000000000000000000000000000000000000000000000>;
P_0x7f946100c0c0 .param/l "INIT_B" 0 2 1518, C4<0000000000000000000000000000000000000000000000000000000000000000000000000000000000000000000000000000000000000000000000000000000000000000000000000000000000000000000000000000000000000000000000000000000000000000000000000000000000000000000000000000000000000000>;
P_0x7f946100c100 .param/l "INIT_C" 0 2 1519, C4<0000000000000000000000000000000000000000000000000000000000000000000000000000000000000000000000000000000000000000000000000000000000000000000000000000000000000000000000000000000000000000000000000000000000000000000000000000000000000000000000000000000000000000>;
P_0x7f946100c140 .param/l "INIT_D" 0 2 1520, C4<0000000000000000000000000000000000000000000000000000000000000000000000000000000000000000000000000000000000000000000000000000000000000000000000000000000000000000000000000000000000000000000000000000000000000000000000000000000000000000000000000000000000000000>;
P_0x7f946100c180 .param/l "INIT_E" 0 2 1521, C4<0000000000000000000000000000000000000000000000000000000000000000000000000000000000000000000000000000000000000000000000000000000000000000000000000000000000000000000000000000000000000000000000000000000000000000000000000000000000000000000000000000000000000000>;
P_0x7f946100c1c0 .param/l "INIT_F" 0 2 1522, C4<0000000000000000000000000000000000000000000000000000000000000000000000000000000000000000000000000000000000000000000000000000000000000000000000000000000000000000000000000000000000000000000000000000000000000000000000000000000000000000000000000000000000000000>;
P_0x7f946100c200 .param/str "INIT_FILE" 0 2 1524, "\000";
P_0x7f946100c240 .param/l "READ_MODE" 0 2 1505, +C4<00000000000000000000000000000000>;
P_0x7f946100c280 .param/l "WRITE_MODE" 0 2 1504, +C4<00000000000000000000000000000000>;
v0x7f9460948cb0_0 .net "MASK", 15 0, o0x7f946084f7d8;  alias, 0 drivers
v0x7f9460948d40_0 .net "RADDR", 10 0, o0x7f946084f808;  alias, 0 drivers
v0x7f9460948df0_0 .net "RCLK", 0 0, o0x7f946084f838;  alias, 0 drivers
v0x7f9460948ea0_0 .net "RCLKE", 0 0, o0x7f946084f868;  alias, 0 drivers
v0x7f9460948f40_0 .net "RDATA", 15 0, L_0x7f946095c460;  alias, 1 drivers
v0x7f9460949030_0 .var "RDATA_I", 15 0;
v0x7f94609490e0_0 .net "RE", 0 0, o0x7f946084f8f8;  alias, 0 drivers
L_0x7f9460873b90 .functor BUFT 1, C4<0000000000000000>, C4<0>, C4<0>, C4<0>;
v0x7f9460949180_0 .net "RMASK_I", 15 0, L_0x7f9460873b90;  1 drivers
v0x7f9460949230_0 .net "WADDR", 10 0, o0x7f946084f958;  alias, 0 drivers
v0x7f9460949340_0 .net "WCLK", 0 0, L_0x7f946095c510;  1 drivers
v0x7f94609493e0_0 .net "WCLKE", 0 0, o0x7f946084f9b8;  alias, 0 drivers
v0x7f9460949480_0 .net "WDATA", 15 0, o0x7f946084f9e8;  alias, 0 drivers
v0x7f9460949530_0 .net "WDATA_I", 15 0, L_0x7f946095c390;  1 drivers
v0x7f94609495e0_0 .net "WE", 0 0, o0x7f946084fa48;  alias, 0 drivers
v0x7f9460949680_0 .net "WMASK_I", 15 0, L_0x7f946095c2c0;  1 drivers
v0x7f9460949730_0 .var/i "i", 31 0;
v0x7f94609497e0 .array "memory", 255 0, 15 0;
E_0x7f9460948530 .event posedge, v0x7f9460948df0_0;
E_0x7f9460948590 .event posedge, v0x7f9460949340_0;
S_0x7f94609485e0 .scope generate, "genblk1" "genblk1" 2 1534, 2 1534 0, S_0x7f9460946c10;
 .timescale -12 -12;
L_0x7f946095c2c0 .functor BUFZ 16, o0x7f946084f7d8, C4<0000000000000000>, C4<0000000000000000>, C4<0000000000000000>;
S_0x7f94609487b0 .scope generate, "genblk2" "genblk2" 2 1555, 2 1555 0, S_0x7f9460946c10;
 .timescale -12 -12;
S_0x7f9460948980 .scope generate, "genblk3" "genblk3" 2 1576, 2 1576 0, S_0x7f9460946c10;
 .timescale -12 -12;
L_0x7f946095c390 .functor BUFZ 16, o0x7f946084f9e8, C4<0000000000000000>, C4<0000000000000000>, C4<0000000000000000>;
S_0x7f9460948af0 .scope generate, "genblk4" "genblk4" 2 1595, 2 1595 0, S_0x7f9460946c10;
 .timescale -12 -12;
L_0x7f946095c460 .functor BUFZ 16, v0x7f9460949030_0, C4<0000000000000000>, C4<0000000000000000>, C4<0000000000000000>;
S_0x7f945ee29140 .scope module, "SB_RGBA_DRV" "SB_RGBA_DRV" 2 2692;
 .timescale -12 -12;
    .port_info 0 /INPUT 1 "CURREN";
    .port_info 1 /INPUT 1 "RGBLEDEN";
    .port_info 2 /INPUT 1 "RGB0PWM";
    .port_info 3 /INPUT 1 "RGB1PWM";
    .port_info 4 /INPUT 1 "RGB2PWM";
    .port_info 5 /OUTPUT 1 "RGB0";
    .port_info 6 /OUTPUT 1 "RGB1";
    .port_info 7 /OUTPUT 1 "RGB2";
P_0x7f945ee292b0 .param/str "CURRENT_MODE" 0 2 2702, "0b0";
P_0x7f945ee292f0 .param/str "RGB0_CURRENT" 0 2 2703, "0b000000";
P_0x7f945ee29330 .param/str "RGB1_CURRENT" 0 2 2704, "0b000000";
P_0x7f945ee29370 .param/str "RGB2_CURRENT" 0 2 2705, "0b000000";
o0x7f946084ff28 .functor BUFZ 1, C4<z>; HiZ drive
v0x7f946094a230_0 .net "CURREN", 0 0, o0x7f946084ff28;  0 drivers
o0x7f946084ff58 .functor BUFZ 1, C4<z>; HiZ drive
v0x7f946094a2e0_0 .net "RGB0", 0 0, o0x7f946084ff58;  0 drivers
o0x7f946084ff88 .functor BUFZ 1, C4<z>; HiZ drive
v0x7f946094a380_0 .net "RGB0PWM", 0 0, o0x7f946084ff88;  0 drivers
o0x7f946084ffb8 .functor BUFZ 1, C4<z>; HiZ drive
v0x7f946094a430_0 .net "RGB1", 0 0, o0x7f946084ffb8;  0 drivers
o0x7f946084ffe8 .functor BUFZ 1, C4<z>; HiZ drive
v0x7f946094a4d0_0 .net "RGB1PWM", 0 0, o0x7f946084ffe8;  0 drivers
o0x7f9460850018 .functor BUFZ 1, C4<z>; HiZ drive
v0x7f946094a5b0_0 .net "RGB2", 0 0, o0x7f9460850018;  0 drivers
o0x7f9460850048 .functor BUFZ 1, C4<z>; HiZ drive
v0x7f946094a650_0 .net "RGB2PWM", 0 0, o0x7f9460850048;  0 drivers
o0x7f9460850078 .functor BUFZ 1, C4<z>; HiZ drive
v0x7f946094a6f0_0 .net "RGBLEDEN", 0 0, o0x7f9460850078;  0 drivers
S_0x7f945ee29620 .scope module, "SB_RGB_DRV" "SB_RGB_DRV" 2 2716;
 .timescale -12 -12;
    .port_info 0 /INPUT 1 "RGBLEDEN";
    .port_info 1 /INPUT 1 "RGB0PWM";
    .port_info 2 /INPUT 1 "RGB1PWM";
    .port_info 3 /INPUT 1 "RGB2PWM";
    .port_info 4 /INPUT 1 "RGBPU";
    .port_info 5 /OUTPUT 1 "RGB0";
    .port_info 6 /OUTPUT 1 "RGB1";
    .port_info 7 /OUTPUT 1 "RGB2";
P_0x7f945ee29790 .param/str "CURRENT_MODE" 0 2 2726, "0b0";
P_0x7f945ee297d0 .param/str "RGB0_CURRENT" 0 2 2727, "0b000000";
P_0x7f945ee29810 .param/str "RGB1_CURRENT" 0 2 2728, "0b000000";
P_0x7f945ee29850 .param/str "RGB2_CURRENT" 0 2 2729, "0b000000";
o0x7f9460850228 .functor BUFZ 1, C4<z>; HiZ drive
v0x7f946094a850_0 .net "RGB0", 0 0, o0x7f9460850228;  0 drivers
o0x7f9460850258 .functor BUFZ 1, C4<z>; HiZ drive
v0x7f946094a900_0 .net "RGB0PWM", 0 0, o0x7f9460850258;  0 drivers
o0x7f9460850288 .functor BUFZ 1, C4<z>; HiZ drive
v0x7f946094a9a0_0 .net "RGB1", 0 0, o0x7f9460850288;  0 drivers
o0x7f94608502b8 .functor BUFZ 1, C4<z>; HiZ drive
v0x7f946094aa30_0 .net "RGB1PWM", 0 0, o0x7f94608502b8;  0 drivers
o0x7f94608502e8 .functor BUFZ 1, C4<z>; HiZ drive
v0x7f946094aad0_0 .net "RGB2", 0 0, o0x7f94608502e8;  0 drivers
o0x7f9460850318 .functor BUFZ 1, C4<z>; HiZ drive
v0x7f946094abb0_0 .net "RGB2PWM", 0 0, o0x7f9460850318;  0 drivers
o0x7f9460850348 .functor BUFZ 1, C4<z>; HiZ drive
v0x7f946094ac50_0 .net "RGBLEDEN", 0 0, o0x7f9460850348;  0 drivers
o0x7f9460850378 .functor BUFZ 1, C4<z>; HiZ drive
v0x7f946094acf0_0 .net "RGBPU", 0 0, o0x7f9460850378;  0 drivers
S_0x7f945ee29af0 .scope module, "SB_SPI" "SB_SPI" 2 2776;
 .timescale -12 -12;
    .port_info 0 /INPUT 1 "SBCLKI";
    .port_info 1 /INPUT 1 "SBRWI";
    .port_info 2 /INPUT 1 "SBSTBI";
    .port_info 3 /INPUT 1 "SBADRI7";
    .port_info 4 /INPUT 1 "SBADRI6";
    .port_info 5 /INPUT 1 "SBADRI5";
    .port_info 6 /INPUT 1 "SBADRI4";
    .port_info 7 /INPUT 1 "SBADRI3";
    .port_info 8 /INPUT 1 "SBADRI2";
    .port_info 9 /INPUT 1 "SBADRI1";
    .port_info 10 /INPUT 1 "SBADRI0";
    .port_info 11 /INPUT 1 "SBDATI7";
    .port_info 12 /INPUT 1 "SBDATI6";
    .port_info 13 /INPUT 1 "SBDATI5";
    .port_info 14 /INPUT 1 "SBDATI4";
    .port_info 15 /INPUT 1 "SBDATI3";
    .port_info 16 /INPUT 1 "SBDATI2";
    .port_info 17 /INPUT 1 "SBDATI1";
    .port_info 18 /INPUT 1 "SBDATI0";
    .port_info 19 /INPUT 1 "MI";
    .port_info 20 /INPUT 1 "SI";
    .port_info 21 /INPUT 1 "SCKI";
    .port_info 22 /INPUT 1 "SCSNI";
    .port_info 23 /OUTPUT 1 "SBDATO7";
    .port_info 24 /OUTPUT 1 "SBDATO6";
    .port_info 25 /OUTPUT 1 "SBDATO5";
    .port_info 26 /OUTPUT 1 "SBDATO4";
    .port_info 27 /OUTPUT 1 "SBDATO3";
    .port_info 28 /OUTPUT 1 "SBDATO2";
    .port_info 29 /OUTPUT 1 "SBDATO1";
    .port_info 30 /OUTPUT 1 "SBDATO0";
    .port_info 31 /OUTPUT 1 "SBACKO";
    .port_info 32 /OUTPUT 1 "SPIIRQ";
    .port_info 33 /OUTPUT 1 "SPIWKUP";
    .port_info 34 /OUTPUT 1 "SO";
    .port_info 35 /OUTPUT 1 "SOE";
    .port_info 36 /OUTPUT 1 "MO";
    .port_info 37 /OUTPUT 1 "MOE";
    .port_info 38 /OUTPUT 1 "SCKO";
    .port_info 39 /OUTPUT 1 "SCKOE";
    .port_info 40 /OUTPUT 1 "MCSNO3";
    .port_info 41 /OUTPUT 1 "MCSNO2";
    .port_info 42 /OUTPUT 1 "MCSNO1";
    .port_info 43 /OUTPUT 1 "MCSNO0";
    .port_info 44 /OUTPUT 1 "MCSNOE3";
    .port_info 45 /OUTPUT 1 "MCSNOE2";
    .port_info 46 /OUTPUT 1 "MCSNOE1";
    .port_info 47 /OUTPUT 1 "MCSNOE0";
P_0x7f945ee29c60 .param/str "BUS_ADDR74" 0 2 2826, "0b0000";
o0x7f9460850528 .functor BUFZ 1, C4<z>; HiZ drive
v0x7f946094ae50_0 .net "MCSNO0", 0 0, o0x7f9460850528;  0 drivers
o0x7f9460850558 .functor BUFZ 1, C4<z>; HiZ drive
v0x7f946094af00_0 .net "MCSNO1", 0 0, o0x7f9460850558;  0 drivers
o0x7f9460850588 .functor BUFZ 1, C4<z>; HiZ drive
v0x7f946094afa0_0 .net "MCSNO2", 0 0, o0x7f9460850588;  0 drivers
o0x7f94608505b8 .functor BUFZ 1, C4<z>; HiZ drive
v0x7f946094b030_0 .net "MCSNO3", 0 0, o0x7f94608505b8;  0 drivers
o0x7f94608505e8 .functor BUFZ 1, C4<z>; HiZ drive
v0x7f946094b0d0_0 .net "MCSNOE0", 0 0, o0x7f94608505e8;  0 drivers
o0x7f9460850618 .functor BUFZ 1, C4<z>; HiZ drive
v0x7f946094b1b0_0 .net "MCSNOE1", 0 0, o0x7f9460850618;  0 drivers
o0x7f9460850648 .functor BUFZ 1, C4<z>; HiZ drive
v0x7f946094b250_0 .net "MCSNOE2", 0 0, o0x7f9460850648;  0 drivers
o0x7f9460850678 .functor BUFZ 1, C4<z>; HiZ drive
v0x7f946094b2f0_0 .net "MCSNOE3", 0 0, o0x7f9460850678;  0 drivers
o0x7f94608506a8 .functor BUFZ 1, C4<z>; HiZ drive
v0x7f946094b390_0 .net "MI", 0 0, o0x7f94608506a8;  0 drivers
o0x7f94608506d8 .functor BUFZ 1, C4<z>; HiZ drive
v0x7f946094b4a0_0 .net "MO", 0 0, o0x7f94608506d8;  0 drivers
o0x7f9460850708 .functor BUFZ 1, C4<z>; HiZ drive
v0x7f946094b530_0 .net "MOE", 0 0, o0x7f9460850708;  0 drivers
o0x7f9460850738 .functor BUFZ 1, C4<z>; HiZ drive
v0x7f946094b5d0_0 .net "SBACKO", 0 0, o0x7f9460850738;  0 drivers
o0x7f9460850768 .functor BUFZ 1, C4<z>; HiZ drive
v0x7f946094b670_0 .net "SBADRI0", 0 0, o0x7f9460850768;  0 drivers
o0x7f9460850798 .functor BUFZ 1, C4<z>; HiZ drive
v0x7f946094b710_0 .net "SBADRI1", 0 0, o0x7f9460850798;  0 drivers
o0x7f94608507c8 .functor BUFZ 1, C4<z>; HiZ drive
v0x7f946094b7b0_0 .net "SBADRI2", 0 0, o0x7f94608507c8;  0 drivers
o0x7f94608507f8 .functor BUFZ 1, C4<z>; HiZ drive
v0x7f946094b850_0 .net "SBADRI3", 0 0, o0x7f94608507f8;  0 drivers
o0x7f9460850828 .functor BUFZ 1, C4<z>; HiZ drive
v0x7f946094b8f0_0 .net "SBADRI4", 0 0, o0x7f9460850828;  0 drivers
o0x7f9460850858 .functor BUFZ 1, C4<z>; HiZ drive
v0x7f946094ba80_0 .net "SBADRI5", 0 0, o0x7f9460850858;  0 drivers
o0x7f9460850888 .functor BUFZ 1, C4<z>; HiZ drive
v0x7f946094bb10_0 .net "SBADRI6", 0 0, o0x7f9460850888;  0 drivers
o0x7f94608508b8 .functor BUFZ 1, C4<z>; HiZ drive
v0x7f946094bba0_0 .net "SBADRI7", 0 0, o0x7f94608508b8;  0 drivers
o0x7f94608508e8 .functor BUFZ 1, C4<z>; HiZ drive
v0x7f946094bc30_0 .net "SBCLKI", 0 0, o0x7f94608508e8;  0 drivers
o0x7f9460850918 .functor BUFZ 1, C4<z>; HiZ drive
v0x7f946094bcd0_0 .net "SBDATI0", 0 0, o0x7f9460850918;  0 drivers
o0x7f9460850948 .functor BUFZ 1, C4<z>; HiZ drive
v0x7f946094bd70_0 .net "SBDATI1", 0 0, o0x7f9460850948;  0 drivers
o0x7f9460850978 .functor BUFZ 1, C4<z>; HiZ drive
v0x7f946094be10_0 .net "SBDATI2", 0 0, o0x7f9460850978;  0 drivers
o0x7f94608509a8 .functor BUFZ 1, C4<z>; HiZ drive
v0x7f946094beb0_0 .net "SBDATI3", 0 0, o0x7f94608509a8;  0 drivers
o0x7f94608509d8 .functor BUFZ 1, C4<z>; HiZ drive
v0x7f946094bf50_0 .net "SBDATI4", 0 0, o0x7f94608509d8;  0 drivers
o0x7f9460850a08 .functor BUFZ 1, C4<z>; HiZ drive
v0x7f946094bff0_0 .net "SBDATI5", 0 0, o0x7f9460850a08;  0 drivers
o0x7f9460850a38 .functor BUFZ 1, C4<z>; HiZ drive
v0x7f946094c090_0 .net "SBDATI6", 0 0, o0x7f9460850a38;  0 drivers
o0x7f9460850a68 .functor BUFZ 1, C4<z>; HiZ drive
v0x7f946094c130_0 .net "SBDATI7", 0 0, o0x7f9460850a68;  0 drivers
o0x7f9460850a98 .functor BUFZ 1, C4<z>; HiZ drive
v0x7f946094c1d0_0 .net "SBDATO0", 0 0, o0x7f9460850a98;  0 drivers
o0x7f9460850ac8 .functor BUFZ 1, C4<z>; HiZ drive
v0x7f946094c270_0 .net "SBDATO1", 0 0, o0x7f9460850ac8;  0 drivers
o0x7f9460850af8 .functor BUFZ 1, C4<z>; HiZ drive
v0x7f946094c310_0 .net "SBDATO2", 0 0, o0x7f9460850af8;  0 drivers
o0x7f9460850b28 .functor BUFZ 1, C4<z>; HiZ drive
v0x7f946094c3b0_0 .net "SBDATO3", 0 0, o0x7f9460850b28;  0 drivers
o0x7f9460850b58 .functor BUFZ 1, C4<z>; HiZ drive
v0x7f946094b990_0 .net "SBDATO4", 0 0, o0x7f9460850b58;  0 drivers
o0x7f9460850b88 .functor BUFZ 1, C4<z>; HiZ drive
v0x7f946094c640_0 .net "SBDATO5", 0 0, o0x7f9460850b88;  0 drivers
o0x7f9460850bb8 .functor BUFZ 1, C4<z>; HiZ drive
v0x7f946094c6d0_0 .net "SBDATO6", 0 0, o0x7f9460850bb8;  0 drivers
o0x7f9460850be8 .functor BUFZ 1, C4<z>; HiZ drive
v0x7f946094c760_0 .net "SBDATO7", 0 0, o0x7f9460850be8;  0 drivers
o0x7f9460850c18 .functor BUFZ 1, C4<z>; HiZ drive
v0x7f946094c7f0_0 .net "SBRWI", 0 0, o0x7f9460850c18;  0 drivers
o0x7f9460850c48 .functor BUFZ 1, C4<z>; HiZ drive
v0x7f946094c880_0 .net "SBSTBI", 0 0, o0x7f9460850c48;  0 drivers
o0x7f9460850c78 .functor BUFZ 1, C4<z>; HiZ drive
v0x7f946094c910_0 .net "SCKI", 0 0, o0x7f9460850c78;  0 drivers
o0x7f9460850ca8 .functor BUFZ 1, C4<z>; HiZ drive
v0x7f946094c9b0_0 .net "SCKO", 0 0, o0x7f9460850ca8;  0 drivers
o0x7f9460850cd8 .functor BUFZ 1, C4<z>; HiZ drive
v0x7f946094ca50_0 .net "SCKOE", 0 0, o0x7f9460850cd8;  0 drivers
o0x7f9460850d08 .functor BUFZ 1, C4<z>; HiZ drive
v0x7f946094caf0_0 .net "SCSNI", 0 0, o0x7f9460850d08;  0 drivers
o0x7f9460850d38 .functor BUFZ 1, C4<z>; HiZ drive
v0x7f946094cb90_0 .net "SI", 0 0, o0x7f9460850d38;  0 drivers
o0x7f9460850d68 .functor BUFZ 1, C4<z>; HiZ drive
v0x7f946094cc30_0 .net "SO", 0 0, o0x7f9460850d68;  0 drivers
o0x7f9460850d98 .functor BUFZ 1, C4<z>; HiZ drive
v0x7f946094ccd0_0 .net "SOE", 0 0, o0x7f9460850d98;  0 drivers
o0x7f9460850dc8 .functor BUFZ 1, C4<z>; HiZ drive
v0x7f946094cd70_0 .net "SPIIRQ", 0 0, o0x7f9460850dc8;  0 drivers
o0x7f9460850df8 .functor BUFZ 1, C4<z>; HiZ drive
v0x7f946094ce10_0 .net "SPIWKUP", 0 0, o0x7f9460850df8;  0 drivers
S_0x7f945ee29e90 .scope module, "SB_SPRAM256KA" "SB_SPRAM256KA" 2 2600;
 .timescale -12 -12;
    .port_info 0 /INPUT 14 "ADDRESS";
    .port_info 1 /INPUT 16 "DATAIN";
    .port_info 2 /INPUT 4 "MASKWREN";
    .port_info 3 /INPUT 1 "WREN";
    .port_info 4 /INPUT 1 "CHIPSELECT";
    .port_info 5 /INPUT 1 "CLOCK";
    .port_info 6 /INPUT 1 "STANDBY";
    .port_info 7 /INPUT 1 "SLEEP";
    .port_info 8 /INPUT 1 "POWEROFF";
    .port_info 9 /OUTPUT 16 "DATAOUT";
o0x7f9460851878 .functor BUFZ 1, C4<z>; HiZ drive
L_0x7f946095c680 .functor OR 1, o0x7f9460851878, L_0x7f946095c5a0, C4<0>, C4<0>;
o0x7f9460851728 .functor BUFZ 14, C4<zzzzzzzzzzzzzz>; HiZ drive
v0x7f946094d3e0_0 .net "ADDRESS", 13 0, o0x7f9460851728;  0 drivers
o0x7f9460851758 .functor BUFZ 1, C4<z>; HiZ drive
v0x7f946094d4a0_0 .net "CHIPSELECT", 0 0, o0x7f9460851758;  0 drivers
o0x7f9460851788 .functor BUFZ 1, C4<z>; HiZ drive
v0x7f946094d540_0 .net "CLOCK", 0 0, o0x7f9460851788;  0 drivers
o0x7f94608517b8 .functor BUFZ 16, C4<zzzzzzzzzzzzzzzz>; HiZ drive
v0x7f946094d5d0_0 .net "DATAIN", 15 0, o0x7f94608517b8;  0 drivers
v0x7f946094d660_0 .var "DATAOUT", 15 0;
o0x7f9460851818 .functor BUFZ 4, C4<zzzz>; HiZ drive
v0x7f946094d710_0 .net "MASKWREN", 3 0, o0x7f9460851818;  0 drivers
o0x7f9460851848 .functor BUFZ 1, C4<z>; HiZ drive
v0x7f946094d7c0_0 .net "POWEROFF", 0 0, o0x7f9460851848;  0 drivers
v0x7f946094d860_0 .net "SLEEP", 0 0, o0x7f9460851878;  0 drivers
o0x7f94608518a8 .functor BUFZ 1, C4<z>; HiZ drive
v0x7f946094d900_0 .net "STANDBY", 0 0, o0x7f94608518a8;  0 drivers
o0x7f94608518d8 .functor BUFZ 1, C4<z>; HiZ drive
v0x7f946094da10_0 .net "WREN", 0 0, o0x7f94608518d8;  0 drivers
v0x7f946094daa0_0 .net *"_ivl_1", 0 0, L_0x7f946095c5a0;  1 drivers
v0x7f946094db40_0 .var/i "i", 31 0;
v0x7f946094dbf0 .array "mem", 16383 0, 15 0;
v0x7f946094dc90_0 .net "off", 0 0, L_0x7f946095c680;  1 drivers
E_0x7f946094d330 .event posedge, v0x7f946094dc90_0, v0x7f946094d540_0;
E_0x7f946094d390 .event negedge, v0x7f946094d7c0_0;
L_0x7f946095c5a0 .reduce/nor o0x7f9460851848;
S_0x7f945ee2a190 .scope module, "SB_WARMBOOT" "SB_WARMBOOT" 2 2593;
 .timescale -12 -12;
    .port_info 0 /INPUT 1 "BOOT";
    .port_info 1 /INPUT 1 "S1";
    .port_info 2 /INPUT 1 "S0";
o0x7f9460851b78 .functor BUFZ 1, C4<z>; HiZ drive
v0x7f946094de20_0 .net "BOOT", 0 0, o0x7f9460851b78;  0 drivers
o0x7f9460851ba8 .functor BUFZ 1, C4<z>; HiZ drive
v0x7f946094ded0_0 .net "S0", 0 0, o0x7f9460851ba8;  0 drivers
o0x7f9460851bd8 .functor BUFZ 1, C4<z>; HiZ drive
v0x7f946094df70_0 .net "S1", 0 0, o0x7f9460851bd8;  0 drivers
S_0x7f945ee2a3b0 .scope module, "led" "led" 3 2;
 .timescale -12 -12;
    .port_info 0 /OUTPUT 3 "led";
    .port_info 1 /INPUT 2 "pmod";
L_0x7f946095ca50 .functor BUFZ 2, L_0x7f946095c950, C4<00>, C4<00>, C4<00>;
L_0x7f946095cff0 .functor AND 1, L_0x7f946095cd50, L_0x7f946095cf10, C4<1>, C4<1>;
v0x7f946094e030_0 .net *"_ivl_1", 0 0, L_0x7f946095c790;  1 drivers
v0x7f946094e0f0_0 .net *"_ivl_14", 0 0, L_0x7f946095cc20;  1 drivers
v0x7f946094e1a0_0 .net *"_ivl_16", 0 0, L_0x7f946095cd50;  1 drivers
v0x7f946094e250_0 .net *"_ivl_18", 0 0, L_0x7f946095ce30;  1 drivers
v0x7f946094e300_0 .net *"_ivl_20", 0 0, L_0x7f946095cf10;  1 drivers
v0x7f946094e3e0_0 .net *"_ivl_21", 0 0, L_0x7f946095cff0;  1 drivers
v0x7f946094e490_0 .net *"_ivl_3", 0 0, L_0x7f946095c850;  1 drivers
v0x7f946094e530_0 .net *"_ivl_9", 1 0, L_0x7f946095ca50;  1 drivers
v0x7f946094e5e0_0 .net "led", 2 0, L_0x7f946095cb20;  1 drivers
v0x7f946094e6f0_0 .net "linked_buttons", 1 0, L_0x7f946095c950;  1 drivers
o0x7f9460851e78 .functor BUFZ 2, C4<zz>; HiZ drive
v0x7f946094e7a0_0 .net "pmod", 1 0, o0x7f9460851e78;  0 drivers
L_0x7f946095c790 .part o0x7f9460851e78, 0, 1;
L_0x7f946095c850 .reduce/nor L_0x7f946095c790;
L_0x7f946095c950 .concat [ 1 1 0 0], L_0x7f946095c850, L_0x7f946095c850;
L_0x7f946095cb20 .concat8 [ 2 1 0 0], L_0x7f946095ca50, L_0x7f946095cff0;
L_0x7f946095cc20 .part o0x7f9460851e78, 0, 1;
L_0x7f946095cd50 .reduce/nor L_0x7f946095cc20;
L_0x7f946095ce30 .part o0x7f9460851e78, 1, 1;
L_0x7f946095cf10 .reduce/nor L_0x7f946095ce30;
    .scope S_0x7f945ee1fd50;
T_2 ;
    %pushi/vec4 0, 0, 1;
    %store/vec4 v0x7f945efedbc0_0, 0, 1;
    %pushi/vec4 0, 0, 1;
    %store/vec4 v0x7f945effc8b0_0, 0, 1;
    %end;
    .thread T_2;
    .scope S_0x7f945ee1fd50;
T_3 ;
    %wait E_0x7f945ec127a0;
    %load/vec4 v0x7f945ef71c00_0;
    %flag_set/vec4 8;
    %jmp/0xz  T_3.0, 8;
    %load/vec4 v0x7f945ef74350_0;
    %flag_set/vec4 8;
    %jmp/0 T_3.2, 8;
    %pushi/vec4 0, 0, 1;
    %jmp/1 T_3.3, 8;
T_3.2 ; End of true expr.
    %load/vec4 v0x7f9460910e50_0;
    %jmp/0 T_3.3, 8;
 ; End of false expr.
    %blend;
T_3.3;
    %assign/vec4 v0x7f945efedbc0_0, 0;
T_3.0 ;
    %jmp T_3;
    .thread T_3;
    .scope S_0x7f945ee1fd50;
T_4 ;
    %wait E_0x7f945ec05ca0;
    %load/vec4 v0x7f945ef74350_0;
    %flag_set/vec4 8;
    %jmp/0xz  T_4.0, 8;
    %pushi/vec4 0, 0, 1;
    %assign/vec4 v0x7f945effc8b0_0, 0;
    %jmp T_4.1;
T_4.0 ;
    %load/vec4 v0x7f945ef71c00_0;
    %flag_set/vec4 8;
    %jmp/0xz  T_4.2, 8;
    %load/vec4 v0x7f9460910e50_0;
    %assign/vec4 v0x7f945effc8b0_0, 0;
T_4.2 ;
T_4.1 ;
    %jmp T_4;
    .thread T_4;
    .scope S_0x7f945efee380;
T_5 ;
    %pushi/vec4 0, 0, 32;
    %store/vec4 v0x7f945eff2aa0_0, 0, 32;
T_5.0 ; Top of for-loop 
    %load/vec4 v0x7f945eff2aa0_0;
    %cmpi/s 16, 0, 32;
    %jmp/0xz T_5.1, 5;
    %pushi/vec4 0, 0, 256;
    %load/vec4 v0x7f945eff2aa0_0;
    %muli 16, 0, 32;
    %part/s 16;
    %pushi/vec4 0, 0, 32;
    %load/vec4 v0x7f945eff2aa0_0;
    %add;
    %ix/vec4/s 4;
    %store/vec4a v0x7f945eff2b30, 4, 0;
    %pushi/vec4 0, 0, 256;
    %load/vec4 v0x7f945eff2aa0_0;
    %muli 16, 0, 32;
    %part/s 16;
    %pushi/vec4 16, 0, 32;
    %load/vec4 v0x7f945eff2aa0_0;
    %add;
    %ix/vec4/s 4;
    %store/vec4a v0x7f945eff2b30, 4, 0;
    %pushi/vec4 0, 0, 256;
    %load/vec4 v0x7f945eff2aa0_0;
    %muli 16, 0, 32;
    %part/s 16;
    %pushi/vec4 32, 0, 32;
    %load/vec4 v0x7f945eff2aa0_0;
    %add;
    %ix/vec4/s 4;
    %store/vec4a v0x7f945eff2b30, 4, 0;
    %pushi/vec4 0, 0, 256;
    %load/vec4 v0x7f945eff2aa0_0;
    %muli 16, 0, 32;
    %part/s 16;
    %pushi/vec4 48, 0, 32;
    %load/vec4 v0x7f945eff2aa0_0;
    %add;
    %ix/vec4/s 4;
    %store/vec4a v0x7f945eff2b30, 4, 0;
    %pushi/vec4 0, 0, 256;
    %load/vec4 v0x7f945eff2aa0_0;
    %muli 16, 0, 32;
    %part/s 16;
    %pushi/vec4 64, 0, 32;
    %load/vec4 v0x7f945eff2aa0_0;
    %add;
    %ix/vec4/s 4;
    %store/vec4a v0x7f945eff2b30, 4, 0;
    %pushi/vec4 0, 0, 256;
    %load/vec4 v0x7f945eff2aa0_0;
    %muli 16, 0, 32;
    %part/s 16;
    %pushi/vec4 80, 0, 32;
    %load/vec4 v0x7f945eff2aa0_0;
    %add;
    %ix/vec4/s 4;
    %store/vec4a v0x7f945eff2b30, 4, 0;
    %pushi/vec4 0, 0, 256;
    %load/vec4 v0x7f945eff2aa0_0;
    %muli 16, 0, 32;
    %part/s 16;
    %pushi/vec4 96, 0, 32;
    %load/vec4 v0x7f945eff2aa0_0;
    %add;
    %ix/vec4/s 4;
    %store/vec4a v0x7f945eff2b30, 4, 0;
    %pushi/vec4 0, 0, 256;
    %load/vec4 v0x7f945eff2aa0_0;
    %muli 16, 0, 32;
    %part/s 16;
    %pushi/vec4 112, 0, 32;
    %load/vec4 v0x7f945eff2aa0_0;
    %add;
    %ix/vec4/s 4;
    %store/vec4a v0x7f945eff2b30, 4, 0;
    %pushi/vec4 0, 0, 256;
    %load/vec4 v0x7f945eff2aa0_0;
    %muli 16, 0, 32;
    %part/s 16;
    %pushi/vec4 128, 0, 32;
    %load/vec4 v0x7f945eff2aa0_0;
    %add;
    %ix/vec4/s 4;
    %store/vec4a v0x7f945eff2b30, 4, 0;
    %pushi/vec4 0, 0, 256;
    %load/vec4 v0x7f945eff2aa0_0;
    %muli 16, 0, 32;
    %part/s 16;
    %pushi/vec4 144, 0, 32;
    %load/vec4 v0x7f945eff2aa0_0;
    %add;
    %ix/vec4/s 4;
    %store/vec4a v0x7f945eff2b30, 4, 0;
    %pushi/vec4 0, 0, 256;
    %load/vec4 v0x7f945eff2aa0_0;
    %muli 16, 0, 32;
    %part/s 16;
    %pushi/vec4 160, 0, 32;
    %load/vec4 v0x7f945eff2aa0_0;
    %add;
    %ix/vec4/s 4;
    %store/vec4a v0x7f945eff2b30, 4, 0;
    %pushi/vec4 0, 0, 256;
    %load/vec4 v0x7f945eff2aa0_0;
    %muli 16, 0, 32;
    %part/s 16;
    %pushi/vec4 176, 0, 32;
    %load/vec4 v0x7f945eff2aa0_0;
    %add;
    %ix/vec4/s 4;
    %store/vec4a v0x7f945eff2b30, 4, 0;
    %pushi/vec4 0, 0, 256;
    %load/vec4 v0x7f945eff2aa0_0;
    %muli 16, 0, 32;
    %part/s 16;
    %pushi/vec4 192, 0, 32;
    %load/vec4 v0x7f945eff2aa0_0;
    %add;
    %ix/vec4/s 4;
    %store/vec4a v0x7f945eff2b30, 4, 0;
    %pushi/vec4 0, 0, 256;
    %load/vec4 v0x7f945eff2aa0_0;
    %muli 16, 0, 32;
    %part/s 16;
    %pushi/vec4 208, 0, 32;
    %load/vec4 v0x7f945eff2aa0_0;
    %add;
    %ix/vec4/s 4;
    %store/vec4a v0x7f945eff2b30, 4, 0;
    %pushi/vec4 0, 0, 256;
    %load/vec4 v0x7f945eff2aa0_0;
    %muli 16, 0, 32;
    %part/s 16;
    %pushi/vec4 224, 0, 32;
    %load/vec4 v0x7f945eff2aa0_0;
    %add;
    %ix/vec4/s 4;
    %store/vec4a v0x7f945eff2b30, 4, 0;
    %pushi/vec4 0, 0, 256;
    %load/vec4 v0x7f945eff2aa0_0;
    %muli 16, 0, 32;
    %part/s 16;
    %pushi/vec4 240, 0, 32;
    %load/vec4 v0x7f945eff2aa0_0;
    %add;
    %ix/vec4/s 4;
    %store/vec4a v0x7f945eff2b30, 4, 0;
T_5.2 ; for-loop step statement
    %load/vec4 v0x7f945eff2aa0_0;
    %addi 1, 0, 32;
    %store/vec4 v0x7f945eff2aa0_0, 0, 32;
    %jmp T_5.0;
T_5.1 ; for-loop exit label
    %end;
    .thread T_5;
    .scope S_0x7f945efee380;
T_6 ;
    %wait E_0x7f945efea420;
    %load/vec4 v0x7f945eff76a0_0;
    %flag_set/vec4 9;
    %flag_get/vec4 9;
    %jmp/0 T_6.2, 9;
    %load/vec4 v0x7f945effc6b0_0;
    %and;
T_6.2;
    %flag_set/vec4 8;
    %jmp/0xz  T_6.0, 8;
    %load/vec4 v0x7f945eff7730_0;
    %parti/s 1, 0, 2;
    %nor/r;
    %flag_set/vec4 8;
    %jmp/0xz  T_6.3, 8;
    %load/vec4 v0x7f945eff8260_0;
    %parti/s 1, 0, 2;
    %load/vec4 v0x7f945efea800_0;
    %parti/s 8, 0, 2;
    %pad/u 10;
    %ix/vec4 3;
    %ix/load 4, 0, 0; Constant delay
    %assign/vec4/a/d v0x7f945eff2b30, 0, 4;
T_6.3 ;
    %load/vec4 v0x7f945eff7730_0;
    %parti/s 1, 1, 2;
    %nor/r;
    %flag_set/vec4 8;
    %jmp/0xz  T_6.5, 8;
    %load/vec4 v0x7f945eff8260_0;
    %parti/s 1, 1, 2;
    %load/vec4 v0x7f945efea800_0;
    %parti/s 8, 0, 2;
    %pad/u 10;
    %ix/vec4 3;
    %ix/load 4, 1, 0; part off
    %ix/load 5, 0, 0; Constant delay
    %assign/vec4/a/d v0x7f945eff2b30, 4, 5;
T_6.5 ;
    %load/vec4 v0x7f945eff7730_0;
    %parti/s 1, 2, 3;
    %nor/r;
    %flag_set/vec4 8;
    %jmp/0xz  T_6.7, 8;
    %load/vec4 v0x7f945eff8260_0;
    %parti/s 1, 2, 3;
    %load/vec4 v0x7f945efea800_0;
    %parti/s 8, 0, 2;
    %pad/u 10;
    %ix/vec4 3;
    %ix/load 4, 2, 0; part off
    %ix/load 5, 0, 0; Constant delay
    %assign/vec4/a/d v0x7f945eff2b30, 4, 5;
T_6.7 ;
    %load/vec4 v0x7f945eff7730_0;
    %parti/s 1, 3, 3;
    %nor/r;
    %flag_set/vec4 8;
    %jmp/0xz  T_6.9, 8;
    %load/vec4 v0x7f945eff8260_0;
    %parti/s 1, 3, 3;
    %load/vec4 v0x7f945efea800_0;
    %parti/s 8, 0, 2;
    %pad/u 10;
    %ix/vec4 3;
    %ix/load 4, 3, 0; part off
    %ix/load 5, 0, 0; Constant delay
    %assign/vec4/a/d v0x7f945eff2b30, 4, 5;
T_6.9 ;
    %load/vec4 v0x7f945eff7730_0;
    %parti/s 1, 4, 4;
    %nor/r;
    %flag_set/vec4 8;
    %jmp/0xz  T_6.11, 8;
    %load/vec4 v0x7f945eff8260_0;
    %parti/s 1, 4, 4;
    %load/vec4 v0x7f945efea800_0;
    %parti/s 8, 0, 2;
    %pad/u 10;
    %ix/vec4 3;
    %ix/load 4, 4, 0; part off
    %ix/load 5, 0, 0; Constant delay
    %assign/vec4/a/d v0x7f945eff2b30, 4, 5;
T_6.11 ;
    %load/vec4 v0x7f945eff7730_0;
    %parti/s 1, 5, 4;
    %nor/r;
    %flag_set/vec4 8;
    %jmp/0xz  T_6.13, 8;
    %load/vec4 v0x7f945eff8260_0;
    %parti/s 1, 5, 4;
    %load/vec4 v0x7f945efea800_0;
    %parti/s 8, 0, 2;
    %pad/u 10;
    %ix/vec4 3;
    %ix/load 4, 5, 0; part off
    %ix/load 5, 0, 0; Constant delay
    %assign/vec4/a/d v0x7f945eff2b30, 4, 5;
T_6.13 ;
    %load/vec4 v0x7f945eff7730_0;
    %parti/s 1, 6, 4;
    %nor/r;
    %flag_set/vec4 8;
    %jmp/0xz  T_6.15, 8;
    %load/vec4 v0x7f945eff8260_0;
    %parti/s 1, 6, 4;
    %load/vec4 v0x7f945efea800_0;
    %parti/s 8, 0, 2;
    %pad/u 10;
    %ix/vec4 3;
    %ix/load 4, 6, 0; part off
    %ix/load 5, 0, 0; Constant delay
    %assign/vec4/a/d v0x7f945eff2b30, 4, 5;
T_6.15 ;
    %load/vec4 v0x7f945eff7730_0;
    %parti/s 1, 7, 4;
    %nor/r;
    %flag_set/vec4 8;
    %jmp/0xz  T_6.17, 8;
    %load/vec4 v0x7f945eff8260_0;
    %parti/s 1, 7, 4;
    %load/vec4 v0x7f945efea800_0;
    %parti/s 8, 0, 2;
    %pad/u 10;
    %ix/vec4 3;
    %ix/load 4, 7, 0; part off
    %ix/load 5, 0, 0; Constant delay
    %assign/vec4/a/d v0x7f945eff2b30, 4, 5;
T_6.17 ;
    %load/vec4 v0x7f945eff7730_0;
    %parti/s 1, 8, 5;
    %nor/r;
    %flag_set/vec4 8;
    %jmp/0xz  T_6.19, 8;
    %load/vec4 v0x7f945eff8260_0;
    %parti/s 1, 8, 5;
    %load/vec4 v0x7f945efea800_0;
    %parti/s 8, 0, 2;
    %pad/u 10;
    %ix/vec4 3;
    %ix/load 4, 8, 0; part off
    %ix/load 5, 0, 0; Constant delay
    %assign/vec4/a/d v0x7f945eff2b30, 4, 5;
T_6.19 ;
    %load/vec4 v0x7f945eff7730_0;
    %parti/s 1, 9, 5;
    %nor/r;
    %flag_set/vec4 8;
    %jmp/0xz  T_6.21, 8;
    %load/vec4 v0x7f945eff8260_0;
    %parti/s 1, 9, 5;
    %load/vec4 v0x7f945efea800_0;
    %parti/s 8, 0, 2;
    %pad/u 10;
    %ix/vec4 3;
    %ix/load 4, 9, 0; part off
    %ix/load 5, 0, 0; Constant delay
    %assign/vec4/a/d v0x7f945eff2b30, 4, 5;
T_6.21 ;
    %load/vec4 v0x7f945eff7730_0;
    %parti/s 1, 10, 5;
    %nor/r;
    %flag_set/vec4 8;
    %jmp/0xz  T_6.23, 8;
    %load/vec4 v0x7f945eff8260_0;
    %parti/s 1, 10, 5;
    %load/vec4 v0x7f945efea800_0;
    %parti/s 8, 0, 2;
    %pad/u 10;
    %ix/vec4 3;
    %ix/load 4, 10, 0; part off
    %ix/load 5, 0, 0; Constant delay
    %assign/vec4/a/d v0x7f945eff2b30, 4, 5;
T_6.23 ;
    %load/vec4 v0x7f945eff7730_0;
    %parti/s 1, 11, 5;
    %nor/r;
    %flag_set/vec4 8;
    %jmp/0xz  T_6.25, 8;
    %load/vec4 v0x7f945eff8260_0;
    %parti/s 1, 11, 5;
    %load/vec4 v0x7f945efea800_0;
    %parti/s 8, 0, 2;
    %pad/u 10;
    %ix/vec4 3;
    %ix/load 4, 11, 0; part off
    %ix/load 5, 0, 0; Constant delay
    %assign/vec4/a/d v0x7f945eff2b30, 4, 5;
T_6.25 ;
    %load/vec4 v0x7f945eff7730_0;
    %parti/s 1, 12, 5;
    %nor/r;
    %flag_set/vec4 8;
    %jmp/0xz  T_6.27, 8;
    %load/vec4 v0x7f945eff8260_0;
    %parti/s 1, 12, 5;
    %load/vec4 v0x7f945efea800_0;
    %parti/s 8, 0, 2;
    %pad/u 10;
    %ix/vec4 3;
    %ix/load 4, 12, 0; part off
    %ix/load 5, 0, 0; Constant delay
    %assign/vec4/a/d v0x7f945eff2b30, 4, 5;
T_6.27 ;
    %load/vec4 v0x7f945eff7730_0;
    %parti/s 1, 13, 5;
    %nor/r;
    %flag_set/vec4 8;
    %jmp/0xz  T_6.29, 8;
    %load/vec4 v0x7f945eff8260_0;
    %parti/s 1, 13, 5;
    %load/vec4 v0x7f945efea800_0;
    %parti/s 8, 0, 2;
    %pad/u 10;
    %ix/vec4 3;
    %ix/load 4, 13, 0; part off
    %ix/load 5, 0, 0; Constant delay
    %assign/vec4/a/d v0x7f945eff2b30, 4, 5;
T_6.29 ;
    %load/vec4 v0x7f945eff7730_0;
    %parti/s 1, 14, 5;
    %nor/r;
    %flag_set/vec4 8;
    %jmp/0xz  T_6.31, 8;
    %load/vec4 v0x7f945eff8260_0;
    %parti/s 1, 14, 5;
    %load/vec4 v0x7f945efea800_0;
    %parti/s 8, 0, 2;
    %pad/u 10;
    %ix/vec4 3;
    %ix/load 4, 14, 0; part off
    %ix/load 5, 0, 0; Constant delay
    %assign/vec4/a/d v0x7f945eff2b30, 4, 5;
T_6.31 ;
    %load/vec4 v0x7f945eff7730_0;
    %parti/s 1, 15, 5;
    %nor/r;
    %flag_set/vec4 8;
    %jmp/0xz  T_6.33, 8;
    %load/vec4 v0x7f945eff8260_0;
    %parti/s 1, 15, 5;
    %load/vec4 v0x7f945efea800_0;
    %parti/s 8, 0, 2;
    %pad/u 10;
    %ix/vec4 3;
    %ix/load 4, 15, 0; part off
    %ix/load 5, 0, 0; Constant delay
    %assign/vec4/a/d v0x7f945eff2b30, 4, 5;
T_6.33 ;
T_6.0 ;
    %jmp T_6;
    .thread T_6;
    .scope S_0x7f945efee380;
T_7 ;
    %wait E_0x7f945efe9870;
    %load/vec4 v0x7f945efec750_0;
    %flag_set/vec4 9;
    %flag_get/vec4 9;
    %jmp/0 T_7.2, 9;
    %load/vec4 v0x7f945efed150_0;
    %and;
T_7.2;
    %flag_set/vec4 8;
    %jmp/0xz  T_7.0, 8;
    %load/vec4 v0x7f946092d3c0_0;
    %parti/s 8, 0, 2;
    %pad/u 10;
    %ix/vec4 4;
    %load/vec4a v0x7f945eff2b30, 4;
    %load/vec4 v0x7f945efec7e0_0;
    %inv;
    %and;
    %assign/vec4 v0x7f945efecb10_0, 0;
T_7.0 ;
    %jmp T_7;
    .thread T_7;
    .scope S_0x7f945ee209a0;
T_8 ;
    %pushi/vec4 0, 0, 1;
    %store/vec4 v0x7f945ef72530_0, 0, 1;
    %end;
    .thread T_8;
    .scope S_0x7f945ee209a0;
T_9 ;
    %wait E_0x7f945efece90;
    %load/vec4 v0x7f945ef724a0_0;
    %assign/vec4 v0x7f945ef72530_0, 0;
    %jmp T_9;
    .thread T_9;
    .scope S_0x7f945ee20b10;
T_10 ;
    %pushi/vec4 0, 0, 1;
    %store/vec4 v0x7f945ef72770_0, 0, 1;
    %end;
    .thread T_10;
    .scope S_0x7f945ee20b10;
T_11 ;
    %wait E_0x7f945efed510;
    %load/vec4 v0x7f945ef726e0_0;
    %flag_set/vec4 8;
    %jmp/0xz  T_11.0, 8;
    %load/vec4 v0x7f945ef72650_0;
    %assign/vec4 v0x7f945ef72770_0, 0;
T_11.0 ;
    %jmp T_11;
    .thread T_11;
    .scope S_0x7f945ee20d00;
T_12 ;
    %pushi/vec4 0, 0, 1;
    %store/vec4 v0x7f945ef12930_0, 0, 1;
    %end;
    .thread T_12;
    .scope S_0x7f945ee20d00;
T_13 ;
    %wait E_0x7f945ef12700;
    %load/vec4 v0x7f945ef129d0_0;
    %flag_set/vec4 8;
    %jmp/0xz  T_13.0, 8;
    %pushi/vec4 0, 0, 1;
    %assign/vec4 v0x7f945ef12930_0, 0;
    %jmp T_13.1;
T_13.0 ;
    %load/vec4 v0x7f945ef12880_0;
    %flag_set/vec4 8;
    %jmp/0xz  T_13.2, 8;
    %load/vec4 v0x7f945ef127e0_0;
    %assign/vec4 v0x7f945ef12930_0, 0;
T_13.2 ;
T_13.1 ;
    %jmp T_13;
    .thread T_13;
    .scope S_0x7f945ee20f10;
T_14 ;
    %pushi/vec4 0, 0, 1;
    %store/vec4 v0x7f945ef1b950_0, 0, 1;
    %end;
    .thread T_14;
    .scope S_0x7f945ee20f10;
T_15 ;
    %wait E_0x7f945ef7ab40;
    %load/vec4 v0x7f945ef1b9e0_0;
    %flag_set/vec4 8;
    %jmp/0xz  T_15.0, 8;
    %pushi/vec4 1, 0, 1;
    %assign/vec4 v0x7f945ef1b950_0, 0;
    %jmp T_15.1;
T_15.0 ;
    %load/vec4 v0x7f945ef7acf0_0;
    %flag_set/vec4 8;
    %jmp/0xz  T_15.2, 8;
    %load/vec4 v0x7f945ef7ac50_0;
    %assign/vec4 v0x7f945ef1b950_0, 0;
T_15.2 ;
T_15.1 ;
    %jmp T_15;
    .thread T_15;
    .scope S_0x7f945ee21120;
T_16 ;
    %pushi/vec4 0, 0, 1;
    %store/vec4 v0x7f945ef19410_0, 0, 1;
    %end;
    .thread T_16;
    .scope S_0x7f945ee21120;
T_17 ;
    %wait E_0x7f945ef1bae0;
    %load/vec4 v0x7f945ef19380_0;
    %flag_set/vec4 8;
    %jmp/0xz  T_17.0, 8;
    %load/vec4 v0x7f945ef194a0_0;
    %flag_set/vec4 8;
    %jmp/0xz  T_17.2, 8;
    %pushi/vec4 0, 0, 1;
    %assign/vec4 v0x7f945ef19410_0, 0;
    %jmp T_17.3;
T_17.2 ;
    %load/vec4 v0x7f945ef1bbf0_0;
    %assign/vec4 v0x7f945ef19410_0, 0;
T_17.3 ;
T_17.0 ;
    %jmp T_17;
    .thread T_17;
    .scope S_0x7f945ee21390;
T_18 ;
    %pushi/vec4 0, 0, 1;
    %store/vec4 v0x7f945ef280f0_0, 0, 1;
    %end;
    .thread T_18;
    .scope S_0x7f945ee21390;
T_19 ;
    %wait E_0x7f945ef195e0;
    %load/vec4 v0x7f945ef28060_0;
    %flag_set/vec4 8;
    %jmp/0xz  T_19.0, 8;
    %load/vec4 v0x7f945ef28190_0;
    %flag_set/vec4 8;
    %jmp/0xz  T_19.2, 8;
    %pushi/vec4 1, 0, 1;
    %assign/vec4 v0x7f945ef280f0_0, 0;
    %jmp T_19.3;
T_19.2 ;
    %load/vec4 v0x7f945ef27fc0_0;
    %assign/vec4 v0x7f945ef280f0_0, 0;
T_19.3 ;
T_19.0 ;
    %jmp T_19;
    .thread T_19;
    .scope S_0x7f945ee21680;
T_20 ;
    %pushi/vec4 0, 0, 1;
    %store/vec4 v0x7f945ef25b60_0, 0, 1;
    %end;
    .thread T_20;
    .scope S_0x7f945ee21680;
T_21 ;
    %wait E_0x7f945ef282f0;
    %load/vec4 v0x7f945ef25ac0_0;
    %assign/vec4 v0x7f945ef25b60_0, 0;
    %jmp T_21;
    .thread T_21;
    .scope S_0x7f945ed442b0;
T_22 ;
    %pushi/vec4 0, 0, 1;
    %store/vec4 v0x7f945ef16270_0, 0, 1;
    %end;
    .thread T_22;
    .scope S_0x7f945ed442b0;
T_23 ;
    %wait E_0x7f945ef25c40;
    %load/vec4 v0x7f945ef161c0_0;
    %flag_set/vec4 8;
    %jmp/0xz  T_23.0, 8;
    %load/vec4 v0x7f945ef16130_0;
    %assign/vec4 v0x7f945ef16270_0, 0;
T_23.0 ;
    %jmp T_23;
    .thread T_23;
    .scope S_0x7f945ed1d670;
T_24 ;
    %pushi/vec4 0, 0, 1;
    %store/vec4 v0x7f945ef151f0_0, 0, 1;
    %end;
    .thread T_24;
    .scope S_0x7f945ed1d670;
T_25 ;
    %wait E_0x7f945ef16370;
    %load/vec4 v0x7f945ef15280_0;
    %flag_set/vec4 8;
    %jmp/0xz  T_25.0, 8;
    %pushi/vec4 0, 0, 1;
    %assign/vec4 v0x7f945ef151f0_0, 0;
    %jmp T_25.1;
T_25.0 ;
    %load/vec4 v0x7f945ef15140_0;
    %flag_set/vec4 8;
    %jmp/0xz  T_25.2, 8;
    %load/vec4 v0x7f945ef150b0_0;
    %assign/vec4 v0x7f945ef151f0_0, 0;
T_25.2 ;
T_25.1 ;
    %jmp T_25;
    .thread T_25;
    .scope S_0x7f945ed1d7e0;
T_26 ;
    %pushi/vec4 0, 0, 1;
    %store/vec4 v0x7f945ef79020_0, 0, 1;
    %end;
    .thread T_26;
    .scope S_0x7f945ed1d7e0;
T_27 ;
    %wait E_0x7f945ef153e0;
    %load/vec4 v0x7f945ef790c0_0;
    %flag_set/vec4 8;
    %jmp/0xz  T_27.0, 8;
    %pushi/vec4 1, 0, 1;
    %assign/vec4 v0x7f945ef79020_0, 0;
    %jmp T_27.1;
T_27.0 ;
    %load/vec4 v0x7f945ef78f90_0;
    %flag_set/vec4 8;
    %jmp/0xz  T_27.2, 8;
    %load/vec4 v0x7f945ef78ef0_0;
    %assign/vec4 v0x7f945ef79020_0, 0;
T_27.2 ;
T_27.1 ;
    %jmp T_27;
    .thread T_27;
    .scope S_0x7f945ed14b70;
T_28 ;
    %pushi/vec4 0, 0, 1;
    %store/vec4 v0x7f945ef2da90_0, 0, 1;
    %end;
    .thread T_28;
    .scope S_0x7f945ed14b70;
T_29 ;
    %wait E_0x7f945ef2d850;
    %load/vec4 v0x7f945ef2da00_0;
    %flag_set/vec4 8;
    %jmp/0xz  T_29.0, 8;
    %load/vec4 v0x7f945ef1a6b0_0;
    %flag_set/vec4 8;
    %jmp/0xz  T_29.2, 8;
    %pushi/vec4 0, 0, 1;
    %assign/vec4 v0x7f945ef2da90_0, 0;
    %jmp T_29.3;
T_29.2 ;
    %load/vec4 v0x7f945ef2d960_0;
    %assign/vec4 v0x7f945ef2da90_0, 0;
T_29.3 ;
T_29.0 ;
    %jmp T_29;
    .thread T_29;
    .scope S_0x7f945ed14ce0;
T_30 ;
    %pushi/vec4 0, 0, 1;
    %store/vec4 v0x7f945ef180e0_0, 0, 1;
    %end;
    .thread T_30;
    .scope S_0x7f945ed14ce0;
T_31 ;
    %wait E_0x7f945ef1a7d0;
    %load/vec4 v0x7f945ef1a980_0;
    %flag_set/vec4 8;
    %jmp/0xz  T_31.0, 8;
    %load/vec4 v0x7f945ef18170_0;
    %flag_set/vec4 8;
    %jmp/0xz  T_31.2, 8;
    %pushi/vec4 1, 0, 1;
    %assign/vec4 v0x7f945ef180e0_0, 0;
    %jmp T_31.3;
T_31.2 ;
    %load/vec4 v0x7f945ef1a8e0_0;
    %assign/vec4 v0x7f945ef180e0_0, 0;
T_31.3 ;
T_31.0 ;
    %jmp T_31;
    .thread T_31;
    .scope S_0x7f945ed0b9d0;
T_32 ;
    %pushi/vec4 0, 0, 1;
    %store/vec4 v0x7f945ef16f90_0, 0, 1;
    %end;
    .thread T_32;
    .scope S_0x7f945ed0b9d0;
T_33 ;
    %wait E_0x7f945ef182b0;
    %load/vec4 v0x7f945ef17020_0;
    %flag_set/vec4 8;
    %jmp/0xz  T_33.0, 8;
    %pushi/vec4 0, 0, 1;
    %assign/vec4 v0x7f945ef16f90_0, 0;
    %jmp T_33.1;
T_33.0 ;
    %load/vec4 v0x7f945ef183c0_0;
    %assign/vec4 v0x7f945ef16f90_0, 0;
T_33.1 ;
    %jmp T_33;
    .thread T_33;
    .scope S_0x7f945ed0bb40;
T_34 ;
    %pushi/vec4 0, 0, 1;
    %store/vec4 v0x7f945ef26d20_0, 0, 1;
    %end;
    .thread T_34;
    .scope S_0x7f945ed0bb40;
T_35 ;
    %wait E_0x7f945ef17110;
    %load/vec4 v0x7f945ef26db0_0;
    %flag_set/vec4 8;
    %jmp/0xz  T_35.0, 8;
    %pushi/vec4 1, 0, 1;
    %assign/vec4 v0x7f945ef26d20_0, 0;
    %jmp T_35.1;
T_35.0 ;
    %load/vec4 v0x7f945ef17220_0;
    %assign/vec4 v0x7f945ef26d20_0, 0;
T_35.1 ;
    %jmp T_35;
    .thread T_35;
    .scope S_0x7f945ed3b140;
T_36 ;
    %pushi/vec4 0, 0, 1;
    %store/vec4 v0x7f945ef27020_0, 0, 1;
    %end;
    .thread T_36;
    .scope S_0x7f945ed3b140;
T_37 ;
    %wait E_0x7f945ef26e70;
    %load/vec4 v0x7f945ef24770_0;
    %flag_set/vec4 8;
    %jmp/0xz  T_37.0, 8;
    %pushi/vec4 0, 0, 1;
    %assign/vec4 v0x7f945ef27020_0, 0;
    %jmp T_37.1;
T_37.0 ;
    %load/vec4 v0x7f945ef26f80_0;
    %assign/vec4 v0x7f945ef27020_0, 0;
T_37.1 ;
    %jmp T_37;
    .thread T_37;
    .scope S_0x7f945ed3b2b0;
T_38 ;
    %pushi/vec4 0, 0, 1;
    %store/vec4 v0x7f945ef24a20_0, 0, 1;
    %end;
    .thread T_38;
    .scope S_0x7f945ed3b2b0;
T_39 ;
    %wait E_0x7f945ef24870;
    %load/vec4 v0x7f945ef23600_0;
    %flag_set/vec4 8;
    %jmp/0xz  T_39.0, 8;
    %pushi/vec4 1, 0, 1;
    %assign/vec4 v0x7f945ef24a20_0, 0;
    %jmp T_39.1;
T_39.0 ;
    %load/vec4 v0x7f945ef24980_0;
    %assign/vec4 v0x7f945ef24a20_0, 0;
T_39.1 ;
    %jmp T_39;
    .thread T_39;
    .scope S_0x7f945ed46ab0;
T_40 ;
    %pushi/vec4 0, 0, 1;
    %store/vec4 v0x7f945ef238a0_0, 0, 1;
    %end;
    .thread T_40;
    .scope S_0x7f945ed46ab0;
T_41 ;
    %wait E_0x7f945ef236f0;
    %load/vec4 v0x7f945ef2c060_0;
    %flag_set/vec4 8;
    %jmp/0xz  T_41.0, 8;
    %pushi/vec4 0, 0, 1;
    %assign/vec4 v0x7f945ef238a0_0, 0;
    %jmp T_41.1;
T_41.0 ;
    %load/vec4 v0x7f945ef23800_0;
    %assign/vec4 v0x7f945ef238a0_0, 0;
T_41.1 ;
    %jmp T_41;
    .thread T_41;
    .scope S_0x7f945ed46c20;
T_42 ;
    %pushi/vec4 0, 0, 1;
    %store/vec4 v0x7f945ef2c2d0_0, 0, 1;
    %end;
    .thread T_42;
    .scope S_0x7f945ed46c20;
T_43 ;
    %wait E_0x7f945ef2c120;
    %load/vec4 v0x7f945ef2aa70_0;
    %flag_set/vec4 8;
    %jmp/0xz  T_43.0, 8;
    %pushi/vec4 1, 0, 1;
    %assign/vec4 v0x7f945ef2c2d0_0, 0;
    %jmp T_43.1;
T_43.0 ;
    %load/vec4 v0x7f945ef2c230_0;
    %assign/vec4 v0x7f945ef2c2d0_0, 0;
T_43.1 ;
    %jmp T_43;
    .thread T_43;
    .scope S_0x7f945ed084e0;
T_44 ;
    %pushi/vec4 0, 0, 1;
    %store/vec4 v0x7f945ef2acb0_0, 0, 1;
    %end;
    .thread T_44;
    .scope S_0x7f945ed084e0;
T_45 ;
    %wait E_0x7f945ef2ab00;
    %load/vec4 v0x7f945ef2ad60_0;
    %flag_set/vec4 8;
    %jmp/0xz  T_45.0, 8;
    %pushi/vec4 0, 0, 1;
    %assign/vec4 v0x7f945ef2acb0_0, 0;
    %jmp T_45.1;
T_45.0 ;
    %load/vec4 v0x7f945ef2ac10_0;
    %assign/vec4 v0x7f945ef2acb0_0, 0;
T_45.1 ;
    %jmp T_45;
    .thread T_45;
    .scope S_0x7f945ed08650;
T_46 ;
    %pushi/vec4 0, 0, 1;
    %store/vec4 v0x7f945ef29500_0, 0, 1;
    %end;
    .thread T_46;
    .scope S_0x7f945ed08650;
T_47 ;
    %wait E_0x7f945ef29350;
    %load/vec4 v0x7f945ef295b0_0;
    %flag_set/vec4 8;
    %jmp/0xz  T_47.0, 8;
    %pushi/vec4 1, 0, 1;
    %assign/vec4 v0x7f945ef29500_0, 0;
    %jmp T_47.1;
T_47.0 ;
    %load/vec4 v0x7f945ef29460_0;
    %assign/vec4 v0x7f945ef29500_0, 0;
T_47.1 ;
    %jmp T_47;
    .thread T_47;
    .scope S_0x7f945ef1e400;
T_48 ;
    %wait E_0x7f945ef1e670;
    %load/vec4 v0x7f946092efa0_0;
    %assign/vec4 v0x7f946092f030_0, 0;
    %jmp T_48;
    .thread T_48;
    .scope S_0x7f945ef1e400;
T_49 ;
    %wait E_0x7f945ef1e670;
    %load/vec4 v0x7f946092efa0_0;
    %flag_set/vec4 8;
    %jmp/0xz  T_49.0, 8;
    %load/vec4 v0x7f945ef7ca30_0;
    %assign/vec4 v0x7f946092f370_0, 0;
T_49.0 ;
    %jmp T_49;
    .thread T_49;
    .scope S_0x7f945ef1e400;
T_50 ;
    %wait E_0x7f945ef1e610;
    %load/vec4 v0x7f946092f030_0;
    %flag_set/vec4 8;
    %jmp/0xz  T_50.0, 8;
    %load/vec4 v0x7f945ef7ca30_0;
    %assign/vec4 v0x7f946092f400_0, 0;
T_50.0 ;
    %jmp T_50;
    .thread T_50;
    .scope S_0x7f945ef1e400;
T_51 ;
    %wait E_0x7f945ef1e570;
    %load/vec4 v0x7f946092efa0_0;
    %assign/vec4 v0x7f946092f0c0_0, 0;
    %jmp T_51;
    .thread T_51;
    .scope S_0x7f945ef1e400;
T_52 ;
    %wait E_0x7f945ef1e570;
    %load/vec4 v0x7f946092efa0_0;
    %flag_set/vec4 8;
    %jmp/0xz  T_52.0, 8;
    %load/vec4 v0x7f945ef1cdc0_0;
    %assign/vec4 v0x7f946092f520_0, 0;
T_52.0 ;
    %jmp T_52;
    .thread T_52;
    .scope S_0x7f945ef1e400;
T_53 ;
    %wait E_0x7f945ef1e5c0;
    %load/vec4 v0x7f946092f0c0_0;
    %flag_set/vec4 8;
    %jmp/0xz  T_53.0, 8;
    %load/vec4 v0x7f945ef1ce50_0;
    %assign/vec4 v0x7f946092f5c0_0, 0;
T_53.0 ;
    %jmp T_53;
    .thread T_53;
    .scope S_0x7f945ef1e400;
T_54 ;
    %wait E_0x7f945ef1e570;
    %load/vec4 v0x7f946092efa0_0;
    %flag_set/vec4 8;
    %jmp/0xz  T_54.0, 8;
    %load/vec4 v0x7f945ef7c920_0;
    %assign/vec4 v0x7f946092f7a0_0, 0;
T_54.0 ;
    %jmp T_54;
    .thread T_54;
    .scope S_0x7f945ef21170;
T_55 ;
    %wait E_0x7f945ef1fcc0;
    %load/vec4 v0x7f946092f370_0;
    %store/vec4 v0x7f946092f150_0, 0, 1;
    %load/vec4 v0x7f946092f400_0;
    %store/vec4 v0x7f946092f1e0_0, 0, 1;
    %jmp T_55;
    .thread T_55, $push;
    .scope S_0x7f945ef21170;
T_56 ;
    %wait E_0x7f945ef1fc60;
    %load/vec4 v0x7f945ef7c890_0;
    %assign/vec4 v0x7f946092f660_0, 0;
    %jmp T_56;
    .thread T_56, $push;
    .scope S_0x7f945ef21170;
T_57 ;
    %wait E_0x7f945ef1fc10;
    %load/vec4 v0x7f946092f660_0;
    %assign/vec4 v0x7f946092f700_0, 0;
    %jmp T_57;
    .thread T_57, $push;
    .scope S_0x7f945ef21170;
T_58 ;
    %wait E_0x7f945ef1fbd0;
    %load/vec4 v0x7f946092f700_0;
    %pushi/vec4 0, 0, 1;
    %xor;
    %flag_set/vec4 8;
    %jmp/1 T_58.2, 8;
    %pushi/vec4 0, 0, 1;
    %flag_set/vec4 9;
    %flag_or 8, 9;
T_58.2;
    %jmp/0 T_58.0, 8;
    %load/vec4 v0x7f946092f520_0;
    %jmp/1 T_58.1, 8;
T_58.0 ; End of true expr.
    %load/vec4 v0x7f946092f5c0_0;
    %jmp/0 T_58.1, 8;
 ; End of false expr.
    %blend;
T_58.1;
    %store/vec4 v0x7f946092f490_0, 0, 1;
    %jmp T_58;
    .thread T_58, $push;
    .scope S_0x7f9460932830;
T_59 ;
    %wait E_0x7f9460932ae0;
    %load/vec4 v0x7f9460932b30_0;
    %flag_set/vec4 8;
    %jmp/0xz  T_59.0, 8;
    %load/vec4 v0x7f94609331a0_0;
    %assign/vec4 v0x7f94609334b0_0, 0;
T_59.0 ;
    %jmp T_59;
    .thread T_59;
    .scope S_0x7f9460932830;
T_60 ;
    %wait E_0x7f9460932a80;
    %load/vec4 v0x7f9460932b30_0;
    %flag_set/vec4 8;
    %jmp/0xz  T_60.0, 8;
    %load/vec4 v0x7f94609331a0_0;
    %assign/vec4 v0x7f9460933550_0, 0;
T_60.0 ;
    %jmp T_60;
    .thread T_60;
    .scope S_0x7f9460932830;
T_61 ;
    %wait E_0x7f94609329f0;
    %load/vec4 v0x7f9460932b30_0;
    %flag_set/vec4 8;
    %jmp/0xz  T_61.0, 8;
    %load/vec4 v0x7f9460932d30_0;
    %assign/vec4 v0x7f9460933780_0, 0;
T_61.0 ;
    %jmp T_61;
    .thread T_61;
    .scope S_0x7f9460932830;
T_62 ;
    %wait E_0x7f9460932a30;
    %load/vec4 v0x7f9460932b30_0;
    %flag_set/vec4 8;
    %jmp/0xz  T_62.0, 8;
    %load/vec4 v0x7f9460932dd0_0;
    %assign/vec4 v0x7f9460933810_0, 0;
T_62.0 ;
    %jmp T_62;
    .thread T_62;
    .scope S_0x7f9460932830;
T_63 ;
    %wait E_0x7f94609329f0;
    %load/vec4 v0x7f9460932b30_0;
    %flag_set/vec4 8;
    %jmp/0xz  T_63.0, 8;
    %load/vec4 v0x7f9460933090_0;
    %assign/vec4 v0x7f94609339d0_0, 0;
T_63.0 ;
    %jmp T_63;
    .thread T_63;
    .scope S_0x7f945ed476b0;
T_64 ;
    %wait E_0x7f94609310a0;
    %load/vec4 v0x7f94609334b0_0;
    %store/vec4 v0x7f9460933370_0, 0, 1;
    %load/vec4 v0x7f9460933550_0;
    %store/vec4 v0x7f9460933410_0, 0, 1;
    %jmp T_64;
    .thread T_64, $push;
    .scope S_0x7f945ed476b0;
T_65 ;
    %wait E_0x7f94609327d0;
    %load/vec4 v0x7f9460932ff0_0;
    %assign/vec4 v0x7f94609338a0_0, 0;
    %jmp T_65;
    .thread T_65, $push;
    .scope S_0x7f945ed476b0;
T_66 ;
    %wait E_0x7f9460932780;
    %load/vec4 v0x7f94609338a0_0;
    %assign/vec4 v0x7f9460933930_0, 0;
    %jmp T_66;
    .thread T_66, $push;
    .scope S_0x7f945ed476b0;
T_67 ;
    %wait E_0x7f9460932710;
    %load/vec4 v0x7f9460933930_0;
    %pushi/vec4 0, 0, 1;
    %xor;
    %flag_set/vec4 8;
    %jmp/1 T_67.2, 8;
    %pushi/vec4 0, 0, 1;
    %flag_set/vec4 9;
    %flag_or 8, 9;
T_67.2;
    %jmp/0 T_67.0, 8;
    %load/vec4 v0x7f9460933780_0;
    %jmp/1 T_67.1, 8;
T_67.0 ; End of true expr.
    %load/vec4 v0x7f9460933810_0;
    %jmp/0 T_67.1, 8;
 ; End of false expr.
    %blend;
T_67.1;
    %store/vec4 v0x7f94609335f0_0, 0, 1;
    %jmp T_67;
    .thread T_67, $push;
    .scope S_0x7f9460933cb0;
T_68 ;
    %wait E_0x7f9460933f60;
    %load/vec4 v0x7f9460933fb0_0;
    %flag_set/vec4 8;
    %jmp/0xz  T_68.0, 8;
    %load/vec4 v0x7f9460934620_0;
    %assign/vec4 v0x7f94609347f0_0, 0;
T_68.0 ;
    %jmp T_68;
    .thread T_68;
    .scope S_0x7f9460933cb0;
T_69 ;
    %wait E_0x7f9460933f00;
    %load/vec4 v0x7f9460933fb0_0;
    %flag_set/vec4 8;
    %jmp/0xz  T_69.0, 8;
    %load/vec4 v0x7f9460934620_0;
    %assign/vec4 v0x7f9460934890_0, 0;
T_69.0 ;
    %jmp T_69;
    .thread T_69;
    .scope S_0x7f9460933cb0;
T_70 ;
    %wait E_0x7f9460933e70;
    %load/vec4 v0x7f9460933fb0_0;
    %flag_set/vec4 8;
    %jmp/0xz  T_70.0, 8;
    %load/vec4 v0x7f94609341b0_0;
    %assign/vec4 v0x7f94609349d0_0, 0;
T_70.0 ;
    %jmp T_70;
    .thread T_70;
    .scope S_0x7f9460933cb0;
T_71 ;
    %wait E_0x7f9460933eb0;
    %load/vec4 v0x7f9460933fb0_0;
    %flag_set/vec4 8;
    %jmp/0xz  T_71.0, 8;
    %load/vec4 v0x7f9460934250_0;
    %assign/vec4 v0x7f9460934a70_0, 0;
T_71.0 ;
    %jmp T_71;
    .thread T_71;
    .scope S_0x7f9460933cb0;
T_72 ;
    %wait E_0x7f9460933e70;
    %load/vec4 v0x7f9460933fb0_0;
    %flag_set/vec4 8;
    %jmp/0xz  T_72.0, 8;
    %load/vec4 v0x7f9460934510_0;
    %assign/vec4 v0x7f9460934d20_0, 0;
T_72.0 ;
    %jmp T_72;
    .thread T_72;
    .scope S_0x7f945ed47ae0;
T_73 ;
    %wait E_0x7f9460933120;
    %load/vec4 v0x7f94609347f0_0;
    %store/vec4 v0x7f94609346b0_0, 0, 1;
    %load/vec4 v0x7f9460934890_0;
    %store/vec4 v0x7f9460934750_0, 0, 1;
    %jmp T_73;
    .thread T_73, $push;
    .scope S_0x7f945ed47ae0;
T_74 ;
    %wait E_0x7f9460933c50;
    %load/vec4 v0x7f9460934470_0;
    %assign/vec4 v0x7f9460934c00_0, 0;
    %jmp T_74;
    .thread T_74, $push;
    .scope S_0x7f945ed47ae0;
T_75 ;
    %wait E_0x7f9460933c00;
    %load/vec4 v0x7f9460934c00_0;
    %assign/vec4 v0x7f9460934c90_0, 0;
    %jmp T_75;
    .thread T_75, $push;
    .scope S_0x7f945ed47ae0;
T_76 ;
    %wait E_0x7f9460933b90;
    %load/vec4 v0x7f9460934c90_0;
    %pushi/vec4 0, 0, 1;
    %xor;
    %flag_set/vec4 8;
    %jmp/1 T_76.2, 8;
    %pushi/vec4 0, 0, 1;
    %flag_set/vec4 9;
    %flag_or 8, 9;
T_76.2;
    %jmp/0 T_76.0, 8;
    %load/vec4 v0x7f94609349d0_0;
    %jmp/1 T_76.1, 8;
T_76.0 ; End of true expr.
    %load/vec4 v0x7f9460934a70_0;
    %jmp/0 T_76.1, 8;
 ; End of false expr.
    %blend;
T_76.1;
    %store/vec4 v0x7f9460934930_0, 0, 1;
    %jmp T_76;
    .thread T_76, $push;
    .scope S_0x7f945ed488a0;
T_77 ;
    %wait E_0x7f9460936ed0;
    %load/vec4 v0x7f9460937ee0_0;
    %flag_set/vec4 8;
    %jmp/0xz  T_77.0, 8;
    %pushi/vec4 0, 0, 16;
    %assign/vec4 v0x7f946093c550_0, 0;
    %pushi/vec4 0, 0, 16;
    %assign/vec4 v0x7f946093c3f0_0, 0;
    %jmp T_77.1;
T_77.0 ;
    %load/vec4 v0x7f9460937870_0;
    %flag_set/vec4 8;
    %jmp/0xz  T_77.2, 8;
    %load/vec4 v0x7f9460937910_0;
    %nor/r;
    %flag_set/vec4 8;
    %jmp/0xz  T_77.4, 8;
    %load/vec4 v0x7f94609377c0_0;
    %assign/vec4 v0x7f946093c550_0, 0;
T_77.4 ;
    %load/vec4 v0x7f94609372b0_0;
    %nor/r;
    %flag_set/vec4 8;
    %jmp/0xz  T_77.6, 8;
    %load/vec4 v0x7f9460936f20_0;
    %assign/vec4 v0x7f946093c3f0_0, 0;
T_77.6 ;
T_77.2 ;
T_77.1 ;
    %jmp T_77;
    .thread T_77;
    .scope S_0x7f945ed488a0;
T_78 ;
    %wait E_0x7f9460936e70;
    %load/vec4 v0x7f9460937e40_0;
    %flag_set/vec4 8;
    %jmp/0xz  T_78.0, 8;
    %pushi/vec4 0, 0, 16;
    %assign/vec4 v0x7f946093c4a0_0, 0;
    %pushi/vec4 0, 0, 16;
    %assign/vec4 v0x7f946093c600_0, 0;
    %jmp T_78.1;
T_78.0 ;
    %load/vec4 v0x7f9460937870_0;
    %flag_set/vec4 8;
    %jmp/0xz  T_78.2, 8;
    %load/vec4 v0x7f94609375c0_0;
    %nor/r;
    %flag_set/vec4 8;
    %jmp/0xz  T_78.4, 8;
    %load/vec4 v0x7f94609374b0_0;
    %assign/vec4 v0x7f946093c4a0_0, 0;
T_78.4 ;
    %load/vec4 v0x7f9460937d00_0;
    %nor/r;
    %flag_set/vec4 8;
    %jmp/0xz  T_78.6, 8;
    %load/vec4 v0x7f9460937c70_0;
    %assign/vec4 v0x7f946093c600_0, 0;
T_78.6 ;
T_78.2 ;
T_78.1 ;
    %jmp T_78;
    .thread T_78;
    .scope S_0x7f945ed488a0;
T_79 ;
    %wait E_0x7f9460936ed0;
    %load/vec4 v0x7f9460937ee0_0;
    %flag_set/vec4 8;
    %jmp/0xz  T_79.0, 8;
    %pushi/vec4 0, 0, 16;
    %assign/vec4 v0x7f946093c6b0_0, 0;
    %pushi/vec4 0, 0, 16;
    %assign/vec4 v0x7f946093c8c0_0, 0;
    %jmp T_79.1;
T_79.0 ;
    %load/vec4 v0x7f9460937870_0;
    %flag_set/vec4 8;
    %jmp/0xz  T_79.2, 8;
    %load/vec4 v0x7f946093c130_0;
    %assign/vec4 v0x7f946093c6b0_0, 0;
    %load/vec4 v0x7f946093c290_0;
    %assign/vec4 v0x7f946093c8c0_0, 0;
T_79.2 ;
T_79.1 ;
    %jmp T_79;
    .thread T_79;
    .scope S_0x7f945ed488a0;
T_80 ;
    %wait E_0x7f9460936e70;
    %load/vec4 v0x7f9460937e40_0;
    %flag_set/vec4 8;
    %jmp/0xz  T_80.0, 8;
    %pushi/vec4 0, 0, 16;
    %assign/vec4 v0x7f946093c970_0, 0;
    %pushi/vec4 0, 0, 16;
    %assign/vec4 v0x7f946093c760_0, 0;
    %jmp T_80.1;
T_80.0 ;
    %load/vec4 v0x7f9460937870_0;
    %flag_set/vec4 8;
    %jmp/0xz  T_80.2, 8;
    %load/vec4 v0x7f946093c1e0_0;
    %assign/vec4 v0x7f946093c970_0, 0;
    %load/vec4 v0x7f946093c340_0;
    %assign/vec4 v0x7f946093c760_0, 0;
T_80.2 ;
T_80.1 ;
    %jmp T_80;
    .thread T_80;
    .scope S_0x7f945ed488a0;
T_81 ;
    %wait E_0x7f9460936e70;
    %load/vec4 v0x7f9460937e40_0;
    %flag_set/vec4 8;
    %jmp/0xz  T_81.0, 8;
    %pushi/vec4 0, 0, 32;
    %assign/vec4 v0x7f946093c810_0, 0;
    %jmp T_81.1;
T_81.0 ;
    %load/vec4 v0x7f9460937870_0;
    %flag_set/vec4 8;
    %jmp/0xz  T_81.2, 8;
    %load/vec4 v0x7f946093bb00_0;
    %assign/vec4 v0x7f946093c810_0, 0;
T_81.2 ;
T_81.1 ;
    %jmp T_81;
    .thread T_81;
    .scope S_0x7f945ed488a0;
T_82 ;
    %wait E_0x7f9460936e20;
    %load/vec4 v0x7f9460938490_0;
    %flag_set/vec4 8;
    %jmp/0xz  T_82.0, 8;
    %pushi/vec4 0, 0, 16;
    %assign/vec4 v0x7f946093ca20_0, 0;
    %jmp T_82.1;
T_82.0 ;
    %load/vec4 v0x7f9460937870_0;
    %flag_set/vec4 8;
    %jmp/0xz  T_82.2, 8;
    %load/vec4 v0x7f9460938210_0;
    %nor/r;
    %flag_set/vec4 8;
    %jmp/0xz  T_82.4, 8;
    %load/vec4 v0x7f946093bbb0_0;
    %assign/vec4 v0x7f946093ca20_0, 0;
T_82.4 ;
T_82.2 ;
T_82.1 ;
    %jmp T_82;
    .thread T_82;
    .scope S_0x7f945ed488a0;
T_83 ;
    %wait E_0x7f9460936540;
    %load/vec4 v0x7f94609383f0_0;
    %flag_set/vec4 8;
    %jmp/0xz  T_83.0, 8;
    %pushi/vec4 0, 0, 16;
    %assign/vec4 v0x7f946093cad0_0, 0;
    %jmp T_83.1;
T_83.0 ;
    %load/vec4 v0x7f9460937870_0;
    %flag_set/vec4 8;
    %jmp/0xz  T_83.2, 8;
    %load/vec4 v0x7f9460938170_0;
    %nor/r;
    %flag_set/vec4 8;
    %jmp/0xz  T_83.4, 8;
    %load/vec4 v0x7f946093bd10_0;
    %assign/vec4 v0x7f946093cad0_0, 0;
T_83.4 ;
T_83.2 ;
T_83.1 ;
    %jmp T_83;
    .thread T_83;
    .scope S_0x7f9460940010;
T_84 ;
    %pushi/vec4 0, 0, 32;
    %store/vec4 v0x7f9460942af0_0, 0, 32;
T_84.0 ; Top of for-loop 
    %load/vec4 v0x7f9460942af0_0;
    %cmpi/s 16, 0, 32;
    %jmp/0xz T_84.1, 5;
    %pushi/vec4 0, 0, 256;
    %load/vec4 v0x7f9460942af0_0;
    %muli 16, 0, 32;
    %part/s 16;
    %pushi/vec4 0, 0, 32;
    %load/vec4 v0x7f9460942af0_0;
    %add;
    %ix/vec4/s 4;
    %store/vec4a v0x7f9460942ba0, 4, 0;
    %pushi/vec4 0, 0, 256;
    %load/vec4 v0x7f9460942af0_0;
    %muli 16, 0, 32;
    %part/s 16;
    %pushi/vec4 16, 0, 32;
    %load/vec4 v0x7f9460942af0_0;
    %add;
    %ix/vec4/s 4;
    %store/vec4a v0x7f9460942ba0, 4, 0;
    %pushi/vec4 0, 0, 256;
    %load/vec4 v0x7f9460942af0_0;
    %muli 16, 0, 32;
    %part/s 16;
    %pushi/vec4 32, 0, 32;
    %load/vec4 v0x7f9460942af0_0;
    %add;
    %ix/vec4/s 4;
    %store/vec4a v0x7f9460942ba0, 4, 0;
    %pushi/vec4 0, 0, 256;
    %load/vec4 v0x7f9460942af0_0;
    %muli 16, 0, 32;
    %part/s 16;
    %pushi/vec4 48, 0, 32;
    %load/vec4 v0x7f9460942af0_0;
    %add;
    %ix/vec4/s 4;
    %store/vec4a v0x7f9460942ba0, 4, 0;
    %pushi/vec4 0, 0, 256;
    %load/vec4 v0x7f9460942af0_0;
    %muli 16, 0, 32;
    %part/s 16;
    %pushi/vec4 64, 0, 32;
    %load/vec4 v0x7f9460942af0_0;
    %add;
    %ix/vec4/s 4;
    %store/vec4a v0x7f9460942ba0, 4, 0;
    %pushi/vec4 0, 0, 256;
    %load/vec4 v0x7f9460942af0_0;
    %muli 16, 0, 32;
    %part/s 16;
    %pushi/vec4 80, 0, 32;
    %load/vec4 v0x7f9460942af0_0;
    %add;
    %ix/vec4/s 4;
    %store/vec4a v0x7f9460942ba0, 4, 0;
    %pushi/vec4 0, 0, 256;
    %load/vec4 v0x7f9460942af0_0;
    %muli 16, 0, 32;
    %part/s 16;
    %pushi/vec4 96, 0, 32;
    %load/vec4 v0x7f9460942af0_0;
    %add;
    %ix/vec4/s 4;
    %store/vec4a v0x7f9460942ba0, 4, 0;
    %pushi/vec4 0, 0, 256;
    %load/vec4 v0x7f9460942af0_0;
    %muli 16, 0, 32;
    %part/s 16;
    %pushi/vec4 112, 0, 32;
    %load/vec4 v0x7f9460942af0_0;
    %add;
    %ix/vec4/s 4;
    %store/vec4a v0x7f9460942ba0, 4, 0;
    %pushi/vec4 0, 0, 256;
    %load/vec4 v0x7f9460942af0_0;
    %muli 16, 0, 32;
    %part/s 16;
    %pushi/vec4 128, 0, 32;
    %load/vec4 v0x7f9460942af0_0;
    %add;
    %ix/vec4/s 4;
    %store/vec4a v0x7f9460942ba0, 4, 0;
    %pushi/vec4 0, 0, 256;
    %load/vec4 v0x7f9460942af0_0;
    %muli 16, 0, 32;
    %part/s 16;
    %pushi/vec4 144, 0, 32;
    %load/vec4 v0x7f9460942af0_0;
    %add;
    %ix/vec4/s 4;
    %store/vec4a v0x7f9460942ba0, 4, 0;
    %pushi/vec4 0, 0, 256;
    %load/vec4 v0x7f9460942af0_0;
    %muli 16, 0, 32;
    %part/s 16;
    %pushi/vec4 160, 0, 32;
    %load/vec4 v0x7f9460942af0_0;
    %add;
    %ix/vec4/s 4;
    %store/vec4a v0x7f9460942ba0, 4, 0;
    %pushi/vec4 0, 0, 256;
    %load/vec4 v0x7f9460942af0_0;
    %muli 16, 0, 32;
    %part/s 16;
    %pushi/vec4 176, 0, 32;
    %load/vec4 v0x7f9460942af0_0;
    %add;
    %ix/vec4/s 4;
    %store/vec4a v0x7f9460942ba0, 4, 0;
    %pushi/vec4 0, 0, 256;
    %load/vec4 v0x7f9460942af0_0;
    %muli 16, 0, 32;
    %part/s 16;
    %pushi/vec4 192, 0, 32;
    %load/vec4 v0x7f9460942af0_0;
    %add;
    %ix/vec4/s 4;
    %store/vec4a v0x7f9460942ba0, 4, 0;
    %pushi/vec4 0, 0, 256;
    %load/vec4 v0x7f9460942af0_0;
    %muli 16, 0, 32;
    %part/s 16;
    %pushi/vec4 208, 0, 32;
    %load/vec4 v0x7f9460942af0_0;
    %add;
    %ix/vec4/s 4;
    %store/vec4a v0x7f9460942ba0, 4, 0;
    %pushi/vec4 0, 0, 256;
    %load/vec4 v0x7f9460942af0_0;
    %muli 16, 0, 32;
    %part/s 16;
    %pushi/vec4 224, 0, 32;
    %load/vec4 v0x7f9460942af0_0;
    %add;
    %ix/vec4/s 4;
    %store/vec4a v0x7f9460942ba0, 4, 0;
    %pushi/vec4 0, 0, 256;
    %load/vec4 v0x7f9460942af0_0;
    %muli 16, 0, 32;
    %part/s 16;
    %pushi/vec4 240, 0, 32;
    %load/vec4 v0x7f9460942af0_0;
    %add;
    %ix/vec4/s 4;
    %store/vec4a v0x7f9460942ba0, 4, 0;
T_84.2 ; for-loop step statement
    %load/vec4 v0x7f9460942af0_0;
    %addi 1, 0, 32;
    %store/vec4 v0x7f9460942af0_0, 0, 32;
    %jmp T_84.0;
T_84.1 ; for-loop exit label
    %end;
    .thread T_84;
    .scope S_0x7f9460940010;
T_85 ;
    %wait E_0x7f9460941950;
    %load/vec4 v0x7f94609429a0_0;
    %flag_set/vec4 9;
    %flag_get/vec4 9;
    %jmp/0 T_85.2, 9;
    %load/vec4 v0x7f94609427a0_0;
    %and;
T_85.2;
    %flag_set/vec4 8;
    %jmp/0xz  T_85.0, 8;
    %load/vec4 v0x7f9460942a40_0;
    %parti/s 1, 0, 2;
    %nor/r;
    %flag_set/vec4 8;
    %jmp/0xz  T_85.3, 8;
    %load/vec4 v0x7f94609428f0_0;
    %parti/s 1, 0, 2;
    %load/vec4 v0x7f94609425f0_0;
    %parti/s 8, 0, 2;
    %pad/u 10;
    %ix/vec4 3;
    %ix/load 4, 0, 0; Constant delay
    %assign/vec4/a/d v0x7f9460942ba0, 0, 4;
T_85.3 ;
    %load/vec4 v0x7f9460942a40_0;
    %parti/s 1, 1, 2;
    %nor/r;
    %flag_set/vec4 8;
    %jmp/0xz  T_85.5, 8;
    %load/vec4 v0x7f94609428f0_0;
    %parti/s 1, 1, 2;
    %load/vec4 v0x7f94609425f0_0;
    %parti/s 8, 0, 2;
    %pad/u 10;
    %ix/vec4 3;
    %ix/load 4, 1, 0; part off
    %ix/load 5, 0, 0; Constant delay
    %assign/vec4/a/d v0x7f9460942ba0, 4, 5;
T_85.5 ;
    %load/vec4 v0x7f9460942a40_0;
    %parti/s 1, 2, 3;
    %nor/r;
    %flag_set/vec4 8;
    %jmp/0xz  T_85.7, 8;
    %load/vec4 v0x7f94609428f0_0;
    %parti/s 1, 2, 3;
    %load/vec4 v0x7f94609425f0_0;
    %parti/s 8, 0, 2;
    %pad/u 10;
    %ix/vec4 3;
    %ix/load 4, 2, 0; part off
    %ix/load 5, 0, 0; Constant delay
    %assign/vec4/a/d v0x7f9460942ba0, 4, 5;
T_85.7 ;
    %load/vec4 v0x7f9460942a40_0;
    %parti/s 1, 3, 3;
    %nor/r;
    %flag_set/vec4 8;
    %jmp/0xz  T_85.9, 8;
    %load/vec4 v0x7f94609428f0_0;
    %parti/s 1, 3, 3;
    %load/vec4 v0x7f94609425f0_0;
    %parti/s 8, 0, 2;
    %pad/u 10;
    %ix/vec4 3;
    %ix/load 4, 3, 0; part off
    %ix/load 5, 0, 0; Constant delay
    %assign/vec4/a/d v0x7f9460942ba0, 4, 5;
T_85.9 ;
    %load/vec4 v0x7f9460942a40_0;
    %parti/s 1, 4, 4;
    %nor/r;
    %flag_set/vec4 8;
    %jmp/0xz  T_85.11, 8;
    %load/vec4 v0x7f94609428f0_0;
    %parti/s 1, 4, 4;
    %load/vec4 v0x7f94609425f0_0;
    %parti/s 8, 0, 2;
    %pad/u 10;
    %ix/vec4 3;
    %ix/load 4, 4, 0; part off
    %ix/load 5, 0, 0; Constant delay
    %assign/vec4/a/d v0x7f9460942ba0, 4, 5;
T_85.11 ;
    %load/vec4 v0x7f9460942a40_0;
    %parti/s 1, 5, 4;
    %nor/r;
    %flag_set/vec4 8;
    %jmp/0xz  T_85.13, 8;
    %load/vec4 v0x7f94609428f0_0;
    %parti/s 1, 5, 4;
    %load/vec4 v0x7f94609425f0_0;
    %parti/s 8, 0, 2;
    %pad/u 10;
    %ix/vec4 3;
    %ix/load 4, 5, 0; part off
    %ix/load 5, 0, 0; Constant delay
    %assign/vec4/a/d v0x7f9460942ba0, 4, 5;
T_85.13 ;
    %load/vec4 v0x7f9460942a40_0;
    %parti/s 1, 6, 4;
    %nor/r;
    %flag_set/vec4 8;
    %jmp/0xz  T_85.15, 8;
    %load/vec4 v0x7f94609428f0_0;
    %parti/s 1, 6, 4;
    %load/vec4 v0x7f94609425f0_0;
    %parti/s 8, 0, 2;
    %pad/u 10;
    %ix/vec4 3;
    %ix/load 4, 6, 0; part off
    %ix/load 5, 0, 0; Constant delay
    %assign/vec4/a/d v0x7f9460942ba0, 4, 5;
T_85.15 ;
    %load/vec4 v0x7f9460942a40_0;
    %parti/s 1, 7, 4;
    %nor/r;
    %flag_set/vec4 8;
    %jmp/0xz  T_85.17, 8;
    %load/vec4 v0x7f94609428f0_0;
    %parti/s 1, 7, 4;
    %load/vec4 v0x7f94609425f0_0;
    %parti/s 8, 0, 2;
    %pad/u 10;
    %ix/vec4 3;
    %ix/load 4, 7, 0; part off
    %ix/load 5, 0, 0; Constant delay
    %assign/vec4/a/d v0x7f9460942ba0, 4, 5;
T_85.17 ;
    %load/vec4 v0x7f9460942a40_0;
    %parti/s 1, 8, 5;
    %nor/r;
    %flag_set/vec4 8;
    %jmp/0xz  T_85.19, 8;
    %load/vec4 v0x7f94609428f0_0;
    %parti/s 1, 8, 5;
    %load/vec4 v0x7f94609425f0_0;
    %parti/s 8, 0, 2;
    %pad/u 10;
    %ix/vec4 3;
    %ix/load 4, 8, 0; part off
    %ix/load 5, 0, 0; Constant delay
    %assign/vec4/a/d v0x7f9460942ba0, 4, 5;
T_85.19 ;
    %load/vec4 v0x7f9460942a40_0;
    %parti/s 1, 9, 5;
    %nor/r;
    %flag_set/vec4 8;
    %jmp/0xz  T_85.21, 8;
    %load/vec4 v0x7f94609428f0_0;
    %parti/s 1, 9, 5;
    %load/vec4 v0x7f94609425f0_0;
    %parti/s 8, 0, 2;
    %pad/u 10;
    %ix/vec4 3;
    %ix/load 4, 9, 0; part off
    %ix/load 5, 0, 0; Constant delay
    %assign/vec4/a/d v0x7f9460942ba0, 4, 5;
T_85.21 ;
    %load/vec4 v0x7f9460942a40_0;
    %parti/s 1, 10, 5;
    %nor/r;
    %flag_set/vec4 8;
    %jmp/0xz  T_85.23, 8;
    %load/vec4 v0x7f94609428f0_0;
    %parti/s 1, 10, 5;
    %load/vec4 v0x7f94609425f0_0;
    %parti/s 8, 0, 2;
    %pad/u 10;
    %ix/vec4 3;
    %ix/load 4, 10, 0; part off
    %ix/load 5, 0, 0; Constant delay
    %assign/vec4/a/d v0x7f9460942ba0, 4, 5;
T_85.23 ;
    %load/vec4 v0x7f9460942a40_0;
    %parti/s 1, 11, 5;
    %nor/r;
    %flag_set/vec4 8;
    %jmp/0xz  T_85.25, 8;
    %load/vec4 v0x7f94609428f0_0;
    %parti/s 1, 11, 5;
    %load/vec4 v0x7f94609425f0_0;
    %parti/s 8, 0, 2;
    %pad/u 10;
    %ix/vec4 3;
    %ix/load 4, 11, 0; part off
    %ix/load 5, 0, 0; Constant delay
    %assign/vec4/a/d v0x7f9460942ba0, 4, 5;
T_85.25 ;
    %load/vec4 v0x7f9460942a40_0;
    %parti/s 1, 12, 5;
    %nor/r;
    %flag_set/vec4 8;
    %jmp/0xz  T_85.27, 8;
    %load/vec4 v0x7f94609428f0_0;
    %parti/s 1, 12, 5;
    %load/vec4 v0x7f94609425f0_0;
    %parti/s 8, 0, 2;
    %pad/u 10;
    %ix/vec4 3;
    %ix/load 4, 12, 0; part off
    %ix/load 5, 0, 0; Constant delay
    %assign/vec4/a/d v0x7f9460942ba0, 4, 5;
T_85.27 ;
    %load/vec4 v0x7f9460942a40_0;
    %parti/s 1, 13, 5;
    %nor/r;
    %flag_set/vec4 8;
    %jmp/0xz  T_85.29, 8;
    %load/vec4 v0x7f94609428f0_0;
    %parti/s 1, 13, 5;
    %load/vec4 v0x7f94609425f0_0;
    %parti/s 8, 0, 2;
    %pad/u 10;
    %ix/vec4 3;
    %ix/load 4, 13, 0; part off
    %ix/load 5, 0, 0; Constant delay
    %assign/vec4/a/d v0x7f9460942ba0, 4, 5;
T_85.29 ;
    %load/vec4 v0x7f9460942a40_0;
    %parti/s 1, 14, 5;
    %nor/r;
    %flag_set/vec4 8;
    %jmp/0xz  T_85.31, 8;
    %load/vec4 v0x7f94609428f0_0;
    %parti/s 1, 14, 5;
    %load/vec4 v0x7f94609425f0_0;
    %parti/s 8, 0, 2;
    %pad/u 10;
    %ix/vec4 3;
    %ix/load 4, 14, 0; part off
    %ix/load 5, 0, 0; Constant delay
    %assign/vec4/a/d v0x7f9460942ba0, 4, 5;
T_85.31 ;
    %load/vec4 v0x7f9460942a40_0;
    %parti/s 1, 15, 5;
    %nor/r;
    %flag_set/vec4 8;
    %jmp/0xz  T_85.33, 8;
    %load/vec4 v0x7f94609428f0_0;
    %parti/s 1, 15, 5;
    %load/vec4 v0x7f94609425f0_0;
    %parti/s 8, 0, 2;
    %pad/u 10;
    %ix/vec4 3;
    %ix/load 4, 15, 0; part off
    %ix/load 5, 0, 0; Constant delay
    %assign/vec4/a/d v0x7f9460942ba0, 4, 5;
T_85.33 ;
T_85.0 ;
    %jmp T_85;
    .thread T_85;
    .scope S_0x7f9460940010;
T_86 ;
    %wait E_0x7f94609418f0;
    %load/vec4 v0x7f94609424a0_0;
    %flag_set/vec4 9;
    %flag_get/vec4 9;
    %jmp/0 T_86.2, 9;
    %load/vec4 v0x7f9460942260_0;
    %and;
T_86.2;
    %flag_set/vec4 8;
    %jmp/0xz  T_86.0, 8;
    %load/vec4 v0x7f9460942100_0;
    %parti/s 8, 0, 2;
    %pad/u 10;
    %ix/vec4 4;
    %load/vec4a v0x7f9460942ba0, 4;
    %load/vec4 v0x7f9460942540_0;
    %inv;
    %and;
    %assign/vec4 v0x7f94609423f0_0, 0;
T_86.0 ;
    %jmp T_86;
    .thread T_86;
    .scope S_0x7f94609435f0;
T_87 ;
    %pushi/vec4 0, 0, 32;
    %store/vec4 v0x7f9460946110_0, 0, 32;
T_87.0 ; Top of for-loop 
    %load/vec4 v0x7f9460946110_0;
    %cmpi/s 16, 0, 32;
    %jmp/0xz T_87.1, 5;
    %pushi/vec4 0, 0, 256;
    %load/vec4 v0x7f9460946110_0;
    %muli 16, 0, 32;
    %part/s 16;
    %pushi/vec4 0, 0, 32;
    %load/vec4 v0x7f9460946110_0;
    %add;
    %ix/vec4/s 4;
    %store/vec4a v0x7f94609461c0, 4, 0;
    %pushi/vec4 0, 0, 256;
    %load/vec4 v0x7f9460946110_0;
    %muli 16, 0, 32;
    %part/s 16;
    %pushi/vec4 16, 0, 32;
    %load/vec4 v0x7f9460946110_0;
    %add;
    %ix/vec4/s 4;
    %store/vec4a v0x7f94609461c0, 4, 0;
    %pushi/vec4 0, 0, 256;
    %load/vec4 v0x7f9460946110_0;
    %muli 16, 0, 32;
    %part/s 16;
    %pushi/vec4 32, 0, 32;
    %load/vec4 v0x7f9460946110_0;
    %add;
    %ix/vec4/s 4;
    %store/vec4a v0x7f94609461c0, 4, 0;
    %pushi/vec4 0, 0, 256;
    %load/vec4 v0x7f9460946110_0;
    %muli 16, 0, 32;
    %part/s 16;
    %pushi/vec4 48, 0, 32;
    %load/vec4 v0x7f9460946110_0;
    %add;
    %ix/vec4/s 4;
    %store/vec4a v0x7f94609461c0, 4, 0;
    %pushi/vec4 0, 0, 256;
    %load/vec4 v0x7f9460946110_0;
    %muli 16, 0, 32;
    %part/s 16;
    %pushi/vec4 64, 0, 32;
    %load/vec4 v0x7f9460946110_0;
    %add;
    %ix/vec4/s 4;
    %store/vec4a v0x7f94609461c0, 4, 0;
    %pushi/vec4 0, 0, 256;
    %load/vec4 v0x7f9460946110_0;
    %muli 16, 0, 32;
    %part/s 16;
    %pushi/vec4 80, 0, 32;
    %load/vec4 v0x7f9460946110_0;
    %add;
    %ix/vec4/s 4;
    %store/vec4a v0x7f94609461c0, 4, 0;
    %pushi/vec4 0, 0, 256;
    %load/vec4 v0x7f9460946110_0;
    %muli 16, 0, 32;
    %part/s 16;
    %pushi/vec4 96, 0, 32;
    %load/vec4 v0x7f9460946110_0;
    %add;
    %ix/vec4/s 4;
    %store/vec4a v0x7f94609461c0, 4, 0;
    %pushi/vec4 0, 0, 256;
    %load/vec4 v0x7f9460946110_0;
    %muli 16, 0, 32;
    %part/s 16;
    %pushi/vec4 112, 0, 32;
    %load/vec4 v0x7f9460946110_0;
    %add;
    %ix/vec4/s 4;
    %store/vec4a v0x7f94609461c0, 4, 0;
    %pushi/vec4 0, 0, 256;
    %load/vec4 v0x7f9460946110_0;
    %muli 16, 0, 32;
    %part/s 16;
    %pushi/vec4 128, 0, 32;
    %load/vec4 v0x7f9460946110_0;
    %add;
    %ix/vec4/s 4;
    %store/vec4a v0x7f94609461c0, 4, 0;
    %pushi/vec4 0, 0, 256;
    %load/vec4 v0x7f9460946110_0;
    %muli 16, 0, 32;
    %part/s 16;
    %pushi/vec4 144, 0, 32;
    %load/vec4 v0x7f9460946110_0;
    %add;
    %ix/vec4/s 4;
    %store/vec4a v0x7f94609461c0, 4, 0;
    %pushi/vec4 0, 0, 256;
    %load/vec4 v0x7f9460946110_0;
    %muli 16, 0, 32;
    %part/s 16;
    %pushi/vec4 160, 0, 32;
    %load/vec4 v0x7f9460946110_0;
    %add;
    %ix/vec4/s 4;
    %store/vec4a v0x7f94609461c0, 4, 0;
    %pushi/vec4 0, 0, 256;
    %load/vec4 v0x7f9460946110_0;
    %muli 16, 0, 32;
    %part/s 16;
    %pushi/vec4 176, 0, 32;
    %load/vec4 v0x7f9460946110_0;
    %add;
    %ix/vec4/s 4;
    %store/vec4a v0x7f94609461c0, 4, 0;
    %pushi/vec4 0, 0, 256;
    %load/vec4 v0x7f9460946110_0;
    %muli 16, 0, 32;
    %part/s 16;
    %pushi/vec4 192, 0, 32;
    %load/vec4 v0x7f9460946110_0;
    %add;
    %ix/vec4/s 4;
    %store/vec4a v0x7f94609461c0, 4, 0;
    %pushi/vec4 0, 0, 256;
    %load/vec4 v0x7f9460946110_0;
    %muli 16, 0, 32;
    %part/s 16;
    %pushi/vec4 208, 0, 32;
    %load/vec4 v0x7f9460946110_0;
    %add;
    %ix/vec4/s 4;
    %store/vec4a v0x7f94609461c0, 4, 0;
    %pushi/vec4 0, 0, 256;
    %load/vec4 v0x7f9460946110_0;
    %muli 16, 0, 32;
    %part/s 16;
    %pushi/vec4 224, 0, 32;
    %load/vec4 v0x7f9460946110_0;
    %add;
    %ix/vec4/s 4;
    %store/vec4a v0x7f94609461c0, 4, 0;
    %pushi/vec4 0, 0, 256;
    %load/vec4 v0x7f9460946110_0;
    %muli 16, 0, 32;
    %part/s 16;
    %pushi/vec4 240, 0, 32;
    %load/vec4 v0x7f9460946110_0;
    %add;
    %ix/vec4/s 4;
    %store/vec4a v0x7f94609461c0, 4, 0;
T_87.2 ; for-loop step statement
    %load/vec4 v0x7f9460946110_0;
    %addi 1, 0, 32;
    %store/vec4 v0x7f9460946110_0, 0, 32;
    %jmp T_87.0;
T_87.1 ; for-loop exit label
    %end;
    .thread T_87;
    .scope S_0x7f94609435f0;
T_88 ;
    %wait E_0x7f9460944f70;
    %load/vec4 v0x7f9460945fc0_0;
    %flag_set/vec4 9;
    %flag_get/vec4 9;
    %jmp/0 T_88.2, 9;
    %load/vec4 v0x7f9460945dc0_0;
    %and;
T_88.2;
    %flag_set/vec4 8;
    %jmp/0xz  T_88.0, 8;
    %load/vec4 v0x7f9460946060_0;
    %parti/s 1, 0, 2;
    %nor/r;
    %flag_set/vec4 8;
    %jmp/0xz  T_88.3, 8;
    %load/vec4 v0x7f9460945f10_0;
    %parti/s 1, 0, 2;
    %load/vec4 v0x7f9460945c10_0;
    %parti/s 8, 0, 2;
    %pad/u 10;
    %ix/vec4 3;
    %ix/load 4, 0, 0; Constant delay
    %assign/vec4/a/d v0x7f94609461c0, 0, 4;
T_88.3 ;
    %load/vec4 v0x7f9460946060_0;
    %parti/s 1, 1, 2;
    %nor/r;
    %flag_set/vec4 8;
    %jmp/0xz  T_88.5, 8;
    %load/vec4 v0x7f9460945f10_0;
    %parti/s 1, 1, 2;
    %load/vec4 v0x7f9460945c10_0;
    %parti/s 8, 0, 2;
    %pad/u 10;
    %ix/vec4 3;
    %ix/load 4, 1, 0; part off
    %ix/load 5, 0, 0; Constant delay
    %assign/vec4/a/d v0x7f94609461c0, 4, 5;
T_88.5 ;
    %load/vec4 v0x7f9460946060_0;
    %parti/s 1, 2, 3;
    %nor/r;
    %flag_set/vec4 8;
    %jmp/0xz  T_88.7, 8;
    %load/vec4 v0x7f9460945f10_0;
    %parti/s 1, 2, 3;
    %load/vec4 v0x7f9460945c10_0;
    %parti/s 8, 0, 2;
    %pad/u 10;
    %ix/vec4 3;
    %ix/load 4, 2, 0; part off
    %ix/load 5, 0, 0; Constant delay
    %assign/vec4/a/d v0x7f94609461c0, 4, 5;
T_88.7 ;
    %load/vec4 v0x7f9460946060_0;
    %parti/s 1, 3, 3;
    %nor/r;
    %flag_set/vec4 8;
    %jmp/0xz  T_88.9, 8;
    %load/vec4 v0x7f9460945f10_0;
    %parti/s 1, 3, 3;
    %load/vec4 v0x7f9460945c10_0;
    %parti/s 8, 0, 2;
    %pad/u 10;
    %ix/vec4 3;
    %ix/load 4, 3, 0; part off
    %ix/load 5, 0, 0; Constant delay
    %assign/vec4/a/d v0x7f94609461c0, 4, 5;
T_88.9 ;
    %load/vec4 v0x7f9460946060_0;
    %parti/s 1, 4, 4;
    %nor/r;
    %flag_set/vec4 8;
    %jmp/0xz  T_88.11, 8;
    %load/vec4 v0x7f9460945f10_0;
    %parti/s 1, 4, 4;
    %load/vec4 v0x7f9460945c10_0;
    %parti/s 8, 0, 2;
    %pad/u 10;
    %ix/vec4 3;
    %ix/load 4, 4, 0; part off
    %ix/load 5, 0, 0; Constant delay
    %assign/vec4/a/d v0x7f94609461c0, 4, 5;
T_88.11 ;
    %load/vec4 v0x7f9460946060_0;
    %parti/s 1, 5, 4;
    %nor/r;
    %flag_set/vec4 8;
    %jmp/0xz  T_88.13, 8;
    %load/vec4 v0x7f9460945f10_0;
    %parti/s 1, 5, 4;
    %load/vec4 v0x7f9460945c10_0;
    %parti/s 8, 0, 2;
    %pad/u 10;
    %ix/vec4 3;
    %ix/load 4, 5, 0; part off
    %ix/load 5, 0, 0; Constant delay
    %assign/vec4/a/d v0x7f94609461c0, 4, 5;
T_88.13 ;
    %load/vec4 v0x7f9460946060_0;
    %parti/s 1, 6, 4;
    %nor/r;
    %flag_set/vec4 8;
    %jmp/0xz  T_88.15, 8;
    %load/vec4 v0x7f9460945f10_0;
    %parti/s 1, 6, 4;
    %load/vec4 v0x7f9460945c10_0;
    %parti/s 8, 0, 2;
    %pad/u 10;
    %ix/vec4 3;
    %ix/load 4, 6, 0; part off
    %ix/load 5, 0, 0; Constant delay
    %assign/vec4/a/d v0x7f94609461c0, 4, 5;
T_88.15 ;
    %load/vec4 v0x7f9460946060_0;
    %parti/s 1, 7, 4;
    %nor/r;
    %flag_set/vec4 8;
    %jmp/0xz  T_88.17, 8;
    %load/vec4 v0x7f9460945f10_0;
    %parti/s 1, 7, 4;
    %load/vec4 v0x7f9460945c10_0;
    %parti/s 8, 0, 2;
    %pad/u 10;
    %ix/vec4 3;
    %ix/load 4, 7, 0; part off
    %ix/load 5, 0, 0; Constant delay
    %assign/vec4/a/d v0x7f94609461c0, 4, 5;
T_88.17 ;
    %load/vec4 v0x7f9460946060_0;
    %parti/s 1, 8, 5;
    %nor/r;
    %flag_set/vec4 8;
    %jmp/0xz  T_88.19, 8;
    %load/vec4 v0x7f9460945f10_0;
    %parti/s 1, 8, 5;
    %load/vec4 v0x7f9460945c10_0;
    %parti/s 8, 0, 2;
    %pad/u 10;
    %ix/vec4 3;
    %ix/load 4, 8, 0; part off
    %ix/load 5, 0, 0; Constant delay
    %assign/vec4/a/d v0x7f94609461c0, 4, 5;
T_88.19 ;
    %load/vec4 v0x7f9460946060_0;
    %parti/s 1, 9, 5;
    %nor/r;
    %flag_set/vec4 8;
    %jmp/0xz  T_88.21, 8;
    %load/vec4 v0x7f9460945f10_0;
    %parti/s 1, 9, 5;
    %load/vec4 v0x7f9460945c10_0;
    %parti/s 8, 0, 2;
    %pad/u 10;
    %ix/vec4 3;
    %ix/load 4, 9, 0; part off
    %ix/load 5, 0, 0; Constant delay
    %assign/vec4/a/d v0x7f94609461c0, 4, 5;
T_88.21 ;
    %load/vec4 v0x7f9460946060_0;
    %parti/s 1, 10, 5;
    %nor/r;
    %flag_set/vec4 8;
    %jmp/0xz  T_88.23, 8;
    %load/vec4 v0x7f9460945f10_0;
    %parti/s 1, 10, 5;
    %load/vec4 v0x7f9460945c10_0;
    %parti/s 8, 0, 2;
    %pad/u 10;
    %ix/vec4 3;
    %ix/load 4, 10, 0; part off
    %ix/load 5, 0, 0; Constant delay
    %assign/vec4/a/d v0x7f94609461c0, 4, 5;
T_88.23 ;
    %load/vec4 v0x7f9460946060_0;
    %parti/s 1, 11, 5;
    %nor/r;
    %flag_set/vec4 8;
    %jmp/0xz  T_88.25, 8;
    %load/vec4 v0x7f9460945f10_0;
    %parti/s 1, 11, 5;
    %load/vec4 v0x7f9460945c10_0;
    %parti/s 8, 0, 2;
    %pad/u 10;
    %ix/vec4 3;
    %ix/load 4, 11, 0; part off
    %ix/load 5, 0, 0; Constant delay
    %assign/vec4/a/d v0x7f94609461c0, 4, 5;
T_88.25 ;
    %load/vec4 v0x7f9460946060_0;
    %parti/s 1, 12, 5;
    %nor/r;
    %flag_set/vec4 8;
    %jmp/0xz  T_88.27, 8;
    %load/vec4 v0x7f9460945f10_0;
    %parti/s 1, 12, 5;
    %load/vec4 v0x7f9460945c10_0;
    %parti/s 8, 0, 2;
    %pad/u 10;
    %ix/vec4 3;
    %ix/load 4, 12, 0; part off
    %ix/load 5, 0, 0; Constant delay
    %assign/vec4/a/d v0x7f94609461c0, 4, 5;
T_88.27 ;
    %load/vec4 v0x7f9460946060_0;
    %parti/s 1, 13, 5;
    %nor/r;
    %flag_set/vec4 8;
    %jmp/0xz  T_88.29, 8;
    %load/vec4 v0x7f9460945f10_0;
    %parti/s 1, 13, 5;
    %load/vec4 v0x7f9460945c10_0;
    %parti/s 8, 0, 2;
    %pad/u 10;
    %ix/vec4 3;
    %ix/load 4, 13, 0; part off
    %ix/load 5, 0, 0; Constant delay
    %assign/vec4/a/d v0x7f94609461c0, 4, 5;
T_88.29 ;
    %load/vec4 v0x7f9460946060_0;
    %parti/s 1, 14, 5;
    %nor/r;
    %flag_set/vec4 8;
    %jmp/0xz  T_88.31, 8;
    %load/vec4 v0x7f9460945f10_0;
    %parti/s 1, 14, 5;
    %load/vec4 v0x7f9460945c10_0;
    %parti/s 8, 0, 2;
    %pad/u 10;
    %ix/vec4 3;
    %ix/load 4, 14, 0; part off
    %ix/load 5, 0, 0; Constant delay
    %assign/vec4/a/d v0x7f94609461c0, 4, 5;
T_88.31 ;
    %load/vec4 v0x7f9460946060_0;
    %parti/s 1, 15, 5;
    %nor/r;
    %flag_set/vec4 8;
    %jmp/0xz  T_88.33, 8;
    %load/vec4 v0x7f9460945f10_0;
    %parti/s 1, 15, 5;
    %load/vec4 v0x7f9460945c10_0;
    %parti/s 8, 0, 2;
    %pad/u 10;
    %ix/vec4 3;
    %ix/load 4, 15, 0; part off
    %ix/load 5, 0, 0; Constant delay
    %assign/vec4/a/d v0x7f94609461c0, 4, 5;
T_88.33 ;
T_88.0 ;
    %jmp T_88;
    .thread T_88;
    .scope S_0x7f94609435f0;
T_89 ;
    %wait E_0x7f9460944f10;
    %load/vec4 v0x7f9460945ac0_0;
    %flag_set/vec4 9;
    %flag_get/vec4 9;
    %jmp/0 T_89.2, 9;
    %load/vec4 v0x7f9460945880_0;
    %and;
T_89.2;
    %flag_set/vec4 8;
    %jmp/0xz  T_89.0, 8;
    %load/vec4 v0x7f9460945720_0;
    %parti/s 8, 0, 2;
    %pad/u 10;
    %ix/vec4 4;
    %load/vec4a v0x7f94609461c0, 4;
    %load/vec4 v0x7f9460945b60_0;
    %inv;
    %and;
    %assign/vec4 v0x7f9460945a10_0, 0;
T_89.0 ;
    %jmp T_89;
    .thread T_89;
    .scope S_0x7f9460946c10;
T_90 ;
    %pushi/vec4 0, 0, 32;
    %store/vec4 v0x7f9460949730_0, 0, 32;
T_90.0 ; Top of for-loop 
    %load/vec4 v0x7f9460949730_0;
    %cmpi/s 16, 0, 32;
    %jmp/0xz T_90.1, 5;
    %pushi/vec4 0, 0, 256;
    %load/vec4 v0x7f9460949730_0;
    %muli 16, 0, 32;
    %part/s 16;
    %pushi/vec4 0, 0, 32;
    %load/vec4 v0x7f9460949730_0;
    %add;
    %ix/vec4/s 4;
    %store/vec4a v0x7f94609497e0, 4, 0;
    %pushi/vec4 0, 0, 256;
    %load/vec4 v0x7f9460949730_0;
    %muli 16, 0, 32;
    %part/s 16;
    %pushi/vec4 16, 0, 32;
    %load/vec4 v0x7f9460949730_0;
    %add;
    %ix/vec4/s 4;
    %store/vec4a v0x7f94609497e0, 4, 0;
    %pushi/vec4 0, 0, 256;
    %load/vec4 v0x7f9460949730_0;
    %muli 16, 0, 32;
    %part/s 16;
    %pushi/vec4 32, 0, 32;
    %load/vec4 v0x7f9460949730_0;
    %add;
    %ix/vec4/s 4;
    %store/vec4a v0x7f94609497e0, 4, 0;
    %pushi/vec4 0, 0, 256;
    %load/vec4 v0x7f9460949730_0;
    %muli 16, 0, 32;
    %part/s 16;
    %pushi/vec4 48, 0, 32;
    %load/vec4 v0x7f9460949730_0;
    %add;
    %ix/vec4/s 4;
    %store/vec4a v0x7f94609497e0, 4, 0;
    %pushi/vec4 0, 0, 256;
    %load/vec4 v0x7f9460949730_0;
    %muli 16, 0, 32;
    %part/s 16;
    %pushi/vec4 64, 0, 32;
    %load/vec4 v0x7f9460949730_0;
    %add;
    %ix/vec4/s 4;
    %store/vec4a v0x7f94609497e0, 4, 0;
    %pushi/vec4 0, 0, 256;
    %load/vec4 v0x7f9460949730_0;
    %muli 16, 0, 32;
    %part/s 16;
    %pushi/vec4 80, 0, 32;
    %load/vec4 v0x7f9460949730_0;
    %add;
    %ix/vec4/s 4;
    %store/vec4a v0x7f94609497e0, 4, 0;
    %pushi/vec4 0, 0, 256;
    %load/vec4 v0x7f9460949730_0;
    %muli 16, 0, 32;
    %part/s 16;
    %pushi/vec4 96, 0, 32;
    %load/vec4 v0x7f9460949730_0;
    %add;
    %ix/vec4/s 4;
    %store/vec4a v0x7f94609497e0, 4, 0;
    %pushi/vec4 0, 0, 256;
    %load/vec4 v0x7f9460949730_0;
    %muli 16, 0, 32;
    %part/s 16;
    %pushi/vec4 112, 0, 32;
    %load/vec4 v0x7f9460949730_0;
    %add;
    %ix/vec4/s 4;
    %store/vec4a v0x7f94609497e0, 4, 0;
    %pushi/vec4 0, 0, 256;
    %load/vec4 v0x7f9460949730_0;
    %muli 16, 0, 32;
    %part/s 16;
    %pushi/vec4 128, 0, 32;
    %load/vec4 v0x7f9460949730_0;
    %add;
    %ix/vec4/s 4;
    %store/vec4a v0x7f94609497e0, 4, 0;
    %pushi/vec4 0, 0, 256;
    %load/vec4 v0x7f9460949730_0;
    %muli 16, 0, 32;
    %part/s 16;
    %pushi/vec4 144, 0, 32;
    %load/vec4 v0x7f9460949730_0;
    %add;
    %ix/vec4/s 4;
    %store/vec4a v0x7f94609497e0, 4, 0;
    %pushi/vec4 0, 0, 256;
    %load/vec4 v0x7f9460949730_0;
    %muli 16, 0, 32;
    %part/s 16;
    %pushi/vec4 160, 0, 32;
    %load/vec4 v0x7f9460949730_0;
    %add;
    %ix/vec4/s 4;
    %store/vec4a v0x7f94609497e0, 4, 0;
    %pushi/vec4 0, 0, 256;
    %load/vec4 v0x7f9460949730_0;
    %muli 16, 0, 32;
    %part/s 16;
    %pushi/vec4 176, 0, 32;
    %load/vec4 v0x7f9460949730_0;
    %add;
    %ix/vec4/s 4;
    %store/vec4a v0x7f94609497e0, 4, 0;
    %pushi/vec4 0, 0, 256;
    %load/vec4 v0x7f9460949730_0;
    %muli 16, 0, 32;
    %part/s 16;
    %pushi/vec4 192, 0, 32;
    %load/vec4 v0x7f9460949730_0;
    %add;
    %ix/vec4/s 4;
    %store/vec4a v0x7f94609497e0, 4, 0;
    %pushi/vec4 0, 0, 256;
    %load/vec4 v0x7f9460949730_0;
    %muli 16, 0, 32;
    %part/s 16;
    %pushi/vec4 208, 0, 32;
    %load/vec4 v0x7f9460949730_0;
    %add;
    %ix/vec4/s 4;
    %store/vec4a v0x7f94609497e0, 4, 0;
    %pushi/vec4 0, 0, 256;
    %load/vec4 v0x7f9460949730_0;
    %muli 16, 0, 32;
    %part/s 16;
    %pushi/vec4 224, 0, 32;
    %load/vec4 v0x7f9460949730_0;
    %add;
    %ix/vec4/s 4;
    %store/vec4a v0x7f94609497e0, 4, 0;
    %pushi/vec4 0, 0, 256;
    %load/vec4 v0x7f9460949730_0;
    %muli 16, 0, 32;
    %part/s 16;
    %pushi/vec4 240, 0, 32;
    %load/vec4 v0x7f9460949730_0;
    %add;
    %ix/vec4/s 4;
    %store/vec4a v0x7f94609497e0, 4, 0;
T_90.2 ; for-loop step statement
    %load/vec4 v0x7f9460949730_0;
    %addi 1, 0, 32;
    %store/vec4 v0x7f9460949730_0, 0, 32;
    %jmp T_90.0;
T_90.1 ; for-loop exit label
    %end;
    .thread T_90;
    .scope S_0x7f9460946c10;
T_91 ;
    %wait E_0x7f9460948590;
    %load/vec4 v0x7f94609495e0_0;
    %flag_set/vec4 9;
    %flag_get/vec4 9;
    %jmp/0 T_91.2, 9;
    %load/vec4 v0x7f94609493e0_0;
    %and;
T_91.2;
    %flag_set/vec4 8;
    %jmp/0xz  T_91.0, 8;
    %load/vec4 v0x7f9460949680_0;
    %parti/s 1, 0, 2;
    %nor/r;
    %flag_set/vec4 8;
    %jmp/0xz  T_91.3, 8;
    %load/vec4 v0x7f9460949530_0;
    %parti/s 1, 0, 2;
    %load/vec4 v0x7f9460949230_0;
    %parti/s 8, 0, 2;
    %pad/u 10;
    %ix/vec4 3;
    %ix/load 4, 0, 0; Constant delay
    %assign/vec4/a/d v0x7f94609497e0, 0, 4;
T_91.3 ;
    %load/vec4 v0x7f9460949680_0;
    %parti/s 1, 1, 2;
    %nor/r;
    %flag_set/vec4 8;
    %jmp/0xz  T_91.5, 8;
    %load/vec4 v0x7f9460949530_0;
    %parti/s 1, 1, 2;
    %load/vec4 v0x7f9460949230_0;
    %parti/s 8, 0, 2;
    %pad/u 10;
    %ix/vec4 3;
    %ix/load 4, 1, 0; part off
    %ix/load 5, 0, 0; Constant delay
    %assign/vec4/a/d v0x7f94609497e0, 4, 5;
T_91.5 ;
    %load/vec4 v0x7f9460949680_0;
    %parti/s 1, 2, 3;
    %nor/r;
    %flag_set/vec4 8;
    %jmp/0xz  T_91.7, 8;
    %load/vec4 v0x7f9460949530_0;
    %parti/s 1, 2, 3;
    %load/vec4 v0x7f9460949230_0;
    %parti/s 8, 0, 2;
    %pad/u 10;
    %ix/vec4 3;
    %ix/load 4, 2, 0; part off
    %ix/load 5, 0, 0; Constant delay
    %assign/vec4/a/d v0x7f94609497e0, 4, 5;
T_91.7 ;
    %load/vec4 v0x7f9460949680_0;
    %parti/s 1, 3, 3;
    %nor/r;
    %flag_set/vec4 8;
    %jmp/0xz  T_91.9, 8;
    %load/vec4 v0x7f9460949530_0;
    %parti/s 1, 3, 3;
    %load/vec4 v0x7f9460949230_0;
    %parti/s 8, 0, 2;
    %pad/u 10;
    %ix/vec4 3;
    %ix/load 4, 3, 0; part off
    %ix/load 5, 0, 0; Constant delay
    %assign/vec4/a/d v0x7f94609497e0, 4, 5;
T_91.9 ;
    %load/vec4 v0x7f9460949680_0;
    %parti/s 1, 4, 4;
    %nor/r;
    %flag_set/vec4 8;
    %jmp/0xz  T_91.11, 8;
    %load/vec4 v0x7f9460949530_0;
    %parti/s 1, 4, 4;
    %load/vec4 v0x7f9460949230_0;
    %parti/s 8, 0, 2;
    %pad/u 10;
    %ix/vec4 3;
    %ix/load 4, 4, 0; part off
    %ix/load 5, 0, 0; Constant delay
    %assign/vec4/a/d v0x7f94609497e0, 4, 5;
T_91.11 ;
    %load/vec4 v0x7f9460949680_0;
    %parti/s 1, 5, 4;
    %nor/r;
    %flag_set/vec4 8;
    %jmp/0xz  T_91.13, 8;
    %load/vec4 v0x7f9460949530_0;
    %parti/s 1, 5, 4;
    %load/vec4 v0x7f9460949230_0;
    %parti/s 8, 0, 2;
    %pad/u 10;
    %ix/vec4 3;
    %ix/load 4, 5, 0; part off
    %ix/load 5, 0, 0; Constant delay
    %assign/vec4/a/d v0x7f94609497e0, 4, 5;
T_91.13 ;
    %load/vec4 v0x7f9460949680_0;
    %parti/s 1, 6, 4;
    %nor/r;
    %flag_set/vec4 8;
    %jmp/0xz  T_91.15, 8;
    %load/vec4 v0x7f9460949530_0;
    %parti/s 1, 6, 4;
    %load/vec4 v0x7f9460949230_0;
    %parti/s 8, 0, 2;
    %pad/u 10;
    %ix/vec4 3;
    %ix/load 4, 6, 0; part off
    %ix/load 5, 0, 0; Constant delay
    %assign/vec4/a/d v0x7f94609497e0, 4, 5;
T_91.15 ;
    %load/vec4 v0x7f9460949680_0;
    %parti/s 1, 7, 4;
    %nor/r;
    %flag_set/vec4 8;
    %jmp/0xz  T_91.17, 8;
    %load/vec4 v0x7f9460949530_0;
    %parti/s 1, 7, 4;
    %load/vec4 v0x7f9460949230_0;
    %parti/s 8, 0, 2;
    %pad/u 10;
    %ix/vec4 3;
    %ix/load 4, 7, 0; part off
    %ix/load 5, 0, 0; Constant delay
    %assign/vec4/a/d v0x7f94609497e0, 4, 5;
T_91.17 ;
    %load/vec4 v0x7f9460949680_0;
    %parti/s 1, 8, 5;
    %nor/r;
    %flag_set/vec4 8;
    %jmp/0xz  T_91.19, 8;
    %load/vec4 v0x7f9460949530_0;
    %parti/s 1, 8, 5;
    %load/vec4 v0x7f9460949230_0;
    %parti/s 8, 0, 2;
    %pad/u 10;
    %ix/vec4 3;
    %ix/load 4, 8, 0; part off
    %ix/load 5, 0, 0; Constant delay
    %assign/vec4/a/d v0x7f94609497e0, 4, 5;
T_91.19 ;
    %load/vec4 v0x7f9460949680_0;
    %parti/s 1, 9, 5;
    %nor/r;
    %flag_set/vec4 8;
    %jmp/0xz  T_91.21, 8;
    %load/vec4 v0x7f9460949530_0;
    %parti/s 1, 9, 5;
    %load/vec4 v0x7f9460949230_0;
    %parti/s 8, 0, 2;
    %pad/u 10;
    %ix/vec4 3;
    %ix/load 4, 9, 0; part off
    %ix/load 5, 0, 0; Constant delay
    %assign/vec4/a/d v0x7f94609497e0, 4, 5;
T_91.21 ;
    %load/vec4 v0x7f9460949680_0;
    %parti/s 1, 10, 5;
    %nor/r;
    %flag_set/vec4 8;
    %jmp/0xz  T_91.23, 8;
    %load/vec4 v0x7f9460949530_0;
    %parti/s 1, 10, 5;
    %load/vec4 v0x7f9460949230_0;
    %parti/s 8, 0, 2;
    %pad/u 10;
    %ix/vec4 3;
    %ix/load 4, 10, 0; part off
    %ix/load 5, 0, 0; Constant delay
    %assign/vec4/a/d v0x7f94609497e0, 4, 5;
T_91.23 ;
    %load/vec4 v0x7f9460949680_0;
    %parti/s 1, 11, 5;
    %nor/r;
    %flag_set/vec4 8;
    %jmp/0xz  T_91.25, 8;
    %load/vec4 v0x7f9460949530_0;
    %parti/s 1, 11, 5;
    %load/vec4 v0x7f9460949230_0;
    %parti/s 8, 0, 2;
    %pad/u 10;
    %ix/vec4 3;
    %ix/load 4, 11, 0; part off
    %ix/load 5, 0, 0; Constant delay
    %assign/vec4/a/d v0x7f94609497e0, 4, 5;
T_91.25 ;
    %load/vec4 v0x7f9460949680_0;
    %parti/s 1, 12, 5;
    %nor/r;
    %flag_set/vec4 8;
    %jmp/0xz  T_91.27, 8;
    %load/vec4 v0x7f9460949530_0;
    %parti/s 1, 12, 5;
    %load/vec4 v0x7f9460949230_0;
    %parti/s 8, 0, 2;
    %pad/u 10;
    %ix/vec4 3;
    %ix/load 4, 12, 0; part off
    %ix/load 5, 0, 0; Constant delay
    %assign/vec4/a/d v0x7f94609497e0, 4, 5;
T_91.27 ;
    %load/vec4 v0x7f9460949680_0;
    %parti/s 1, 13, 5;
    %nor/r;
    %flag_set/vec4 8;
    %jmp/0xz  T_91.29, 8;
    %load/vec4 v0x7f9460949530_0;
    %parti/s 1, 13, 5;
    %load/vec4 v0x7f9460949230_0;
    %parti/s 8, 0, 2;
    %pad/u 10;
    %ix/vec4 3;
    %ix/load 4, 13, 0; part off
    %ix/load 5, 0, 0; Constant delay
    %assign/vec4/a/d v0x7f94609497e0, 4, 5;
T_91.29 ;
    %load/vec4 v0x7f9460949680_0;
    %parti/s 1, 14, 5;
    %nor/r;
    %flag_set/vec4 8;
    %jmp/0xz  T_91.31, 8;
    %load/vec4 v0x7f9460949530_0;
    %parti/s 1, 14, 5;
    %load/vec4 v0x7f9460949230_0;
    %parti/s 8, 0, 2;
    %pad/u 10;
    %ix/vec4 3;
    %ix/load 4, 14, 0; part off
    %ix/load 5, 0, 0; Constant delay
    %assign/vec4/a/d v0x7f94609497e0, 4, 5;
T_91.31 ;
    %load/vec4 v0x7f9460949680_0;
    %parti/s 1, 15, 5;
    %nor/r;
    %flag_set/vec4 8;
    %jmp/0xz  T_91.33, 8;
    %load/vec4 v0x7f9460949530_0;
    %parti/s 1, 15, 5;
    %load/vec4 v0x7f9460949230_0;
    %parti/s 8, 0, 2;
    %pad/u 10;
    %ix/vec4 3;
    %ix/load 4, 15, 0; part off
    %ix/load 5, 0, 0; Constant delay
    %assign/vec4/a/d v0x7f94609497e0, 4, 5;
T_91.33 ;
T_91.0 ;
    %jmp T_91;
    .thread T_91;
    .scope S_0x7f9460946c10;
T_92 ;
    %wait E_0x7f9460948530;
    %load/vec4 v0x7f94609490e0_0;
    %flag_set/vec4 9;
    %flag_get/vec4 9;
    %jmp/0 T_92.2, 9;
    %load/vec4 v0x7f9460948ea0_0;
    %and;
T_92.2;
    %flag_set/vec4 8;
    %jmp/0xz  T_92.0, 8;
    %load/vec4 v0x7f9460948d40_0;
    %parti/s 8, 0, 2;
    %pad/u 10;
    %ix/vec4 4;
    %load/vec4a v0x7f94609497e0, 4;
    %load/vec4 v0x7f9460949180_0;
    %inv;
    %and;
    %assign/vec4 v0x7f9460949030_0, 0;
T_92.0 ;
    %jmp T_92;
    .thread T_92;
    .scope S_0x7f945ee29e90;
T_93 ;
    %wait E_0x7f946094d390;
    %pushi/vec4 0, 0, 32;
    %store/vec4 v0x7f946094db40_0, 0, 32;
T_93.0 ; Top of for-loop 
    %load/vec4 v0x7f946094db40_0;
    %cmpi/s 16383, 0, 32;
    %flag_or 5, 4;
    %jmp/0xz T_93.1, 5;
    %pushi/vec4 65535, 65535, 16;
    %ix/getv/s 4, v0x7f946094db40_0;
    %store/vec4a v0x7f946094dbf0, 4, 0;
T_93.2 ; for-loop step statement
    %load/vec4 v0x7f946094db40_0;
    %addi 1, 0, 32;
    %store/vec4 v0x7f946094db40_0, 0, 32;
    %jmp T_93.0;
T_93.1 ; for-loop exit label
    %jmp T_93;
    .thread T_93;
    .scope S_0x7f945ee29e90;
T_94 ;
    %wait E_0x7f946094d330;
    %load/vec4 v0x7f946094dc90_0;
    %flag_set/vec4 8;
    %jmp/0xz  T_94.0, 8;
    %pushi/vec4 0, 0, 16;
    %assign/vec4 v0x7f946094d660_0, 0;
    %jmp T_94.1;
T_94.0 ;
    %load/vec4 v0x7f946094d900_0;
    %flag_set/vec4 8;
    %jmp/0xz  T_94.2, 8;
    %pushi/vec4 65535, 65535, 16;
    %assign/vec4 v0x7f946094d660_0, 0;
    %jmp T_94.3;
T_94.2 ;
    %load/vec4 v0x7f946094d4a0_0;
    %flag_set/vec4 8;
    %jmp/0xz  T_94.4, 8;
    %load/vec4 v0x7f946094da10_0;
    %nor/r;
    %flag_set/vec4 8;
    %jmp/0xz  T_94.6, 8;
    %load/vec4 v0x7f946094d3e0_0;
    %pad/u 16;
    %ix/vec4 4;
    %load/vec4a v0x7f946094dbf0, 4;
    %assign/vec4 v0x7f946094d660_0, 0;
    %jmp T_94.7;
T_94.6 ;
    %load/vec4 v0x7f946094d710_0;
    %parti/s 1, 0, 2;
    %flag_set/vec4 8;
    %jmp/0xz  T_94.8, 8;
    %load/vec4 v0x7f946094d5d0_0;
    %parti/s 4, 0, 2;
    %load/vec4 v0x7f946094d3e0_0;
    %pad/u 16;
    %ix/vec4 3;
    %ix/load 4, 0, 0; Constant delay
    %assign/vec4/a/d v0x7f946094dbf0, 0, 4;
T_94.8 ;
    %load/vec4 v0x7f946094d710_0;
    %parti/s 1, 1, 2;
    %flag_set/vec4 8;
    %jmp/0xz  T_94.10, 8;
    %load/vec4 v0x7f946094d5d0_0;
    %parti/s 4, 4, 4;
    %load/vec4 v0x7f946094d3e0_0;
    %pad/u 16;
    %ix/vec4 3;
    %ix/load 4, 4, 0; part off
    %ix/load 5, 0, 0; Constant delay
    %assign/vec4/a/d v0x7f946094dbf0, 4, 5;
T_94.10 ;
    %load/vec4 v0x7f946094d710_0;
    %parti/s 1, 2, 3;
    %flag_set/vec4 8;
    %jmp/0xz  T_94.12, 8;
    %load/vec4 v0x7f946094d5d0_0;
    %parti/s 4, 8, 5;
    %load/vec4 v0x7f946094d3e0_0;
    %pad/u 16;
    %ix/vec4 3;
    %ix/load 4, 8, 0; part off
    %ix/load 5, 0, 0; Constant delay
    %assign/vec4/a/d v0x7f946094dbf0, 4, 5;
T_94.12 ;
    %load/vec4 v0x7f946094d710_0;
    %parti/s 1, 3, 3;
    %flag_set/vec4 8;
    %jmp/0xz  T_94.14, 8;
    %load/vec4 v0x7f946094d5d0_0;
    %parti/s 4, 12, 5;
    %load/vec4 v0x7f946094d3e0_0;
    %pad/u 16;
    %ix/vec4 3;
    %ix/load 4, 12, 0; part off
    %ix/load 5, 0, 0; Constant delay
    %assign/vec4/a/d v0x7f946094dbf0, 4, 5;
T_94.14 ;
    %pushi/vec4 65535, 65535, 16;
    %assign/vec4 v0x7f946094d660_0, 0;
T_94.7 ;
T_94.4 ;
T_94.3 ;
T_94.1 ;
    %jmp T_94;
    .thread T_94;
# The file index is used to find the file name in the following table.
:file_names 4;
    "N/A";
    "<interactive>";
    "/Users/chimdileeze/.apio/packages/tools-oss-cad-suite/share/yosys/ice40/cells_sim.v";
    "led.v";
