#! /Users/chimdileeze/.apio/packages/tools-oss-cad-suite/bin/vvp
:ivl_version "13.0 (devel)" "(s20221226-321-gd22bb3d25)";
:ivl_delay_selection "TYPICAL";
:vpi_time_precision - 12;
:vpi_module "/Users/chimdileeze/.apio/packages/tools-oss-cad-suite/lib/ivl/system.vpi";
:vpi_module "/Users/chimdileeze/.apio/packages/tools-oss-cad-suite/lib/ivl/vhdl_sys.vpi";
:vpi_module "/Users/chimdileeze/.apio/packages/tools-oss-cad-suite/lib/ivl/vhdl_textio.vpi";
:vpi_module "/Users/chimdileeze/.apio/packages/tools-oss-cad-suite/lib/ivl/v2005_math.vpi";
:vpi_module "/Users/chimdileeze/.apio/packages/tools-oss-cad-suite/lib/ivl/va_math.vpi";
S_0x7fbbae4fbb60 .scope module, "ICESTORM_LC" "ICESTORM_LC" 2 2136;
 .timescale -12 -12;
    .port_info 0 /INPUT 1 "I0";
    .port_info 1 /INPUT 1 "I1";
    .port_info 2 /INPUT 1 "I2";
    .port_info 3 /INPUT 1 "I3";
    .port_info 4 /INPUT 1 "CIN";
    .port_info 5 /INPUT 1 "CLK";
    .port_info 6 /INPUT 1 "CEN";
    .port_info 7 /INPUT 1 "SR";
    .port_info 8 /OUTPUT 1 "LO";
    .port_info 9 /OUTPUT 1 "O";
    .port_info 10 /OUTPUT 1 "COUT";
P_0x7fbbae450520 .param/l "ASYNC_SR" 0 2 2148, C4<0>;
P_0x7fbbae450560 .param/l "CARRY_ENABLE" 0 2 2145, C4<0>;
P_0x7fbbae4505a0 .param/l "CIN_CONST" 0 2 2150, C4<0>;
P_0x7fbbae4505e0 .param/l "CIN_SET" 0 2 2151, C4<0>;
P_0x7fbbae450620 .param/l "DFF_ENABLE" 0 2 2146, C4<0>;
P_0x7fbbae450660 .param/l "LUT_INIT" 0 2 2142, C4<0000000000000000>;
P_0x7fbbae4506a0 .param/l "NEG_CLK" 0 2 2144, C4<0>;
P_0x7fbbae4506e0 .param/l "SET_NORESET" 0 2 2147, C4<0>;
o0x7fbbb0042068 .functor BUFZ 1, C4<z>; HiZ drive
L_0x7fbbb017bd20 .functor BUFZ 1, o0x7fbbb0042068, C4<0>, C4<0>, C4<0>;
L_0x7fbbb017c8a0 .functor BUFZ 1, L_0x7fbbb017c550, C4<0>, C4<0>, C4<0>;
o0x7fbbb0042098 .functor BUFZ 1, C4<z>; HiZ drive
L_0x7fbbb0073290 .functor BUFT 1, C4<0>, C4<0>, C4<0>, C4<0>;
L_0x7fbbb017c950 .functor XOR 1, o0x7fbbb0042098, L_0x7fbbb0073290, C4<0>, C4<0>;
L_0x7fbbb017ca00 .functor BUFZ 1, L_0x7fbbb017c550, C4<0>, C4<0>, C4<0>;
o0x7fbbb0042008 .functor BUFZ 1, C4<z>; HiZ drive
v0x7fbbae4cc360_0 .net "CEN", 0 0, o0x7fbbb0042008;  0 drivers
v0x7fbbb0149360_0 .net "CEN_pu", 0 0, L_0x7fbbb017bbc0;  1 drivers
v0x7fbbb0149400_0 .net "CIN", 0 0, o0x7fbbb0042068;  0 drivers
v0x7fbbb0149490_0 .net "CLK", 0 0, o0x7fbbb0042098;  0 drivers
L_0x7fbbb00731b8 .functor BUFT 1, C4<x>, C4<0>, C4<0>, C4<0>;
v0x7fbbb0149530_0 .net "COUT", 0 0, L_0x7fbbb00731b8;  1 drivers
o0x7fbbb00420f8 .functor BUFZ 1, C4<z>; HiZ drive
v0x7fbbb0149610_0 .net "I0", 0 0, o0x7fbbb00420f8;  0 drivers
v0x7fbbb01496b0_0 .net "I0_pd", 0 0, L_0x7fbbb017afa0;  1 drivers
o0x7fbbb0042158 .functor BUFZ 1, C4<z>; HiZ drive
v0x7fbbb0149750_0 .net "I1", 0 0, o0x7fbbb0042158;  0 drivers
v0x7fbbb01497f0_0 .net "I1_pd", 0 0, L_0x7fbbb017b1e0;  1 drivers
o0x7fbbb00421b8 .functor BUFZ 1, C4<z>; HiZ drive
v0x7fbbb0149900_0 .net "I2", 0 0, o0x7fbbb00421b8;  0 drivers
v0x7fbbb0149990_0 .net "I2_pd", 0 0, L_0x7fbbb017b450;  1 drivers
o0x7fbbb0042218 .functor BUFZ 1, C4<z>; HiZ drive
v0x7fbbb0149a30_0 .net "I3", 0 0, o0x7fbbb0042218;  0 drivers
v0x7fbbb0149ad0_0 .net "I3_pd", 0 0, L_0x7fbbb017b6d0;  1 drivers
v0x7fbbb0149b70_0 .net "LO", 0 0, L_0x7fbbb017c8a0;  1 drivers
v0x7fbbb0149c10_0 .net "O", 0 0, L_0x7fbbb017ca00;  1 drivers
o0x7fbbb00422d8 .functor BUFZ 1, C4<z>; HiZ drive
v0x7fbbb0149cb0_0 .net "SR", 0 0, o0x7fbbb00422d8;  0 drivers
v0x7fbbb0149d50_0 .net "SR_pd", 0 0, L_0x7fbbb017b940;  1 drivers
o0x7fbbb0042338 .functor BUFZ 1, C4<z>; HiZ drive
; Elide local net with no drivers, v0x7fbbb0149ee0_0 name=_ivl_0
v0x7fbbb0149f70_0 .net *"_ivl_10", 0 0, L_0x7fbbb017b120;  1 drivers
L_0x7fbbb0073050 .functor BUFT 1, C4<0>, C4<0>, C4<0>, C4<0>;
v0x7fbbb014a000_0 .net/2u *"_ivl_12", 0 0, L_0x7fbbb0073050;  1 drivers
o0x7fbbb00423c8 .functor BUFZ 1, C4<z>; HiZ drive
; Elide local net with no drivers, v0x7fbbb014a0b0_0 name=_ivl_16
v0x7fbbb014a160_0 .net *"_ivl_18", 0 0, L_0x7fbbb017b360;  1 drivers
v0x7fbbb014a200_0 .net *"_ivl_2", 0 0, L_0x7fbbb017aea0;  1 drivers
L_0x7fbbb0073098 .functor BUFT 1, C4<0>, C4<0>, C4<0>, C4<0>;
v0x7fbbb014a2a0_0 .net/2u *"_ivl_20", 0 0, L_0x7fbbb0073098;  1 drivers
o0x7fbbb0042488 .functor BUFZ 1, C4<z>; HiZ drive
; Elide local net with no drivers, v0x7fbbb014a350_0 name=_ivl_24
v0x7fbbb014a400_0 .net *"_ivl_26", 0 0, L_0x7fbbb017b5d0;  1 drivers
L_0x7fbbb00730e0 .functor BUFT 1, C4<0>, C4<0>, C4<0>, C4<0>;
v0x7fbbb014a4a0_0 .net/2u *"_ivl_28", 0 0, L_0x7fbbb00730e0;  1 drivers
o0x7fbbb0042518 .functor BUFZ 1, C4<z>; HiZ drive
; Elide local net with no drivers, v0x7fbbb014a550_0 name=_ivl_32
v0x7fbbb014a600_0 .net *"_ivl_34", 0 0, L_0x7fbbb017b830;  1 drivers
L_0x7fbbb0073128 .functor BUFT 1, C4<0>, C4<0>, C4<0>, C4<0>;
v0x7fbbb014a6a0_0 .net/2u *"_ivl_36", 0 0, L_0x7fbbb0073128;  1 drivers
L_0x7fbbb0073008 .functor BUFT 1, C4<0>, C4<0>, C4<0>, C4<0>;
v0x7fbbb014a750_0 .net/2u *"_ivl_4", 0 0, L_0x7fbbb0073008;  1 drivers
o0x7fbbb00425d8 .functor BUFZ 1, C4<z>; HiZ drive
; Elide local net with no drivers, v0x7fbbb014a800_0 name=_ivl_40
v0x7fbbb014a8b0_0 .net *"_ivl_42", 0 0, L_0x7fbbb017baa0;  1 drivers
L_0x7fbbb0073170 .functor BUFT 1, C4<1>, C4<0>, C4<0>, C4<0>;
v0x7fbbb0149df0_0 .net/2u *"_ivl_44", 0 0, L_0x7fbbb0073170;  1 drivers
L_0x7fbbb0073200 .functor BUFT 1, C4<00000000>, C4<0>, C4<0>, C4<0>;
v0x7fbbb014ab40_0 .net/2u *"_ivl_52", 7 0, L_0x7fbbb0073200;  1 drivers
L_0x7fbbb0073248 .functor BUFT 1, C4<00000000>, C4<0>, C4<0>, C4<0>;
v0x7fbbb014abd0_0 .net/2u *"_ivl_54", 7 0, L_0x7fbbb0073248;  1 drivers
v0x7fbbb014ac60_0 .net *"_ivl_59", 3 0, L_0x7fbbb017bfc0;  1 drivers
v0x7fbbb014ad10_0 .net *"_ivl_61", 3 0, L_0x7fbbb017c0a0;  1 drivers
v0x7fbbb014adc0_0 .net *"_ivl_65", 1 0, L_0x7fbbb017c2e0;  1 drivers
v0x7fbbb014ae70_0 .net *"_ivl_67", 1 0, L_0x7fbbb017c410;  1 drivers
v0x7fbbb014af20_0 .net *"_ivl_71", 0 0, L_0x7fbbb017c5f0;  1 drivers
v0x7fbbb014afd0_0 .net *"_ivl_73", 0 0, L_0x7fbbb017c690;  1 drivers
v0x7fbbb014b080_0 .net/2u *"_ivl_78", 0 0, L_0x7fbbb0073290;  1 drivers
o0x7fbbb0042818 .functor BUFZ 1, C4<z>; HiZ drive
; Elide local net with no drivers, v0x7fbbb014b130_0 name=_ivl_8
v0x7fbbb014b1e0_0 .net "lut_o", 0 0, L_0x7fbbb017c550;  1 drivers
v0x7fbbb014b280_0 .net "lut_s1", 1 0, L_0x7fbbb017c4b0;  1 drivers
v0x7fbbb014b330_0 .net "lut_s2", 3 0, L_0x7fbbb017c1c0;  1 drivers
v0x7fbbb014b3e0_0 .net "lut_s3", 7 0, L_0x7fbbb017be30;  1 drivers
v0x7fbbb014b490_0 .net "mux_cin", 0 0, L_0x7fbbb017bd20;  1 drivers
v0x7fbbb014b530_0 .var "o_reg", 0 0;
v0x7fbbb014b5d0_0 .var "o_reg_async", 0 0;
v0x7fbbb014b670_0 .net "polarized_clk", 0 0, L_0x7fbbb017c950;  1 drivers
E_0x7fbbae41c380 .event posedge, v0x7fbbb0149d50_0, v0x7fbbb014b670_0;
E_0x7fbbae4263e0 .event posedge, v0x7fbbb014b670_0;
L_0x7fbbb017aea0 .cmp/eeq 1, o0x7fbbb00420f8, o0x7fbbb0042338;
L_0x7fbbb017afa0 .functor MUXZ 1, o0x7fbbb00420f8, L_0x7fbbb0073008, L_0x7fbbb017aea0, C4<>;
L_0x7fbbb017b120 .cmp/eeq 1, o0x7fbbb0042158, o0x7fbbb0042818;
L_0x7fbbb017b1e0 .functor MUXZ 1, o0x7fbbb0042158, L_0x7fbbb0073050, L_0x7fbbb017b120, C4<>;
L_0x7fbbb017b360 .cmp/eeq 1, o0x7fbbb00421b8, o0x7fbbb00423c8;
L_0x7fbbb017b450 .functor MUXZ 1, o0x7fbbb00421b8, L_0x7fbbb0073098, L_0x7fbbb017b360, C4<>;
L_0x7fbbb017b5d0 .cmp/eeq 1, o0x7fbbb0042218, o0x7fbbb0042488;
L_0x7fbbb017b6d0 .functor MUXZ 1, o0x7fbbb0042218, L_0x7fbbb00730e0, L_0x7fbbb017b5d0, C4<>;
L_0x7fbbb017b830 .cmp/eeq 1, o0x7fbbb00422d8, o0x7fbbb0042518;
L_0x7fbbb017b940 .functor MUXZ 1, o0x7fbbb00422d8, L_0x7fbbb0073128, L_0x7fbbb017b830, C4<>;
L_0x7fbbb017baa0 .cmp/eeq 1, o0x7fbbb0042008, o0x7fbbb00425d8;
L_0x7fbbb017bbc0 .functor MUXZ 1, o0x7fbbb0042008, L_0x7fbbb0073170, L_0x7fbbb017baa0, C4<>;
L_0x7fbbb017be30 .functor MUXZ 8, L_0x7fbbb0073248, L_0x7fbbb0073200, L_0x7fbbb017b6d0, C4<>;
L_0x7fbbb017bfc0 .part L_0x7fbbb017be30, 4, 4;
L_0x7fbbb017c0a0 .part L_0x7fbbb017be30, 0, 4;
L_0x7fbbb017c1c0 .functor MUXZ 4, L_0x7fbbb017c0a0, L_0x7fbbb017bfc0, L_0x7fbbb017b450, C4<>;
L_0x7fbbb017c2e0 .part L_0x7fbbb017c1c0, 2, 2;
L_0x7fbbb017c410 .part L_0x7fbbb017c1c0, 0, 2;
L_0x7fbbb017c4b0 .functor MUXZ 2, L_0x7fbbb017c410, L_0x7fbbb017c2e0, L_0x7fbbb017b1e0, C4<>;
L_0x7fbbb017c5f0 .part L_0x7fbbb017c4b0, 1, 1;
L_0x7fbbb017c690 .part L_0x7fbbb017c4b0, 0, 1;
L_0x7fbbb017c550 .functor MUXZ 1, L_0x7fbbb017c690, L_0x7fbbb017c5f0, L_0x7fbbb017afa0, C4<>;
S_0x7fbbae4f7b00 .scope module, "ICESTORM_RAM" "ICESTORM_RAM" 2 3167;
 .timescale -12 -12;
    .port_info 0 /OUTPUT 1 "RDATA_15";
    .port_info 1 /OUTPUT 1 "RDATA_14";
    .port_info 2 /OUTPUT 1 "RDATA_13";
    .port_info 3 /OUTPUT 1 "RDATA_12";
    .port_info 4 /OUTPUT 1 "RDATA_11";
    .port_info 5 /OUTPUT 1 "RDATA_10";
    .port_info 6 /OUTPUT 1 "RDATA_9";
    .port_info 7 /OUTPUT 1 "RDATA_8";
    .port_info 8 /OUTPUT 1 "RDATA_7";
    .port_info 9 /OUTPUT 1 "RDATA_6";
    .port_info 10 /OUTPUT 1 "RDATA_5";
    .port_info 11 /OUTPUT 1 "RDATA_4";
    .port_info 12 /OUTPUT 1 "RDATA_3";
    .port_info 13 /OUTPUT 1 "RDATA_2";
    .port_info 14 /OUTPUT 1 "RDATA_1";
    .port_info 15 /OUTPUT 1 "RDATA_0";
    .port_info 16 /INPUT 1 "RCLK";
    .port_info 17 /INPUT 1 "RCLKE";
    .port_info 18 /INPUT 1 "RE";
    .port_info 19 /INPUT 1 "RADDR_10";
    .port_info 20 /INPUT 1 "RADDR_9";
    .port_info 21 /INPUT 1 "RADDR_8";
    .port_info 22 /INPUT 1 "RADDR_7";
    .port_info 23 /INPUT 1 "RADDR_6";
    .port_info 24 /INPUT 1 "RADDR_5";
    .port_info 25 /INPUT 1 "RADDR_4";
    .port_info 26 /INPUT 1 "RADDR_3";
    .port_info 27 /INPUT 1 "RADDR_2";
    .port_info 28 /INPUT 1 "RADDR_1";
    .port_info 29 /INPUT 1 "RADDR_0";
    .port_info 30 /INPUT 1 "WCLK";
    .port_info 31 /INPUT 1 "WCLKE";
    .port_info 32 /INPUT 1 "WE";
    .port_info 33 /INPUT 1 "WADDR_10";
    .port_info 34 /INPUT 1 "WADDR_9";
    .port_info 35 /INPUT 1 "WADDR_8";
    .port_info 36 /INPUT 1 "WADDR_7";
    .port_info 37 /INPUT 1 "WADDR_6";
    .port_info 38 /INPUT 1 "WADDR_5";
    .port_info 39 /INPUT 1 "WADDR_4";
    .port_info 40 /INPUT 1 "WADDR_3";
    .port_info 41 /INPUT 1 "WADDR_2";
    .port_info 42 /INPUT 1 "WADDR_1";
    .port_info 43 /INPUT 1 "WADDR_0";
    .port_info 44 /INPUT 1 "MASK_15";
    .port_info 45 /INPUT 1 "MASK_14";
    .port_info 46 /INPUT 1 "MASK_13";
    .port_info 47 /INPUT 1 "MASK_12";
    .port_info 48 /INPUT 1 "MASK_11";
    .port_info 49 /INPUT 1 "MASK_10";
    .port_info 50 /INPUT 1 "MASK_9";
    .port_info 51 /INPUT 1 "MASK_8";
    .port_info 52 /INPUT 1 "MASK_7";
    .port_info 53 /INPUT 1 "MASK_6";
    .port_info 54 /INPUT 1 "MASK_5";
    .port_info 55 /INPUT 1 "MASK_4";
    .port_info 56 /INPUT 1 "MASK_3";
    .port_info 57 /INPUT 1 "MASK_2";
    .port_info 58 /INPUT 1 "MASK_1";
    .port_info 59 /INPUT 1 "MASK_0";
    .port_info 60 /INPUT 1 "WDATA_15";
    .port_info 61 /INPUT 1 "WDATA_14";
    .port_info 62 /INPUT 1 "WDATA_13";
    .port_info 63 /INPUT 1 "WDATA_12";
    .port_info 64 /INPUT 1 "WDATA_11";
    .port_info 65 /INPUT 1 "WDATA_10";
    .port_info 66 /INPUT 1 "WDATA_9";
    .port_info 67 /INPUT 1 "WDATA_8";
    .port_info 68 /INPUT 1 "WDATA_7";
    .port_info 69 /INPUT 1 "WDATA_6";
    .port_info 70 /INPUT 1 "WDATA_5";
    .port_info 71 /INPUT 1 "WDATA_4";
    .port_info 72 /INPUT 1 "WDATA_3";
    .port_info 73 /INPUT 1 "WDATA_2";
    .port_info 74 /INPUT 1 "WDATA_1";
    .port_info 75 /INPUT 1 "WDATA_0";
P_0x7fbbaf83e200 .param/l "INIT_0" 0 2 3182, C4<0000000000000000000000000000000000000000000000000000000000000000000000000000000000000000000000000000000000000000000000000000000000000000000000000000000000000000000000000000000000000000000000000000000000000000000000000000000000000000000000000000000000000000>;
P_0x7fbbaf83e240 .param/l "INIT_1" 0 2 3183, C4<0000000000000000000000000000000000000000000000000000000000000000000000000000000000000000000000000000000000000000000000000000000000000000000000000000000000000000000000000000000000000000000000000000000000000000000000000000000000000000000000000000000000000000>;
P_0x7fbbaf83e280 .param/l "INIT_2" 0 2 3184, C4<0000000000000000000000000000000000000000000000000000000000000000000000000000000000000000000000000000000000000000000000000000000000000000000000000000000000000000000000000000000000000000000000000000000000000000000000000000000000000000000000000000000000000000>;
P_0x7fbbaf83e2c0 .param/l "INIT_3" 0 2 3185, C4<0000000000000000000000000000000000000000000000000000000000000000000000000000000000000000000000000000000000000000000000000000000000000000000000000000000000000000000000000000000000000000000000000000000000000000000000000000000000000000000000000000000000000000>;
P_0x7fbbaf83e300 .param/l "INIT_4" 0 2 3186, C4<0000000000000000000000000000000000000000000000000000000000000000000000000000000000000000000000000000000000000000000000000000000000000000000000000000000000000000000000000000000000000000000000000000000000000000000000000000000000000000000000000000000000000000>;
P_0x7fbbaf83e340 .param/l "INIT_5" 0 2 3187, C4<0000000000000000000000000000000000000000000000000000000000000000000000000000000000000000000000000000000000000000000000000000000000000000000000000000000000000000000000000000000000000000000000000000000000000000000000000000000000000000000000000000000000000000>;
P_0x7fbbaf83e380 .param/l "INIT_6" 0 2 3188, C4<0000000000000000000000000000000000000000000000000000000000000000000000000000000000000000000000000000000000000000000000000000000000000000000000000000000000000000000000000000000000000000000000000000000000000000000000000000000000000000000000000000000000000000>;
P_0x7fbbaf83e3c0 .param/l "INIT_7" 0 2 3189, C4<0000000000000000000000000000000000000000000000000000000000000000000000000000000000000000000000000000000000000000000000000000000000000000000000000000000000000000000000000000000000000000000000000000000000000000000000000000000000000000000000000000000000000000>;
P_0x7fbbaf83e400 .param/l "INIT_8" 0 2 3190, C4<0000000000000000000000000000000000000000000000000000000000000000000000000000000000000000000000000000000000000000000000000000000000000000000000000000000000000000000000000000000000000000000000000000000000000000000000000000000000000000000000000000000000000000>;
P_0x7fbbaf83e440 .param/l "INIT_9" 0 2 3191, C4<0000000000000000000000000000000000000000000000000000000000000000000000000000000000000000000000000000000000000000000000000000000000000000000000000000000000000000000000000000000000000000000000000000000000000000000000000000000000000000000000000000000000000000>;
P_0x7fbbaf83e480 .param/l "INIT_A" 0 2 3192, C4<0000000000000000000000000000000000000000000000000000000000000000000000000000000000000000000000000000000000000000000000000000000000000000000000000000000000000000000000000000000000000000000000000000000000000000000000000000000000000000000000000000000000000000>;
P_0x7fbbaf83e4c0 .param/l "INIT_B" 0 2 3193, C4<0000000000000000000000000000000000000000000000000000000000000000000000000000000000000000000000000000000000000000000000000000000000000000000000000000000000000000000000000000000000000000000000000000000000000000000000000000000000000000000000000000000000000000>;
P_0x7fbbaf83e500 .param/l "INIT_C" 0 2 3194, C4<0000000000000000000000000000000000000000000000000000000000000000000000000000000000000000000000000000000000000000000000000000000000000000000000000000000000000000000000000000000000000000000000000000000000000000000000000000000000000000000000000000000000000000>;
P_0x7fbbaf83e540 .param/l "INIT_D" 0 2 3195, C4<0000000000000000000000000000000000000000000000000000000000000000000000000000000000000000000000000000000000000000000000000000000000000000000000000000000000000000000000000000000000000000000000000000000000000000000000000000000000000000000000000000000000000000>;
P_0x7fbbaf83e580 .param/l "INIT_E" 0 2 3196, C4<0000000000000000000000000000000000000000000000000000000000000000000000000000000000000000000000000000000000000000000000000000000000000000000000000000000000000000000000000000000000000000000000000000000000000000000000000000000000000000000000000000000000000000>;
P_0x7fbbaf83e5c0 .param/l "INIT_F" 0 2 3197, C4<0000000000000000000000000000000000000000000000000000000000000000000000000000000000000000000000000000000000000000000000000000000000000000000000000000000000000000000000000000000000000000000000000000000000000000000000000000000000000000000000000000000000000000>;
P_0x7fbbaf83e600 .param/l "NEG_CLK_R" 0 2 3179, C4<0>;
P_0x7fbbaf83e640 .param/l "NEG_CLK_W" 0 2 3180, C4<0>;
P_0x7fbbaf83e680 .param/l "READ_MODE" 0 2 3177, +C4<00000000000000000000000000000000>;
P_0x7fbbaf83e6c0 .param/l "WRITE_MODE" 0 2 3176, +C4<00000000000000000000000000000000>;
L_0x7fbbb0073320 .functor BUFT 1, C4<0>, C4<0>, C4<0>, C4<0>;
L_0x7fbbb017d740 .functor XOR 1, L_0x7fbbb017dbb0, L_0x7fbbb0073320, C4<0>, C4<0>;
L_0x7fbbb0073368 .functor BUFT 1, C4<0>, C4<0>, C4<0>, C4<0>;
L_0x7fbbb017e790 .functor XOR 1, L_0x7fbbb017ed20, L_0x7fbbb0073368, C4<0>, C4<0>;
o0x7fbbb00431a8 .functor BUFZ 1, C4<z>; HiZ drive
v0x7fbbb014ead0_0 .net "MASK_0", 0 0, o0x7fbbb00431a8;  0 drivers
o0x7fbbb00431d8 .functor BUFZ 1, C4<z>; HiZ drive
v0x7fbbb014eb80_0 .net "MASK_1", 0 0, o0x7fbbb00431d8;  0 drivers
o0x7fbbb0043208 .functor BUFZ 1, C4<z>; HiZ drive
v0x7fbbb014ec20_0 .net "MASK_10", 0 0, o0x7fbbb0043208;  0 drivers
o0x7fbbb0043238 .functor BUFZ 1, C4<z>; HiZ drive
v0x7fbbb014ecd0_0 .net "MASK_11", 0 0, o0x7fbbb0043238;  0 drivers
o0x7fbbb0043268 .functor BUFZ 1, C4<z>; HiZ drive
v0x7fbbb014ed70_0 .net "MASK_12", 0 0, o0x7fbbb0043268;  0 drivers
o0x7fbbb0043298 .functor BUFZ 1, C4<z>; HiZ drive
v0x7fbbb014ee50_0 .net "MASK_13", 0 0, o0x7fbbb0043298;  0 drivers
o0x7fbbb00432c8 .functor BUFZ 1, C4<z>; HiZ drive
v0x7fbbb014eef0_0 .net "MASK_14", 0 0, o0x7fbbb00432c8;  0 drivers
o0x7fbbb00432f8 .functor BUFZ 1, C4<z>; HiZ drive
v0x7fbbb014ef90_0 .net "MASK_15", 0 0, o0x7fbbb00432f8;  0 drivers
o0x7fbbb0043328 .functor BUFZ 1, C4<z>; HiZ drive
v0x7fbbb014f030_0 .net "MASK_2", 0 0, o0x7fbbb0043328;  0 drivers
o0x7fbbb0043358 .functor BUFZ 1, C4<z>; HiZ drive
v0x7fbbb014f140_0 .net "MASK_3", 0 0, o0x7fbbb0043358;  0 drivers
o0x7fbbb0043388 .functor BUFZ 1, C4<z>; HiZ drive
v0x7fbbb014f1d0_0 .net "MASK_4", 0 0, o0x7fbbb0043388;  0 drivers
o0x7fbbb00433b8 .functor BUFZ 1, C4<z>; HiZ drive
v0x7fbbb014f270_0 .net "MASK_5", 0 0, o0x7fbbb00433b8;  0 drivers
o0x7fbbb00433e8 .functor BUFZ 1, C4<z>; HiZ drive
v0x7fbbb014f310_0 .net "MASK_6", 0 0, o0x7fbbb00433e8;  0 drivers
o0x7fbbb0043418 .functor BUFZ 1, C4<z>; HiZ drive
v0x7fbbb014f3b0_0 .net "MASK_7", 0 0, o0x7fbbb0043418;  0 drivers
o0x7fbbb0043448 .functor BUFZ 1, C4<z>; HiZ drive
v0x7fbbb014f450_0 .net "MASK_8", 0 0, o0x7fbbb0043448;  0 drivers
o0x7fbbb0043478 .functor BUFZ 1, C4<z>; HiZ drive
v0x7fbbb014f4f0_0 .net "MASK_9", 0 0, o0x7fbbb0043478;  0 drivers
o0x7fbbb00434a8 .functor BUFZ 1, C4<z>; HiZ drive
v0x7fbbb014f590_0 .net "RADDR_0", 0 0, o0x7fbbb00434a8;  0 drivers
o0x7fbbb00434d8 .functor BUFZ 1, C4<z>; HiZ drive
v0x7fbbb014f720_0 .net "RADDR_1", 0 0, o0x7fbbb00434d8;  0 drivers
o0x7fbbb0043508 .functor BUFZ 1, C4<z>; HiZ drive
v0x7fbbb014f7b0_0 .net "RADDR_10", 0 0, o0x7fbbb0043508;  0 drivers
o0x7fbbb0043538 .functor BUFZ 1, C4<z>; HiZ drive
v0x7fbbb014f840_0 .net "RADDR_2", 0 0, o0x7fbbb0043538;  0 drivers
o0x7fbbb0043568 .functor BUFZ 1, C4<z>; HiZ drive
v0x7fbbb014f8d0_0 .net "RADDR_3", 0 0, o0x7fbbb0043568;  0 drivers
o0x7fbbb0043598 .functor BUFZ 1, C4<z>; HiZ drive
v0x7fbbb014f970_0 .net "RADDR_4", 0 0, o0x7fbbb0043598;  0 drivers
o0x7fbbb00435c8 .functor BUFZ 1, C4<z>; HiZ drive
v0x7fbbb014fa10_0 .net "RADDR_5", 0 0, o0x7fbbb00435c8;  0 drivers
o0x7fbbb00435f8 .functor BUFZ 1, C4<z>; HiZ drive
v0x7fbbb014fab0_0 .net "RADDR_6", 0 0, o0x7fbbb00435f8;  0 drivers
o0x7fbbb0043628 .functor BUFZ 1, C4<z>; HiZ drive
v0x7fbbb014fb50_0 .net "RADDR_7", 0 0, o0x7fbbb0043628;  0 drivers
o0x7fbbb0043658 .functor BUFZ 1, C4<z>; HiZ drive
v0x7fbbb014fbf0_0 .net "RADDR_8", 0 0, o0x7fbbb0043658;  0 drivers
o0x7fbbb0043688 .functor BUFZ 1, C4<z>; HiZ drive
v0x7fbbb014fc90_0 .net "RADDR_9", 0 0, o0x7fbbb0043688;  0 drivers
o0x7fbbb00436b8 .functor BUFZ 1, C4<z>; HiZ drive
v0x7fbbb014fd30_0 .net "RCLK", 0 0, o0x7fbbb00436b8;  0 drivers
o0x7fbbb00436e8 .functor BUFZ 1, C4<z>; HiZ drive
v0x7fbbb014fdd0_0 .net "RCLKE", 0 0, o0x7fbbb00436e8;  0 drivers
v0x7fbbb014fe70_0 .net "RDATA_0", 0 0, L_0x7fbbb017db10;  1 drivers
v0x7fbbb014ff10_0 .net "RDATA_1", 0 0, L_0x7fbbb017d870;  1 drivers
v0x7fbbb014ffb0_0 .net "RDATA_10", 0 0, L_0x7fbbb017d0a0;  1 drivers
v0x7fbbb0150050_0 .net "RDATA_11", 0 0, L_0x7fbbb017d000;  1 drivers
v0x7fbbb014f630_0 .net "RDATA_12", 0 0, L_0x7fbbb017cf60;  1 drivers
v0x7fbbb01502e0_0 .net "RDATA_13", 0 0, L_0x7fbbb017ce20;  1 drivers
v0x7fbbb0150370_0 .net "RDATA_14", 0 0, L_0x7fbbb017cd80;  1 drivers
v0x7fbbb0150400_0 .net "RDATA_15", 0 0, L_0x7fbbb017cc80;  1 drivers
v0x7fbbb0150490_0 .net "RDATA_2", 0 0, L_0x7fbbb017d7b0;  1 drivers
v0x7fbbb0150520_0 .net "RDATA_3", 0 0, L_0x7fbbb017d680;  1 drivers
v0x7fbbb01505b0_0 .net "RDATA_4", 0 0, L_0x7fbbb017d5e0;  1 drivers
v0x7fbbb0150650_0 .net "RDATA_5", 0 0, L_0x7fbbb017d540;  1 drivers
v0x7fbbb01506f0_0 .net "RDATA_6", 0 0, L_0x7fbbb017d4a0;  1 drivers
v0x7fbbb0150790_0 .net "RDATA_7", 0 0, L_0x7fbbb017d400;  1 drivers
v0x7fbbb0150830_0 .net "RDATA_8", 0 0, L_0x7fbbb017d360;  1 drivers
v0x7fbbb01508d0_0 .net "RDATA_9", 0 0, L_0x7fbbb017d160;  1 drivers
o0x7fbbb0043a18 .functor BUFZ 1, C4<z>; HiZ drive
v0x7fbbb0150970_0 .net "RE", 0 0, o0x7fbbb0043a18;  0 drivers
o0x7fbbb0043a48 .functor BUFZ 1, C4<z>; HiZ drive
v0x7fbbb0150a10_0 .net "WADDR_0", 0 0, o0x7fbbb0043a48;  0 drivers
o0x7fbbb0043a78 .functor BUFZ 1, C4<z>; HiZ drive
v0x7fbbb0150ab0_0 .net "WADDR_1", 0 0, o0x7fbbb0043a78;  0 drivers
o0x7fbbb0043aa8 .functor BUFZ 1, C4<z>; HiZ drive
v0x7fbbb0150b50_0 .net "WADDR_10", 0 0, o0x7fbbb0043aa8;  0 drivers
o0x7fbbb0043ad8 .functor BUFZ 1, C4<z>; HiZ drive
v0x7fbbb0150bf0_0 .net "WADDR_2", 0 0, o0x7fbbb0043ad8;  0 drivers
o0x7fbbb0043b08 .functor BUFZ 1, C4<z>; HiZ drive
v0x7fbbb0150c90_0 .net "WADDR_3", 0 0, o0x7fbbb0043b08;  0 drivers
o0x7fbbb0043b38 .functor BUFZ 1, C4<z>; HiZ drive
v0x7fbbb0150d30_0 .net "WADDR_4", 0 0, o0x7fbbb0043b38;  0 drivers
o0x7fbbb0043b68 .functor BUFZ 1, C4<z>; HiZ drive
v0x7fbbb0150dd0_0 .net "WADDR_5", 0 0, o0x7fbbb0043b68;  0 drivers
o0x7fbbb0043b98 .functor BUFZ 1, C4<z>; HiZ drive
v0x7fbbb0150e70_0 .net "WADDR_6", 0 0, o0x7fbbb0043b98;  0 drivers
o0x7fbbb0043bc8 .functor BUFZ 1, C4<z>; HiZ drive
v0x7fbbb0150f10_0 .net "WADDR_7", 0 0, o0x7fbbb0043bc8;  0 drivers
o0x7fbbb0043bf8 .functor BUFZ 1, C4<z>; HiZ drive
v0x7fbbb0150fb0_0 .net "WADDR_8", 0 0, o0x7fbbb0043bf8;  0 drivers
o0x7fbbb0043c28 .functor BUFZ 1, C4<z>; HiZ drive
v0x7fbbb0151050_0 .net "WADDR_9", 0 0, o0x7fbbb0043c28;  0 drivers
o0x7fbbb0043c58 .functor BUFZ 1, C4<z>; HiZ drive
v0x7fbbb01510f0_0 .net "WCLK", 0 0, o0x7fbbb0043c58;  0 drivers
o0x7fbbb0043c88 .functor BUFZ 1, C4<z>; HiZ drive
v0x7fbbb0151190_0 .net "WCLKE", 0 0, o0x7fbbb0043c88;  0 drivers
o0x7fbbb0043cb8 .functor BUFZ 1, C4<z>; HiZ drive
v0x7fbbb0151230_0 .net "WDATA_0", 0 0, o0x7fbbb0043cb8;  0 drivers
o0x7fbbb0043ce8 .functor BUFZ 1, C4<z>; HiZ drive
v0x7fbbb01512d0_0 .net "WDATA_1", 0 0, o0x7fbbb0043ce8;  0 drivers
o0x7fbbb0043d18 .functor BUFZ 1, C4<z>; HiZ drive
v0x7fbbb0151370_0 .net "WDATA_10", 0 0, o0x7fbbb0043d18;  0 drivers
o0x7fbbb0043d48 .functor BUFZ 1, C4<z>; HiZ drive
v0x7fbbb0151410_0 .net "WDATA_11", 0 0, o0x7fbbb0043d48;  0 drivers
o0x7fbbb0043d78 .functor BUFZ 1, C4<z>; HiZ drive
v0x7fbbb01514b0_0 .net "WDATA_12", 0 0, o0x7fbbb0043d78;  0 drivers
o0x7fbbb0043da8 .functor BUFZ 1, C4<z>; HiZ drive
v0x7fbbb0151550_0 .net "WDATA_13", 0 0, o0x7fbbb0043da8;  0 drivers
o0x7fbbb0043dd8 .functor BUFZ 1, C4<z>; HiZ drive
v0x7fbbb01500f0_0 .net "WDATA_14", 0 0, o0x7fbbb0043dd8;  0 drivers
o0x7fbbb0043e08 .functor BUFZ 1, C4<z>; HiZ drive
v0x7fbbb0150190_0 .net "WDATA_15", 0 0, o0x7fbbb0043e08;  0 drivers
o0x7fbbb0043e38 .functor BUFZ 1, C4<z>; HiZ drive
v0x7fbbb0150230_0 .net "WDATA_2", 0 0, o0x7fbbb0043e38;  0 drivers
o0x7fbbb0043e68 .functor BUFZ 1, C4<z>; HiZ drive
v0x7fbbb01515e0_0 .net "WDATA_3", 0 0, o0x7fbbb0043e68;  0 drivers
o0x7fbbb0043e98 .functor BUFZ 1, C4<z>; HiZ drive
v0x7fbbb0151670_0 .net "WDATA_4", 0 0, o0x7fbbb0043e98;  0 drivers
o0x7fbbb0043ec8 .functor BUFZ 1, C4<z>; HiZ drive
v0x7fbbb0151710_0 .net "WDATA_5", 0 0, o0x7fbbb0043ec8;  0 drivers
o0x7fbbb0043ef8 .functor BUFZ 1, C4<z>; HiZ drive
v0x7fbbb01517b0_0 .net "WDATA_6", 0 0, o0x7fbbb0043ef8;  0 drivers
o0x7fbbb0043f28 .functor BUFZ 1, C4<z>; HiZ drive
v0x7fbbb0151850_0 .net "WDATA_7", 0 0, o0x7fbbb0043f28;  0 drivers
o0x7fbbb0043f58 .functor BUFZ 1, C4<z>; HiZ drive
v0x7fbbb01518f0_0 .net "WDATA_8", 0 0, o0x7fbbb0043f58;  0 drivers
o0x7fbbb0043f88 .functor BUFZ 1, C4<z>; HiZ drive
v0x7fbbb0151990_0 .net "WDATA_9", 0 0, o0x7fbbb0043f88;  0 drivers
o0x7fbbb0043fb8 .functor BUFZ 1, C4<z>; HiZ drive
v0x7fbbb0151a30_0 .net "WE", 0 0, o0x7fbbb0043fb8;  0 drivers
v0x7fbbb0151ad0_0 .net *"_ivl_100", 0 0, L_0x7fbbb0180220;  1 drivers
v0x7fbbb0151b80_0 .net *"_ivl_102", 0 0, L_0x7fbbb01802e0;  1 drivers
v0x7fbbb0151c30_0 .net *"_ivl_104", 0 0, L_0x7fbbb0180070;  1 drivers
v0x7fbbb0151ce0_0 .net *"_ivl_106", 0 0, L_0x7fbbb0180150;  1 drivers
v0x7fbbb0151d90_0 .net *"_ivl_108", 0 0, L_0x7fbbb01803c0;  1 drivers
v0x7fbbb0151e40_0 .net *"_ivl_110", 0 0, L_0x7fbbb01804a0;  1 drivers
v0x7fbbb0151ef0_0 .net *"_ivl_112", 0 0, L_0x7fbbb0180780;  1 drivers
v0x7fbbb0151fa0_0 .net *"_ivl_114", 0 0, L_0x7fbbb0180860;  1 drivers
v0x7fbbb0152050_0 .net *"_ivl_116", 0 0, L_0x7fbbb01805a0;  1 drivers
v0x7fbbb0152100_0 .net *"_ivl_120", 0 0, L_0x7fbbb0180940;  1 drivers
v0x7fbbb01521b0_0 .net *"_ivl_122", 0 0, L_0x7fbbb01809e0;  1 drivers
v0x7fbbb0152260_0 .net *"_ivl_124", 0 0, L_0x7fbbb0180a80;  1 drivers
v0x7fbbb0152310_0 .net *"_ivl_126", 0 0, L_0x7fbbb01811d0;  1 drivers
v0x7fbbb01523c0_0 .net *"_ivl_128", 0 0, L_0x7fbbb0180fc0;  1 drivers
v0x7fbbb0152470_0 .net *"_ivl_130", 0 0, L_0x7fbbb0181060;  1 drivers
v0x7fbbb0152520_0 .net *"_ivl_132", 0 0, L_0x7fbbb0181100;  1 drivers
v0x7fbbb01525d0_0 .net *"_ivl_134", 0 0, L_0x7fbbb01814a0;  1 drivers
v0x7fbbb0152680_0 .net *"_ivl_136", 0 0, L_0x7fbbb0181270;  1 drivers
v0x7fbbb0152730_0 .net *"_ivl_138", 0 0, L_0x7fbbb0181310;  1 drivers
v0x7fbbb01527e0_0 .net *"_ivl_140", 0 0, L_0x7fbbb01813d0;  1 drivers
v0x7fbbb0152890_0 .net *"_ivl_142", 0 0, L_0x7fbbb01817b0;  1 drivers
v0x7fbbb0152940_0 .net *"_ivl_144", 0 0, L_0x7fbbb0181540;  1 drivers
v0x7fbbb01529f0_0 .net *"_ivl_146", 0 0, L_0x7fbbb0181620;  1 drivers
v0x7fbbb0152aa0_0 .net *"_ivl_148", 0 0, L_0x7fbbb0181b00;  1 drivers
v0x7fbbb0152b50_0 .net *"_ivl_150", 0 0, L_0x7fbbb0181ba0;  1 drivers
v0x7fbbb0152c00_0 .net *"_ivl_18", 0 0, L_0x7fbbb017dbb0;  1 drivers
v0x7fbbb0152cb0_0 .net/2u *"_ivl_19", 0 0, L_0x7fbbb0073320;  1 drivers
v0x7fbbb0152d60_0 .net *"_ivl_28", 0 0, L_0x7fbbb017def0;  1 drivers
v0x7fbbb0152e10_0 .net *"_ivl_30", 0 0, L_0x7fbbb017dfb0;  1 drivers
v0x7fbbb0152ec0_0 .net *"_ivl_32", 0 0, L_0x7fbbb017de50;  1 drivers
v0x7fbbb0152f70_0 .net *"_ivl_34", 0 0, L_0x7fbbb017e120;  1 drivers
v0x7fbbb0153020_0 .net *"_ivl_36", 0 0, L_0x7fbbb017e2c0;  1 drivers
v0x7fbbb01530d0_0 .net *"_ivl_38", 0 0, L_0x7fbbb017e380;  1 drivers
v0x7fbbb0153180_0 .net *"_ivl_40", 0 0, L_0x7fbbb017e4f0;  1 drivers
v0x7fbbb0153230_0 .net *"_ivl_42", 0 0, L_0x7fbbb017e200;  1 drivers
v0x7fbbb01532e0_0 .net *"_ivl_44", 0 0, L_0x7fbbb017e690;  1 drivers
v0x7fbbb0153390_0 .net *"_ivl_46", 0 0, L_0x7fbbb017e440;  1 drivers
v0x7fbbb0153440_0 .net *"_ivl_48", 0 0, L_0x7fbbb017e880;  1 drivers
v0x7fbbb01534f0_0 .net *"_ivl_52", 0 0, L_0x7fbbb017ed20;  1 drivers
v0x7fbbb01535a0_0 .net/2u *"_ivl_53", 0 0, L_0x7fbbb0073368;  1 drivers
v0x7fbbb0153650_0 .net *"_ivl_62", 0 0, L_0x7fbbb017ef70;  1 drivers
v0x7fbbb0153700_0 .net *"_ivl_64", 0 0, L_0x7fbbb017ee60;  1 drivers
v0x7fbbb01537b0_0 .net *"_ivl_66", 0 0, L_0x7fbbb017f130;  1 drivers
v0x7fbbb0153860_0 .net *"_ivl_68", 0 0, L_0x7fbbb017f010;  1 drivers
v0x7fbbb0153910_0 .net *"_ivl_70", 0 0, L_0x7fbbb017f300;  1 drivers
v0x7fbbb01539c0_0 .net *"_ivl_72", 0 0, L_0x7fbbb017f1d0;  1 drivers
v0x7fbbb0153a70_0 .net *"_ivl_74", 0 0, L_0x7fbbb017f4e0;  1 drivers
v0x7fbbb0153b20_0 .net *"_ivl_76", 0 0, L_0x7fbbb017f3a0;  1 drivers
v0x7fbbb0153bd0_0 .net *"_ivl_78", 0 0, L_0x7fbbb017f440;  1 drivers
v0x7fbbb0153c80_0 .net *"_ivl_80", 0 0, L_0x7fbbb017f580;  1 drivers
v0x7fbbb0153d30_0 .net *"_ivl_82", 0 0, L_0x7fbbb017f870;  1 drivers
v0x7fbbb0153de0_0 .net *"_ivl_86", 0 0, L_0x7fbbb017fd00;  1 drivers
v0x7fbbb0153e90_0 .net *"_ivl_88", 0 0, L_0x7fbbb017f910;  1 drivers
v0x7fbbb0153f40_0 .net *"_ivl_90", 0 0, L_0x7fbbb017f9b0;  1 drivers
v0x7fbbb0153ff0_0 .net *"_ivl_92", 0 0, L_0x7fbbb017ff30;  1 drivers
v0x7fbbb01540a0_0 .net *"_ivl_94", 0 0, L_0x7fbbb017ffd0;  1 drivers
v0x7fbbb0154150_0 .net *"_ivl_96", 0 0, L_0x7fbbb017fda0;  1 drivers
v0x7fbbb0154200_0 .net *"_ivl_98", 0 0, L_0x7fbbb017fe40;  1 drivers
L_0x7fbbb017cc80 .part v0x7fbbb014db60_0, 15, 1;
L_0x7fbbb017cd80 .part v0x7fbbb014db60_0, 14, 1;
L_0x7fbbb017ce20 .part v0x7fbbb014db60_0, 13, 1;
L_0x7fbbb017cf60 .part v0x7fbbb014db60_0, 12, 1;
L_0x7fbbb017d000 .part v0x7fbbb014db60_0, 11, 1;
L_0x7fbbb017d0a0 .part v0x7fbbb014db60_0, 10, 1;
L_0x7fbbb017d160 .part v0x7fbbb014db60_0, 9, 1;
L_0x7fbbb017d360 .part v0x7fbbb014db60_0, 8, 1;
L_0x7fbbb017d400 .part v0x7fbbb014db60_0, 7, 1;
L_0x7fbbb017d4a0 .part v0x7fbbb014db60_0, 6, 1;
L_0x7fbbb017d540 .part v0x7fbbb014db60_0, 5, 1;
L_0x7fbbb017d5e0 .part v0x7fbbb014db60_0, 4, 1;
L_0x7fbbb017d680 .part v0x7fbbb014db60_0, 3, 1;
L_0x7fbbb017d7b0 .part v0x7fbbb014db60_0, 2, 1;
L_0x7fbbb017d870 .part v0x7fbbb014db60_0, 1, 1;
L_0x7fbbb017db10 .part v0x7fbbb014db60_0, 0, 1;
L_0x7fbbb017dbb0 .ufunc/vec4 TD_ICESTORM_RAM.pd, 1, o0x7fbbb00436b8 (v0x7fbbb014e780_0) S_0x7fbbb014e580;
L_0x7fbbb017dcd0 .ufunc/vec4 TD_ICESTORM_RAM.pu, 1, o0x7fbbb00436e8 (v0x7fbbb014ea30_0) S_0x7fbbb014e810;
L_0x7fbbb017dd70 .ufunc/vec4 TD_ICESTORM_RAM.pd, 1, o0x7fbbb0043a18 (v0x7fbbb014e780_0) S_0x7fbbb014e580;
L_0x7fbbb017def0 .ufunc/vec4 TD_ICESTORM_RAM.pd, 1, o0x7fbbb0043508 (v0x7fbbb014e780_0) S_0x7fbbb014e580;
L_0x7fbbb017dfb0 .ufunc/vec4 TD_ICESTORM_RAM.pd, 1, o0x7fbbb0043688 (v0x7fbbb014e780_0) S_0x7fbbb014e580;
L_0x7fbbb017de50 .ufunc/vec4 TD_ICESTORM_RAM.pd, 1, o0x7fbbb0043658 (v0x7fbbb014e780_0) S_0x7fbbb014e580;
L_0x7fbbb017e120 .ufunc/vec4 TD_ICESTORM_RAM.pd, 1, o0x7fbbb0043628 (v0x7fbbb014e780_0) S_0x7fbbb014e580;
L_0x7fbbb017e2c0 .ufunc/vec4 TD_ICESTORM_RAM.pd, 1, o0x7fbbb00435f8 (v0x7fbbb014e780_0) S_0x7fbbb014e580;
L_0x7fbbb017e380 .ufunc/vec4 TD_ICESTORM_RAM.pd, 1, o0x7fbbb00435c8 (v0x7fbbb014e780_0) S_0x7fbbb014e580;
L_0x7fbbb017e4f0 .ufunc/vec4 TD_ICESTORM_RAM.pd, 1, o0x7fbbb0043598 (v0x7fbbb014e780_0) S_0x7fbbb014e580;
L_0x7fbbb017e200 .ufunc/vec4 TD_ICESTORM_RAM.pd, 1, o0x7fbbb0043568 (v0x7fbbb014e780_0) S_0x7fbbb014e580;
L_0x7fbbb017e690 .ufunc/vec4 TD_ICESTORM_RAM.pd, 1, o0x7fbbb0043538 (v0x7fbbb014e780_0) S_0x7fbbb014e580;
L_0x7fbbb017e440 .ufunc/vec4 TD_ICESTORM_RAM.pd, 1, o0x7fbbb00434d8 (v0x7fbbb014e780_0) S_0x7fbbb014e580;
L_0x7fbbb017e880 .ufunc/vec4 TD_ICESTORM_RAM.pd, 1, o0x7fbbb00434a8 (v0x7fbbb014e780_0) S_0x7fbbb014e580;
LS_0x7fbbb017e5d0_0_0 .concat [ 1 1 1 1], L_0x7fbbb017e880, L_0x7fbbb017e440, L_0x7fbbb017e690, L_0x7fbbb017e200;
LS_0x7fbbb017e5d0_0_4 .concat [ 1 1 1 1], L_0x7fbbb017e4f0, L_0x7fbbb017e380, L_0x7fbbb017e2c0, L_0x7fbbb017e120;
LS_0x7fbbb017e5d0_0_8 .concat [ 1 1 1 0], L_0x7fbbb017de50, L_0x7fbbb017dfb0, L_0x7fbbb017def0;
L_0x7fbbb017e5d0 .concat [ 4 4 3 0], LS_0x7fbbb017e5d0_0_0, LS_0x7fbbb017e5d0_0_4, LS_0x7fbbb017e5d0_0_8;
L_0x7fbbb017ed20 .ufunc/vec4 TD_ICESTORM_RAM.pd, 1, o0x7fbbb0043c58 (v0x7fbbb014e780_0) S_0x7fbbb014e580;
L_0x7fbbb017edc0 .ufunc/vec4 TD_ICESTORM_RAM.pu, 1, o0x7fbbb0043c88 (v0x7fbbb014ea30_0) S_0x7fbbb014e810;
L_0x7fbbb017ec20 .ufunc/vec4 TD_ICESTORM_RAM.pd, 1, o0x7fbbb0043fb8 (v0x7fbbb014e780_0) S_0x7fbbb014e580;
L_0x7fbbb017ef70 .ufunc/vec4 TD_ICESTORM_RAM.pd, 1, o0x7fbbb0043aa8 (v0x7fbbb014e780_0) S_0x7fbbb014e580;
L_0x7fbbb017ee60 .ufunc/vec4 TD_ICESTORM_RAM.pd, 1, o0x7fbbb0043c28 (v0x7fbbb014e780_0) S_0x7fbbb014e580;
L_0x7fbbb017f130 .ufunc/vec4 TD_ICESTORM_RAM.pd, 1, o0x7fbbb0043bf8 (v0x7fbbb014e780_0) S_0x7fbbb014e580;
L_0x7fbbb017f010 .ufunc/vec4 TD_ICESTORM_RAM.pd, 1, o0x7fbbb0043bc8 (v0x7fbbb014e780_0) S_0x7fbbb014e580;
L_0x7fbbb017f300 .ufunc/vec4 TD_ICESTORM_RAM.pd, 1, o0x7fbbb0043b98 (v0x7fbbb014e780_0) S_0x7fbbb014e580;
L_0x7fbbb017f1d0 .ufunc/vec4 TD_ICESTORM_RAM.pd, 1, o0x7fbbb0043b68 (v0x7fbbb014e780_0) S_0x7fbbb014e580;
L_0x7fbbb017f4e0 .ufunc/vec4 TD_ICESTORM_RAM.pd, 1, o0x7fbbb0043b38 (v0x7fbbb014e780_0) S_0x7fbbb014e580;
L_0x7fbbb017f3a0 .ufunc/vec4 TD_ICESTORM_RAM.pd, 1, o0x7fbbb0043b08 (v0x7fbbb014e780_0) S_0x7fbbb014e580;
L_0x7fbbb017f440 .ufunc/vec4 TD_ICESTORM_RAM.pd, 1, o0x7fbbb0043ad8 (v0x7fbbb014e780_0) S_0x7fbbb014e580;
L_0x7fbbb017f580 .ufunc/vec4 TD_ICESTORM_RAM.pd, 1, o0x7fbbb0043a78 (v0x7fbbb014e780_0) S_0x7fbbb014e580;
L_0x7fbbb017f870 .ufunc/vec4 TD_ICESTORM_RAM.pd, 1, o0x7fbbb0043a48 (v0x7fbbb014e780_0) S_0x7fbbb014e580;
LS_0x7fbbb017f710_0_0 .concat [ 1 1 1 1], L_0x7fbbb017f870, L_0x7fbbb017f580, L_0x7fbbb017f440, L_0x7fbbb017f3a0;
LS_0x7fbbb017f710_0_4 .concat [ 1 1 1 1], L_0x7fbbb017f4e0, L_0x7fbbb017f1d0, L_0x7fbbb017f300, L_0x7fbbb017f010;
LS_0x7fbbb017f710_0_8 .concat [ 1 1 1 0], L_0x7fbbb017f130, L_0x7fbbb017ee60, L_0x7fbbb017ef70;
L_0x7fbbb017f710 .concat [ 4 4 3 0], LS_0x7fbbb017f710_0_0, LS_0x7fbbb017f710_0_4, LS_0x7fbbb017f710_0_8;
L_0x7fbbb017fd00 .ufunc/vec4 TD_ICESTORM_RAM.pd, 1, o0x7fbbb00432f8 (v0x7fbbb014e780_0) S_0x7fbbb014e580;
L_0x7fbbb017f910 .ufunc/vec4 TD_ICESTORM_RAM.pd, 1, o0x7fbbb00432c8 (v0x7fbbb014e780_0) S_0x7fbbb014e580;
L_0x7fbbb017f9b0 .ufunc/vec4 TD_ICESTORM_RAM.pd, 1, o0x7fbbb0043298 (v0x7fbbb014e780_0) S_0x7fbbb014e580;
L_0x7fbbb017ff30 .ufunc/vec4 TD_ICESTORM_RAM.pd, 1, o0x7fbbb0043268 (v0x7fbbb014e780_0) S_0x7fbbb014e580;
L_0x7fbbb017ffd0 .ufunc/vec4 TD_ICESTORM_RAM.pd, 1, o0x7fbbb0043238 (v0x7fbbb014e780_0) S_0x7fbbb014e580;
L_0x7fbbb017fda0 .ufunc/vec4 TD_ICESTORM_RAM.pd, 1, o0x7fbbb0043208 (v0x7fbbb014e780_0) S_0x7fbbb014e580;
L_0x7fbbb017fe40 .ufunc/vec4 TD_ICESTORM_RAM.pd, 1, o0x7fbbb0043478 (v0x7fbbb014e780_0) S_0x7fbbb014e580;
L_0x7fbbb0180220 .ufunc/vec4 TD_ICESTORM_RAM.pd, 1, o0x7fbbb0043448 (v0x7fbbb014e780_0) S_0x7fbbb014e580;
L_0x7fbbb01802e0 .ufunc/vec4 TD_ICESTORM_RAM.pd, 1, o0x7fbbb0043418 (v0x7fbbb014e780_0) S_0x7fbbb014e580;
L_0x7fbbb0180070 .ufunc/vec4 TD_ICESTORM_RAM.pd, 1, o0x7fbbb00433e8 (v0x7fbbb014e780_0) S_0x7fbbb014e580;
L_0x7fbbb0180150 .ufunc/vec4 TD_ICESTORM_RAM.pd, 1, o0x7fbbb00433b8 (v0x7fbbb014e780_0) S_0x7fbbb014e580;
L_0x7fbbb01803c0 .ufunc/vec4 TD_ICESTORM_RAM.pd, 1, o0x7fbbb0043388 (v0x7fbbb014e780_0) S_0x7fbbb014e580;
L_0x7fbbb01804a0 .ufunc/vec4 TD_ICESTORM_RAM.pd, 1, o0x7fbbb0043358 (v0x7fbbb014e780_0) S_0x7fbbb014e580;
L_0x7fbbb0180780 .ufunc/vec4 TD_ICESTORM_RAM.pd, 1, o0x7fbbb0043328 (v0x7fbbb014e780_0) S_0x7fbbb014e580;
L_0x7fbbb0180860 .ufunc/vec4 TD_ICESTORM_RAM.pd, 1, o0x7fbbb00431d8 (v0x7fbbb014e780_0) S_0x7fbbb014e580;
L_0x7fbbb01805a0 .ufunc/vec4 TD_ICESTORM_RAM.pd, 1, o0x7fbbb00431a8 (v0x7fbbb014e780_0) S_0x7fbbb014e580;
LS_0x7fbbb0180680_0_0 .concat [ 1 1 1 1], L_0x7fbbb01805a0, L_0x7fbbb0180860, L_0x7fbbb0180780, L_0x7fbbb01804a0;
LS_0x7fbbb0180680_0_4 .concat [ 1 1 1 1], L_0x7fbbb01803c0, L_0x7fbbb0180150, L_0x7fbbb0180070, L_0x7fbbb01802e0;
LS_0x7fbbb0180680_0_8 .concat [ 1 1 1 1], L_0x7fbbb0180220, L_0x7fbbb017fe40, L_0x7fbbb017fda0, L_0x7fbbb017ffd0;
LS_0x7fbbb0180680_0_12 .concat [ 1 1 1 1], L_0x7fbbb017ff30, L_0x7fbbb017f9b0, L_0x7fbbb017f910, L_0x7fbbb017fd00;
L_0x7fbbb0180680 .concat [ 4 4 4 4], LS_0x7fbbb0180680_0_0, LS_0x7fbbb0180680_0_4, LS_0x7fbbb0180680_0_8, LS_0x7fbbb0180680_0_12;
L_0x7fbbb0180940 .ufunc/vec4 TD_ICESTORM_RAM.pd, 1, o0x7fbbb0043e08 (v0x7fbbb014e780_0) S_0x7fbbb014e580;
L_0x7fbbb01809e0 .ufunc/vec4 TD_ICESTORM_RAM.pd, 1, o0x7fbbb0043dd8 (v0x7fbbb014e780_0) S_0x7fbbb014e580;
L_0x7fbbb0180a80 .ufunc/vec4 TD_ICESTORM_RAM.pd, 1, o0x7fbbb0043da8 (v0x7fbbb014e780_0) S_0x7fbbb014e580;
L_0x7fbbb01811d0 .ufunc/vec4 TD_ICESTORM_RAM.pd, 1, o0x7fbbb0043d78 (v0x7fbbb014e780_0) S_0x7fbbb014e580;
L_0x7fbbb0180fc0 .ufunc/vec4 TD_ICESTORM_RAM.pd, 1, o0x7fbbb0043d48 (v0x7fbbb014e780_0) S_0x7fbbb014e580;
L_0x7fbbb0181060 .ufunc/vec4 TD_ICESTORM_RAM.pd, 1, o0x7fbbb0043d18 (v0x7fbbb014e780_0) S_0x7fbbb014e580;
L_0x7fbbb0181100 .ufunc/vec4 TD_ICESTORM_RAM.pd, 1, o0x7fbbb0043f88 (v0x7fbbb014e780_0) S_0x7fbbb014e580;
L_0x7fbbb01814a0 .ufunc/vec4 TD_ICESTORM_RAM.pd, 1, o0x7fbbb0043f58 (v0x7fbbb014e780_0) S_0x7fbbb014e580;
L_0x7fbbb0181270 .ufunc/vec4 TD_ICESTORM_RAM.pd, 1, o0x7fbbb0043f28 (v0x7fbbb014e780_0) S_0x7fbbb014e580;
L_0x7fbbb0181310 .ufunc/vec4 TD_ICESTORM_RAM.pd, 1, o0x7fbbb0043ef8 (v0x7fbbb014e780_0) S_0x7fbbb014e580;
L_0x7fbbb01813d0 .ufunc/vec4 TD_ICESTORM_RAM.pd, 1, o0x7fbbb0043ec8 (v0x7fbbb014e780_0) S_0x7fbbb014e580;
L_0x7fbbb01817b0 .ufunc/vec4 TD_ICESTORM_RAM.pd, 1, o0x7fbbb0043e98 (v0x7fbbb014e780_0) S_0x7fbbb014e580;
L_0x7fbbb0181540 .ufunc/vec4 TD_ICESTORM_RAM.pd, 1, o0x7fbbb0043e68 (v0x7fbbb014e780_0) S_0x7fbbb014e580;
L_0x7fbbb0181620 .ufunc/vec4 TD_ICESTORM_RAM.pd, 1, o0x7fbbb0043e38 (v0x7fbbb014e780_0) S_0x7fbbb014e580;
L_0x7fbbb0181b00 .ufunc/vec4 TD_ICESTORM_RAM.pd, 1, o0x7fbbb0043ce8 (v0x7fbbb014e780_0) S_0x7fbbb014e580;
L_0x7fbbb0181ba0 .ufunc/vec4 TD_ICESTORM_RAM.pd, 1, o0x7fbbb0043cb8 (v0x7fbbb014e780_0) S_0x7fbbb014e580;
LS_0x7fbbb0181890_0_0 .concat [ 1 1 1 1], L_0x7fbbb0181ba0, L_0x7fbbb0181b00, L_0x7fbbb0181620, L_0x7fbbb0181540;
LS_0x7fbbb0181890_0_4 .concat [ 1 1 1 1], L_0x7fbbb01817b0, L_0x7fbbb01813d0, L_0x7fbbb0181310, L_0x7fbbb0181270;
LS_0x7fbbb0181890_0_8 .concat [ 1 1 1 1], L_0x7fbbb01814a0, L_0x7fbbb0181100, L_0x7fbbb0181060, L_0x7fbbb0180fc0;
LS_0x7fbbb0181890_0_12 .concat [ 1 1 1 1], L_0x7fbbb01811d0, L_0x7fbbb0180a80, L_0x7fbbb01809e0, L_0x7fbbb0180940;
L_0x7fbbb0181890 .concat [ 4 4 4 4], LS_0x7fbbb0181890_0_0, LS_0x7fbbb0181890_0_4, LS_0x7fbbb0181890_0_8, LS_0x7fbbb0181890_0_12;
S_0x7fbbb014b820 .scope module, "RAM" "SB_RAM40_4K" 2 3233, 2 1487 0, S_0x7fbbae4f7b00;
 .timescale -12 -12;
    .port_info 0 /OUTPUT 16 "RDATA";
    .port_info 1 /INPUT 1 "RCLK";
    .port_info 2 /INPUT 1 "RCLKE";
    .port_info 3 /INPUT 1 "RE";
    .port_info 4 /INPUT 11 "RADDR";
    .port_info 5 /INPUT 1 "WCLK";
    .port_info 6 /INPUT 1 "WCLKE";
    .port_info 7 /INPUT 1 "WE";
    .port_info 8 /INPUT 11 "WADDR";
    .port_info 9 /INPUT 16 "MASK";
    .port_info 10 /INPUT 16 "WDATA";
P_0x7fbbaf842200 .param/l "INIT_0" 0 2 1507, C4<0000000000000000000000000000000000000000000000000000000000000000000000000000000000000000000000000000000000000000000000000000000000000000000000000000000000000000000000000000000000000000000000000000000000000000000000000000000000000000000000000000000000000000>;
P_0x7fbbaf842240 .param/l "INIT_1" 0 2 1508, C4<0000000000000000000000000000000000000000000000000000000000000000000000000000000000000000000000000000000000000000000000000000000000000000000000000000000000000000000000000000000000000000000000000000000000000000000000000000000000000000000000000000000000000000>;
P_0x7fbbaf842280 .param/l "INIT_2" 0 2 1509, C4<0000000000000000000000000000000000000000000000000000000000000000000000000000000000000000000000000000000000000000000000000000000000000000000000000000000000000000000000000000000000000000000000000000000000000000000000000000000000000000000000000000000000000000>;
P_0x7fbbaf8422c0 .param/l "INIT_3" 0 2 1510, C4<0000000000000000000000000000000000000000000000000000000000000000000000000000000000000000000000000000000000000000000000000000000000000000000000000000000000000000000000000000000000000000000000000000000000000000000000000000000000000000000000000000000000000000>;
P_0x7fbbaf842300 .param/l "INIT_4" 0 2 1511, C4<0000000000000000000000000000000000000000000000000000000000000000000000000000000000000000000000000000000000000000000000000000000000000000000000000000000000000000000000000000000000000000000000000000000000000000000000000000000000000000000000000000000000000000>;
P_0x7fbbaf842340 .param/l "INIT_5" 0 2 1512, C4<0000000000000000000000000000000000000000000000000000000000000000000000000000000000000000000000000000000000000000000000000000000000000000000000000000000000000000000000000000000000000000000000000000000000000000000000000000000000000000000000000000000000000000>;
P_0x7fbbaf842380 .param/l "INIT_6" 0 2 1513, C4<0000000000000000000000000000000000000000000000000000000000000000000000000000000000000000000000000000000000000000000000000000000000000000000000000000000000000000000000000000000000000000000000000000000000000000000000000000000000000000000000000000000000000000>;
P_0x7fbbaf8423c0 .param/l "INIT_7" 0 2 1514, C4<0000000000000000000000000000000000000000000000000000000000000000000000000000000000000000000000000000000000000000000000000000000000000000000000000000000000000000000000000000000000000000000000000000000000000000000000000000000000000000000000000000000000000000>;
P_0x7fbbaf842400 .param/l "INIT_8" 0 2 1515, C4<0000000000000000000000000000000000000000000000000000000000000000000000000000000000000000000000000000000000000000000000000000000000000000000000000000000000000000000000000000000000000000000000000000000000000000000000000000000000000000000000000000000000000000>;
P_0x7fbbaf842440 .param/l "INIT_9" 0 2 1516, C4<0000000000000000000000000000000000000000000000000000000000000000000000000000000000000000000000000000000000000000000000000000000000000000000000000000000000000000000000000000000000000000000000000000000000000000000000000000000000000000000000000000000000000000>;
P_0x7fbbaf842480 .param/l "INIT_A" 0 2 1517, C4<0000000000000000000000000000000000000000000000000000000000000000000000000000000000000000000000000000000000000000000000000000000000000000000000000000000000000000000000000000000000000000000000000000000000000000000000000000000000000000000000000000000000000000>;
P_0x7fbbaf8424c0 .param/l "INIT_B" 0 2 1518, C4<0000000000000000000000000000000000000000000000000000000000000000000000000000000000000000000000000000000000000000000000000000000000000000000000000000000000000000000000000000000000000000000000000000000000000000000000000000000000000000000000000000000000000000>;
P_0x7fbbaf842500 .param/l "INIT_C" 0 2 1519, C4<0000000000000000000000000000000000000000000000000000000000000000000000000000000000000000000000000000000000000000000000000000000000000000000000000000000000000000000000000000000000000000000000000000000000000000000000000000000000000000000000000000000000000000>;
P_0x7fbbaf842540 .param/l "INIT_D" 0 2 1520, C4<0000000000000000000000000000000000000000000000000000000000000000000000000000000000000000000000000000000000000000000000000000000000000000000000000000000000000000000000000000000000000000000000000000000000000000000000000000000000000000000000000000000000000000>;
P_0x7fbbaf842580 .param/l "INIT_E" 0 2 1521, C4<0000000000000000000000000000000000000000000000000000000000000000000000000000000000000000000000000000000000000000000000000000000000000000000000000000000000000000000000000000000000000000000000000000000000000000000000000000000000000000000000000000000000000000>;
P_0x7fbbaf8425c0 .param/l "INIT_F" 0 2 1522, C4<0000000000000000000000000000000000000000000000000000000000000000000000000000000000000000000000000000000000000000000000000000000000000000000000000000000000000000000000000000000000000000000000000000000000000000000000000000000000000000000000000000000000000000>;
P_0x7fbbaf842600 .param/str "INIT_FILE" 0 2 1524, "\000";
P_0x7fbbaf842640 .param/l "READ_MODE" 0 2 1505, +C4<00000000000000000000000000000000>;
P_0x7fbbaf842680 .param/l "WRITE_MODE" 0 2 1504, +C4<00000000000000000000000000000000>;
v0x7fbbb014d7e0_0 .net "MASK", 15 0, L_0x7fbbb0180680;  1 drivers
v0x7fbbb014d870_0 .net "RADDR", 10 0, L_0x7fbbb017e5d0;  1 drivers
v0x7fbbb014d920_0 .net "RCLK", 0 0, L_0x7fbbb017d740;  1 drivers
v0x7fbbb014d9d0_0 .net "RCLKE", 0 0, L_0x7fbbb017dcd0;  1 drivers
v0x7fbbb014da70_0 .net "RDATA", 15 0, v0x7fbbb014db60_0;  1 drivers
v0x7fbbb014db60_0 .var "RDATA_I", 15 0;
v0x7fbbb014dc10_0 .net "RE", 0 0, L_0x7fbbb017dd70;  1 drivers
L_0x7fbbb00732d8 .functor BUFT 1, C4<0000000000000000>, C4<0>, C4<0>, C4<0>;
v0x7fbbb014dcb0_0 .net "RMASK_I", 15 0, L_0x7fbbb00732d8;  1 drivers
v0x7fbbb014dd60_0 .net "WADDR", 10 0, L_0x7fbbb017f710;  1 drivers
v0x7fbbb014de70_0 .net "WCLK", 0 0, L_0x7fbbb017e790;  1 drivers
v0x7fbbb014df10_0 .net "WCLKE", 0 0, L_0x7fbbb017edc0;  1 drivers
v0x7fbbb014dfb0_0 .net "WDATA", 15 0, L_0x7fbbb0181890;  1 drivers
v0x7fbbb014e060_0 .net "WDATA_I", 15 0, L_0x7fbbb017cb20;  1 drivers
v0x7fbbb014e110_0 .net "WE", 0 0, L_0x7fbbb017ec20;  1 drivers
v0x7fbbb014e1b0_0 .net "WMASK_I", 15 0, L_0x7fbbb017ca70;  1 drivers
v0x7fbbb014e260_0 .var/i "i", 31 0;
v0x7fbbb014e310 .array "memory", 255 0, 15 0;
E_0x7fbbb014d070 .event posedge, v0x7fbbb014d920_0;
E_0x7fbbb014d0c0 .event posedge, v0x7fbbb014de70_0;
S_0x7fbbb014d110 .scope generate, "genblk1" "genblk1" 2 1534, 2 1534 0, S_0x7fbbb014b820;
 .timescale -12 -12;
L_0x7fbbb017ca70 .functor BUFZ 16, L_0x7fbbb0180680, C4<0000000000000000>, C4<0000000000000000>, C4<0000000000000000>;
S_0x7fbbb014d2e0 .scope generate, "genblk2" "genblk2" 2 1555, 2 1555 0, S_0x7fbbb014b820;
 .timescale -12 -12;
S_0x7fbbb014d4b0 .scope generate, "genblk3" "genblk3" 2 1576, 2 1576 0, S_0x7fbbb014b820;
 .timescale -12 -12;
L_0x7fbbb017cb20 .functor BUFZ 16, L_0x7fbbb0181890, C4<0000000000000000>, C4<0000000000000000>, C4<0000000000000000>;
S_0x7fbbb014d620 .scope generate, "genblk4" "genblk4" 2 1595, 2 1595 0, S_0x7fbbb014b820;
 .timescale -12 -12;
S_0x7fbbb014e580 .scope function.vec4.s1, "pd" "pd" 2 3200, 2 3200 0, S_0x7fbbae4f7b00;
 .timescale -12 -12;
; Variable pd is vec4 return value of scope S_0x7fbbb014e580
v0x7fbbb014e780_0 .var "x", 0 0;
TD_ICESTORM_RAM.pd ;
    %load/vec4 v0x7fbbb014e780_0;
    %cmpi/e 0, 1, 1;
    %flag_mov 8, 6;
    %jmp/0 T_0.0, 8;
    %pushi/vec4 0, 0, 1;
    %jmp/1 T_0.1, 8;
T_0.0 ; End of true expr.
    %load/vec4 v0x7fbbb014e780_0;
    %jmp/0 T_0.1, 8;
 ; End of false expr.
    %blend;
T_0.1;
    %ret/vec4 0, 0, 1;  Assign to pd (store_vec4_to_lval)
    %end;
S_0x7fbbb014e810 .scope function.vec4.s1, "pu" "pu" 2 3207, 2 3207 0, S_0x7fbbae4f7b00;
 .timescale -12 -12;
; Variable pu is vec4 return value of scope S_0x7fbbb014e810
v0x7fbbb014ea30_0 .var "x", 0 0;
TD_ICESTORM_RAM.pu ;
    %load/vec4 v0x7fbbb014ea30_0;
    %cmpi/e 0, 1, 1;
    %flag_mov 8, 6;
    %jmp/0 T_1.2, 8;
    %pushi/vec4 1, 0, 1;
    %jmp/1 T_1.3, 8;
T_1.2 ; End of true expr.
    %load/vec4 v0x7fbbb014ea30_0;
    %jmp/0 T_1.3, 8;
 ; End of false expr.
    %blend;
T_1.3;
    %ret/vec4 0, 0, 1;  Assign to pu (store_vec4_to_lval)
    %end;
S_0x7fbbae4f6f50 .scope module, "SB_CARRY" "SB_CARRY" 2 228;
 .timescale -12 -12;
    .port_info 0 /OUTPUT 1 "CO";
    .port_info 1 /INPUT 1 "I0";
    .port_info 2 /INPUT 1 "I1";
    .port_info 3 /INPUT 1 "CI";
o0x7fbbb0045968 .functor BUFZ 1, C4<z>; HiZ drive
o0x7fbbb0045998 .functor BUFZ 1, C4<z>; HiZ drive
L_0x7fbbb01821c0 .functor AND 1, o0x7fbbb0045968, o0x7fbbb0045998, C4<1>, C4<1>;
L_0x7fbbb0182230 .functor OR 1, o0x7fbbb0045968, o0x7fbbb0045998, C4<0>, C4<0>;
o0x7fbbb0045908 .functor BUFZ 1, C4<z>; HiZ drive
L_0x7fbbb0182320 .functor AND 1, L_0x7fbbb0182230, o0x7fbbb0045908, C4<1>, C4<1>;
L_0x7fbbb01823d0 .functor OR 1, L_0x7fbbb01821c0, L_0x7fbbb0182320, C4<0>, C4<0>;
v0x7fbbae42fef0_0 .net "CI", 0 0, o0x7fbbb0045908;  0 drivers
v0x7fbbae42ffa0_0 .net "CO", 0 0, L_0x7fbbb01823d0;  1 drivers
v0x7fbbae430040_0 .net "I0", 0 0, o0x7fbbb0045968;  0 drivers
v0x7fbbb01549d0_0 .net "I1", 0 0, o0x7fbbb0045998;  0 drivers
v0x7fbbb0154a60_0 .net *"_ivl_1", 0 0, L_0x7fbbb01821c0;  1 drivers
v0x7fbbb0154af0_0 .net *"_ivl_3", 0 0, L_0x7fbbb0182230;  1 drivers
v0x7fbbb0154b80_0 .net *"_ivl_5", 0 0, L_0x7fbbb0182320;  1 drivers
S_0x7fbbae4f6350 .scope module, "SB_DFF" "SB_DFF" 2 265;
 .timescale -12 -12;
    .port_info 0 /OUTPUT 1 "Q";
    .port_info 1 /INPUT 1 "C";
    .port_info 2 /INPUT 1 "D";
o0x7fbbb0045b18 .functor BUFZ 1, C4<z>; HiZ drive
v0x7fbbb0154c50_0 .net "C", 0 0, o0x7fbbb0045b18;  0 drivers
o0x7fbbb0045b48 .functor BUFZ 1, C4<z>; HiZ drive
v0x7fbbb0154d00_0 .net "D", 0 0, o0x7fbbb0045b48;  0 drivers
v0x7fbbb0154da0_0 .var "Q", 0 0;
E_0x7fbbb0154c10 .event posedge, v0x7fbbb0154c50_0;
S_0x7fbbae4f3e70 .scope module, "SB_DFFE" "SB_DFFE" 2 303;
 .timescale -12 -12;
    .port_info 0 /OUTPUT 1 "Q";
    .port_info 1 /INPUT 1 "C";
    .port_info 2 /INPUT 1 "E";
    .port_info 3 /INPUT 1 "D";
o0x7fbbb0045c38 .functor BUFZ 1, C4<z>; HiZ drive
v0x7fbbb0154ee0_0 .net "C", 0 0, o0x7fbbb0045c38;  0 drivers
o0x7fbbb0045c68 .functor BUFZ 1, C4<z>; HiZ drive
v0x7fbbb0154f90_0 .net "D", 0 0, o0x7fbbb0045c68;  0 drivers
o0x7fbbb0045c98 .functor BUFZ 1, C4<z>; HiZ drive
v0x7fbbb0155030_0 .net "E", 0 0, o0x7fbbb0045c98;  0 drivers
v0x7fbbb01550c0_0 .var "Q", 0 0;
E_0x7fbbb0154e80 .event posedge, v0x7fbbb0154ee0_0;
S_0x7fbbae4f57a0 .scope module, "SB_DFFER" "SB_DFFER" 2 653;
 .timescale -12 -12;
    .port_info 0 /OUTPUT 1 "Q";
    .port_info 1 /INPUT 1 "C";
    .port_info 2 /INPUT 1 "E";
    .port_info 3 /INPUT 1 "R";
    .port_info 4 /INPUT 1 "D";
o0x7fbbb0045db8 .functor BUFZ 1, C4<z>; HiZ drive
v0x7fbbb0155220_0 .net "C", 0 0, o0x7fbbb0045db8;  0 drivers
o0x7fbbb0045de8 .functor BUFZ 1, C4<z>; HiZ drive
v0x7fbbb01552d0_0 .net "D", 0 0, o0x7fbbb0045de8;  0 drivers
o0x7fbbb0045e18 .functor BUFZ 1, C4<z>; HiZ drive
v0x7fbbb0155370_0 .net "E", 0 0, o0x7fbbb0045e18;  0 drivers
v0x7fbbb0155400_0 .var "Q", 0 0;
o0x7fbbb0045e78 .functor BUFZ 1, C4<z>; HiZ drive
v0x7fbbb01554a0_0 .net "R", 0 0, o0x7fbbb0045e78;  0 drivers
E_0x7fbbb01551c0 .event posedge, v0x7fbbb01554a0_0, v0x7fbbb0155220_0;
S_0x7fbbae4ffdf0 .scope module, "SB_DFFES" "SB_DFFES" 2 794;
 .timescale -12 -12;
    .port_info 0 /OUTPUT 1 "Q";
    .port_info 1 /INPUT 1 "C";
    .port_info 2 /INPUT 1 "E";
    .port_info 3 /INPUT 1 "S";
    .port_info 4 /INPUT 1 "D";
o0x7fbbb0045f98 .functor BUFZ 1, C4<z>; HiZ drive
v0x7fbbb0155640_0 .net "C", 0 0, o0x7fbbb0045f98;  0 drivers
o0x7fbbb0045fc8 .functor BUFZ 1, C4<z>; HiZ drive
v0x7fbbb01556f0_0 .net "D", 0 0, o0x7fbbb0045fc8;  0 drivers
o0x7fbbb0045ff8 .functor BUFZ 1, C4<z>; HiZ drive
v0x7fbbb0155790_0 .net "E", 0 0, o0x7fbbb0045ff8;  0 drivers
v0x7fbbb0155820_0 .var "Q", 0 0;
o0x7fbbb0046058 .functor BUFZ 1, C4<z>; HiZ drive
v0x7fbbb01558b0_0 .net "S", 0 0, o0x7fbbb0046058;  0 drivers
E_0x7fbbb0155600 .event posedge, v0x7fbbb01558b0_0, v0x7fbbb0155640_0;
S_0x7fbbae4f14a0 .scope module, "SB_DFFESR" "SB_DFFESR" 2 592;
 .timescale -12 -12;
    .port_info 0 /OUTPUT 1 "Q";
    .port_info 1 /INPUT 1 "C";
    .port_info 2 /INPUT 1 "E";
    .port_info 3 /INPUT 1 "R";
    .port_info 4 /INPUT 1 "D";
o0x7fbbb0046178 .functor BUFZ 1, C4<z>; HiZ drive
v0x7fbbb0155a50_0 .net "C", 0 0, o0x7fbbb0046178;  0 drivers
o0x7fbbb00461a8 .functor BUFZ 1, C4<z>; HiZ drive
v0x7fbbb0155b00_0 .net "D", 0 0, o0x7fbbb00461a8;  0 drivers
o0x7fbbb00461d8 .functor BUFZ 1, C4<z>; HiZ drive
v0x7fbbb0155ba0_0 .net "E", 0 0, o0x7fbbb00461d8;  0 drivers
v0x7fbbb0155c30_0 .var "Q", 0 0;
o0x7fbbb0046238 .functor BUFZ 1, C4<z>; HiZ drive
v0x7fbbb0155cc0_0 .net "R", 0 0, o0x7fbbb0046238;  0 drivers
E_0x7fbbb0155a10 .event posedge, v0x7fbbb0155a50_0;
S_0x7fbbae4f3780 .scope module, "SB_DFFESS" "SB_DFFESS" 2 733;
 .timescale -12 -12;
    .port_info 0 /OUTPUT 1 "Q";
    .port_info 1 /INPUT 1 "C";
    .port_info 2 /INPUT 1 "E";
    .port_info 3 /INPUT 1 "S";
    .port_info 4 /INPUT 1 "D";
o0x7fbbb0046358 .functor BUFZ 1, C4<z>; HiZ drive
v0x7fbbb0155e60_0 .net "C", 0 0, o0x7fbbb0046358;  0 drivers
o0x7fbbb0046388 .functor BUFZ 1, C4<z>; HiZ drive
v0x7fbbb0155f10_0 .net "D", 0 0, o0x7fbbb0046388;  0 drivers
o0x7fbbb00463b8 .functor BUFZ 1, C4<z>; HiZ drive
v0x7fbbb0155fb0_0 .net "E", 0 0, o0x7fbbb00463b8;  0 drivers
v0x7fbbb0156040_0 .var "Q", 0 0;
o0x7fbbb0046418 .functor BUFZ 1, C4<z>; HiZ drive
v0x7fbbb01560d0_0 .net "S", 0 0, o0x7fbbb0046418;  0 drivers
E_0x7fbbb0155e20 .event posedge, v0x7fbbb0155e60_0;
S_0x7fbbae4f2ae0 .scope module, "SB_DFFN" "SB_DFFN" 2 876;
 .timescale -12 -12;
    .port_info 0 /OUTPUT 1 "Q";
    .port_info 1 /INPUT 1 "C";
    .port_info 2 /INPUT 1 "D";
o0x7fbbb0046538 .functor BUFZ 1, C4<z>; HiZ drive
v0x7fbbb0156270_0 .net "C", 0 0, o0x7fbbb0046538;  0 drivers
o0x7fbbb0046568 .functor BUFZ 1, C4<z>; HiZ drive
v0x7fbbb0156320_0 .net "D", 0 0, o0x7fbbb0046568;  0 drivers
v0x7fbbb01563c0_0 .var "Q", 0 0;
E_0x7fbbb0156230 .event negedge, v0x7fbbb0156270_0;
S_0x7fbbae4f1fc0 .scope module, "SB_DFFNE" "SB_DFFNE" 2 914;
 .timescale -12 -12;
    .port_info 0 /OUTPUT 1 "Q";
    .port_info 1 /INPUT 1 "C";
    .port_info 2 /INPUT 1 "E";
    .port_info 3 /INPUT 1 "D";
o0x7fbbb0046658 .functor BUFZ 1, C4<z>; HiZ drive
v0x7fbbb01564f0_0 .net "C", 0 0, o0x7fbbb0046658;  0 drivers
o0x7fbbb0046688 .functor BUFZ 1, C4<z>; HiZ drive
v0x7fbbb01565a0_0 .net "D", 0 0, o0x7fbbb0046688;  0 drivers
o0x7fbbb00466b8 .functor BUFZ 1, C4<z>; HiZ drive
v0x7fbbb0156640_0 .net "E", 0 0, o0x7fbbb00466b8;  0 drivers
v0x7fbbb01566d0_0 .var "Q", 0 0;
E_0x7fbbb0156490 .event negedge, v0x7fbbb01564f0_0;
S_0x7fbbae4d7640 .scope module, "SB_DFFNER" "SB_DFFNER" 2 1264;
 .timescale -12 -12;
    .port_info 0 /OUTPUT 1 "Q";
    .port_info 1 /INPUT 1 "C";
    .port_info 2 /INPUT 1 "E";
    .port_info 3 /INPUT 1 "R";
    .port_info 4 /INPUT 1 "D";
o0x7fbbb00467d8 .functor BUFZ 1, C4<z>; HiZ drive
v0x7fbbb0156830_0 .net "C", 0 0, o0x7fbbb00467d8;  0 drivers
o0x7fbbb0046808 .functor BUFZ 1, C4<z>; HiZ drive
v0x7fbbb01568e0_0 .net "D", 0 0, o0x7fbbb0046808;  0 drivers
o0x7fbbb0046838 .functor BUFZ 1, C4<z>; HiZ drive
v0x7fbbb0156980_0 .net "E", 0 0, o0x7fbbb0046838;  0 drivers
v0x7fbbb0156a10_0 .var "Q", 0 0;
o0x7fbbb0046898 .functor BUFZ 1, C4<z>; HiZ drive
v0x7fbbb0156ab0_0 .net "R", 0 0, o0x7fbbb0046898;  0 drivers
E_0x7fbbb01567d0/0 .event negedge, v0x7fbbb0156830_0;
E_0x7fbbb01567d0/1 .event posedge, v0x7fbbb0156ab0_0;
E_0x7fbbb01567d0 .event/or E_0x7fbbb01567d0/0, E_0x7fbbb01567d0/1;
S_0x7fbbae4d1130 .scope module, "SB_DFFNES" "SB_DFFNES" 2 1405;
 .timescale -12 -12;
    .port_info 0 /OUTPUT 1 "Q";
    .port_info 1 /INPUT 1 "C";
    .port_info 2 /INPUT 1 "E";
    .port_info 3 /INPUT 1 "S";
    .port_info 4 /INPUT 1 "D";
o0x7fbbb00469b8 .functor BUFZ 1, C4<z>; HiZ drive
v0x7fbbb0156c50_0 .net "C", 0 0, o0x7fbbb00469b8;  0 drivers
o0x7fbbb00469e8 .functor BUFZ 1, C4<z>; HiZ drive
v0x7fbbb0156d00_0 .net "D", 0 0, o0x7fbbb00469e8;  0 drivers
o0x7fbbb0046a18 .functor BUFZ 1, C4<z>; HiZ drive
v0x7fbbb0156da0_0 .net "E", 0 0, o0x7fbbb0046a18;  0 drivers
v0x7fbbb0156e30_0 .var "Q", 0 0;
o0x7fbbb0046a78 .functor BUFZ 1, C4<z>; HiZ drive
v0x7fbbb0156ec0_0 .net "S", 0 0, o0x7fbbb0046a78;  0 drivers
E_0x7fbbb0156c10/0 .event negedge, v0x7fbbb0156c50_0;
E_0x7fbbb0156c10/1 .event posedge, v0x7fbbb0156ec0_0;
E_0x7fbbb0156c10 .event/or E_0x7fbbb0156c10/0, E_0x7fbbb0156c10/1;
S_0x7fbbae4d3eb0 .scope module, "SB_DFFNESR" "SB_DFFNESR" 2 1203;
 .timescale -12 -12;
    .port_info 0 /OUTPUT 1 "Q";
    .port_info 1 /INPUT 1 "C";
    .port_info 2 /INPUT 1 "E";
    .port_info 3 /INPUT 1 "R";
    .port_info 4 /INPUT 1 "D";
o0x7fbbb0046b98 .functor BUFZ 1, C4<z>; HiZ drive
v0x7fbbb0157060_0 .net "C", 0 0, o0x7fbbb0046b98;  0 drivers
o0x7fbbb0046bc8 .functor BUFZ 1, C4<z>; HiZ drive
v0x7fbbb0157110_0 .net "D", 0 0, o0x7fbbb0046bc8;  0 drivers
o0x7fbbb0046bf8 .functor BUFZ 1, C4<z>; HiZ drive
v0x7fbbb01571b0_0 .net "E", 0 0, o0x7fbbb0046bf8;  0 drivers
v0x7fbbb0157240_0 .var "Q", 0 0;
o0x7fbbb0046c58 .functor BUFZ 1, C4<z>; HiZ drive
v0x7fbbb01572d0_0 .net "R", 0 0, o0x7fbbb0046c58;  0 drivers
E_0x7fbbb0157020 .event negedge, v0x7fbbb0157060_0;
S_0x7fbbae4d09c0 .scope module, "SB_DFFNESS" "SB_DFFNESS" 2 1344;
 .timescale -12 -12;
    .port_info 0 /OUTPUT 1 "Q";
    .port_info 1 /INPUT 1 "C";
    .port_info 2 /INPUT 1 "E";
    .port_info 3 /INPUT 1 "S";
    .port_info 4 /INPUT 1 "D";
o0x7fbbb0046d78 .functor BUFZ 1, C4<z>; HiZ drive
v0x7fbbb0157470_0 .net "C", 0 0, o0x7fbbb0046d78;  0 drivers
o0x7fbbb0046da8 .functor BUFZ 1, C4<z>; HiZ drive
v0x7fbbb0157520_0 .net "D", 0 0, o0x7fbbb0046da8;  0 drivers
o0x7fbbb0046dd8 .functor BUFZ 1, C4<z>; HiZ drive
v0x7fbbb01575c0_0 .net "E", 0 0, o0x7fbbb0046dd8;  0 drivers
v0x7fbbb0157650_0 .var "Q", 0 0;
o0x7fbbb0046e38 .functor BUFZ 1, C4<z>; HiZ drive
v0x7fbbb01576e0_0 .net "S", 0 0, o0x7fbbb0046e38;  0 drivers
E_0x7fbbb0157430 .event negedge, v0x7fbbb0157470_0;
S_0x7fbbae4dea90 .scope module, "SB_DFFNR" "SB_DFFNR" 2 1011;
 .timescale -12 -12;
    .port_info 0 /OUTPUT 1 "Q";
    .port_info 1 /INPUT 1 "C";
    .port_info 2 /INPUT 1 "R";
    .port_info 3 /INPUT 1 "D";
o0x7fbbb0046f58 .functor BUFZ 1, C4<z>; HiZ drive
v0x7fbbb0157880_0 .net "C", 0 0, o0x7fbbb0046f58;  0 drivers
o0x7fbbb0046f88 .functor BUFZ 1, C4<z>; HiZ drive
v0x7fbbb0157930_0 .net "D", 0 0, o0x7fbbb0046f88;  0 drivers
v0x7fbbb01579d0_0 .var "Q", 0 0;
o0x7fbbb0046fe8 .functor BUFZ 1, C4<z>; HiZ drive
v0x7fbbb0157a60_0 .net "R", 0 0, o0x7fbbb0046fe8;  0 drivers
E_0x7fbbb0157840/0 .event negedge, v0x7fbbb0157880_0;
E_0x7fbbb0157840/1 .event posedge, v0x7fbbb0157a60_0;
E_0x7fbbb0157840 .event/or E_0x7fbbb0157840/0, E_0x7fbbb0157840/1;
S_0x7fbbae4db1f0 .scope module, "SB_DFFNS" "SB_DFFNS" 2 1132;
 .timescale -12 -12;
    .port_info 0 /OUTPUT 1 "Q";
    .port_info 1 /INPUT 1 "C";
    .port_info 2 /INPUT 1 "S";
    .port_info 3 /INPUT 1 "D";
o0x7fbbb00470d8 .functor BUFZ 1, C4<z>; HiZ drive
v0x7fbbb0157bb0_0 .net "C", 0 0, o0x7fbbb00470d8;  0 drivers
o0x7fbbb0047108 .functor BUFZ 1, C4<z>; HiZ drive
v0x7fbbb0157c60_0 .net "D", 0 0, o0x7fbbb0047108;  0 drivers
v0x7fbbb0157d00_0 .var "Q", 0 0;
o0x7fbbb0047168 .functor BUFZ 1, C4<z>; HiZ drive
v0x7fbbb0157d90_0 .net "S", 0 0, o0x7fbbb0047168;  0 drivers
E_0x7fbbb0157b50/0 .event negedge, v0x7fbbb0157bb0_0;
E_0x7fbbb0157b50/1 .event posedge, v0x7fbbb0157d90_0;
E_0x7fbbb0157b50 .event/or E_0x7fbbb0157b50/0, E_0x7fbbb0157b50/1;
S_0x7fbbae4cfae0 .scope module, "SB_DFFNSR" "SB_DFFNSR" 2 961;
 .timescale -12 -12;
    .port_info 0 /OUTPUT 1 "Q";
    .port_info 1 /INPUT 1 "C";
    .port_info 2 /INPUT 1 "R";
    .port_info 3 /INPUT 1 "D";
o0x7fbbb0047258 .functor BUFZ 1, C4<z>; HiZ drive
v0x7fbbb0157ef0_0 .net "C", 0 0, o0x7fbbb0047258;  0 drivers
o0x7fbbb0047288 .functor BUFZ 1, C4<z>; HiZ drive
v0x7fbbb0157fa0_0 .net "D", 0 0, o0x7fbbb0047288;  0 drivers
v0x7fbbb0158040_0 .var "Q", 0 0;
o0x7fbbb00472e8 .functor BUFZ 1, C4<z>; HiZ drive
v0x7fbbb01580d0_0 .net "R", 0 0, o0x7fbbb00472e8;  0 drivers
E_0x7fbbb0157e90 .event negedge, v0x7fbbb0157ef0_0;
S_0x7fbbae4cf0f0 .scope module, "SB_DFFNSS" "SB_DFFNSS" 2 1082;
 .timescale -12 -12;
    .port_info 0 /OUTPUT 1 "Q";
    .port_info 1 /INPUT 1 "C";
    .port_info 2 /INPUT 1 "S";
    .port_info 3 /INPUT 1 "D";
o0x7fbbb00473d8 .functor BUFZ 1, C4<z>; HiZ drive
v0x7fbbb0158230_0 .net "C", 0 0, o0x7fbbb00473d8;  0 drivers
o0x7fbbb0047408 .functor BUFZ 1, C4<z>; HiZ drive
v0x7fbbb01582e0_0 .net "D", 0 0, o0x7fbbb0047408;  0 drivers
v0x7fbbb0158380_0 .var "Q", 0 0;
o0x7fbbb0047468 .functor BUFZ 1, C4<z>; HiZ drive
v0x7fbbb0158410_0 .net "S", 0 0, o0x7fbbb0047468;  0 drivers
E_0x7fbbb01581d0 .event negedge, v0x7fbbb0158230_0;
S_0x7fbbae4ce470 .scope module, "SB_DFFR" "SB_DFFR" 2 400;
 .timescale -12 -12;
    .port_info 0 /OUTPUT 1 "Q";
    .port_info 1 /INPUT 1 "C";
    .port_info 2 /INPUT 1 "R";
    .port_info 3 /INPUT 1 "D";
o0x7fbbb0047558 .functor BUFZ 1, C4<z>; HiZ drive
v0x7fbbb0158570_0 .net "C", 0 0, o0x7fbbb0047558;  0 drivers
o0x7fbbb0047588 .functor BUFZ 1, C4<z>; HiZ drive
v0x7fbbb0158620_0 .net "D", 0 0, o0x7fbbb0047588;  0 drivers
v0x7fbbb01586c0_0 .var "Q", 0 0;
o0x7fbbb00475e8 .functor BUFZ 1, C4<z>; HiZ drive
v0x7fbbb0158750_0 .net "R", 0 0, o0x7fbbb00475e8;  0 drivers
E_0x7fbbb0158510 .event posedge, v0x7fbbb0158750_0, v0x7fbbb0158570_0;
S_0x7fbbae4cd970 .scope module, "SB_DFFS" "SB_DFFS" 2 521;
 .timescale -12 -12;
    .port_info 0 /OUTPUT 1 "Q";
    .port_info 1 /INPUT 1 "C";
    .port_info 2 /INPUT 1 "S";
    .port_info 3 /INPUT 1 "D";
o0x7fbbb00476d8 .functor BUFZ 1, C4<z>; HiZ drive
v0x7fbbb01588b0_0 .net "C", 0 0, o0x7fbbb00476d8;  0 drivers
o0x7fbbb0047708 .functor BUFZ 1, C4<z>; HiZ drive
v0x7fbbb0158960_0 .net "D", 0 0, o0x7fbbb0047708;  0 drivers
v0x7fbbb0158a00_0 .var "Q", 0 0;
o0x7fbbb0047768 .functor BUFZ 1, C4<z>; HiZ drive
v0x7fbbb0158a90_0 .net "S", 0 0, o0x7fbbb0047768;  0 drivers
E_0x7fbbb0158850 .event posedge, v0x7fbbb0158a90_0, v0x7fbbb01588b0_0;
S_0x7fbbae4c7b10 .scope module, "SB_DFFSR" "SB_DFFSR" 2 350;
 .timescale -12 -12;
    .port_info 0 /OUTPUT 1 "Q";
    .port_info 1 /INPUT 1 "C";
    .port_info 2 /INPUT 1 "R";
    .port_info 3 /INPUT 1 "D";
o0x7fbbb0047858 .functor BUFZ 1, C4<z>; HiZ drive
v0x7fbbb0158bf0_0 .net "C", 0 0, o0x7fbbb0047858;  0 drivers
o0x7fbbb0047888 .functor BUFZ 1, C4<z>; HiZ drive
v0x7fbbb0158ca0_0 .net "D", 0 0, o0x7fbbb0047888;  0 drivers
v0x7fbbb0158d40_0 .var "Q", 0 0;
o0x7fbbb00478e8 .functor BUFZ 1, C4<z>; HiZ drive
v0x7fbbb0158dd0_0 .net "R", 0 0, o0x7fbbb00478e8;  0 drivers
E_0x7fbbb0158b90 .event posedge, v0x7fbbb0158bf0_0;
S_0x7fbbae4cce70 .scope module, "SB_DFFSS" "SB_DFFSS" 2 471;
 .timescale -12 -12;
    .port_info 0 /OUTPUT 1 "Q";
    .port_info 1 /INPUT 1 "C";
    .port_info 2 /INPUT 1 "S";
    .port_info 3 /INPUT 1 "D";
o0x7fbbb00479d8 .functor BUFZ 1, C4<z>; HiZ drive
v0x7fbbb0158f30_0 .net "C", 0 0, o0x7fbbb00479d8;  0 drivers
o0x7fbbb0047a08 .functor BUFZ 1, C4<z>; HiZ drive
v0x7fbbb0158fe0_0 .net "D", 0 0, o0x7fbbb0047a08;  0 drivers
v0x7fbbb0159080_0 .var "Q", 0 0;
o0x7fbbb0047a68 .functor BUFZ 1, C4<z>; HiZ drive
v0x7fbbb0159110_0 .net "S", 0 0, o0x7fbbb0047a68;  0 drivers
E_0x7fbbb0158ed0 .event posedge, v0x7fbbb0158f30_0;
S_0x7fbbae4cbdf0 .scope module, "SB_FILTER_50NS" "SB_FILTER_50NS" 2 2856;
 .timescale -12 -12;
    .port_info 0 /INPUT 1 "FILTERIN";
    .port_info 1 /OUTPUT 1 "FILTEROUT";
o0x7fbbb0047b58 .functor BUFZ 1, C4<z>; HiZ drive
v0x7fbbb0159210_0 .net "FILTERIN", 0 0, o0x7fbbb0047b58;  0 drivers
o0x7fbbb0047b88 .functor BUFZ 1, C4<z>; HiZ drive
v0x7fbbb01592c0_0 .net "FILTEROUT", 0 0, o0x7fbbb0047b88;  0 drivers
S_0x7fbbae4cb090 .scope module, "SB_GB" "SB_GB" 2 162;
 .timescale -12 -12;
    .port_info 0 /INPUT 1 "USER_SIGNAL_TO_GLOBAL_BUFFER";
    .port_info 1 /OUTPUT 1 "GLOBAL_BUFFER_OUTPUT";
o0x7fbbb0047c48 .functor BUFZ 1, C4<z>; HiZ drive
L_0x7fbbb01824c0 .functor BUFZ 1, o0x7fbbb0047c48, C4<0>, C4<0>, C4<0>;
v0x7fbbb0159370_0 .net "GLOBAL_BUFFER_OUTPUT", 0 0, L_0x7fbbb01824c0;  1 drivers
v0x7fbbb0159410_0 .net "USER_SIGNAL_TO_GLOBAL_BUFFER", 0 0, o0x7fbbb0047c48;  0 drivers
S_0x7fbbae4ca330 .scope module, "SB_GB_IO" "SB_GB_IO" 2 123;
 .timescale -12 -12;
    .port_info 0 /INOUT 1 "PACKAGE_PIN";
    .port_info 1 /OUTPUT 1 "GLOBAL_BUFFER_OUTPUT";
    .port_info 2 /INPUT 1 "LATCH_INPUT_VALUE";
    .port_info 3 /INPUT 1 "CLOCK_ENABLE";
    .port_info 4 /INPUT 1 "INPUT_CLK";
    .port_info 5 /INPUT 1 "OUTPUT_CLK";
    .port_info 6 /INPUT 1 "OUTPUT_ENABLE";
    .port_info 7 /INPUT 1 "D_OUT_0";
    .port_info 8 /INPUT 1 "D_OUT_1";
    .port_info 9 /OUTPUT 1 "D_IN_0";
    .port_info 10 /OUTPUT 1 "D_IN_1";
P_0x7fbbb012af50 .param/str "IO_STANDARD" 0 2 139, "SB_LVCMOS";
P_0x7fbbb012af90 .param/l "NEG_TRIGGER" 0 2 138, C4<0>;
P_0x7fbbb012afd0 .param/l "PIN_TYPE" 0 2 136, C4<000000>;
P_0x7fbbb012b010 .param/l "PULLUP" 0 2 137, C4<0>;
o0x7fbbb0047e88 .functor BUFZ 1, C4<z>; HiZ drive
L_0x7fbbb0182530 .functor BUFZ 1, o0x7fbbb0047e88, C4<0>, C4<0>, C4<0>;
o0x7fbbb0047cd8 .functor BUFZ 1, C4<z>; HiZ drive
v0x7fbbb015b130_0 .net "CLOCK_ENABLE", 0 0, o0x7fbbb0047cd8;  0 drivers
v0x7fbbb015b1c0_0 .net "D_IN_0", 0 0, L_0x7fbbb0182770;  1 drivers
v0x7fbbb015b250_0 .net "D_IN_1", 0 0, L_0x7fbbb0182820;  1 drivers
o0x7fbbb0047d68 .functor BUFZ 1, C4<z>; HiZ drive
v0x7fbbb015b2e0_0 .net "D_OUT_0", 0 0, o0x7fbbb0047d68;  0 drivers
o0x7fbbb0047d98 .functor BUFZ 1, C4<z>; HiZ drive
v0x7fbbb015b370_0 .net "D_OUT_1", 0 0, o0x7fbbb0047d98;  0 drivers
v0x7fbbb015b440_0 .net "GLOBAL_BUFFER_OUTPUT", 0 0, L_0x7fbbb0182530;  1 drivers
o0x7fbbb0047dc8 .functor BUFZ 1, C4<z>; HiZ drive
v0x7fbbb015b4d0_0 .net "INPUT_CLK", 0 0, o0x7fbbb0047dc8;  0 drivers
o0x7fbbb0047df8 .functor BUFZ 1, C4<z>; HiZ drive
v0x7fbbb015b560_0 .net "LATCH_INPUT_VALUE", 0 0, o0x7fbbb0047df8;  0 drivers
o0x7fbbb0047e28 .functor BUFZ 1, C4<z>; HiZ drive
v0x7fbbb015b610_0 .net "OUTPUT_CLK", 0 0, o0x7fbbb0047e28;  0 drivers
o0x7fbbb0047e58 .functor BUFZ 1, C4<z>; HiZ drive
v0x7fbbb015b740_0 .net "OUTPUT_ENABLE", 0 0, o0x7fbbb0047e58;  0 drivers
v0x7fbbb015b7d0_0 .net "PACKAGE_PIN", 0 0, o0x7fbbb0047e88;  0 drivers
S_0x7fbbb01594e0 .scope module, "IO" "SB_IO" 2 148, 2 17 0, S_0x7fbbae4ca330;
 .timescale -12 -12;
    .port_info 0 /INOUT 1 "PACKAGE_PIN";
    .port_info 1 /INPUT 1 "LATCH_INPUT_VALUE";
    .port_info 2 /INPUT 1 "CLOCK_ENABLE";
    .port_info 3 /INPUT 1 "INPUT_CLK";
    .port_info 4 /INPUT 1 "OUTPUT_CLK";
    .port_info 5 /INPUT 1 "OUTPUT_ENABLE";
    .port_info 6 /INPUT 1 "D_OUT_0";
    .port_info 7 /INPUT 1 "D_OUT_1";
    .port_info 8 /OUTPUT 1 "D_IN_0";
    .port_info 9 /OUTPUT 1 "D_IN_1";
P_0x7fbbb01596a0 .param/str "IO_STANDARD" 0 2 32, "SB_LVCMOS";
P_0x7fbbb01596e0 .param/l "NEG_TRIGGER" 0 2 31, C4<0>;
P_0x7fbbb0159720 .param/l "PIN_TYPE" 0 2 29, C4<000000>;
P_0x7fbbb0159760 .param/l "PULLUP" 0 2 30, C4<0>;
L_0x7fbbb01826c0 .functor OR 1, o0x7fbbb0047cd8, L_0x7fbbb01825e0, C4<0>, C4<0>;
L_0x7fbbb0182770 .functor BUFZ 1, v0x7fbbb015a940_0, C4<0>, C4<0>, C4<0>;
L_0x7fbbb0182820 .functor BUFZ 1, v0x7fbbb015a9e0_0, C4<0>, C4<0>, C4<0>;
v0x7fbbb0159f10_0 .net "CLOCK_ENABLE", 0 0, o0x7fbbb0047cd8;  alias, 0 drivers
v0x7fbbb0159fc0_0 .net "D_IN_0", 0 0, L_0x7fbbb0182770;  alias, 1 drivers
v0x7fbbb015a060_0 .net "D_IN_1", 0 0, L_0x7fbbb0182820;  alias, 1 drivers
v0x7fbbb015a110_0 .net "D_OUT_0", 0 0, o0x7fbbb0047d68;  alias, 0 drivers
v0x7fbbb015a1b0_0 .net "D_OUT_1", 0 0, o0x7fbbb0047d98;  alias, 0 drivers
v0x7fbbb015a290_0 .net "INPUT_CLK", 0 0, o0x7fbbb0047dc8;  alias, 0 drivers
v0x7fbbb015a330_0 .net "LATCH_INPUT_VALUE", 0 0, o0x7fbbb0047df8;  alias, 0 drivers
v0x7fbbb015a3d0_0 .net "OUTPUT_CLK", 0 0, o0x7fbbb0047e28;  alias, 0 drivers
v0x7fbbb015a470_0 .net "OUTPUT_ENABLE", 0 0, o0x7fbbb0047e58;  alias, 0 drivers
v0x7fbbb015a580_0 .net "PACKAGE_PIN", 0 0, o0x7fbbb0047e88;  alias, 0 drivers
o0x7fbbb0047eb8 .functor BUFZ 1, C4<z>; HiZ drive
; Elide local net with no drivers, v0x7fbbb015a610_0 name=_ivl_0
v0x7fbbb015a6c0_0 .net *"_ivl_2", 0 0, L_0x7fbbb01825e0;  1 drivers
v0x7fbbb015a760_0 .net "clken_pulled", 0 0, L_0x7fbbb01826c0;  1 drivers
v0x7fbbb015a800_0 .var "clken_pulled_ri", 0 0;
v0x7fbbb015a8a0_0 .var "clken_pulled_ro", 0 0;
v0x7fbbb015a940_0 .var "din_0", 0 0;
v0x7fbbb015a9e0_0 .var "din_1", 0 0;
v0x7fbbb015ab70_0 .var "din_q_0", 0 0;
v0x7fbbb015ac00_0 .var "din_q_1", 0 0;
v0x7fbbb015ac90_0 .var "dout", 0 0;
v0x7fbbb015ad20_0 .var "dout_q_0", 0 0;
v0x7fbbb015adc0_0 .var "dout_q_1", 0 0;
v0x7fbbb015ae60_0 .var "outclk_delayed_1", 0 0;
v0x7fbbb015af00_0 .var "outclk_delayed_2", 0 0;
v0x7fbbb015afa0_0 .var "outena_q", 0 0;
E_0x7fbbb0159aa0 .event anyedge, v0x7fbbb015af00_0, v0x7fbbb015ad20_0, v0x7fbbb015adc0_0;
E_0x7fbbb0159ae0 .event anyedge, v0x7fbbb015ae60_0;
E_0x7fbbb0159b30 .event anyedge, v0x7fbbb015a3d0_0;
E_0x7fbbb0159b90 .event anyedge, v0x7fbbb015ab70_0, v0x7fbbb015ac00_0;
L_0x7fbbb01825e0 .cmp/eeq 1, o0x7fbbb0047cd8, o0x7fbbb0047eb8;
S_0x7fbbb0159be0 .scope generate, "genblk1" "genblk1" 2 45, 2 45 0, S_0x7fbbb01594e0;
 .timescale -12 -12;
E_0x7fbbb0159db0 .event posedge, v0x7fbbb015a3d0_0;
E_0x7fbbb0159e10 .event negedge, v0x7fbbb015a3d0_0;
E_0x7fbbb0159e60 .event negedge, v0x7fbbb015a290_0;
E_0x7fbbb0159ec0 .event posedge, v0x7fbbb015a290_0;
S_0x7fbbae4c95d0 .scope module, "SB_HFOSC" "SB_HFOSC" 2 2664;
 .timescale -12 -12;
    .port_info 0 /INPUT 1 "TRIM0";
    .port_info 1 /INPUT 1 "TRIM1";
    .port_info 2 /INPUT 1 "TRIM2";
    .port_info 3 /INPUT 1 "TRIM3";
    .port_info 4 /INPUT 1 "TRIM4";
    .port_info 5 /INPUT 1 "TRIM5";
    .port_info 6 /INPUT 1 "TRIM6";
    .port_info 7 /INPUT 1 "TRIM7";
    .port_info 8 /INPUT 1 "TRIM8";
    .port_info 9 /INPUT 1 "TRIM9";
    .port_info 10 /INPUT 1 "CLKHFPU";
    .port_info 11 /INPUT 1 "CLKHFEN";
    .port_info 12 /OUTPUT 1 "CLKHF";
P_0x7fbbae4330a0 .param/str "CLKHF_DIV" 0 2 2680, "0b00";
P_0x7fbbae4330e0 .param/str "TRIM_EN" 0 2 2679, "0b0";
o0x7fbbb00485a8 .functor BUFZ 1, C4<z>; HiZ drive
v0x7fbbb015b8d0_0 .net "CLKHF", 0 0, o0x7fbbb00485a8;  0 drivers
o0x7fbbb00485d8 .functor BUFZ 1, C4<z>; HiZ drive
v0x7fbbb015b980_0 .net "CLKHFEN", 0 0, o0x7fbbb00485d8;  0 drivers
o0x7fbbb0048608 .functor BUFZ 1, C4<z>; HiZ drive
v0x7fbbb015ba20_0 .net "CLKHFPU", 0 0, o0x7fbbb0048608;  0 drivers
o0x7fbbb0048638 .functor BUFZ 1, C4<z>; HiZ drive
v0x7fbbb015bab0_0 .net "TRIM0", 0 0, o0x7fbbb0048638;  0 drivers
o0x7fbbb0048668 .functor BUFZ 1, C4<z>; HiZ drive
v0x7fbbb015bb40_0 .net "TRIM1", 0 0, o0x7fbbb0048668;  0 drivers
o0x7fbbb0048698 .functor BUFZ 1, C4<z>; HiZ drive
v0x7fbbb015bc10_0 .net "TRIM2", 0 0, o0x7fbbb0048698;  0 drivers
o0x7fbbb00486c8 .functor BUFZ 1, C4<z>; HiZ drive
v0x7fbbb015bca0_0 .net "TRIM3", 0 0, o0x7fbbb00486c8;  0 drivers
o0x7fbbb00486f8 .functor BUFZ 1, C4<z>; HiZ drive
v0x7fbbb015bd30_0 .net "TRIM4", 0 0, o0x7fbbb00486f8;  0 drivers
o0x7fbbb0048728 .functor BUFZ 1, C4<z>; HiZ drive
v0x7fbbb015bdd0_0 .net "TRIM5", 0 0, o0x7fbbb0048728;  0 drivers
o0x7fbbb0048758 .functor BUFZ 1, C4<z>; HiZ drive
v0x7fbbb015bee0_0 .net "TRIM6", 0 0, o0x7fbbb0048758;  0 drivers
o0x7fbbb0048788 .functor BUFZ 1, C4<z>; HiZ drive
v0x7fbbb015bf70_0 .net "TRIM7", 0 0, o0x7fbbb0048788;  0 drivers
o0x7fbbb00487b8 .functor BUFZ 1, C4<z>; HiZ drive
v0x7fbbb015c010_0 .net "TRIM8", 0 0, o0x7fbbb00487b8;  0 drivers
o0x7fbbb00487e8 .functor BUFZ 1, C4<z>; HiZ drive
v0x7fbbb015c0b0_0 .net "TRIM9", 0 0, o0x7fbbb00487e8;  0 drivers
S_0x7fbbae4c8870 .scope module, "SB_I2C" "SB_I2C" 2 2733;
 .timescale -12 -12;
    .port_info 0 /INPUT 1 "SBCLKI";
    .port_info 1 /INPUT 1 "SBRWI";
    .port_info 2 /INPUT 1 "SBSTBI";
    .port_info 3 /INPUT 1 "SBADRI7";
    .port_info 4 /INPUT 1 "SBADRI6";
    .port_info 5 /INPUT 1 "SBADRI5";
    .port_info 6 /INPUT 1 "SBADRI4";
    .port_info 7 /INPUT 1 "SBADRI3";
    .port_info 8 /INPUT 1 "SBADRI2";
    .port_info 9 /INPUT 1 "SBADRI1";
    .port_info 10 /INPUT 1 "SBADRI0";
    .port_info 11 /INPUT 1 "SBDATI7";
    .port_info 12 /INPUT 1 "SBDATI6";
    .port_info 13 /INPUT 1 "SBDATI5";
    .port_info 14 /INPUT 1 "SBDATI4";
    .port_info 15 /INPUT 1 "SBDATI3";
    .port_info 16 /INPUT 1 "SBDATI2";
    .port_info 17 /INPUT 1 "SBDATI1";
    .port_info 18 /INPUT 1 "SBDATI0";
    .port_info 19 /INPUT 1 "SCLI";
    .port_info 20 /INPUT 1 "SDAI";
    .port_info 21 /OUTPUT 1 "SBDATO7";
    .port_info 22 /OUTPUT 1 "SBDATO6";
    .port_info 23 /OUTPUT 1 "SBDATO5";
    .port_info 24 /OUTPUT 1 "SBDATO4";
    .port_info 25 /OUTPUT 1 "SBDATO3";
    .port_info 26 /OUTPUT 1 "SBDATO2";
    .port_info 27 /OUTPUT 1 "SBDATO1";
    .port_info 28 /OUTPUT 1 "SBDATO0";
    .port_info 29 /OUTPUT 1 "SBACKO";
    .port_info 30 /OUTPUT 1 "I2CIRQ";
    .port_info 31 /OUTPUT 1 "I2CWKUP";
    .port_info 32 /OUTPUT 1 "SCLO";
    .port_info 33 /OUTPUT 1 "SCLOE";
    .port_info 34 /OUTPUT 1 "SDAO";
    .port_info 35 /OUTPUT 1 "SDAOE";
P_0x7fbbae433190 .param/str "BUS_ADDR74" 0 2 2772, "0b0001";
P_0x7fbbae4331d0 .param/str "I2C_SLAVE_INIT_ADDR" 0 2 2771, "0b1111100001";
o0x7fbbb0048a88 .functor BUFZ 1, C4<z>; HiZ drive
v0x7fbbb015c290_0 .net "I2CIRQ", 0 0, o0x7fbbb0048a88;  0 drivers
o0x7fbbb0048ab8 .functor BUFZ 1, C4<z>; HiZ drive
v0x7fbbb015c320_0 .net "I2CWKUP", 0 0, o0x7fbbb0048ab8;  0 drivers
o0x7fbbb0048ae8 .functor BUFZ 1, C4<z>; HiZ drive
v0x7fbbb015c3b0_0 .net "SBACKO", 0 0, o0x7fbbb0048ae8;  0 drivers
o0x7fbbb0048b18 .functor BUFZ 1, C4<z>; HiZ drive
v0x7fbbb015c440_0 .net "SBADRI0", 0 0, o0x7fbbb0048b18;  0 drivers
o0x7fbbb0048b48 .functor BUFZ 1, C4<z>; HiZ drive
v0x7fbbb015c4d0_0 .net "SBADRI1", 0 0, o0x7fbbb0048b48;  0 drivers
o0x7fbbb0048b78 .functor BUFZ 1, C4<z>; HiZ drive
v0x7fbbb015c560_0 .net "SBADRI2", 0 0, o0x7fbbb0048b78;  0 drivers
o0x7fbbb0048ba8 .functor BUFZ 1, C4<z>; HiZ drive
v0x7fbbb015c600_0 .net "SBADRI3", 0 0, o0x7fbbb0048ba8;  0 drivers
o0x7fbbb0048bd8 .functor BUFZ 1, C4<z>; HiZ drive
v0x7fbbb015c6a0_0 .net "SBADRI4", 0 0, o0x7fbbb0048bd8;  0 drivers
o0x7fbbb0048c08 .functor BUFZ 1, C4<z>; HiZ drive
v0x7fbbb015c740_0 .net "SBADRI5", 0 0, o0x7fbbb0048c08;  0 drivers
o0x7fbbb0048c38 .functor BUFZ 1, C4<z>; HiZ drive
v0x7fbbb015c850_0 .net "SBADRI6", 0 0, o0x7fbbb0048c38;  0 drivers
o0x7fbbb0048c68 .functor BUFZ 1, C4<z>; HiZ drive
v0x7fbbb015c8e0_0 .net "SBADRI7", 0 0, o0x7fbbb0048c68;  0 drivers
o0x7fbbb0048c98 .functor BUFZ 1, C4<z>; HiZ drive
v0x7fbbb015c980_0 .net "SBCLKI", 0 0, o0x7fbbb0048c98;  0 drivers
o0x7fbbb0048cc8 .functor BUFZ 1, C4<z>; HiZ drive
v0x7fbbb015ca20_0 .net "SBDATI0", 0 0, o0x7fbbb0048cc8;  0 drivers
o0x7fbbb0048cf8 .functor BUFZ 1, C4<z>; HiZ drive
v0x7fbbb015cac0_0 .net "SBDATI1", 0 0, o0x7fbbb0048cf8;  0 drivers
o0x7fbbb0048d28 .functor BUFZ 1, C4<z>; HiZ drive
v0x7fbbb015cb60_0 .net "SBDATI2", 0 0, o0x7fbbb0048d28;  0 drivers
o0x7fbbb0048d58 .functor BUFZ 1, C4<z>; HiZ drive
v0x7fbbb015cc00_0 .net "SBDATI3", 0 0, o0x7fbbb0048d58;  0 drivers
o0x7fbbb0048d88 .functor BUFZ 1, C4<z>; HiZ drive
v0x7fbbb015cca0_0 .net "SBDATI4", 0 0, o0x7fbbb0048d88;  0 drivers
o0x7fbbb0048db8 .functor BUFZ 1, C4<z>; HiZ drive
v0x7fbbb015ce30_0 .net "SBDATI5", 0 0, o0x7fbbb0048db8;  0 drivers
o0x7fbbb0048de8 .functor BUFZ 1, C4<z>; HiZ drive
v0x7fbbb015cec0_0 .net "SBDATI6", 0 0, o0x7fbbb0048de8;  0 drivers
o0x7fbbb0048e18 .functor BUFZ 1, C4<z>; HiZ drive
v0x7fbbb015cf50_0 .net "SBDATI7", 0 0, o0x7fbbb0048e18;  0 drivers
o0x7fbbb0048e48 .functor BUFZ 1, C4<z>; HiZ drive
v0x7fbbb015cfe0_0 .net "SBDATO0", 0 0, o0x7fbbb0048e48;  0 drivers
o0x7fbbb0048e78 .functor BUFZ 1, C4<z>; HiZ drive
v0x7fbbb015d080_0 .net "SBDATO1", 0 0, o0x7fbbb0048e78;  0 drivers
o0x7fbbb0048ea8 .functor BUFZ 1, C4<z>; HiZ drive
v0x7fbbb015d120_0 .net "SBDATO2", 0 0, o0x7fbbb0048ea8;  0 drivers
o0x7fbbb0048ed8 .functor BUFZ 1, C4<z>; HiZ drive
v0x7fbbb015d1c0_0 .net "SBDATO3", 0 0, o0x7fbbb0048ed8;  0 drivers
o0x7fbbb0048f08 .functor BUFZ 1, C4<z>; HiZ drive
v0x7fbbb015d260_0 .net "SBDATO4", 0 0, o0x7fbbb0048f08;  0 drivers
o0x7fbbb0048f38 .functor BUFZ 1, C4<z>; HiZ drive
v0x7fbbb015d300_0 .net "SBDATO5", 0 0, o0x7fbbb0048f38;  0 drivers
o0x7fbbb0048f68 .functor BUFZ 1, C4<z>; HiZ drive
v0x7fbbb015d3a0_0 .net "SBDATO6", 0 0, o0x7fbbb0048f68;  0 drivers
o0x7fbbb0048f98 .functor BUFZ 1, C4<z>; HiZ drive
v0x7fbbb015d440_0 .net "SBDATO7", 0 0, o0x7fbbb0048f98;  0 drivers
o0x7fbbb0048fc8 .functor BUFZ 1, C4<z>; HiZ drive
v0x7fbbb015d4e0_0 .net "SBRWI", 0 0, o0x7fbbb0048fc8;  0 drivers
o0x7fbbb0048ff8 .functor BUFZ 1, C4<z>; HiZ drive
v0x7fbbb015d580_0 .net "SBSTBI", 0 0, o0x7fbbb0048ff8;  0 drivers
o0x7fbbb0049028 .functor BUFZ 1, C4<z>; HiZ drive
v0x7fbbb015d620_0 .net "SCLI", 0 0, o0x7fbbb0049028;  0 drivers
o0x7fbbb0049058 .functor BUFZ 1, C4<z>; HiZ drive
v0x7fbbb015d6c0_0 .net "SCLO", 0 0, o0x7fbbb0049058;  0 drivers
o0x7fbbb0049088 .functor BUFZ 1, C4<z>; HiZ drive
v0x7fbbb015d760_0 .net "SCLOE", 0 0, o0x7fbbb0049088;  0 drivers
o0x7fbbb00490b8 .functor BUFZ 1, C4<z>; HiZ drive
v0x7fbbb015cd40_0 .net "SDAI", 0 0, o0x7fbbb00490b8;  0 drivers
o0x7fbbb00490e8 .functor BUFZ 1, C4<z>; HiZ drive
v0x7fbbb015d9f0_0 .net "SDAO", 0 0, o0x7fbbb00490e8;  0 drivers
o0x7fbbb0049118 .functor BUFZ 1, C4<z>; HiZ drive
v0x7fbbb015da80_0 .net "SDAOE", 0 0, o0x7fbbb0049118;  0 drivers
S_0x7fbbb013ea60 .scope module, "SB_IO_I3C" "SB_IO_I3C" 2 2862;
 .timescale -12 -12;
    .port_info 0 /INOUT 1 "PACKAGE_PIN";
    .port_info 1 /INPUT 1 "LATCH_INPUT_VALUE";
    .port_info 2 /INPUT 1 "CLOCK_ENABLE";
    .port_info 3 /INPUT 1 "INPUT_CLK";
    .port_info 4 /INPUT 1 "OUTPUT_CLK";
    .port_info 5 /INPUT 1 "OUTPUT_ENABLE";
    .port_info 6 /INPUT 1 "D_OUT_0";
    .port_info 7 /INPUT 1 "D_OUT_1";
    .port_info 8 /OUTPUT 1 "D_IN_0";
    .port_info 9 /OUTPUT 1 "D_IN_1";
    .port_info 10 /INPUT 1 "PU_ENB";
    .port_info 11 /INPUT 1 "WEAK_PU_ENB";
P_0x7fbbb011ed90 .param/str "IO_STANDARD" 0 2 2880, "SB_LVCMOS";
P_0x7fbbb011edd0 .param/l "NEG_TRIGGER" 0 2 2879, C4<0>;
P_0x7fbbb011ee10 .param/l "PIN_TYPE" 0 2 2876, C4<000000>;
P_0x7fbbb011ee50 .param/l "PULLUP" 0 2 2877, C4<0>;
P_0x7fbbb011ee90 .param/l "WEAK_PULLUP" 0 2 2878, C4<0>;
L_0x7fbbb01828d0 .functor BUFZ 1, v0x7fbbb015e980_0, C4<0>, C4<0>, C4<0>;
L_0x7fbbb0182940 .functor BUFZ 1, v0x7fbbb015ea20_0, C4<0>, C4<0>, C4<0>;
o0x7fbbb0049808 .functor BUFZ 1, C4<z>; HiZ drive
v0x7fbbb015e140_0 .net "CLOCK_ENABLE", 0 0, o0x7fbbb0049808;  0 drivers
v0x7fbbb015e1f0_0 .net "D_IN_0", 0 0, L_0x7fbbb01828d0;  1 drivers
v0x7fbbb015e290_0 .net "D_IN_1", 0 0, L_0x7fbbb0182940;  1 drivers
o0x7fbbb0049898 .functor BUFZ 1, C4<z>; HiZ drive
v0x7fbbb015e340_0 .net "D_OUT_0", 0 0, o0x7fbbb0049898;  0 drivers
o0x7fbbb00498c8 .functor BUFZ 1, C4<z>; HiZ drive
v0x7fbbb015e3e0_0 .net "D_OUT_1", 0 0, o0x7fbbb00498c8;  0 drivers
o0x7fbbb00498f8 .functor BUFZ 1, C4<z>; HiZ drive
v0x7fbbb015e4c0_0 .net "INPUT_CLK", 0 0, o0x7fbbb00498f8;  0 drivers
o0x7fbbb0049928 .functor BUFZ 1, C4<z>; HiZ drive
v0x7fbbb015e560_0 .net "LATCH_INPUT_VALUE", 0 0, o0x7fbbb0049928;  0 drivers
o0x7fbbb0049958 .functor BUFZ 1, C4<z>; HiZ drive
v0x7fbbb015e600_0 .net "OUTPUT_CLK", 0 0, o0x7fbbb0049958;  0 drivers
o0x7fbbb0049988 .functor BUFZ 1, C4<z>; HiZ drive
v0x7fbbb015e6a0_0 .net "OUTPUT_ENABLE", 0 0, o0x7fbbb0049988;  0 drivers
o0x7fbbb00499b8 .functor BUFZ 1, C4<z>; HiZ drive
v0x7fbbb015e7b0_0 .net "PACKAGE_PIN", 0 0, o0x7fbbb00499b8;  0 drivers
o0x7fbbb00499e8 .functor BUFZ 1, C4<z>; HiZ drive
v0x7fbbb015e840_0 .net "PU_ENB", 0 0, o0x7fbbb00499e8;  0 drivers
o0x7fbbb0049a18 .functor BUFZ 1, C4<z>; HiZ drive
v0x7fbbb015e8e0_0 .net "WEAK_PU_ENB", 0 0, o0x7fbbb0049a18;  0 drivers
v0x7fbbb015e980_0 .var "din_0", 0 0;
v0x7fbbb015ea20_0 .var "din_1", 0 0;
v0x7fbbb015eac0_0 .var "din_q_0", 0 0;
v0x7fbbb015eb60_0 .var "din_q_1", 0 0;
v0x7fbbb015ec00_0 .var "dout", 0 0;
v0x7fbbb015ed90_0 .var "dout_q_0", 0 0;
v0x7fbbb015ee20_0 .var "dout_q_1", 0 0;
v0x7fbbb015eeb0_0 .var "outclk_delayed_1", 0 0;
v0x7fbbb015ef40_0 .var "outclk_delayed_2", 0 0;
v0x7fbbb015efe0_0 .var "outena_q", 0 0;
E_0x7fbbb012abe0 .event anyedge, v0x7fbbb015ef40_0, v0x7fbbb015ed90_0, v0x7fbbb015ee20_0;
E_0x7fbbb012ac50 .event anyedge, v0x7fbbb015eeb0_0;
E_0x7fbbb012aca0 .event anyedge, v0x7fbbb015e600_0;
E_0x7fbbb015c7d0 .event anyedge, v0x7fbbb015eac0_0, v0x7fbbb015eb60_0;
S_0x7fbbb015de40 .scope generate, "genblk1" "genblk1" 2 2888, 2 2888 0, S_0x7fbbb013ea60;
 .timescale -12 -12;
E_0x7fbbb015e000 .event posedge, v0x7fbbb015e600_0;
E_0x7fbbb015e040 .event negedge, v0x7fbbb015e600_0;
E_0x7fbbb015e090 .event negedge, v0x7fbbb015e4c0_0;
E_0x7fbbb015e0f0 .event posedge, v0x7fbbb015e4c0_0;
S_0x7fbbb010d700 .scope module, "SB_IO_OD" "SB_IO_OD" 2 2931;
 .timescale -12 -12;
    .port_info 0 /INOUT 1 "PACKAGEPIN";
    .port_info 1 /INPUT 1 "LATCHINPUTVALUE";
    .port_info 2 /INPUT 1 "CLOCKENABLE";
    .port_info 3 /INPUT 1 "INPUTCLK";
    .port_info 4 /INPUT 1 "OUTPUTCLK";
    .port_info 5 /INPUT 1 "OUTPUTENABLE";
    .port_info 6 /INPUT 1 "DOUT1";
    .port_info 7 /INPUT 1 "DOUT0";
    .port_info 8 /OUTPUT 1 "DIN1";
    .port_info 9 /OUTPUT 1 "DIN0";
P_0x7fbbae432fa0 .param/l "NEG_TRIGGER" 0 2 2944, C4<0>;
P_0x7fbbae432fe0 .param/l "PIN_TYPE" 0 2 2943, C4<000000>;
L_0x7fbbb01829b0 .functor BUFZ 1, v0x7fbbb015fc60_0, C4<0>, C4<0>, C4<0>;
L_0x7fbbb0182a20 .functor BUFZ 1, v0x7fbbb015fd00_0, C4<0>, C4<0>, C4<0>;
o0x7fbbb0049e68 .functor BUFZ 1, C4<z>; HiZ drive
v0x7fbbb015f560_0 .net "CLOCKENABLE", 0 0, o0x7fbbb0049e68;  0 drivers
v0x7fbbb015f610_0 .net "DIN0", 0 0, L_0x7fbbb01829b0;  1 drivers
v0x7fbbb015f6b0_0 .net "DIN1", 0 0, L_0x7fbbb0182a20;  1 drivers
o0x7fbbb0049ef8 .functor BUFZ 1, C4<z>; HiZ drive
v0x7fbbb015f760_0 .net "DOUT0", 0 0, o0x7fbbb0049ef8;  0 drivers
o0x7fbbb0049f28 .functor BUFZ 1, C4<z>; HiZ drive
v0x7fbbb015f800_0 .net "DOUT1", 0 0, o0x7fbbb0049f28;  0 drivers
o0x7fbbb0049f58 .functor BUFZ 1, C4<z>; HiZ drive
v0x7fbbb015f8e0_0 .net "INPUTCLK", 0 0, o0x7fbbb0049f58;  0 drivers
o0x7fbbb0049f88 .functor BUFZ 1, C4<z>; HiZ drive
v0x7fbbb015f980_0 .net "LATCHINPUTVALUE", 0 0, o0x7fbbb0049f88;  0 drivers
o0x7fbbb0049fb8 .functor BUFZ 1, C4<z>; HiZ drive
v0x7fbbb015fa20_0 .net "OUTPUTCLK", 0 0, o0x7fbbb0049fb8;  0 drivers
o0x7fbbb0049fe8 .functor BUFZ 1, C4<z>; HiZ drive
v0x7fbbb015fac0_0 .net "OUTPUTENABLE", 0 0, o0x7fbbb0049fe8;  0 drivers
o0x7fbbb004a018 .functor BUFZ 1, C4<z>; HiZ drive
v0x7fbbb015fbd0_0 .net "PACKAGEPIN", 0 0, o0x7fbbb004a018;  0 drivers
v0x7fbbb015fc60_0 .var "din_0", 0 0;
v0x7fbbb015fd00_0 .var "din_1", 0 0;
v0x7fbbb015fda0_0 .var "din_q_0", 0 0;
v0x7fbbb015fe40_0 .var "din_q_1", 0 0;
v0x7fbbb015fee0_0 .var "dout", 0 0;
v0x7fbbb015ff80_0 .var "dout_q_0", 0 0;
v0x7fbbb0160020_0 .var "dout_q_1", 0 0;
v0x7fbbb01601b0_0 .var "outclk_delayed_1", 0 0;
v0x7fbbb0160240_0 .var "outclk_delayed_2", 0 0;
v0x7fbbb01602d0_0 .var "outena_q", 0 0;
E_0x7fbbb015e730 .event anyedge, v0x7fbbb0160240_0, v0x7fbbb015ff80_0, v0x7fbbb0160020_0;
E_0x7fbbb015f1a0 .event anyedge, v0x7fbbb01601b0_0;
E_0x7fbbb015f1e0 .event anyedge, v0x7fbbb015fa20_0;
E_0x7fbbae414760 .event anyedge, v0x7fbbb015fda0_0, v0x7fbbb015fe40_0;
S_0x7fbbb015f240 .scope generate, "genblk1" "genblk1" 2 2952, 2 2952 0, S_0x7fbbb010d700;
 .timescale -12 -12;
E_0x7fbbb015f400 .event posedge, v0x7fbbb015fa20_0;
E_0x7fbbb015f460 .event negedge, v0x7fbbb015fa20_0;
E_0x7fbbb015f4b0 .event negedge, v0x7fbbb015f8e0_0;
E_0x7fbbb015f510 .event posedge, v0x7fbbb015f8e0_0;
S_0x7fbbb0108780 .scope module, "SB_LEDDA_IP" "SB_LEDDA_IP" 2 2830;
 .timescale -12 -12;
    .port_info 0 /INPUT 1 "LEDDCS";
    .port_info 1 /INPUT 1 "LEDDCLK";
    .port_info 2 /INPUT 1 "LEDDDAT7";
    .port_info 3 /INPUT 1 "LEDDDAT6";
    .port_info 4 /INPUT 1 "LEDDDAT5";
    .port_info 5 /INPUT 1 "LEDDDAT4";
    .port_info 6 /INPUT 1 "LEDDDAT3";
    .port_info 7 /INPUT 1 "LEDDDAT2";
    .port_info 8 /INPUT 1 "LEDDDAT1";
    .port_info 9 /INPUT 1 "LEDDDAT0";
    .port_info 10 /INPUT 1 "LEDDADDR3";
    .port_info 11 /INPUT 1 "LEDDADDR2";
    .port_info 12 /INPUT 1 "LEDDADDR1";
    .port_info 13 /INPUT 1 "LEDDADDR0";
    .port_info 14 /INPUT 1 "LEDDDEN";
    .port_info 15 /INPUT 1 "LEDDEXE";
    .port_info 16 /INPUT 1 "LEDDRST";
    .port_info 17 /OUTPUT 1 "PWMOUT0";
    .port_info 18 /OUTPUT 1 "PWMOUT1";
    .port_info 19 /OUTPUT 1 "PWMOUT2";
    .port_info 20 /OUTPUT 1 "LEDDON";
o0x7fbbb004a408 .functor BUFZ 1, C4<z>; HiZ drive
v0x7fbbb0160450_0 .net "LEDDADDR0", 0 0, o0x7fbbb004a408;  0 drivers
o0x7fbbb004a438 .functor BUFZ 1, C4<z>; HiZ drive
v0x7fbbb01604e0_0 .net "LEDDADDR1", 0 0, o0x7fbbb004a438;  0 drivers
o0x7fbbb004a468 .functor BUFZ 1, C4<z>; HiZ drive
v0x7fbbb0160570_0 .net "LEDDADDR2", 0 0, o0x7fbbb004a468;  0 drivers
o0x7fbbb004a498 .functor BUFZ 1, C4<z>; HiZ drive
v0x7fbbb0160600_0 .net "LEDDADDR3", 0 0, o0x7fbbb004a498;  0 drivers
o0x7fbbb004a4c8 .functor BUFZ 1, C4<z>; HiZ drive
v0x7fbbb0160690_0 .net "LEDDCLK", 0 0, o0x7fbbb004a4c8;  0 drivers
o0x7fbbb004a4f8 .functor BUFZ 1, C4<z>; HiZ drive
v0x7fbbb0160720_0 .net "LEDDCS", 0 0, o0x7fbbb004a4f8;  0 drivers
o0x7fbbb004a528 .functor BUFZ 1, C4<z>; HiZ drive
v0x7fbbb01607b0_0 .net "LEDDDAT0", 0 0, o0x7fbbb004a528;  0 drivers
o0x7fbbb004a558 .functor BUFZ 1, C4<z>; HiZ drive
v0x7fbbb0160840_0 .net "LEDDDAT1", 0 0, o0x7fbbb004a558;  0 drivers
o0x7fbbb004a588 .functor BUFZ 1, C4<z>; HiZ drive
v0x7fbbb01608e0_0 .net "LEDDDAT2", 0 0, o0x7fbbb004a588;  0 drivers
o0x7fbbb004a5b8 .functor BUFZ 1, C4<z>; HiZ drive
v0x7fbbb01609f0_0 .net "LEDDDAT3", 0 0, o0x7fbbb004a5b8;  0 drivers
o0x7fbbb004a5e8 .functor BUFZ 1, C4<z>; HiZ drive
v0x7fbbb0160a80_0 .net "LEDDDAT4", 0 0, o0x7fbbb004a5e8;  0 drivers
o0x7fbbb004a618 .functor BUFZ 1, C4<z>; HiZ drive
v0x7fbbb0160b20_0 .net "LEDDDAT5", 0 0, o0x7fbbb004a618;  0 drivers
o0x7fbbb004a648 .functor BUFZ 1, C4<z>; HiZ drive
v0x7fbbb0160bc0_0 .net "LEDDDAT6", 0 0, o0x7fbbb004a648;  0 drivers
o0x7fbbb004a678 .functor BUFZ 1, C4<z>; HiZ drive
v0x7fbbb0160c60_0 .net "LEDDDAT7", 0 0, o0x7fbbb004a678;  0 drivers
o0x7fbbb004a6a8 .functor BUFZ 1, C4<z>; HiZ drive
v0x7fbbb0160d00_0 .net "LEDDDEN", 0 0, o0x7fbbb004a6a8;  0 drivers
o0x7fbbb004a6d8 .functor BUFZ 1, C4<z>; HiZ drive
v0x7fbbb0160da0_0 .net "LEDDEXE", 0 0, o0x7fbbb004a6d8;  0 drivers
o0x7fbbb004a708 .functor BUFZ 1, C4<z>; HiZ drive
v0x7fbbb0160e40_0 .net "LEDDON", 0 0, o0x7fbbb004a708;  0 drivers
o0x7fbbb004a738 .functor BUFZ 1, C4<z>; HiZ drive
v0x7fbbb0160fd0_0 .net "LEDDRST", 0 0, o0x7fbbb004a738;  0 drivers
o0x7fbbb004a768 .functor BUFZ 1, C4<z>; HiZ drive
v0x7fbbb0161060_0 .net "PWMOUT0", 0 0, o0x7fbbb004a768;  0 drivers
o0x7fbbb004a798 .functor BUFZ 1, C4<z>; HiZ drive
v0x7fbbb01610f0_0 .net "PWMOUT1", 0 0, o0x7fbbb004a798;  0 drivers
o0x7fbbb004a7c8 .functor BUFZ 1, C4<z>; HiZ drive
v0x7fbbb0161180_0 .net "PWMOUT2", 0 0, o0x7fbbb004a7c8;  0 drivers
S_0x7fbbae4fa260 .scope module, "SB_LED_DRV_CUR" "SB_LED_DRV_CUR" 2 2709;
 .timescale -12 -12;
    .port_info 0 /INPUT 1 "EN";
    .port_info 1 /OUTPUT 1 "LEDPU";
o0x7fbbb004abe8 .functor BUFZ 1, C4<z>; HiZ drive
v0x7fbbb0161420_0 .net "EN", 0 0, o0x7fbbb004abe8;  0 drivers
o0x7fbbb004ac18 .functor BUFZ 1, C4<z>; HiZ drive
v0x7fbbb01614b0_0 .net "LEDPU", 0 0, o0x7fbbb004ac18;  0 drivers
S_0x7fbbae4f9f30 .scope module, "SB_LFOSC" "SB_LFOSC" 2 2684;
 .timescale -12 -12;
    .port_info 0 /INPUT 1 "CLKLFPU";
    .port_info 1 /INPUT 1 "CLKLFEN";
    .port_info 2 /OUTPUT 1 "CLKLF";
o0x7fbbb004aca8 .functor BUFZ 1, C4<z>; HiZ drive
v0x7fbbb013e6d0_0 .net "CLKLF", 0 0, o0x7fbbb004aca8;  0 drivers
o0x7fbbb004acd8 .functor BUFZ 1, C4<z>; HiZ drive
v0x7fbbb0161540_0 .net "CLKLFEN", 0 0, o0x7fbbb004acd8;  0 drivers
o0x7fbbb004ad08 .functor BUFZ 1, C4<z>; HiZ drive
v0x7fbbb01615d0_0 .net "CLKLFPU", 0 0, o0x7fbbb004ad08;  0 drivers
S_0x7fbbae4f7fe0 .scope module, "SB_LUT4" "SB_LUT4" 2 177;
 .timescale -12 -12;
    .port_info 0 /OUTPUT 1 "O";
    .port_info 1 /INPUT 1 "I0";
    .port_info 2 /INPUT 1 "I1";
    .port_info 3 /INPUT 1 "I2";
    .port_info 4 /INPUT 1 "I3";
P_0x7fbbae407f50 .param/l "LUT_INIT" 0 2 184, C4<0000000000000000>;
o0x7fbbb004adc8 .functor BUFZ 1, C4<z>; HiZ drive
v0x7fbbb01616b0_0 .net "I0", 0 0, o0x7fbbb004adc8;  0 drivers
o0x7fbbb004adf8 .functor BUFZ 1, C4<z>; HiZ drive
v0x7fbbb0161760_0 .net "I1", 0 0, o0x7fbbb004adf8;  0 drivers
o0x7fbbb004ae28 .functor BUFZ 1, C4<z>; HiZ drive
v0x7fbbb0161800_0 .net "I2", 0 0, o0x7fbbb004ae28;  0 drivers
o0x7fbbb004ae58 .functor BUFZ 1, C4<z>; HiZ drive
v0x7fbbb0161890_0 .net "I3", 0 0, o0x7fbbb004ae58;  0 drivers
v0x7fbbb0161930_0 .net "O", 0 0, L_0x7fbbb0183410;  1 drivers
L_0x7fbbb00733b0 .functor BUFT 1, C4<00000000>, C4<0>, C4<0>, C4<0>;
v0x7fbbb0161a10_0 .net/2u *"_ivl_0", 7 0, L_0x7fbbb00733b0;  1 drivers
v0x7fbbb0161ac0_0 .net *"_ivl_13", 1 0, L_0x7fbbb0182f30;  1 drivers
v0x7fbbb0161b70_0 .net *"_ivl_15", 1 0, L_0x7fbbb0183040;  1 drivers
v0x7fbbb0161c20_0 .net *"_ivl_19", 0 0, L_0x7fbbb0183240;  1 drivers
L_0x7fbbb00733f8 .functor BUFT 1, C4<00000000>, C4<0>, C4<0>, C4<0>;
v0x7fbbb0161d30_0 .net/2u *"_ivl_2", 7 0, L_0x7fbbb00733f8;  1 drivers
v0x7fbbb0161de0_0 .net *"_ivl_21", 0 0, L_0x7fbbb0183320;  1 drivers
v0x7fbbb0161e90_0 .net *"_ivl_7", 3 0, L_0x7fbbb0182c50;  1 drivers
v0x7fbbb0161f40_0 .net *"_ivl_9", 3 0, L_0x7fbbb0182d30;  1 drivers
v0x7fbbb0161ff0_0 .net "s1", 1 0, L_0x7fbbb01830e0;  1 drivers
v0x7fbbb01620a0_0 .net "s2", 3 0, L_0x7fbbb0182dd0;  1 drivers
v0x7fbbb0162150_0 .net "s3", 7 0, L_0x7fbbb0182af0;  1 drivers
L_0x7fbbb0182af0 .functor MUXZ 8, L_0x7fbbb00733f8, L_0x7fbbb00733b0, o0x7fbbb004ae58, C4<>;
L_0x7fbbb0182c50 .part L_0x7fbbb0182af0, 4, 4;
L_0x7fbbb0182d30 .part L_0x7fbbb0182af0, 0, 4;
L_0x7fbbb0182dd0 .functor MUXZ 4, L_0x7fbbb0182d30, L_0x7fbbb0182c50, o0x7fbbb004ae28, C4<>;
L_0x7fbbb0182f30 .part L_0x7fbbb0182dd0, 2, 2;
L_0x7fbbb0183040 .part L_0x7fbbb0182dd0, 0, 2;
L_0x7fbbb01830e0 .functor MUXZ 2, L_0x7fbbb0183040, L_0x7fbbb0182f30, o0x7fbbb004adf8, C4<>;
L_0x7fbbb0183240 .part L_0x7fbbb01830e0, 1, 1;
L_0x7fbbb0183320 .part L_0x7fbbb01830e0, 0, 1;
L_0x7fbbb0183410 .functor MUXZ 1, L_0x7fbbb0183320, L_0x7fbbb0183240, o0x7fbbb004adc8, C4<>;
S_0x7fbbae4ef340 .scope module, "SB_MAC16" "SB_MAC16" 2 2996;
 .timescale -12 -12;
    .port_info 0 /INPUT 1 "CLK";
    .port_info 1 /INPUT 1 "CE";
    .port_info 2 /INPUT 16 "C";
    .port_info 3 /INPUT 16 "A";
    .port_info 4 /INPUT 16 "B";
    .port_info 5 /INPUT 16 "D";
    .port_info 6 /INPUT 1 "AHOLD";
    .port_info 7 /INPUT 1 "BHOLD";
    .port_info 8 /INPUT 1 "CHOLD";
    .port_info 9 /INPUT 1 "DHOLD";
    .port_info 10 /INPUT 1 "IRSTTOP";
    .port_info 11 /INPUT 1 "IRSTBOT";
    .port_info 12 /INPUT 1 "ORSTTOP";
    .port_info 13 /INPUT 1 "ORSTBOT";
    .port_info 14 /INPUT 1 "OLOADTOP";
    .port_info 15 /INPUT 1 "OLOADBOT";
    .port_info 16 /INPUT 1 "ADDSUBTOP";
    .port_info 17 /INPUT 1 "ADDSUBBOT";
    .port_info 18 /INPUT 1 "OHOLDTOP";
    .port_info 19 /INPUT 1 "OHOLDBOT";
    .port_info 20 /INPUT 1 "CI";
    .port_info 21 /INPUT 1 "ACCUMCI";
    .port_info 22 /INPUT 1 "SIGNEXTIN";
    .port_info 23 /OUTPUT 32 "O";
    .port_info 24 /OUTPUT 1 "CO";
    .port_info 25 /OUTPUT 1 "ACCUMCO";
    .port_info 26 /OUTPUT 1 "SIGNEXTOUT";
P_0x7fbbaf83fc00 .param/l "A_REG" 0 2 3011, C4<0>;
P_0x7fbbaf83fc40 .param/l "A_SIGNED" 0 2 3027, C4<0>;
P_0x7fbbaf83fc80 .param/l "BOTADDSUB_CARRYSELECT" 0 2 3025, C4<00>;
P_0x7fbbaf83fcc0 .param/l "BOTADDSUB_LOWERINPUT" 0 2 3023, C4<00>;
P_0x7fbbaf83fd00 .param/l "BOTADDSUB_UPPERINPUT" 0 2 3024, C4<0>;
P_0x7fbbaf83fd40 .param/l "BOTOUTPUT_SELECT" 0 2 3022, C4<00>;
P_0x7fbbaf83fd80 .param/l "BOT_8x8_MULT_REG" 0 2 3015, C4<0>;
P_0x7fbbaf83fdc0 .param/l "B_REG" 0 2 3012, C4<0>;
P_0x7fbbaf83fe00 .param/l "B_SIGNED" 0 2 3028, C4<0>;
P_0x7fbbaf83fe40 .param/l "C_REG" 0 2 3010, C4<0>;
P_0x7fbbaf83fe80 .param/l "D_REG" 0 2 3013, C4<0>;
P_0x7fbbaf83fec0 .param/l "MODE_8x8" 0 2 3026, C4<0>;
P_0x7fbbaf83ff00 .param/l "NEG_TRIGGER" 0 2 3009, C4<0>;
P_0x7fbbaf83ff40 .param/l "PIPELINE_16x16_MULT_REG1" 0 2 3016, C4<0>;
P_0x7fbbaf83ff80 .param/l "PIPELINE_16x16_MULT_REG2" 0 2 3017, C4<0>;
P_0x7fbbaf83ffc0 .param/l "TOPADDSUB_CARRYSELECT" 0 2 3021, C4<00>;
P_0x7fbbaf840000 .param/l "TOPADDSUB_LOWERINPUT" 0 2 3019, C4<00>;
P_0x7fbbaf840040 .param/l "TOPADDSUB_UPPERINPUT" 0 2 3020, C4<0>;
P_0x7fbbaf840080 .param/l "TOPOUTPUT_SELECT" 0 2 3018, C4<00>;
P_0x7fbbaf8400c0 .param/l "TOP_8x8_MULT_REG" 0 2 3014, C4<0>;
o0x7fbbb004b4b8 .functor BUFZ 1, C4<z>; HiZ drive
L_0x7fbbb0073440 .functor BUFT 1, C4<0>, C4<0>, C4<0>, C4<0>;
L_0x7fbbb01834f0 .functor XOR 1, o0x7fbbb004b4b8, L_0x7fbbb0073440, C4<0>, C4<0>;
o0x7fbbb004b3f8 .functor BUFZ 16, C4<zzzzzzzzzzzzzzzz>; HiZ drive
L_0x7fbbb01835e0 .functor BUFZ 16, o0x7fbbb004b3f8, C4<0000000000000000>, C4<0000000000000000>, C4<0000000000000000>;
o0x7fbbb004b1b8 .functor BUFZ 16, C4<zzzzzzzzzzzzzzzz>; HiZ drive
L_0x7fbbb0183670 .functor BUFZ 16, o0x7fbbb004b1b8, C4<0000000000000000>, C4<0000000000000000>, C4<0000000000000000>;
o0x7fbbb004b338 .functor BUFZ 16, C4<zzzzzzzzzzzzzzzz>; HiZ drive
L_0x7fbbb0183740 .functor BUFZ 16, o0x7fbbb004b338, C4<0000000000000000>, C4<0000000000000000>, C4<0000000000000000>;
o0x7fbbb004b518 .functor BUFZ 16, C4<zzzzzzzzzzzzzzzz>; HiZ drive
L_0x7fbbb01837f0 .functor BUFZ 16, o0x7fbbb004b518, C4<0000000000000000>, C4<0000000000000000>, C4<0000000000000000>;
L_0x7fbbb0184730 .functor BUFZ 16, L_0x7fbbb0184220, C4<0000000000000000>, C4<0000000000000000>, C4<0000000000000000>;
L_0x7fbbb0184ac0 .functor BUFZ 16, L_0x7fbbb01845b0, C4<0000000000000000>, C4<0000000000000000>, C4<0000000000000000>;
L_0x7fbbb0184bb0 .functor BUFZ 16, L_0x7fbbb0184880, C4<0000000000000000>, C4<0000000000000000>, C4<0000000000000000>;
L_0x7fbbb0184c60 .functor BUFZ 16, L_0x7fbbb01849e0, C4<0000000000000000>, C4<0000000000000000>, C4<0000000000000000>;
L_0x7fbbb0186000 .functor BUFZ 32, L_0x7fbbb0185dc0, C4<00000000000000000000000000000000>, C4<00000000000000000000000000000000>, C4<00000000000000000000000000000000>;
L_0x7fbbb0185cd0 .functor BUFZ 16, v0x7fbbb0167e70_0, C4<0000000000000000>, C4<0000000000000000>, C4<0000000000000000>;
L_0x7fbbb01860d0 .functor BUFZ 16, L_0x7fbbb0183670, C4<0000000000000000>, C4<0000000000000000>, C4<0000000000000000>;
L_0x7fbbb0183950 .functor XOR 17, L_0x7fbbb0186410, L_0x7fbbb0186890, C4<00000000000000000>, C4<00000000000000000>;
o0x7fbbb004b278 .functor BUFZ 1, C4<z>; HiZ drive
L_0x7fbbb0186b90 .functor XOR 1, L_0x7fbbb01861c0, o0x7fbbb004b278, C4<0>, C4<0>;
L_0x7fbbb0186990 .functor XOR 16, L_0x7fbbb0186260, L_0x7fbbb0186c00, C4<0000000000000000>, C4<0000000000000000>;
L_0x7fbbb0186f10 .functor BUFZ 16, L_0x7fbbb0187070, C4<0000000000000000>, C4<0000000000000000>, C4<0000000000000000>;
L_0x7fbbb0186a80 .functor BUFZ 16, v0x7fbbb0167f20_0, C4<0000000000000000>, C4<0000000000000000>, C4<0000000000000000>;
L_0x7fbbb0187390 .functor BUFZ 16, L_0x7fbbb0183740, C4<0000000000000000>, C4<0000000000000000>, C4<0000000000000000>;
L_0x7fbbb0187700 .functor XOR 17, L_0x7fbbb0187150, L_0x7fbbb0187a80, C4<00000000000000000>, C4<00000000000000000>;
L_0x7fbbb0187fa0 .functor XOR 16, L_0x7fbbb01875c0, L_0x7fbbb0188130, C4<0000000000000000>, C4<0000000000000000>;
L_0x7fbbb0188310 .functor BUFZ 16, L_0x7fbbb0187480, C4<0000000000000000>, C4<0000000000000000>, C4<0000000000000000>;
v0x7fbbb0162390_0 .net "A", 15 0, o0x7fbbb004b1b8;  0 drivers
o0x7fbbb004b1e8 .functor BUFZ 1, C4<z>; HiZ drive
v0x7fbbb0162430_0 .net "ACCUMCI", 0 0, o0x7fbbb004b1e8;  0 drivers
v0x7fbbb01624d0_0 .net "ACCUMCO", 0 0, L_0x7fbbb01861c0;  1 drivers
o0x7fbbb004b248 .functor BUFZ 1, C4<z>; HiZ drive
v0x7fbbb0162580_0 .net "ADDSUBBOT", 0 0, o0x7fbbb004b248;  0 drivers
v0x7fbbb0162620_0 .net "ADDSUBTOP", 0 0, o0x7fbbb004b278;  0 drivers
o0x7fbbb004b2a8 .functor BUFZ 1, C4<z>; HiZ drive
v0x7fbbb0162700_0 .net "AHOLD", 0 0, o0x7fbbb004b2a8;  0 drivers
v0x7fbbb01627a0_0 .net "Ah", 15 0, L_0x7fbbb0183a90;  1 drivers
v0x7fbbb0162850_0 .net "Al", 15 0, L_0x7fbbb0183c50;  1 drivers
v0x7fbbb0162900_0 .net "B", 15 0, o0x7fbbb004b338;  0 drivers
o0x7fbbb004b368 .functor BUFZ 1, C4<z>; HiZ drive
v0x7fbbb0162a10_0 .net "BHOLD", 0 0, o0x7fbbb004b368;  0 drivers
v0x7fbbb0162ab0_0 .net "Bh", 15 0, L_0x7fbbb0183ec0;  1 drivers
v0x7fbbb0162b60_0 .net "Bl", 15 0, L_0x7fbbb01840c0;  1 drivers
v0x7fbbb0162c10_0 .net "C", 15 0, o0x7fbbb004b3f8;  0 drivers
o0x7fbbb004b428 .functor BUFZ 1, C4<z>; HiZ drive
v0x7fbbb0162cc0_0 .net "CE", 0 0, o0x7fbbb004b428;  0 drivers
o0x7fbbb004b458 .functor BUFZ 1, C4<z>; HiZ drive
v0x7fbbb0162d60_0 .net "CHOLD", 0 0, o0x7fbbb004b458;  0 drivers
o0x7fbbb004b488 .functor BUFZ 1, C4<z>; HiZ drive
v0x7fbbb0162e00_0 .net "CI", 0 0, o0x7fbbb004b488;  0 drivers
v0x7fbbb0162ea0_0 .net "CLK", 0 0, o0x7fbbb004b4b8;  0 drivers
v0x7fbbb0163030_0 .net "CO", 0 0, L_0x7fbbb0186b90;  1 drivers
v0x7fbbb01630c0_0 .net "D", 15 0, o0x7fbbb004b518;  0 drivers
o0x7fbbb004b548 .functor BUFZ 1, C4<z>; HiZ drive
v0x7fbbb0163150_0 .net "DHOLD", 0 0, o0x7fbbb004b548;  0 drivers
L_0x7fbbb0073998 .functor BUFT 1, C4<0>, C4<0>, C4<0>, C4<0>;
v0x7fbbb01631f0_0 .net "HCI", 0 0, L_0x7fbbb0073998;  1 drivers
o0x7fbbb004b5a8 .functor BUFZ 1, C4<z>; HiZ drive
v0x7fbbb0163290_0 .net "IRSTBOT", 0 0, o0x7fbbb004b5a8;  0 drivers
o0x7fbbb004b5d8 .functor BUFZ 1, C4<z>; HiZ drive
v0x7fbbb0163330_0 .net "IRSTTOP", 0 0, o0x7fbbb004b5d8;  0 drivers
L_0x7fbbb0073ab8 .functor BUFT 1, C4<0>, C4<0>, C4<0>, C4<0>;
v0x7fbbb01633d0_0 .net "LCI", 0 0, L_0x7fbbb0073ab8;  1 drivers
v0x7fbbb0163470_0 .net "LCO", 0 0, L_0x7fbbb0187520;  1 drivers
v0x7fbbb0163510_0 .net "O", 31 0, L_0x7fbbb0188010;  1 drivers
o0x7fbbb004b698 .functor BUFZ 1, C4<z>; HiZ drive
v0x7fbbb01635c0_0 .net "OHOLDBOT", 0 0, o0x7fbbb004b698;  0 drivers
o0x7fbbb004b6c8 .functor BUFZ 1, C4<z>; HiZ drive
v0x7fbbb0163660_0 .net "OHOLDTOP", 0 0, o0x7fbbb004b6c8;  0 drivers
o0x7fbbb004b6f8 .functor BUFZ 1, C4<z>; HiZ drive
v0x7fbbb0163700_0 .net "OLOADBOT", 0 0, o0x7fbbb004b6f8;  0 drivers
o0x7fbbb004b728 .functor BUFZ 1, C4<z>; HiZ drive
v0x7fbbb01637a0_0 .net "OLOADTOP", 0 0, o0x7fbbb004b728;  0 drivers
o0x7fbbb004b758 .functor BUFZ 1, C4<z>; HiZ drive
v0x7fbbb0163840_0 .net "ORSTBOT", 0 0, o0x7fbbb004b758;  0 drivers
o0x7fbbb004b788 .functor BUFZ 1, C4<z>; HiZ drive
v0x7fbbb01638e0_0 .net "ORSTTOP", 0 0, o0x7fbbb004b788;  0 drivers
v0x7fbbb0163980_0 .net "Oh", 15 0, L_0x7fbbb0186f10;  1 drivers
v0x7fbbb0162f50_0 .net "Ol", 15 0, L_0x7fbbb0188310;  1 drivers
o0x7fbbb004b818 .functor BUFZ 1, C4<z>; HiZ drive
v0x7fbbb0163c10_0 .net "SIGNEXTIN", 0 0, o0x7fbbb004b818;  0 drivers
v0x7fbbb0163ca0_0 .net "SIGNEXTOUT", 0 0, L_0x7fbbb01872f0;  1 drivers
v0x7fbbb0163d30_0 .net "XW", 15 0, L_0x7fbbb0186260;  1 drivers
v0x7fbbb0163dd0_0 .net "YZ", 15 0, L_0x7fbbb01875c0;  1 drivers
v0x7fbbb0163e80_0 .net/2u *"_ivl_0", 0 0, L_0x7fbbb0073440;  1 drivers
v0x7fbbb0163f30_0 .net *"_ivl_100", 31 0, L_0x7fbbb0185b50;  1 drivers
L_0x7fbbb0073830 .functor BUFT 1, C4<0000000000000000>, C4<0>, C4<0>, C4<0>;
v0x7fbbb0163fe0_0 .net *"_ivl_103", 15 0, L_0x7fbbb0073830;  1 drivers
v0x7fbbb0164090_0 .net *"_ivl_104", 31 0, L_0x7fbbb0185a70;  1 drivers
v0x7fbbb0164140_0 .net *"_ivl_106", 15 0, L_0x7fbbb0185bf0;  1 drivers
L_0x7fbbb0073878 .functor BUFT 1, C4<0000000000000000>, C4<0>, C4<0>, C4<0>;
v0x7fbbb01641f0_0 .net *"_ivl_108", 15 0, L_0x7fbbb0073878;  1 drivers
L_0x7fbbb0073488 .functor BUFT 1, C4<00000000>, C4<0>, C4<0>, C4<0>;
v0x7fbbb01642a0_0 .net/2u *"_ivl_12", 7 0, L_0x7fbbb0073488;  1 drivers
v0x7fbbb0164350_0 .net *"_ivl_121", 16 0, L_0x7fbbb0185f00;  1 drivers
L_0x7fbbb00738c0 .functor BUFT 1, C4<0>, C4<0>, C4<0>, C4<0>;
v0x7fbbb0164400_0 .net *"_ivl_124", 0 0, L_0x7fbbb00738c0;  1 drivers
v0x7fbbb01644b0_0 .net *"_ivl_125", 16 0, L_0x7fbbb0186410;  1 drivers
L_0x7fbbb0073908 .functor BUFT 1, C4<0>, C4<0>, C4<0>, C4<0>;
v0x7fbbb0164560_0 .net *"_ivl_128", 0 0, L_0x7fbbb0073908;  1 drivers
v0x7fbbb0164610_0 .net *"_ivl_129", 15 0, L_0x7fbbb0186340;  1 drivers
v0x7fbbb01646c0_0 .net *"_ivl_131", 16 0, L_0x7fbbb0186890;  1 drivers
L_0x7fbbb0073950 .functor BUFT 1, C4<0>, C4<0>, C4<0>, C4<0>;
v0x7fbbb0164770_0 .net *"_ivl_134", 0 0, L_0x7fbbb0073950;  1 drivers
v0x7fbbb0164820_0 .net *"_ivl_135", 16 0, L_0x7fbbb0183950;  1 drivers
v0x7fbbb01648d0_0 .net *"_ivl_137", 16 0, L_0x7fbbb0186cc0;  1 drivers
L_0x7fbbb0073bd8 .functor BUFT 1, C4<00000000000000000>, C4<0>, C4<0>, C4<0>;
v0x7fbbb0164980_0 .net *"_ivl_139", 16 0, L_0x7fbbb0073bd8;  1 drivers
v0x7fbbb0164a30_0 .net *"_ivl_143", 16 0, L_0x7fbbb0186d60;  1 drivers
v0x7fbbb0164ae0_0 .net *"_ivl_147", 15 0, L_0x7fbbb0186c00;  1 drivers
v0x7fbbb0164b90_0 .net *"_ivl_149", 15 0, L_0x7fbbb0186990;  1 drivers
v0x7fbbb0164c40_0 .net *"_ivl_15", 7 0, L_0x7fbbb01839d0;  1 drivers
v0x7fbbb0164cf0_0 .net *"_ivl_168", 16 0, L_0x7fbbb0187660;  1 drivers
L_0x7fbbb00739e0 .functor BUFT 1, C4<0>, C4<0>, C4<0>, C4<0>;
v0x7fbbb0164da0_0 .net *"_ivl_171", 0 0, L_0x7fbbb00739e0;  1 drivers
v0x7fbbb0164e50_0 .net *"_ivl_172", 16 0, L_0x7fbbb0187150;  1 drivers
L_0x7fbbb0073a28 .functor BUFT 1, C4<0>, C4<0>, C4<0>, C4<0>;
v0x7fbbb0164f00_0 .net *"_ivl_175", 0 0, L_0x7fbbb0073a28;  1 drivers
v0x7fbbb0164fb0_0 .net *"_ivl_176", 15 0, L_0x7fbbb0187870;  1 drivers
v0x7fbbb0165060_0 .net *"_ivl_178", 16 0, L_0x7fbbb0187a80;  1 drivers
L_0x7fbbb00734d0 .functor BUFT 1, C4<00000000>, C4<0>, C4<0>, C4<0>;
v0x7fbbb0163a30_0 .net/2u *"_ivl_18", 7 0, L_0x7fbbb00734d0;  1 drivers
L_0x7fbbb0073a70 .functor BUFT 1, C4<0>, C4<0>, C4<0>, C4<0>;
v0x7fbbb0163ae0_0 .net *"_ivl_181", 0 0, L_0x7fbbb0073a70;  1 drivers
v0x7fbbb01650f0_0 .net *"_ivl_182", 16 0, L_0x7fbbb0187700;  1 drivers
v0x7fbbb0165180_0 .net *"_ivl_184", 16 0, L_0x7fbbb01877b0;  1 drivers
L_0x7fbbb0073c20 .functor BUFT 1, C4<00000000000000000>, C4<0>, C4<0>, C4<0>;
v0x7fbbb0165210_0 .net *"_ivl_186", 16 0, L_0x7fbbb0073c20;  1 drivers
v0x7fbbb01652a0_0 .net *"_ivl_190", 16 0, L_0x7fbbb0187d80;  1 drivers
v0x7fbbb0165330_0 .net *"_ivl_192", 15 0, L_0x7fbbb0188130;  1 drivers
v0x7fbbb01653e0_0 .net *"_ivl_194", 15 0, L_0x7fbbb0187fa0;  1 drivers
v0x7fbbb0165490_0 .net *"_ivl_21", 7 0, L_0x7fbbb0183bb0;  1 drivers
L_0x7fbbb0073518 .functor BUFT 1, C4<00000000>, C4<0>, C4<0>, C4<0>;
v0x7fbbb0165540_0 .net/2u *"_ivl_24", 7 0, L_0x7fbbb0073518;  1 drivers
v0x7fbbb01655f0_0 .net *"_ivl_27", 7 0, L_0x7fbbb0183db0;  1 drivers
L_0x7fbbb0073560 .functor BUFT 1, C4<00000000>, C4<0>, C4<0>, C4<0>;
v0x7fbbb01656a0_0 .net/2u *"_ivl_30", 7 0, L_0x7fbbb0073560;  1 drivers
v0x7fbbb0165750_0 .net *"_ivl_33", 7 0, L_0x7fbbb0183fe0;  1 drivers
L_0x7fbbb00735a8 .functor BUFT 1, C4<00000000>, C4<0>, C4<0>, C4<0>;
v0x7fbbb0165800_0 .net/2u *"_ivl_38", 7 0, L_0x7fbbb00735a8;  1 drivers
v0x7fbbb01658b0_0 .net *"_ivl_41", 7 0, L_0x7fbbb0184390;  1 drivers
v0x7fbbb0165960_0 .net *"_ivl_42", 15 0, L_0x7fbbb0184430;  1 drivers
L_0x7fbbb00735f0 .functor BUFT 1, C4<00000000>, C4<0>, C4<0>, C4<0>;
v0x7fbbb0165a10_0 .net/2u *"_ivl_46", 7 0, L_0x7fbbb00735f0;  1 drivers
v0x7fbbb0165ac0_0 .net *"_ivl_49", 7 0, L_0x7fbbb0184650;  1 drivers
v0x7fbbb0165b70_0 .net *"_ivl_50", 15 0, L_0x7fbbb01847a0;  1 drivers
L_0x7fbbb0073638 .functor BUFT 1, C4<00000000>, C4<0>, C4<0>, C4<0>;
v0x7fbbb0165c20_0 .net/2u *"_ivl_64", 7 0, L_0x7fbbb0073638;  1 drivers
L_0x7fbbb0073680 .functor BUFT 1, C4<00000000>, C4<0>, C4<0>, C4<0>;
v0x7fbbb0165cd0_0 .net/2u *"_ivl_68", 7 0, L_0x7fbbb0073680;  1 drivers
v0x7fbbb0165d80_0 .net *"_ivl_72", 31 0, L_0x7fbbb0184fb0;  1 drivers
L_0x7fbbb00736c8 .functor BUFT 1, C4<0000000000000000>, C4<0>, C4<0>, C4<0>;
v0x7fbbb0165e30_0 .net *"_ivl_75", 15 0, L_0x7fbbb00736c8;  1 drivers
v0x7fbbb0165ee0_0 .net *"_ivl_76", 31 0, L_0x7fbbb0185170;  1 drivers
L_0x7fbbb0073710 .functor BUFT 1, C4<00000000>, C4<0>, C4<0>, C4<0>;
v0x7fbbb0165f90_0 .net *"_ivl_79", 7 0, L_0x7fbbb0073710;  1 drivers
v0x7fbbb0166040_0 .net *"_ivl_80", 31 0, L_0x7fbbb0185090;  1 drivers
v0x7fbbb01660f0_0 .net *"_ivl_82", 23 0, L_0x7fbbb0185210;  1 drivers
L_0x7fbbb0073758 .functor BUFT 1, C4<00000000>, C4<0>, C4<0>, C4<0>;
v0x7fbbb01661a0_0 .net *"_ivl_84", 7 0, L_0x7fbbb0073758;  1 drivers
v0x7fbbb0166250_0 .net *"_ivl_86", 31 0, L_0x7fbbb0185460;  1 drivers
v0x7fbbb0166300_0 .net *"_ivl_88", 31 0, L_0x7fbbb0185660;  1 drivers
L_0x7fbbb00737a0 .functor BUFT 1, C4<00000000>, C4<0>, C4<0>, C4<0>;
v0x7fbbb01663b0_0 .net *"_ivl_91", 7 0, L_0x7fbbb00737a0;  1 drivers
v0x7fbbb0166460_0 .net *"_ivl_92", 31 0, L_0x7fbbb01855a0;  1 drivers
v0x7fbbb0166510_0 .net *"_ivl_94", 23 0, L_0x7fbbb0185700;  1 drivers
L_0x7fbbb00737e8 .functor BUFT 1, C4<00000000>, C4<0>, C4<0>, C4<0>;
v0x7fbbb01665c0_0 .net *"_ivl_96", 7 0, L_0x7fbbb00737e8;  1 drivers
v0x7fbbb0166670_0 .net *"_ivl_98", 31 0, L_0x7fbbb0185930;  1 drivers
v0x7fbbb0166720_0 .net "clock", 0 0, L_0x7fbbb01834f0;  1 drivers
v0x7fbbb01667c0_0 .net "iA", 15 0, L_0x7fbbb0183670;  1 drivers
v0x7fbbb0166870_0 .net "iB", 15 0, L_0x7fbbb0183740;  1 drivers
v0x7fbbb0166920_0 .net "iC", 15 0, L_0x7fbbb01835e0;  1 drivers
v0x7fbbb01669d0_0 .net "iD", 15 0, L_0x7fbbb01837f0;  1 drivers
v0x7fbbb0166a80_0 .net "iF", 15 0, L_0x7fbbb0184730;  1 drivers
v0x7fbbb0166b30_0 .net "iG", 15 0, L_0x7fbbb0184c60;  1 drivers
v0x7fbbb0166be0_0 .net "iH", 31 0, L_0x7fbbb0186000;  1 drivers
v0x7fbbb0166c90_0 .net "iJ", 15 0, L_0x7fbbb0184ac0;  1 drivers
v0x7fbbb0166d40_0 .net "iJ_e", 23 0, L_0x7fbbb0184ed0;  1 drivers
v0x7fbbb0166df0_0 .net "iK", 15 0, L_0x7fbbb0184bb0;  1 drivers
v0x7fbbb0166ea0_0 .net "iK_e", 23 0, L_0x7fbbb0184d60;  1 drivers
v0x7fbbb0166f50_0 .net "iL", 31 0, L_0x7fbbb0185dc0;  1 drivers
v0x7fbbb0167000_0 .net "iP", 15 0, L_0x7fbbb0187070;  1 drivers
v0x7fbbb01670b0_0 .net "iQ", 15 0, v0x7fbbb0167e70_0;  1 drivers
v0x7fbbb0167160_0 .net "iR", 15 0, L_0x7fbbb0187480;  1 drivers
v0x7fbbb0167210_0 .net "iS", 15 0, v0x7fbbb0167f20_0;  1 drivers
v0x7fbbb01672c0_0 .net "iW", 15 0, L_0x7fbbb0185cd0;  1 drivers
v0x7fbbb0167370_0 .net "iX", 15 0, L_0x7fbbb01860d0;  1 drivers
v0x7fbbb0167420_0 .net "iY", 15 0, L_0x7fbbb0186a80;  1 drivers
v0x7fbbb01674d0_0 .net "iZ", 15 0, L_0x7fbbb0187390;  1 drivers
v0x7fbbb0167580_0 .net "p_Ah_Bh", 15 0, L_0x7fbbb0184220;  1 drivers
v0x7fbbb0167630_0 .net "p_Ah_Bl", 15 0, L_0x7fbbb0184880;  1 drivers
v0x7fbbb01676e0_0 .net "p_Al_Bh", 15 0, L_0x7fbbb01845b0;  1 drivers
v0x7fbbb0167790_0 .net "p_Al_Bl", 15 0, L_0x7fbbb01849e0;  1 drivers
v0x7fbbb0167840_0 .var "rA", 15 0;
v0x7fbbb01678f0_0 .var "rB", 15 0;
v0x7fbbb01679a0_0 .var "rC", 15 0;
v0x7fbbb0167a50_0 .var "rD", 15 0;
v0x7fbbb0167b00_0 .var "rF", 15 0;
v0x7fbbb0167bb0_0 .var "rG", 15 0;
v0x7fbbb0167c60_0 .var "rH", 31 0;
v0x7fbbb0167d10_0 .var "rJ", 15 0;
v0x7fbbb0167dc0_0 .var "rK", 15 0;
v0x7fbbb0167e70_0 .var "rQ", 15 0;
v0x7fbbb0167f20_0 .var "rS", 15 0;
E_0x7fbbb01619c0 .event posedge, v0x7fbbb0163840_0, v0x7fbbb0166720_0;
E_0x7fbbb01622a0 .event posedge, v0x7fbbb01638e0_0, v0x7fbbb0166720_0;
E_0x7fbbb01622f0 .event posedge, v0x7fbbb0163290_0, v0x7fbbb0166720_0;
E_0x7fbbb0162350 .event posedge, v0x7fbbb0163330_0, v0x7fbbb0166720_0;
L_0x7fbbb01839d0 .part L_0x7fbbb0183670, 8, 8;
L_0x7fbbb0183a90 .concat [ 8 8 0 0], L_0x7fbbb01839d0, L_0x7fbbb0073488;
L_0x7fbbb0183bb0 .part L_0x7fbbb0183670, 0, 8;
L_0x7fbbb0183c50 .concat [ 8 8 0 0], L_0x7fbbb0183bb0, L_0x7fbbb00734d0;
L_0x7fbbb0183db0 .part L_0x7fbbb0183740, 8, 8;
L_0x7fbbb0183ec0 .concat [ 8 8 0 0], L_0x7fbbb0183db0, L_0x7fbbb0073518;
L_0x7fbbb0183fe0 .part L_0x7fbbb0183740, 0, 8;
L_0x7fbbb01840c0 .concat [ 8 8 0 0], L_0x7fbbb0183fe0, L_0x7fbbb0073560;
L_0x7fbbb0184220 .arith/mult 16, L_0x7fbbb0183a90, L_0x7fbbb0183ec0;
L_0x7fbbb0184390 .part L_0x7fbbb0183c50, 0, 8;
L_0x7fbbb0184430 .concat [ 8 8 0 0], L_0x7fbbb0184390, L_0x7fbbb00735a8;
L_0x7fbbb01845b0 .arith/mult 16, L_0x7fbbb0184430, L_0x7fbbb0183ec0;
L_0x7fbbb0184650 .part L_0x7fbbb01840c0, 0, 8;
L_0x7fbbb01847a0 .concat [ 8 8 0 0], L_0x7fbbb0184650, L_0x7fbbb00735f0;
L_0x7fbbb0184880 .arith/mult 16, L_0x7fbbb0183a90, L_0x7fbbb01847a0;
L_0x7fbbb01849e0 .arith/mult 16, L_0x7fbbb0183c50, L_0x7fbbb01840c0;
L_0x7fbbb0184d60 .concat [ 16 8 0 0], L_0x7fbbb0184bb0, L_0x7fbbb0073638;
L_0x7fbbb0184ed0 .concat [ 16 8 0 0], L_0x7fbbb0184ac0, L_0x7fbbb0073680;
L_0x7fbbb0184fb0 .concat [ 16 16 0 0], L_0x7fbbb0184c60, L_0x7fbbb00736c8;
L_0x7fbbb0185170 .concat [ 24 8 0 0], L_0x7fbbb0184d60, L_0x7fbbb0073710;
L_0x7fbbb0185210 .part L_0x7fbbb0185170, 0, 24;
L_0x7fbbb0185090 .concat [ 8 24 0 0], L_0x7fbbb0073758, L_0x7fbbb0185210;
L_0x7fbbb0185460 .arith/sum 32, L_0x7fbbb0184fb0, L_0x7fbbb0185090;
L_0x7fbbb0185660 .concat [ 24 8 0 0], L_0x7fbbb0184ed0, L_0x7fbbb00737a0;
L_0x7fbbb0185700 .part L_0x7fbbb0185660, 0, 24;
L_0x7fbbb01855a0 .concat [ 8 24 0 0], L_0x7fbbb00737e8, L_0x7fbbb0185700;
L_0x7fbbb0185930 .arith/sum 32, L_0x7fbbb0185460, L_0x7fbbb01855a0;
L_0x7fbbb0185b50 .concat [ 16 16 0 0], L_0x7fbbb0184730, L_0x7fbbb0073830;
L_0x7fbbb0185bf0 .part L_0x7fbbb0185b50, 0, 16;
L_0x7fbbb0185a70 .concat [ 16 16 0 0], L_0x7fbbb0073878, L_0x7fbbb0185bf0;
L_0x7fbbb0185dc0 .arith/sum 32, L_0x7fbbb0185930, L_0x7fbbb0185a70;
L_0x7fbbb01861c0 .part L_0x7fbbb0186d60, 16, 1;
L_0x7fbbb0186260 .part L_0x7fbbb0186d60, 0, 16;
L_0x7fbbb0185f00 .concat [ 16 1 0 0], L_0x7fbbb01860d0, L_0x7fbbb00738c0;
L_0x7fbbb0186410 .concat [ 16 1 0 0], L_0x7fbbb0185cd0, L_0x7fbbb0073908;
LS_0x7fbbb0186340_0_0 .concat [ 1 1 1 1], o0x7fbbb004b278, o0x7fbbb004b278, o0x7fbbb004b278, o0x7fbbb004b278;
LS_0x7fbbb0186340_0_4 .concat [ 1 1 1 1], o0x7fbbb004b278, o0x7fbbb004b278, o0x7fbbb004b278, o0x7fbbb004b278;
LS_0x7fbbb0186340_0_8 .concat [ 1 1 1 1], o0x7fbbb004b278, o0x7fbbb004b278, o0x7fbbb004b278, o0x7fbbb004b278;
LS_0x7fbbb0186340_0_12 .concat [ 1 1 1 1], o0x7fbbb004b278, o0x7fbbb004b278, o0x7fbbb004b278, o0x7fbbb004b278;
L_0x7fbbb0186340 .concat [ 4 4 4 4], LS_0x7fbbb0186340_0_0, LS_0x7fbbb0186340_0_4, LS_0x7fbbb0186340_0_8, LS_0x7fbbb0186340_0_12;
L_0x7fbbb0186890 .concat [ 16 1 0 0], L_0x7fbbb0186340, L_0x7fbbb0073950;
L_0x7fbbb0186cc0 .arith/sum 17, L_0x7fbbb0185f00, L_0x7fbbb0183950;
L_0x7fbbb0186d60 .arith/sum 17, L_0x7fbbb0186cc0, L_0x7fbbb0073bd8;
LS_0x7fbbb0186c00_0_0 .concat [ 1 1 1 1], o0x7fbbb004b278, o0x7fbbb004b278, o0x7fbbb004b278, o0x7fbbb004b278;
LS_0x7fbbb0186c00_0_4 .concat [ 1 1 1 1], o0x7fbbb004b278, o0x7fbbb004b278, o0x7fbbb004b278, o0x7fbbb004b278;
LS_0x7fbbb0186c00_0_8 .concat [ 1 1 1 1], o0x7fbbb004b278, o0x7fbbb004b278, o0x7fbbb004b278, o0x7fbbb004b278;
LS_0x7fbbb0186c00_0_12 .concat [ 1 1 1 1], o0x7fbbb004b278, o0x7fbbb004b278, o0x7fbbb004b278, o0x7fbbb004b278;
L_0x7fbbb0186c00 .concat [ 4 4 4 4], LS_0x7fbbb0186c00_0_0, LS_0x7fbbb0186c00_0_4, LS_0x7fbbb0186c00_0_8, LS_0x7fbbb0186c00_0_12;
L_0x7fbbb0187070 .functor MUXZ 16, L_0x7fbbb0186990, L_0x7fbbb01835e0, o0x7fbbb004b728, C4<>;
L_0x7fbbb01872f0 .part L_0x7fbbb01860d0, 15, 1;
L_0x7fbbb0187520 .part L_0x7fbbb0187d80, 16, 1;
L_0x7fbbb01875c0 .part L_0x7fbbb0187d80, 0, 16;
L_0x7fbbb0187660 .concat [ 16 1 0 0], L_0x7fbbb0187390, L_0x7fbbb00739e0;
L_0x7fbbb0187150 .concat [ 16 1 0 0], L_0x7fbbb0186a80, L_0x7fbbb0073a28;
LS_0x7fbbb0187870_0_0 .concat [ 1 1 1 1], o0x7fbbb004b248, o0x7fbbb004b248, o0x7fbbb004b248, o0x7fbbb004b248;
LS_0x7fbbb0187870_0_4 .concat [ 1 1 1 1], o0x7fbbb004b248, o0x7fbbb004b248, o0x7fbbb004b248, o0x7fbbb004b248;
LS_0x7fbbb0187870_0_8 .concat [ 1 1 1 1], o0x7fbbb004b248, o0x7fbbb004b248, o0x7fbbb004b248, o0x7fbbb004b248;
LS_0x7fbbb0187870_0_12 .concat [ 1 1 1 1], o0x7fbbb004b248, o0x7fbbb004b248, o0x7fbbb004b248, o0x7fbbb004b248;
L_0x7fbbb0187870 .concat [ 4 4 4 4], LS_0x7fbbb0187870_0_0, LS_0x7fbbb0187870_0_4, LS_0x7fbbb0187870_0_8, LS_0x7fbbb0187870_0_12;
L_0x7fbbb0187a80 .concat [ 16 1 0 0], L_0x7fbbb0187870, L_0x7fbbb0073a70;
L_0x7fbbb01877b0 .arith/sum 17, L_0x7fbbb0187660, L_0x7fbbb0187700;
L_0x7fbbb0187d80 .arith/sum 17, L_0x7fbbb01877b0, L_0x7fbbb0073c20;
LS_0x7fbbb0188130_0_0 .concat [ 1 1 1 1], o0x7fbbb004b248, o0x7fbbb004b248, o0x7fbbb004b248, o0x7fbbb004b248;
LS_0x7fbbb0188130_0_4 .concat [ 1 1 1 1], o0x7fbbb004b248, o0x7fbbb004b248, o0x7fbbb004b248, o0x7fbbb004b248;
LS_0x7fbbb0188130_0_8 .concat [ 1 1 1 1], o0x7fbbb004b248, o0x7fbbb004b248, o0x7fbbb004b248, o0x7fbbb004b248;
LS_0x7fbbb0188130_0_12 .concat [ 1 1 1 1], o0x7fbbb004b248, o0x7fbbb004b248, o0x7fbbb004b248, o0x7fbbb004b248;
L_0x7fbbb0188130 .concat [ 4 4 4 4], LS_0x7fbbb0188130_0_0, LS_0x7fbbb0188130_0_4, LS_0x7fbbb0188130_0_8, LS_0x7fbbb0188130_0_12;
L_0x7fbbb0187480 .functor MUXZ 16, L_0x7fbbb0187fa0, L_0x7fbbb01837f0, o0x7fbbb004b6f8, C4<>;
L_0x7fbbb0188010 .concat [ 16 16 0 0], L_0x7fbbb0188310, L_0x7fbbb0186f10;
S_0x7fbbae4ec5e0 .scope module, "SB_PLL40_2F_CORE" "SB_PLL40_2F_CORE" 2 2521;
 .timescale -12 -12;
    .port_info 0 /INPUT 1 "REFERENCECLK";
    .port_info 1 /OUTPUT 1 "PLLOUTCOREA";
    .port_info 2 /OUTPUT 1 "PLLOUTGLOBALA";
    .port_info 3 /OUTPUT 1 "PLLOUTCOREB";
    .port_info 4 /OUTPUT 1 "PLLOUTGLOBALB";
    .port_info 5 /INPUT 1 "EXTFEEDBACK";
    .port_info 6 /INPUT 8 "DYNAMICDELAY";
    .port_info 7 /OUTPUT 1 "LOCK";
    .port_info 8 /INPUT 1 "BYPASS";
    .port_info 9 /INPUT 1 "RESETB";
    .port_info 10 /INPUT 1 "LATCHINPUTVALUE";
    .port_info 11 /OUTPUT 1 "SDO";
    .port_info 12 /INPUT 1 "SDI";
    .port_info 13 /INPUT 1 "SCLK";
P_0x7fbbaf83e800 .param/str "DELAY_ADJUSTMENT_MODE_FEEDBACK" 0 2 2538, "FIXED";
P_0x7fbbaf83e840 .param/str "DELAY_ADJUSTMENT_MODE_RELATIVE" 0 2 2539, "FIXED";
P_0x7fbbaf83e880 .param/l "DIVF" 0 2 2546, C4<0000000>;
P_0x7fbbaf83e8c0 .param/l "DIVQ" 0 2 2547, C4<000>;
P_0x7fbbaf83e900 .param/l "DIVR" 0 2 2545, C4<0000>;
P_0x7fbbaf83e940 .param/l "ENABLE_ICEGATE_PORTA" 0 2 2549, C4<0>;
P_0x7fbbaf83e980 .param/l "ENABLE_ICEGATE_PORTB" 0 2 2550, C4<0>;
P_0x7fbbaf83e9c0 .param/l "EXTERNAL_DIVIDE_FACTOR" 0 2 2552, +C4<00000000000000000000000000000001>;
P_0x7fbbaf83ea00 .param/l "FDA_FEEDBACK" 0 2 2541, C4<0000>;
P_0x7fbbaf83ea40 .param/l "FDA_RELATIVE" 0 2 2542, C4<0000>;
P_0x7fbbaf83ea80 .param/str "FEEDBACK_PATH" 0 2 2537, "SIMPLE";
P_0x7fbbaf83eac0 .param/l "FILTER_RANGE" 0 2 2548, C4<000>;
P_0x7fbbaf83eb00 .param/str "PLLOUT_SELECT_PORTA" 0 2 2543, "GENCLK";
P_0x7fbbaf83eb40 .param/str "PLLOUT_SELECT_PORTB" 0 2 2544, "GENCLK";
P_0x7fbbaf83eb80 .param/l "SHIFTREG_DIV_MODE" 0 2 2540, C4<0>;
P_0x7fbbaf83ebc0 .param/l "TEST_MODE" 0 2 2551, C4<0>;
o0x7fbbb004d048 .functor BUFZ 1, C4<z>; HiZ drive
v0x7fbbb0168260_0 .net "BYPASS", 0 0, o0x7fbbb004d048;  0 drivers
o0x7fbbb004d078 .functor BUFZ 8, C4<zzzzzzzz>; HiZ drive
v0x7fbbb01682f0_0 .net "DYNAMICDELAY", 7 0, o0x7fbbb004d078;  0 drivers
o0x7fbbb004d0a8 .functor BUFZ 1, C4<z>; HiZ drive
v0x7fbbae430150_0 .net "EXTFEEDBACK", 0 0, o0x7fbbb004d0a8;  0 drivers
o0x7fbbb004d0d8 .functor BUFZ 1, C4<z>; HiZ drive
v0x7fbbb0168380_0 .net "LATCHINPUTVALUE", 0 0, o0x7fbbb004d0d8;  0 drivers
o0x7fbbb004d108 .functor BUFZ 1, C4<z>; HiZ drive
v0x7fbbb0168410_0 .net "LOCK", 0 0, o0x7fbbb004d108;  0 drivers
o0x7fbbb004d138 .functor BUFZ 1, C4<z>; HiZ drive
v0x7fbbb01684a0_0 .net "PLLOUTCOREA", 0 0, o0x7fbbb004d138;  0 drivers
o0x7fbbb004d168 .functor BUFZ 1, C4<z>; HiZ drive
v0x7fbbb0168530_0 .net "PLLOUTCOREB", 0 0, o0x7fbbb004d168;  0 drivers
o0x7fbbb004d198 .functor BUFZ 1, C4<z>; HiZ drive
v0x7fbbb01685d0_0 .net "PLLOUTGLOBALA", 0 0, o0x7fbbb004d198;  0 drivers
o0x7fbbb004d1c8 .functor BUFZ 1, C4<z>; HiZ drive
v0x7fbbb0168670_0 .net "PLLOUTGLOBALB", 0 0, o0x7fbbb004d1c8;  0 drivers
o0x7fbbb004d1f8 .functor BUFZ 1, C4<z>; HiZ drive
v0x7fbbb0168780_0 .net "REFERENCECLK", 0 0, o0x7fbbb004d1f8;  0 drivers
o0x7fbbb004d228 .functor BUFZ 1, C4<z>; HiZ drive
v0x7fbbb0168810_0 .net "RESETB", 0 0, o0x7fbbb004d228;  0 drivers
o0x7fbbb004d258 .functor BUFZ 1, C4<z>; HiZ drive
v0x7fbbb01688b0_0 .net "SCLK", 0 0, o0x7fbbb004d258;  0 drivers
o0x7fbbb004d288 .functor BUFZ 1, C4<z>; HiZ drive
v0x7fbbb0168950_0 .net "SDI", 0 0, o0x7fbbb004d288;  0 drivers
o0x7fbbb004d2b8 .functor BUFZ 1, C4<z>; HiZ drive
v0x7fbbb01689f0_0 .net "SDO", 0 0, o0x7fbbb004d2b8;  0 drivers
S_0x7fbbae4d4880 .scope module, "SB_PLL40_2F_PAD" "SB_PLL40_2F_PAD" 2 2556;
 .timescale -12 -12;
    .port_info 0 /INPUT 1 "PACKAGEPIN";
    .port_info 1 /OUTPUT 1 "PLLOUTCOREA";
    .port_info 2 /OUTPUT 1 "PLLOUTGLOBALA";
    .port_info 3 /OUTPUT 1 "PLLOUTCOREB";
    .port_info 4 /OUTPUT 1 "PLLOUTGLOBALB";
    .port_info 5 /INPUT 1 "EXTFEEDBACK";
    .port_info 6 /INPUT 8 "DYNAMICDELAY";
    .port_info 7 /OUTPUT 1 "LOCK";
    .port_info 8 /INPUT 1 "BYPASS";
    .port_info 9 /INPUT 1 "RESETB";
    .port_info 10 /INPUT 1 "LATCHINPUTVALUE";
    .port_info 11 /OUTPUT 1 "SDO";
    .port_info 12 /INPUT 1 "SDI";
    .port_info 13 /INPUT 1 "SCLK";
P_0x7fbbaf840200 .param/str "DELAY_ADJUSTMENT_MODE_FEEDBACK" 0 2 2573, "FIXED";
P_0x7fbbaf840240 .param/str "DELAY_ADJUSTMENT_MODE_RELATIVE" 0 2 2574, "FIXED";
P_0x7fbbaf840280 .param/l "DIVF" 0 2 2581, C4<0000000>;
P_0x7fbbaf8402c0 .param/l "DIVQ" 0 2 2582, C4<000>;
P_0x7fbbaf840300 .param/l "DIVR" 0 2 2580, C4<0000>;
P_0x7fbbaf840340 .param/l "ENABLE_ICEGATE_PORTA" 0 2 2584, C4<0>;
P_0x7fbbaf840380 .param/l "ENABLE_ICEGATE_PORTB" 0 2 2585, C4<0>;
P_0x7fbbaf8403c0 .param/l "EXTERNAL_DIVIDE_FACTOR" 0 2 2587, +C4<00000000000000000000000000000001>;
P_0x7fbbaf840400 .param/l "FDA_FEEDBACK" 0 2 2576, C4<0000>;
P_0x7fbbaf840440 .param/l "FDA_RELATIVE" 0 2 2577, C4<0000>;
P_0x7fbbaf840480 .param/str "FEEDBACK_PATH" 0 2 2572, "SIMPLE";
P_0x7fbbaf8404c0 .param/l "FILTER_RANGE" 0 2 2583, C4<000>;
P_0x7fbbaf840500 .param/str "PLLOUT_SELECT_PORTA" 0 2 2578, "GENCLK";
P_0x7fbbaf840540 .param/str "PLLOUT_SELECT_PORTB" 0 2 2579, "GENCLK";
P_0x7fbbaf840580 .param/l "SHIFTREG_DIV_MODE" 0 2 2575, C4<00>;
P_0x7fbbaf8405c0 .param/l "TEST_MODE" 0 2 2586, C4<0>;
o0x7fbbb004d588 .functor BUFZ 1, C4<z>; HiZ drive
v0x7fbbb0168be0_0 .net "BYPASS", 0 0, o0x7fbbb004d588;  0 drivers
o0x7fbbb004d5b8 .functor BUFZ 8, C4<zzzzzzzz>; HiZ drive
v0x7fbbb0168c70_0 .net "DYNAMICDELAY", 7 0, o0x7fbbb004d5b8;  0 drivers
o0x7fbbb004d5e8 .functor BUFZ 1, C4<z>; HiZ drive
v0x7fbbb0168d00_0 .net "EXTFEEDBACK", 0 0, o0x7fbbb004d5e8;  0 drivers
o0x7fbbb004d618 .functor BUFZ 1, C4<z>; HiZ drive
v0x7fbbb0168d90_0 .net "LATCHINPUTVALUE", 0 0, o0x7fbbb004d618;  0 drivers
o0x7fbbb004d648 .functor BUFZ 1, C4<z>; HiZ drive
v0x7fbbb0168e20_0 .net "LOCK", 0 0, o0x7fbbb004d648;  0 drivers
o0x7fbbb004d678 .functor BUFZ 1, C4<z>; HiZ drive
v0x7fbbb0168ec0_0 .net "PACKAGEPIN", 0 0, o0x7fbbb004d678;  0 drivers
o0x7fbbb004d6a8 .functor BUFZ 1, C4<z>; HiZ drive
v0x7fbbb0168f60_0 .net "PLLOUTCOREA", 0 0, o0x7fbbb004d6a8;  0 drivers
o0x7fbbb004d6d8 .functor BUFZ 1, C4<z>; HiZ drive
v0x7fbbb0169000_0 .net "PLLOUTCOREB", 0 0, o0x7fbbb004d6d8;  0 drivers
o0x7fbbb004d708 .functor BUFZ 1, C4<z>; HiZ drive
v0x7fbbb01690a0_0 .net "PLLOUTGLOBALA", 0 0, o0x7fbbb004d708;  0 drivers
o0x7fbbb004d738 .functor BUFZ 1, C4<z>; HiZ drive
v0x7fbbb01691b0_0 .net "PLLOUTGLOBALB", 0 0, o0x7fbbb004d738;  0 drivers
o0x7fbbb004d768 .functor BUFZ 1, C4<z>; HiZ drive
v0x7fbbb0169240_0 .net "RESETB", 0 0, o0x7fbbb004d768;  0 drivers
o0x7fbbb004d798 .functor BUFZ 1, C4<z>; HiZ drive
v0x7fbbb01692e0_0 .net "SCLK", 0 0, o0x7fbbb004d798;  0 drivers
o0x7fbbb004d7c8 .functor BUFZ 1, C4<z>; HiZ drive
v0x7fbbb0169380_0 .net "SDI", 0 0, o0x7fbbb004d7c8;  0 drivers
o0x7fbbb004d7f8 .functor BUFZ 1, C4<z>; HiZ drive
v0x7fbbb0169420_0 .net "SDO", 0 0, o0x7fbbb004d7f8;  0 drivers
S_0x7fbbae4cf550 .scope module, "SB_PLL40_2_PAD" "SB_PLL40_2_PAD" 2 2487;
 .timescale -12 -12;
    .port_info 0 /INPUT 1 "PACKAGEPIN";
    .port_info 1 /OUTPUT 1 "PLLOUTCOREA";
    .port_info 2 /OUTPUT 1 "PLLOUTGLOBALA";
    .port_info 3 /OUTPUT 1 "PLLOUTCOREB";
    .port_info 4 /OUTPUT 1 "PLLOUTGLOBALB";
    .port_info 5 /INPUT 1 "EXTFEEDBACK";
    .port_info 6 /INPUT 8 "DYNAMICDELAY";
    .port_info 7 /OUTPUT 1 "LOCK";
    .port_info 8 /INPUT 1 "BYPASS";
    .port_info 9 /INPUT 1 "RESETB";
    .port_info 10 /INPUT 1 "LATCHINPUTVALUE";
    .port_info 11 /OUTPUT 1 "SDO";
    .port_info 12 /INPUT 1 "SDI";
    .port_info 13 /INPUT 1 "SCLK";
P_0x7fbbb013ed60 .param/str "DELAY_ADJUSTMENT_MODE_FEEDBACK" 0 2 2504, "FIXED";
P_0x7fbbb013eda0 .param/str "DELAY_ADJUSTMENT_MODE_RELATIVE" 0 2 2505, "FIXED";
P_0x7fbbb013ede0 .param/l "DIVF" 0 2 2511, C4<0000000>;
P_0x7fbbb013ee20 .param/l "DIVQ" 0 2 2512, C4<000>;
P_0x7fbbb013ee60 .param/l "DIVR" 0 2 2510, C4<0000>;
P_0x7fbbb013eea0 .param/l "ENABLE_ICEGATE_PORTA" 0 2 2514, C4<0>;
P_0x7fbbb013eee0 .param/l "ENABLE_ICEGATE_PORTB" 0 2 2515, C4<0>;
P_0x7fbbb013ef20 .param/l "EXTERNAL_DIVIDE_FACTOR" 0 2 2517, +C4<00000000000000000000000000000001>;
P_0x7fbbb013ef60 .param/l "FDA_FEEDBACK" 0 2 2507, C4<0000>;
P_0x7fbbb013efa0 .param/l "FDA_RELATIVE" 0 2 2508, C4<0000>;
P_0x7fbbb013efe0 .param/str "FEEDBACK_PATH" 0 2 2503, "SIMPLE";
P_0x7fbbb013f020 .param/l "FILTER_RANGE" 0 2 2513, C4<000>;
P_0x7fbbb013f060 .param/str "PLLOUT_SELECT_PORTB" 0 2 2509, "GENCLK";
P_0x7fbbb013f0a0 .param/l "SHIFTREG_DIV_MODE" 0 2 2506, C4<0>;
P_0x7fbbb013f0e0 .param/l "TEST_MODE" 0 2 2516, C4<0>;
o0x7fbbb004dac8 .functor BUFZ 1, C4<z>; HiZ drive
v0x7fbbb0169610_0 .net "BYPASS", 0 0, o0x7fbbb004dac8;  0 drivers
o0x7fbbb004daf8 .functor BUFZ 8, C4<zzzzzzzz>; HiZ drive
v0x7fbbb01696a0_0 .net "DYNAMICDELAY", 7 0, o0x7fbbb004daf8;  0 drivers
o0x7fbbb004db28 .functor BUFZ 1, C4<z>; HiZ drive
v0x7fbbb0169730_0 .net "EXTFEEDBACK", 0 0, o0x7fbbb004db28;  0 drivers
o0x7fbbb004db58 .functor BUFZ 1, C4<z>; HiZ drive
v0x7fbbb01697c0_0 .net "LATCHINPUTVALUE", 0 0, o0x7fbbb004db58;  0 drivers
o0x7fbbb004db88 .functor BUFZ 1, C4<z>; HiZ drive
v0x7fbbb0169850_0 .net "LOCK", 0 0, o0x7fbbb004db88;  0 drivers
o0x7fbbb004dbb8 .functor BUFZ 1, C4<z>; HiZ drive
v0x7fbbb01698f0_0 .net "PACKAGEPIN", 0 0, o0x7fbbb004dbb8;  0 drivers
o0x7fbbb004dbe8 .functor BUFZ 1, C4<z>; HiZ drive
v0x7fbbb0169990_0 .net "PLLOUTCOREA", 0 0, o0x7fbbb004dbe8;  0 drivers
o0x7fbbb004dc18 .functor BUFZ 1, C4<z>; HiZ drive
v0x7fbbb0169a30_0 .net "PLLOUTCOREB", 0 0, o0x7fbbb004dc18;  0 drivers
o0x7fbbb004dc48 .functor BUFZ 1, C4<z>; HiZ drive
v0x7fbbb0169ad0_0 .net "PLLOUTGLOBALA", 0 0, o0x7fbbb004dc48;  0 drivers
o0x7fbbb004dc78 .functor BUFZ 1, C4<z>; HiZ drive
v0x7fbbb0169be0_0 .net "PLLOUTGLOBALB", 0 0, o0x7fbbb004dc78;  0 drivers
o0x7fbbb004dca8 .functor BUFZ 1, C4<z>; HiZ drive
v0x7fbbb0169c70_0 .net "RESETB", 0 0, o0x7fbbb004dca8;  0 drivers
o0x7fbbb004dcd8 .functor BUFZ 1, C4<z>; HiZ drive
v0x7fbbb0169d10_0 .net "SCLK", 0 0, o0x7fbbb004dcd8;  0 drivers
o0x7fbbb004dd08 .functor BUFZ 1, C4<z>; HiZ drive
v0x7fbbb0169db0_0 .net "SDI", 0 0, o0x7fbbb004dd08;  0 drivers
o0x7fbbb004dd38 .functor BUFZ 1, C4<z>; HiZ drive
v0x7fbbb0169e50_0 .net "SDO", 0 0, o0x7fbbb004dd38;  0 drivers
S_0x7fbbae4130e0 .scope module, "SB_PLL40_CORE" "SB_PLL40_CORE" 2 2425;
 .timescale -12 -12;
    .port_info 0 /INPUT 1 "REFERENCECLK";
    .port_info 1 /OUTPUT 1 "PLLOUTCORE";
    .port_info 2 /OUTPUT 1 "PLLOUTGLOBAL";
    .port_info 3 /INPUT 1 "EXTFEEDBACK";
    .port_info 4 /INPUT 8 "DYNAMICDELAY";
    .port_info 5 /OUTPUT 1 "LOCK";
    .port_info 6 /INPUT 1 "BYPASS";
    .port_info 7 /INPUT 1 "RESETB";
    .port_info 8 /INPUT 1 "LATCHINPUTVALUE";
    .port_info 9 /OUTPUT 1 "SDO";
    .port_info 10 /INPUT 1 "SDI";
    .port_info 11 /INPUT 1 "SCLK";
P_0x7fbbae41b880 .param/str "DELAY_ADJUSTMENT_MODE_FEEDBACK" 0 2 2440, "FIXED";
P_0x7fbbae41b8c0 .param/str "DELAY_ADJUSTMENT_MODE_RELATIVE" 0 2 2441, "FIXED";
P_0x7fbbae41b900 .param/l "DIVF" 0 2 2447, C4<0000000>;
P_0x7fbbae41b940 .param/l "DIVQ" 0 2 2448, C4<000>;
P_0x7fbbae41b980 .param/l "DIVR" 0 2 2446, C4<0000>;
P_0x7fbbae41b9c0 .param/l "ENABLE_ICEGATE" 0 2 2450, C4<0>;
P_0x7fbbae41ba00 .param/l "EXTERNAL_DIVIDE_FACTOR" 0 2 2452, +C4<00000000000000000000000000000001>;
P_0x7fbbae41ba40 .param/l "FDA_FEEDBACK" 0 2 2443, C4<0000>;
P_0x7fbbae41ba80 .param/l "FDA_RELATIVE" 0 2 2444, C4<0000>;
P_0x7fbbae41bac0 .param/str "FEEDBACK_PATH" 0 2 2439, "SIMPLE";
P_0x7fbbae41bb00 .param/l "FILTER_RANGE" 0 2 2449, C4<000>;
P_0x7fbbae41bb40 .param/str "PLLOUT_SELECT" 0 2 2445, "GENCLK";
P_0x7fbbae41bb80 .param/l "SHIFTREG_DIV_MODE" 0 2 2442, C4<0>;
P_0x7fbbae41bbc0 .param/l "TEST_MODE" 0 2 2451, C4<0>;
o0x7fbbb004e008 .functor BUFZ 1, C4<z>; HiZ drive
v0x7fbbb016a040_0 .net "BYPASS", 0 0, o0x7fbbb004e008;  0 drivers
o0x7fbbb004e038 .functor BUFZ 8, C4<zzzzzzzz>; HiZ drive
v0x7fbbb016a0d0_0 .net "DYNAMICDELAY", 7 0, o0x7fbbb004e038;  0 drivers
o0x7fbbb004e068 .functor BUFZ 1, C4<z>; HiZ drive
v0x7fbbb016a160_0 .net "EXTFEEDBACK", 0 0, o0x7fbbb004e068;  0 drivers
o0x7fbbb004e098 .functor BUFZ 1, C4<z>; HiZ drive
v0x7fbbb016a1f0_0 .net "LATCHINPUTVALUE", 0 0, o0x7fbbb004e098;  0 drivers
o0x7fbbb004e0c8 .functor BUFZ 1, C4<z>; HiZ drive
v0x7fbbb016a280_0 .net "LOCK", 0 0, o0x7fbbb004e0c8;  0 drivers
o0x7fbbb004e0f8 .functor BUFZ 1, C4<z>; HiZ drive
v0x7fbbb016a320_0 .net "PLLOUTCORE", 0 0, o0x7fbbb004e0f8;  0 drivers
o0x7fbbb004e128 .functor BUFZ 1, C4<z>; HiZ drive
v0x7fbbb016a3c0_0 .net "PLLOUTGLOBAL", 0 0, o0x7fbbb004e128;  0 drivers
o0x7fbbb004e158 .functor BUFZ 1, C4<z>; HiZ drive
v0x7fbbb016a460_0 .net "REFERENCECLK", 0 0, o0x7fbbb004e158;  0 drivers
o0x7fbbb004e188 .functor BUFZ 1, C4<z>; HiZ drive
v0x7fbbb016a500_0 .net "RESETB", 0 0, o0x7fbbb004e188;  0 drivers
o0x7fbbb004e1b8 .functor BUFZ 1, C4<z>; HiZ drive
v0x7fbbb016a610_0 .net "SCLK", 0 0, o0x7fbbb004e1b8;  0 drivers
o0x7fbbb004e1e8 .functor BUFZ 1, C4<z>; HiZ drive
v0x7fbbb016a6a0_0 .net "SDI", 0 0, o0x7fbbb004e1e8;  0 drivers
o0x7fbbb004e218 .functor BUFZ 1, C4<z>; HiZ drive
v0x7fbbb016a740_0 .net "SDO", 0 0, o0x7fbbb004e218;  0 drivers
S_0x7fbbb012bd40 .scope module, "SB_PLL40_PAD" "SB_PLL40_PAD" 2 2456;
 .timescale -12 -12;
    .port_info 0 /INPUT 1 "PACKAGEPIN";
    .port_info 1 /OUTPUT 1 "PLLOUTCORE";
    .port_info 2 /OUTPUT 1 "PLLOUTGLOBAL";
    .port_info 3 /INPUT 1 "EXTFEEDBACK";
    .port_info 4 /INPUT 8 "DYNAMICDELAY";
    .port_info 5 /OUTPUT 1 "LOCK";
    .port_info 6 /INPUT 1 "BYPASS";
    .port_info 7 /INPUT 1 "RESETB";
    .port_info 8 /INPUT 1 "LATCHINPUTVALUE";
    .port_info 9 /OUTPUT 1 "SDO";
    .port_info 10 /INPUT 1 "SDI";
    .port_info 11 /INPUT 1 "SCLK";
P_0x7fbbae4192b0 .param/str "DELAY_ADJUSTMENT_MODE_FEEDBACK" 0 2 2471, "FIXED";
P_0x7fbbae4192f0 .param/str "DELAY_ADJUSTMENT_MODE_RELATIVE" 0 2 2472, "FIXED";
P_0x7fbbae419330 .param/l "DIVF" 0 2 2478, C4<0000000>;
P_0x7fbbae419370 .param/l "DIVQ" 0 2 2479, C4<000>;
P_0x7fbbae4193b0 .param/l "DIVR" 0 2 2477, C4<0000>;
P_0x7fbbae4193f0 .param/l "ENABLE_ICEGATE" 0 2 2481, C4<0>;
P_0x7fbbae419430 .param/l "EXTERNAL_DIVIDE_FACTOR" 0 2 2483, +C4<00000000000000000000000000000001>;
P_0x7fbbae419470 .param/l "FDA_FEEDBACK" 0 2 2474, C4<0000>;
P_0x7fbbae4194b0 .param/l "FDA_RELATIVE" 0 2 2475, C4<0000>;
P_0x7fbbae4194f0 .param/str "FEEDBACK_PATH" 0 2 2470, "SIMPLE";
P_0x7fbbae419530 .param/l "FILTER_RANGE" 0 2 2480, C4<000>;
P_0x7fbbae419570 .param/str "PLLOUT_SELECT" 0 2 2476, "GENCLK";
P_0x7fbbae4195b0 .param/l "SHIFTREG_DIV_MODE" 0 2 2473, C4<0>;
P_0x7fbbae4195f0 .param/l "TEST_MODE" 0 2 2482, C4<0>;
o0x7fbbb004e488 .functor BUFZ 1, C4<z>; HiZ drive
v0x7fbbb016a900_0 .net "BYPASS", 0 0, o0x7fbbb004e488;  0 drivers
o0x7fbbb004e4b8 .functor BUFZ 8, C4<zzzzzzzz>; HiZ drive
v0x7fbbb016a990_0 .net "DYNAMICDELAY", 7 0, o0x7fbbb004e4b8;  0 drivers
o0x7fbbb004e4e8 .functor BUFZ 1, C4<z>; HiZ drive
v0x7fbbb016aa20_0 .net "EXTFEEDBACK", 0 0, o0x7fbbb004e4e8;  0 drivers
o0x7fbbb004e518 .functor BUFZ 1, C4<z>; HiZ drive
v0x7fbbb016aab0_0 .net "LATCHINPUTVALUE", 0 0, o0x7fbbb004e518;  0 drivers
o0x7fbbb004e548 .functor BUFZ 1, C4<z>; HiZ drive
v0x7fbbb016ab40_0 .net "LOCK", 0 0, o0x7fbbb004e548;  0 drivers
o0x7fbbb004e578 .functor BUFZ 1, C4<z>; HiZ drive
v0x7fbbb016ac10_0 .net "PACKAGEPIN", 0 0, o0x7fbbb004e578;  0 drivers
o0x7fbbb004e5a8 .functor BUFZ 1, C4<z>; HiZ drive
v0x7fbbb016aca0_0 .net "PLLOUTCORE", 0 0, o0x7fbbb004e5a8;  0 drivers
o0x7fbbb004e5d8 .functor BUFZ 1, C4<z>; HiZ drive
v0x7fbbb016ad30_0 .net "PLLOUTGLOBAL", 0 0, o0x7fbbb004e5d8;  0 drivers
o0x7fbbb004e608 .functor BUFZ 1, C4<z>; HiZ drive
v0x7fbbb016add0_0 .net "RESETB", 0 0, o0x7fbbb004e608;  0 drivers
o0x7fbbb004e638 .functor BUFZ 1, C4<z>; HiZ drive
v0x7fbbb016aee0_0 .net "SCLK", 0 0, o0x7fbbb004e638;  0 drivers
o0x7fbbb004e668 .functor BUFZ 1, C4<z>; HiZ drive
v0x7fbbb016af70_0 .net "SDI", 0 0, o0x7fbbb004e668;  0 drivers
o0x7fbbb004e698 .functor BUFZ 1, C4<z>; HiZ drive
v0x7fbbb016b010_0 .net "SDO", 0 0, o0x7fbbb004e698;  0 drivers
S_0x7fbbb011f4a0 .scope module, "SB_RAM40_4KNR" "SB_RAM40_4KNR" 2 1726;
 .timescale -12 -12;
    .port_info 0 /OUTPUT 16 "RDATA";
    .port_info 1 /INPUT 1 "RCLKN";
    .port_info 2 /INPUT 1 "RCLKE";
    .port_info 3 /INPUT 1 "RE";
    .port_info 4 /INPUT 11 "RADDR";
    .port_info 5 /INPUT 1 "WCLK";
    .port_info 6 /INPUT 1 "WCLKE";
    .port_info 7 /INPUT 1 "WE";
    .port_info 8 /INPUT 11 "WADDR";
    .port_info 9 /INPUT 16 "MASK";
    .port_info 10 /INPUT 16 "WDATA";
P_0x7fbbaf840600 .param/l "INIT_0" 0 2 1742, C4<0000000000000000000000000000000000000000000000000000000000000000000000000000000000000000000000000000000000000000000000000000000000000000000000000000000000000000000000000000000000000000000000000000000000000000000000000000000000000000000000000000000000000000>;
P_0x7fbbaf840640 .param/l "INIT_1" 0 2 1743, C4<0000000000000000000000000000000000000000000000000000000000000000000000000000000000000000000000000000000000000000000000000000000000000000000000000000000000000000000000000000000000000000000000000000000000000000000000000000000000000000000000000000000000000000>;
P_0x7fbbaf840680 .param/l "INIT_2" 0 2 1744, C4<0000000000000000000000000000000000000000000000000000000000000000000000000000000000000000000000000000000000000000000000000000000000000000000000000000000000000000000000000000000000000000000000000000000000000000000000000000000000000000000000000000000000000000>;
P_0x7fbbaf8406c0 .param/l "INIT_3" 0 2 1745, C4<0000000000000000000000000000000000000000000000000000000000000000000000000000000000000000000000000000000000000000000000000000000000000000000000000000000000000000000000000000000000000000000000000000000000000000000000000000000000000000000000000000000000000000>;
P_0x7fbbaf840700 .param/l "INIT_4" 0 2 1746, C4<0000000000000000000000000000000000000000000000000000000000000000000000000000000000000000000000000000000000000000000000000000000000000000000000000000000000000000000000000000000000000000000000000000000000000000000000000000000000000000000000000000000000000000>;
P_0x7fbbaf840740 .param/l "INIT_5" 0 2 1747, C4<0000000000000000000000000000000000000000000000000000000000000000000000000000000000000000000000000000000000000000000000000000000000000000000000000000000000000000000000000000000000000000000000000000000000000000000000000000000000000000000000000000000000000000>;
P_0x7fbbaf840780 .param/l "INIT_6" 0 2 1748, C4<0000000000000000000000000000000000000000000000000000000000000000000000000000000000000000000000000000000000000000000000000000000000000000000000000000000000000000000000000000000000000000000000000000000000000000000000000000000000000000000000000000000000000000>;
P_0x7fbbaf8407c0 .param/l "INIT_7" 0 2 1749, C4<0000000000000000000000000000000000000000000000000000000000000000000000000000000000000000000000000000000000000000000000000000000000000000000000000000000000000000000000000000000000000000000000000000000000000000000000000000000000000000000000000000000000000000>;
P_0x7fbbaf840800 .param/l "INIT_8" 0 2 1750, C4<0000000000000000000000000000000000000000000000000000000000000000000000000000000000000000000000000000000000000000000000000000000000000000000000000000000000000000000000000000000000000000000000000000000000000000000000000000000000000000000000000000000000000000>;
P_0x7fbbaf840840 .param/l "INIT_9" 0 2 1751, C4<0000000000000000000000000000000000000000000000000000000000000000000000000000000000000000000000000000000000000000000000000000000000000000000000000000000000000000000000000000000000000000000000000000000000000000000000000000000000000000000000000000000000000000>;
P_0x7fbbaf840880 .param/l "INIT_A" 0 2 1752, C4<0000000000000000000000000000000000000000000000000000000000000000000000000000000000000000000000000000000000000000000000000000000000000000000000000000000000000000000000000000000000000000000000000000000000000000000000000000000000000000000000000000000000000000>;
P_0x7fbbaf8408c0 .param/l "INIT_B" 0 2 1753, C4<0000000000000000000000000000000000000000000000000000000000000000000000000000000000000000000000000000000000000000000000000000000000000000000000000000000000000000000000000000000000000000000000000000000000000000000000000000000000000000000000000000000000000000>;
P_0x7fbbaf840900 .param/l "INIT_C" 0 2 1754, C4<0000000000000000000000000000000000000000000000000000000000000000000000000000000000000000000000000000000000000000000000000000000000000000000000000000000000000000000000000000000000000000000000000000000000000000000000000000000000000000000000000000000000000000>;
P_0x7fbbaf840940 .param/l "INIT_D" 0 2 1755, C4<0000000000000000000000000000000000000000000000000000000000000000000000000000000000000000000000000000000000000000000000000000000000000000000000000000000000000000000000000000000000000000000000000000000000000000000000000000000000000000000000000000000000000000>;
P_0x7fbbaf840980 .param/l "INIT_E" 0 2 1756, C4<0000000000000000000000000000000000000000000000000000000000000000000000000000000000000000000000000000000000000000000000000000000000000000000000000000000000000000000000000000000000000000000000000000000000000000000000000000000000000000000000000000000000000000>;
P_0x7fbbaf8409c0 .param/l "INIT_F" 0 2 1757, C4<0000000000000000000000000000000000000000000000000000000000000000000000000000000000000000000000000000000000000000000000000000000000000000000000000000000000000000000000000000000000000000000000000000000000000000000000000000000000000000000000000000000000000000>;
P_0x7fbbaf840a00 .param/str "INIT_FILE" 0 2 1759, "\000";
P_0x7fbbaf840a40 .param/l "READ_MODE" 0 2 1740, +C4<00000000000000000000000000000000>;
P_0x7fbbaf840a80 .param/l "WRITE_MODE" 0 2 1739, +C4<00000000000000000000000000000000>;
o0x7fbbb004ee18 .functor BUFZ 1, C4<z>; HiZ drive
L_0x7fbbb0188720 .functor NOT 1, o0x7fbbb004ee18, C4<0>, C4<0>, C4<0>;
o0x7fbbb004e908 .functor BUFZ 16, C4<zzzzzzzzzzzzzzzz>; HiZ drive
v0x7fbbb016df70_0 .net "MASK", 15 0, o0x7fbbb004e908;  0 drivers
o0x7fbbb004e938 .functor BUFZ 11, C4<zzzzzzzzzzz>; HiZ drive
v0x7fbbb016e000_0 .net "RADDR", 10 0, o0x7fbbb004e938;  0 drivers
o0x7fbbb004e998 .functor BUFZ 1, C4<z>; HiZ drive
v0x7fbbb016e090_0 .net "RCLKE", 0 0, o0x7fbbb004e998;  0 drivers
v0x7fbbb016e120_0 .net "RCLKN", 0 0, o0x7fbbb004ee18;  0 drivers
v0x7fbbb016e1b0_0 .net "RDATA", 15 0, L_0x7fbbb01886b0;  1 drivers
o0x7fbbb004ea28 .functor BUFZ 1, C4<z>; HiZ drive
v0x7fbbb016e240_0 .net "RE", 0 0, o0x7fbbb004ea28;  0 drivers
o0x7fbbb004ea88 .functor BUFZ 11, C4<zzzzzzzzzzz>; HiZ drive
v0x7fbbb016e2f0_0 .net "WADDR", 10 0, o0x7fbbb004ea88;  0 drivers
o0x7fbbb004eab8 .functor BUFZ 1, C4<z>; HiZ drive
v0x7fbbb016e3a0_0 .net "WCLK", 0 0, o0x7fbbb004eab8;  0 drivers
o0x7fbbb004eae8 .functor BUFZ 1, C4<z>; HiZ drive
v0x7fbbb016e450_0 .net "WCLKE", 0 0, o0x7fbbb004eae8;  0 drivers
o0x7fbbb004eb18 .functor BUFZ 16, C4<zzzzzzzzzzzzzzzz>; HiZ drive
v0x7fbbb016e580_0 .net "WDATA", 15 0, o0x7fbbb004eb18;  0 drivers
o0x7fbbb004eb78 .functor BUFZ 1, C4<z>; HiZ drive
v0x7fbbb016e610_0 .net "WE", 0 0, o0x7fbbb004eb78;  0 drivers
S_0x7fbbb016b1d0 .scope module, "RAM" "SB_RAM40_4K" 2 1781, 2 1487 0, S_0x7fbbb011f4a0;
 .timescale -12 -12;
    .port_info 0 /OUTPUT 16 "RDATA";
    .port_info 1 /INPUT 1 "RCLK";
    .port_info 2 /INPUT 1 "RCLKE";
    .port_info 3 /INPUT 1 "RE";
    .port_info 4 /INPUT 11 "RADDR";
    .port_info 5 /INPUT 1 "WCLK";
    .port_info 6 /INPUT 1 "WCLKE";
    .port_info 7 /INPUT 1 "WE";
    .port_info 8 /INPUT 11 "WADDR";
    .port_info 9 /INPUT 16 "MASK";
    .port_info 10 /INPUT 16 "WDATA";
P_0x7fbbaf843800 .param/l "INIT_0" 0 2 1507, C4<0000000000000000000000000000000000000000000000000000000000000000000000000000000000000000000000000000000000000000000000000000000000000000000000000000000000000000000000000000000000000000000000000000000000000000000000000000000000000000000000000000000000000000>;
P_0x7fbbaf843840 .param/l "INIT_1" 0 2 1508, C4<0000000000000000000000000000000000000000000000000000000000000000000000000000000000000000000000000000000000000000000000000000000000000000000000000000000000000000000000000000000000000000000000000000000000000000000000000000000000000000000000000000000000000000>;
P_0x7fbbaf843880 .param/l "INIT_2" 0 2 1509, C4<0000000000000000000000000000000000000000000000000000000000000000000000000000000000000000000000000000000000000000000000000000000000000000000000000000000000000000000000000000000000000000000000000000000000000000000000000000000000000000000000000000000000000000>;
P_0x7fbbaf8438c0 .param/l "INIT_3" 0 2 1510, C4<0000000000000000000000000000000000000000000000000000000000000000000000000000000000000000000000000000000000000000000000000000000000000000000000000000000000000000000000000000000000000000000000000000000000000000000000000000000000000000000000000000000000000000>;
P_0x7fbbaf843900 .param/l "INIT_4" 0 2 1511, C4<0000000000000000000000000000000000000000000000000000000000000000000000000000000000000000000000000000000000000000000000000000000000000000000000000000000000000000000000000000000000000000000000000000000000000000000000000000000000000000000000000000000000000000>;
P_0x7fbbaf843940 .param/l "INIT_5" 0 2 1512, C4<0000000000000000000000000000000000000000000000000000000000000000000000000000000000000000000000000000000000000000000000000000000000000000000000000000000000000000000000000000000000000000000000000000000000000000000000000000000000000000000000000000000000000000>;
P_0x7fbbaf843980 .param/l "INIT_6" 0 2 1513, C4<0000000000000000000000000000000000000000000000000000000000000000000000000000000000000000000000000000000000000000000000000000000000000000000000000000000000000000000000000000000000000000000000000000000000000000000000000000000000000000000000000000000000000000>;
P_0x7fbbaf8439c0 .param/l "INIT_7" 0 2 1514, C4<0000000000000000000000000000000000000000000000000000000000000000000000000000000000000000000000000000000000000000000000000000000000000000000000000000000000000000000000000000000000000000000000000000000000000000000000000000000000000000000000000000000000000000>;
P_0x7fbbaf843a00 .param/l "INIT_8" 0 2 1515, C4<0000000000000000000000000000000000000000000000000000000000000000000000000000000000000000000000000000000000000000000000000000000000000000000000000000000000000000000000000000000000000000000000000000000000000000000000000000000000000000000000000000000000000000>;
P_0x7fbbaf843a40 .param/l "INIT_9" 0 2 1516, C4<0000000000000000000000000000000000000000000000000000000000000000000000000000000000000000000000000000000000000000000000000000000000000000000000000000000000000000000000000000000000000000000000000000000000000000000000000000000000000000000000000000000000000000>;
P_0x7fbbaf843a80 .param/l "INIT_A" 0 2 1517, C4<0000000000000000000000000000000000000000000000000000000000000000000000000000000000000000000000000000000000000000000000000000000000000000000000000000000000000000000000000000000000000000000000000000000000000000000000000000000000000000000000000000000000000000>;
P_0x7fbbaf843ac0 .param/l "INIT_B" 0 2 1518, C4<0000000000000000000000000000000000000000000000000000000000000000000000000000000000000000000000000000000000000000000000000000000000000000000000000000000000000000000000000000000000000000000000000000000000000000000000000000000000000000000000000000000000000000>;
P_0x7fbbaf843b00 .param/l "INIT_C" 0 2 1519, C4<0000000000000000000000000000000000000000000000000000000000000000000000000000000000000000000000000000000000000000000000000000000000000000000000000000000000000000000000000000000000000000000000000000000000000000000000000000000000000000000000000000000000000000>;
P_0x7fbbaf843b40 .param/l "INIT_D" 0 2 1520, C4<0000000000000000000000000000000000000000000000000000000000000000000000000000000000000000000000000000000000000000000000000000000000000000000000000000000000000000000000000000000000000000000000000000000000000000000000000000000000000000000000000000000000000000>;
P_0x7fbbaf843b80 .param/l "INIT_E" 0 2 1521, C4<0000000000000000000000000000000000000000000000000000000000000000000000000000000000000000000000000000000000000000000000000000000000000000000000000000000000000000000000000000000000000000000000000000000000000000000000000000000000000000000000000000000000000000>;
P_0x7fbbaf843bc0 .param/l "INIT_F" 0 2 1522, C4<0000000000000000000000000000000000000000000000000000000000000000000000000000000000000000000000000000000000000000000000000000000000000000000000000000000000000000000000000000000000000000000000000000000000000000000000000000000000000000000000000000000000000000>;
P_0x7fbbaf843c00 .param/str "INIT_FILE" 0 2 1524, "\000";
P_0x7fbbaf843c40 .param/l "READ_MODE" 0 2 1505, +C4<00000000000000000000000000000000>;
P_0x7fbbaf843c80 .param/l "WRITE_MODE" 0 2 1504, +C4<00000000000000000000000000000000>;
v0x7fbbb016d1d0_0 .net "MASK", 15 0, o0x7fbbb004e908;  alias, 0 drivers
v0x7fbbb016d260_0 .net "RADDR", 10 0, o0x7fbbb004e938;  alias, 0 drivers
v0x7fbbb016d310_0 .net "RCLK", 0 0, L_0x7fbbb0188720;  1 drivers
v0x7fbbb016d3c0_0 .net "RCLKE", 0 0, o0x7fbbb004e998;  alias, 0 drivers
v0x7fbbb016d460_0 .net "RDATA", 15 0, L_0x7fbbb01886b0;  alias, 1 drivers
v0x7fbbb016d550_0 .var "RDATA_I", 15 0;
v0x7fbbb016d600_0 .net "RE", 0 0, o0x7fbbb004ea28;  alias, 0 drivers
L_0x7fbbb0073b00 .functor BUFT 1, C4<0000000000000000>, C4<0>, C4<0>, C4<0>;
v0x7fbbb016d6a0_0 .net "RMASK_I", 15 0, L_0x7fbbb0073b00;  1 drivers
v0x7fbbb016d750_0 .net "WADDR", 10 0, o0x7fbbb004ea88;  alias, 0 drivers
v0x7fbbb016d860_0 .net "WCLK", 0 0, o0x7fbbb004eab8;  alias, 0 drivers
v0x7fbbb016d900_0 .net "WCLKE", 0 0, o0x7fbbb004eae8;  alias, 0 drivers
v0x7fbbb016d9a0_0 .net "WDATA", 15 0, o0x7fbbb004eb18;  alias, 0 drivers
v0x7fbbb016da50_0 .net "WDATA_I", 15 0, L_0x7fbbb0187c30;  1 drivers
v0x7fbbb016db00_0 .net "WE", 0 0, o0x7fbbb004eb78;  alias, 0 drivers
v0x7fbbb016dba0_0 .net "WMASK_I", 15 0, L_0x7fbbb0187b80;  1 drivers
v0x7fbbb016dc50_0 .var/i "i", 31 0;
v0x7fbbb016dd00 .array "memory", 255 0, 15 0;
E_0x7fbbb016ca50 .event posedge, v0x7fbbb016d310_0;
E_0x7fbbb016cab0 .event posedge, v0x7fbbb016d860_0;
S_0x7fbbb016cb00 .scope generate, "genblk1" "genblk1" 2 1534, 2 1534 0, S_0x7fbbb016b1d0;
 .timescale -12 -12;
L_0x7fbbb0187b80 .functor BUFZ 16, o0x7fbbb004e908, C4<0000000000000000>, C4<0000000000000000>, C4<0000000000000000>;
S_0x7fbbb016ccd0 .scope generate, "genblk2" "genblk2" 2 1555, 2 1555 0, S_0x7fbbb016b1d0;
 .timescale -12 -12;
S_0x7fbbb016cea0 .scope generate, "genblk3" "genblk3" 2 1576, 2 1576 0, S_0x7fbbb016b1d0;
 .timescale -12 -12;
L_0x7fbbb0187c30 .functor BUFZ 16, o0x7fbbb004eb18, C4<0000000000000000>, C4<0000000000000000>, C4<0000000000000000>;
S_0x7fbbb016d010 .scope generate, "genblk4" "genblk4" 2 1595, 2 1595 0, S_0x7fbbb016b1d0;
 .timescale -12 -12;
L_0x7fbbb01886b0 .functor BUFZ 16, v0x7fbbb016d550_0, C4<0000000000000000>, C4<0000000000000000>, C4<0000000000000000>;
S_0x7fbbae4f4ca0 .scope module, "SB_RAM40_4KNRNW" "SB_RAM40_4KNRNW" 2 1998;
 .timescale -12 -12;
    .port_info 0 /OUTPUT 16 "RDATA";
    .port_info 1 /INPUT 1 "RCLKN";
    .port_info 2 /INPUT 1 "RCLKE";
    .port_info 3 /INPUT 1 "RE";
    .port_info 4 /INPUT 11 "RADDR";
    .port_info 5 /INPUT 1 "WCLKN";
    .port_info 6 /INPUT 1 "WCLKE";
    .port_info 7 /INPUT 1 "WE";
    .port_info 8 /INPUT 11 "WADDR";
    .port_info 9 /INPUT 16 "MASK";
    .port_info 10 /INPUT 16 "WDATA";
P_0x7fbbaf841000 .param/l "INIT_0" 0 2 2014, C4<0000000000000000000000000000000000000000000000000000000000000000000000000000000000000000000000000000000000000000000000000000000000000000000000000000000000000000000000000000000000000000000000000000000000000000000000000000000000000000000000000000000000000000>;
P_0x7fbbaf841040 .param/l "INIT_1" 0 2 2015, C4<0000000000000000000000000000000000000000000000000000000000000000000000000000000000000000000000000000000000000000000000000000000000000000000000000000000000000000000000000000000000000000000000000000000000000000000000000000000000000000000000000000000000000000>;
P_0x7fbbaf841080 .param/l "INIT_2" 0 2 2016, C4<0000000000000000000000000000000000000000000000000000000000000000000000000000000000000000000000000000000000000000000000000000000000000000000000000000000000000000000000000000000000000000000000000000000000000000000000000000000000000000000000000000000000000000>;
P_0x7fbbaf8410c0 .param/l "INIT_3" 0 2 2017, C4<0000000000000000000000000000000000000000000000000000000000000000000000000000000000000000000000000000000000000000000000000000000000000000000000000000000000000000000000000000000000000000000000000000000000000000000000000000000000000000000000000000000000000000>;
P_0x7fbbaf841100 .param/l "INIT_4" 0 2 2018, C4<0000000000000000000000000000000000000000000000000000000000000000000000000000000000000000000000000000000000000000000000000000000000000000000000000000000000000000000000000000000000000000000000000000000000000000000000000000000000000000000000000000000000000000>;
P_0x7fbbaf841140 .param/l "INIT_5" 0 2 2019, C4<0000000000000000000000000000000000000000000000000000000000000000000000000000000000000000000000000000000000000000000000000000000000000000000000000000000000000000000000000000000000000000000000000000000000000000000000000000000000000000000000000000000000000000>;
P_0x7fbbaf841180 .param/l "INIT_6" 0 2 2020, C4<0000000000000000000000000000000000000000000000000000000000000000000000000000000000000000000000000000000000000000000000000000000000000000000000000000000000000000000000000000000000000000000000000000000000000000000000000000000000000000000000000000000000000000>;
P_0x7fbbaf8411c0 .param/l "INIT_7" 0 2 2021, C4<0000000000000000000000000000000000000000000000000000000000000000000000000000000000000000000000000000000000000000000000000000000000000000000000000000000000000000000000000000000000000000000000000000000000000000000000000000000000000000000000000000000000000000>;
P_0x7fbbaf841200 .param/l "INIT_8" 0 2 2022, C4<0000000000000000000000000000000000000000000000000000000000000000000000000000000000000000000000000000000000000000000000000000000000000000000000000000000000000000000000000000000000000000000000000000000000000000000000000000000000000000000000000000000000000000>;
P_0x7fbbaf841240 .param/l "INIT_9" 0 2 2023, C4<0000000000000000000000000000000000000000000000000000000000000000000000000000000000000000000000000000000000000000000000000000000000000000000000000000000000000000000000000000000000000000000000000000000000000000000000000000000000000000000000000000000000000000>;
P_0x7fbbaf841280 .param/l "INIT_A" 0 2 2024, C4<0000000000000000000000000000000000000000000000000000000000000000000000000000000000000000000000000000000000000000000000000000000000000000000000000000000000000000000000000000000000000000000000000000000000000000000000000000000000000000000000000000000000000000>;
P_0x7fbbaf8412c0 .param/l "INIT_B" 0 2 2025, C4<0000000000000000000000000000000000000000000000000000000000000000000000000000000000000000000000000000000000000000000000000000000000000000000000000000000000000000000000000000000000000000000000000000000000000000000000000000000000000000000000000000000000000000>;
P_0x7fbbaf841300 .param/l "INIT_C" 0 2 2026, C4<0000000000000000000000000000000000000000000000000000000000000000000000000000000000000000000000000000000000000000000000000000000000000000000000000000000000000000000000000000000000000000000000000000000000000000000000000000000000000000000000000000000000000000>;
P_0x7fbbaf841340 .param/l "INIT_D" 0 2 2027, C4<0000000000000000000000000000000000000000000000000000000000000000000000000000000000000000000000000000000000000000000000000000000000000000000000000000000000000000000000000000000000000000000000000000000000000000000000000000000000000000000000000000000000000000>;
P_0x7fbbaf841380 .param/l "INIT_E" 0 2 2028, C4<0000000000000000000000000000000000000000000000000000000000000000000000000000000000000000000000000000000000000000000000000000000000000000000000000000000000000000000000000000000000000000000000000000000000000000000000000000000000000000000000000000000000000000>;
P_0x7fbbaf8413c0 .param/l "INIT_F" 0 2 2029, C4<0000000000000000000000000000000000000000000000000000000000000000000000000000000000000000000000000000000000000000000000000000000000000000000000000000000000000000000000000000000000000000000000000000000000000000000000000000000000000000000000000000000000000000>;
P_0x7fbbaf841400 .param/str "INIT_FILE" 0 2 2031, "\000";
P_0x7fbbaf841440 .param/l "READ_MODE" 0 2 2012, +C4<00000000000000000000000000000000>;
P_0x7fbbaf841480 .param/l "WRITE_MODE" 0 2 2011, +C4<00000000000000000000000000000000>;
o0x7fbbb004f568 .functor BUFZ 1, C4<z>; HiZ drive
L_0x7fbbb01889a0 .functor NOT 1, o0x7fbbb004f568, C4<0>, C4<0>, C4<0>;
o0x7fbbb004f598 .functor BUFZ 1, C4<z>; HiZ drive
L_0x7fbbb0188a10 .functor NOT 1, o0x7fbbb004f598, C4<0>, C4<0>, C4<0>;
o0x7fbbb004f058 .functor BUFZ 16, C4<zzzzzzzzzzzzzzzz>; HiZ drive
v0x7fbbb0171530_0 .net "MASK", 15 0, o0x7fbbb004f058;  0 drivers
o0x7fbbb004f088 .functor BUFZ 11, C4<zzzzzzzzzzz>; HiZ drive
v0x7fbbb01715c0_0 .net "RADDR", 10 0, o0x7fbbb004f088;  0 drivers
o0x7fbbb004f0e8 .functor BUFZ 1, C4<z>; HiZ drive
v0x7fbbb0171650_0 .net "RCLKE", 0 0, o0x7fbbb004f0e8;  0 drivers
v0x7fbbb01716e0_0 .net "RCLKN", 0 0, o0x7fbbb004f568;  0 drivers
v0x7fbbb0171770_0 .net "RDATA", 15 0, L_0x7fbbb01888f0;  1 drivers
o0x7fbbb004f178 .functor BUFZ 1, C4<z>; HiZ drive
v0x7fbbb0171800_0 .net "RE", 0 0, o0x7fbbb004f178;  0 drivers
o0x7fbbb004f1d8 .functor BUFZ 11, C4<zzzzzzzzzzz>; HiZ drive
v0x7fbbb01718b0_0 .net "WADDR", 10 0, o0x7fbbb004f1d8;  0 drivers
o0x7fbbb004f238 .functor BUFZ 1, C4<z>; HiZ drive
v0x7fbbb0171960_0 .net "WCLKE", 0 0, o0x7fbbb004f238;  0 drivers
v0x7fbbb0171a10_0 .net "WCLKN", 0 0, o0x7fbbb004f598;  0 drivers
o0x7fbbb004f268 .functor BUFZ 16, C4<zzzzzzzzzzzzzzzz>; HiZ drive
v0x7fbbb0171b20_0 .net "WDATA", 15 0, o0x7fbbb004f268;  0 drivers
o0x7fbbb004f2c8 .functor BUFZ 1, C4<z>; HiZ drive
v0x7fbbb0171bd0_0 .net "WE", 0 0, o0x7fbbb004f2c8;  0 drivers
S_0x7fbbb016e750 .scope module, "RAM" "SB_RAM40_4K" 2 2053, 2 1487 0, S_0x7fbbae4f4ca0;
 .timescale -12 -12;
    .port_info 0 /OUTPUT 16 "RDATA";
    .port_info 1 /INPUT 1 "RCLK";
    .port_info 2 /INPUT 1 "RCLKE";
    .port_info 3 /INPUT 1 "RE";
    .port_info 4 /INPUT 11 "RADDR";
    .port_info 5 /INPUT 1 "WCLK";
    .port_info 6 /INPUT 1 "WCLKE";
    .port_info 7 /INPUT 1 "WE";
    .port_info 8 /INPUT 11 "WADDR";
    .port_info 9 /INPUT 16 "MASK";
    .port_info 10 /INPUT 16 "WDATA";
P_0x7fbbaf843e00 .param/l "INIT_0" 0 2 1507, C4<0000000000000000000000000000000000000000000000000000000000000000000000000000000000000000000000000000000000000000000000000000000000000000000000000000000000000000000000000000000000000000000000000000000000000000000000000000000000000000000000000000000000000000>;
P_0x7fbbaf843e40 .param/l "INIT_1" 0 2 1508, C4<0000000000000000000000000000000000000000000000000000000000000000000000000000000000000000000000000000000000000000000000000000000000000000000000000000000000000000000000000000000000000000000000000000000000000000000000000000000000000000000000000000000000000000>;
P_0x7fbbaf843e80 .param/l "INIT_2" 0 2 1509, C4<0000000000000000000000000000000000000000000000000000000000000000000000000000000000000000000000000000000000000000000000000000000000000000000000000000000000000000000000000000000000000000000000000000000000000000000000000000000000000000000000000000000000000000>;
P_0x7fbbaf843ec0 .param/l "INIT_3" 0 2 1510, C4<0000000000000000000000000000000000000000000000000000000000000000000000000000000000000000000000000000000000000000000000000000000000000000000000000000000000000000000000000000000000000000000000000000000000000000000000000000000000000000000000000000000000000000>;
P_0x7fbbaf843f00 .param/l "INIT_4" 0 2 1511, C4<0000000000000000000000000000000000000000000000000000000000000000000000000000000000000000000000000000000000000000000000000000000000000000000000000000000000000000000000000000000000000000000000000000000000000000000000000000000000000000000000000000000000000000>;
P_0x7fbbaf843f40 .param/l "INIT_5" 0 2 1512, C4<0000000000000000000000000000000000000000000000000000000000000000000000000000000000000000000000000000000000000000000000000000000000000000000000000000000000000000000000000000000000000000000000000000000000000000000000000000000000000000000000000000000000000000>;
P_0x7fbbaf843f80 .param/l "INIT_6" 0 2 1513, C4<0000000000000000000000000000000000000000000000000000000000000000000000000000000000000000000000000000000000000000000000000000000000000000000000000000000000000000000000000000000000000000000000000000000000000000000000000000000000000000000000000000000000000000>;
P_0x7fbbaf843fc0 .param/l "INIT_7" 0 2 1514, C4<0000000000000000000000000000000000000000000000000000000000000000000000000000000000000000000000000000000000000000000000000000000000000000000000000000000000000000000000000000000000000000000000000000000000000000000000000000000000000000000000000000000000000000>;
P_0x7fbbaf844000 .param/l "INIT_8" 0 2 1515, C4<0000000000000000000000000000000000000000000000000000000000000000000000000000000000000000000000000000000000000000000000000000000000000000000000000000000000000000000000000000000000000000000000000000000000000000000000000000000000000000000000000000000000000000>;
P_0x7fbbaf844040 .param/l "INIT_9" 0 2 1516, C4<0000000000000000000000000000000000000000000000000000000000000000000000000000000000000000000000000000000000000000000000000000000000000000000000000000000000000000000000000000000000000000000000000000000000000000000000000000000000000000000000000000000000000000>;
P_0x7fbbaf844080 .param/l "INIT_A" 0 2 1517, C4<0000000000000000000000000000000000000000000000000000000000000000000000000000000000000000000000000000000000000000000000000000000000000000000000000000000000000000000000000000000000000000000000000000000000000000000000000000000000000000000000000000000000000000>;
P_0x7fbbaf8440c0 .param/l "INIT_B" 0 2 1518, C4<0000000000000000000000000000000000000000000000000000000000000000000000000000000000000000000000000000000000000000000000000000000000000000000000000000000000000000000000000000000000000000000000000000000000000000000000000000000000000000000000000000000000000000>;
P_0x7fbbaf844100 .param/l "INIT_C" 0 2 1519, C4<0000000000000000000000000000000000000000000000000000000000000000000000000000000000000000000000000000000000000000000000000000000000000000000000000000000000000000000000000000000000000000000000000000000000000000000000000000000000000000000000000000000000000000>;
P_0x7fbbaf844140 .param/l "INIT_D" 0 2 1520, C4<0000000000000000000000000000000000000000000000000000000000000000000000000000000000000000000000000000000000000000000000000000000000000000000000000000000000000000000000000000000000000000000000000000000000000000000000000000000000000000000000000000000000000000>;
P_0x7fbbaf844180 .param/l "INIT_E" 0 2 1521, C4<0000000000000000000000000000000000000000000000000000000000000000000000000000000000000000000000000000000000000000000000000000000000000000000000000000000000000000000000000000000000000000000000000000000000000000000000000000000000000000000000000000000000000000>;
P_0x7fbbaf8441c0 .param/l "INIT_F" 0 2 1522, C4<0000000000000000000000000000000000000000000000000000000000000000000000000000000000000000000000000000000000000000000000000000000000000000000000000000000000000000000000000000000000000000000000000000000000000000000000000000000000000000000000000000000000000000>;
P_0x7fbbaf844200 .param/str "INIT_FILE" 0 2 1524, "\000";
P_0x7fbbaf844240 .param/l "READ_MODE" 0 2 1505, +C4<00000000000000000000000000000000>;
P_0x7fbbaf844280 .param/l "WRITE_MODE" 0 2 1504, +C4<00000000000000000000000000000000>;
v0x7fbbb0170790_0 .net "MASK", 15 0, o0x7fbbb004f058;  alias, 0 drivers
v0x7fbbb0170820_0 .net "RADDR", 10 0, o0x7fbbb004f088;  alias, 0 drivers
v0x7fbbb01708d0_0 .net "RCLK", 0 0, L_0x7fbbb01889a0;  1 drivers
v0x7fbbb0170980_0 .net "RCLKE", 0 0, o0x7fbbb004f0e8;  alias, 0 drivers
v0x7fbbb0170a20_0 .net "RDATA", 15 0, L_0x7fbbb01888f0;  alias, 1 drivers
v0x7fbbb0170b10_0 .var "RDATA_I", 15 0;
v0x7fbbb0170bc0_0 .net "RE", 0 0, o0x7fbbb004f178;  alias, 0 drivers
L_0x7fbbb0073b48 .functor BUFT 1, C4<0000000000000000>, C4<0>, C4<0>, C4<0>;
v0x7fbbb0170c60_0 .net "RMASK_I", 15 0, L_0x7fbbb0073b48;  1 drivers
v0x7fbbb0170d10_0 .net "WADDR", 10 0, o0x7fbbb004f1d8;  alias, 0 drivers
v0x7fbbb0170e20_0 .net "WCLK", 0 0, L_0x7fbbb0188a10;  1 drivers
v0x7fbbb0170ec0_0 .net "WCLKE", 0 0, o0x7fbbb004f238;  alias, 0 drivers
v0x7fbbb0170f60_0 .net "WDATA", 15 0, o0x7fbbb004f268;  alias, 0 drivers
v0x7fbbb0171010_0 .net "WDATA_I", 15 0, L_0x7fbbb0188840;  1 drivers
v0x7fbbb01710c0_0 .net "WE", 0 0, o0x7fbbb004f2c8;  alias, 0 drivers
v0x7fbbb0171160_0 .net "WMASK_I", 15 0, L_0x7fbbb0188790;  1 drivers
v0x7fbbb0171210_0 .var/i "i", 31 0;
v0x7fbbb01712c0 .array "memory", 255 0, 15 0;
E_0x7fbbb0170010 .event posedge, v0x7fbbb01708d0_0;
E_0x7fbbb0170070 .event posedge, v0x7fbbb0170e20_0;
S_0x7fbbb01700c0 .scope generate, "genblk1" "genblk1" 2 1534, 2 1534 0, S_0x7fbbb016e750;
 .timescale -12 -12;
L_0x7fbbb0188790 .functor BUFZ 16, o0x7fbbb004f058, C4<0000000000000000>, C4<0000000000000000>, C4<0000000000000000>;
S_0x7fbbb0170290 .scope generate, "genblk2" "genblk2" 2 1555, 2 1555 0, S_0x7fbbb016e750;
 .timescale -12 -12;
S_0x7fbbb0170460 .scope generate, "genblk3" "genblk3" 2 1576, 2 1576 0, S_0x7fbbb016e750;
 .timescale -12 -12;
L_0x7fbbb0188840 .functor BUFZ 16, o0x7fbbb004f268, C4<0000000000000000>, C4<0000000000000000>, C4<0000000000000000>;
S_0x7fbbb01705d0 .scope generate, "genblk4" "genblk4" 2 1595, 2 1595 0, S_0x7fbbb016e750;
 .timescale -12 -12;
L_0x7fbbb01888f0 .functor BUFZ 16, v0x7fbbb0170b10_0, C4<0000000000000000>, C4<0000000000000000>, C4<0000000000000000>;
S_0x7fbbb010dbb0 .scope module, "SB_RAM40_4KNW" "SB_RAM40_4KNW" 2 1862;
 .timescale -12 -12;
    .port_info 0 /OUTPUT 16 "RDATA";
    .port_info 1 /INPUT 1 "RCLK";
    .port_info 2 /INPUT 1 "RCLKE";
    .port_info 3 /INPUT 1 "RE";
    .port_info 4 /INPUT 11 "RADDR";
    .port_info 5 /INPUT 1 "WCLKN";
    .port_info 6 /INPUT 1 "WCLKE";
    .port_info 7 /INPUT 1 "WE";
    .port_info 8 /INPUT 11 "WADDR";
    .port_info 9 /INPUT 16 "MASK";
    .port_info 10 /INPUT 16 "WDATA";
P_0x7fbbaf841600 .param/l "INIT_0" 0 2 1878, C4<0000000000000000000000000000000000000000000000000000000000000000000000000000000000000000000000000000000000000000000000000000000000000000000000000000000000000000000000000000000000000000000000000000000000000000000000000000000000000000000000000000000000000000>;
P_0x7fbbaf841640 .param/l "INIT_1" 0 2 1879, C4<0000000000000000000000000000000000000000000000000000000000000000000000000000000000000000000000000000000000000000000000000000000000000000000000000000000000000000000000000000000000000000000000000000000000000000000000000000000000000000000000000000000000000000>;
P_0x7fbbaf841680 .param/l "INIT_2" 0 2 1880, C4<0000000000000000000000000000000000000000000000000000000000000000000000000000000000000000000000000000000000000000000000000000000000000000000000000000000000000000000000000000000000000000000000000000000000000000000000000000000000000000000000000000000000000000>;
P_0x7fbbaf8416c0 .param/l "INIT_3" 0 2 1881, C4<0000000000000000000000000000000000000000000000000000000000000000000000000000000000000000000000000000000000000000000000000000000000000000000000000000000000000000000000000000000000000000000000000000000000000000000000000000000000000000000000000000000000000000>;
P_0x7fbbaf841700 .param/l "INIT_4" 0 2 1882, C4<0000000000000000000000000000000000000000000000000000000000000000000000000000000000000000000000000000000000000000000000000000000000000000000000000000000000000000000000000000000000000000000000000000000000000000000000000000000000000000000000000000000000000000>;
P_0x7fbbaf841740 .param/l "INIT_5" 0 2 1883, C4<0000000000000000000000000000000000000000000000000000000000000000000000000000000000000000000000000000000000000000000000000000000000000000000000000000000000000000000000000000000000000000000000000000000000000000000000000000000000000000000000000000000000000000>;
P_0x7fbbaf841780 .param/l "INIT_6" 0 2 1884, C4<0000000000000000000000000000000000000000000000000000000000000000000000000000000000000000000000000000000000000000000000000000000000000000000000000000000000000000000000000000000000000000000000000000000000000000000000000000000000000000000000000000000000000000>;
P_0x7fbbaf8417c0 .param/l "INIT_7" 0 2 1885, C4<0000000000000000000000000000000000000000000000000000000000000000000000000000000000000000000000000000000000000000000000000000000000000000000000000000000000000000000000000000000000000000000000000000000000000000000000000000000000000000000000000000000000000000>;
P_0x7fbbaf841800 .param/l "INIT_8" 0 2 1886, C4<0000000000000000000000000000000000000000000000000000000000000000000000000000000000000000000000000000000000000000000000000000000000000000000000000000000000000000000000000000000000000000000000000000000000000000000000000000000000000000000000000000000000000000>;
P_0x7fbbaf841840 .param/l "INIT_9" 0 2 1887, C4<0000000000000000000000000000000000000000000000000000000000000000000000000000000000000000000000000000000000000000000000000000000000000000000000000000000000000000000000000000000000000000000000000000000000000000000000000000000000000000000000000000000000000000>;
P_0x7fbbaf841880 .param/l "INIT_A" 0 2 1888, C4<0000000000000000000000000000000000000000000000000000000000000000000000000000000000000000000000000000000000000000000000000000000000000000000000000000000000000000000000000000000000000000000000000000000000000000000000000000000000000000000000000000000000000000>;
P_0x7fbbaf8418c0 .param/l "INIT_B" 0 2 1889, C4<0000000000000000000000000000000000000000000000000000000000000000000000000000000000000000000000000000000000000000000000000000000000000000000000000000000000000000000000000000000000000000000000000000000000000000000000000000000000000000000000000000000000000000>;
P_0x7fbbaf841900 .param/l "INIT_C" 0 2 1890, C4<0000000000000000000000000000000000000000000000000000000000000000000000000000000000000000000000000000000000000000000000000000000000000000000000000000000000000000000000000000000000000000000000000000000000000000000000000000000000000000000000000000000000000000>;
P_0x7fbbaf841940 .param/l "INIT_D" 0 2 1891, C4<0000000000000000000000000000000000000000000000000000000000000000000000000000000000000000000000000000000000000000000000000000000000000000000000000000000000000000000000000000000000000000000000000000000000000000000000000000000000000000000000000000000000000000>;
P_0x7fbbaf841980 .param/l "INIT_E" 0 2 1892, C4<0000000000000000000000000000000000000000000000000000000000000000000000000000000000000000000000000000000000000000000000000000000000000000000000000000000000000000000000000000000000000000000000000000000000000000000000000000000000000000000000000000000000000000>;
P_0x7fbbaf8419c0 .param/l "INIT_F" 0 2 1893, C4<0000000000000000000000000000000000000000000000000000000000000000000000000000000000000000000000000000000000000000000000000000000000000000000000000000000000000000000000000000000000000000000000000000000000000000000000000000000000000000000000000000000000000000>;
P_0x7fbbaf841a00 .param/str "INIT_FILE" 0 2 1895, "\000";
P_0x7fbbaf841a40 .param/l "READ_MODE" 0 2 1876, +C4<00000000000000000000000000000000>;
P_0x7fbbaf841a80 .param/l "WRITE_MODE" 0 2 1875, +C4<00000000000000000000000000000000>;
o0x7fbbb004fce8 .functor BUFZ 1, C4<z>; HiZ drive
L_0x7fbbb0188cf0 .functor NOT 1, o0x7fbbb004fce8, C4<0>, C4<0>, C4<0>;
o0x7fbbb004f7d8 .functor BUFZ 16, C4<zzzzzzzzzzzzzzzz>; HiZ drive
v0x7fbbb0174af0_0 .net "MASK", 15 0, o0x7fbbb004f7d8;  0 drivers
o0x7fbbb004f808 .functor BUFZ 11, C4<zzzzzzzzzzz>; HiZ drive
v0x7fbbb0174b80_0 .net "RADDR", 10 0, o0x7fbbb004f808;  0 drivers
o0x7fbbb004f838 .functor BUFZ 1, C4<z>; HiZ drive
v0x7fbbb0174c10_0 .net "RCLK", 0 0, o0x7fbbb004f838;  0 drivers
o0x7fbbb004f868 .functor BUFZ 1, C4<z>; HiZ drive
v0x7fbbb0174ca0_0 .net "RCLKE", 0 0, o0x7fbbb004f868;  0 drivers
v0x7fbbb0174d30_0 .net "RDATA", 15 0, L_0x7fbbb0188c40;  1 drivers
o0x7fbbb004f8f8 .functor BUFZ 1, C4<z>; HiZ drive
v0x7fbbb0174e00_0 .net "RE", 0 0, o0x7fbbb004f8f8;  0 drivers
o0x7fbbb004f958 .functor BUFZ 11, C4<zzzzzzzzzzz>; HiZ drive
v0x7fbbb0174e90_0 .net "WADDR", 10 0, o0x7fbbb004f958;  0 drivers
o0x7fbbb004f9b8 .functor BUFZ 1, C4<z>; HiZ drive
v0x7fbbb0174f20_0 .net "WCLKE", 0 0, o0x7fbbb004f9b8;  0 drivers
v0x7fbbb0174fd0_0 .net "WCLKN", 0 0, o0x7fbbb004fce8;  0 drivers
o0x7fbbb004f9e8 .functor BUFZ 16, C4<zzzzzzzzzzzzzzzz>; HiZ drive
v0x7fbbb01750e0_0 .net "WDATA", 15 0, o0x7fbbb004f9e8;  0 drivers
o0x7fbbb004fa48 .functor BUFZ 1, C4<z>; HiZ drive
v0x7fbbb0175190_0 .net "WE", 0 0, o0x7fbbb004fa48;  0 drivers
S_0x7fbbb0171d10 .scope module, "RAM" "SB_RAM40_4K" 2 1917, 2 1487 0, S_0x7fbbb010dbb0;
 .timescale -12 -12;
    .port_info 0 /OUTPUT 16 "RDATA";
    .port_info 1 /INPUT 1 "RCLK";
    .port_info 2 /INPUT 1 "RCLKE";
    .port_info 3 /INPUT 1 "RE";
    .port_info 4 /INPUT 11 "RADDR";
    .port_info 5 /INPUT 1 "WCLK";
    .port_info 6 /INPUT 1 "WCLKE";
    .port_info 7 /INPUT 1 "WE";
    .port_info 8 /INPUT 11 "WADDR";
    .port_info 9 /INPUT 16 "MASK";
    .port_info 10 /INPUT 16 "WDATA";
P_0x7fbbaf844400 .param/l "INIT_0" 0 2 1507, C4<0000000000000000000000000000000000000000000000000000000000000000000000000000000000000000000000000000000000000000000000000000000000000000000000000000000000000000000000000000000000000000000000000000000000000000000000000000000000000000000000000000000000000000>;
P_0x7fbbaf844440 .param/l "INIT_1" 0 2 1508, C4<0000000000000000000000000000000000000000000000000000000000000000000000000000000000000000000000000000000000000000000000000000000000000000000000000000000000000000000000000000000000000000000000000000000000000000000000000000000000000000000000000000000000000000>;
P_0x7fbbaf844480 .param/l "INIT_2" 0 2 1509, C4<0000000000000000000000000000000000000000000000000000000000000000000000000000000000000000000000000000000000000000000000000000000000000000000000000000000000000000000000000000000000000000000000000000000000000000000000000000000000000000000000000000000000000000>;
P_0x7fbbaf8444c0 .param/l "INIT_3" 0 2 1510, C4<0000000000000000000000000000000000000000000000000000000000000000000000000000000000000000000000000000000000000000000000000000000000000000000000000000000000000000000000000000000000000000000000000000000000000000000000000000000000000000000000000000000000000000>;
P_0x7fbbaf844500 .param/l "INIT_4" 0 2 1511, C4<0000000000000000000000000000000000000000000000000000000000000000000000000000000000000000000000000000000000000000000000000000000000000000000000000000000000000000000000000000000000000000000000000000000000000000000000000000000000000000000000000000000000000000>;
P_0x7fbbaf844540 .param/l "INIT_5" 0 2 1512, C4<0000000000000000000000000000000000000000000000000000000000000000000000000000000000000000000000000000000000000000000000000000000000000000000000000000000000000000000000000000000000000000000000000000000000000000000000000000000000000000000000000000000000000000>;
P_0x7fbbaf844580 .param/l "INIT_6" 0 2 1513, C4<0000000000000000000000000000000000000000000000000000000000000000000000000000000000000000000000000000000000000000000000000000000000000000000000000000000000000000000000000000000000000000000000000000000000000000000000000000000000000000000000000000000000000000>;
P_0x7fbbaf8445c0 .param/l "INIT_7" 0 2 1514, C4<0000000000000000000000000000000000000000000000000000000000000000000000000000000000000000000000000000000000000000000000000000000000000000000000000000000000000000000000000000000000000000000000000000000000000000000000000000000000000000000000000000000000000000>;
P_0x7fbbaf844600 .param/l "INIT_8" 0 2 1515, C4<0000000000000000000000000000000000000000000000000000000000000000000000000000000000000000000000000000000000000000000000000000000000000000000000000000000000000000000000000000000000000000000000000000000000000000000000000000000000000000000000000000000000000000>;
P_0x7fbbaf844640 .param/l "INIT_9" 0 2 1516, C4<0000000000000000000000000000000000000000000000000000000000000000000000000000000000000000000000000000000000000000000000000000000000000000000000000000000000000000000000000000000000000000000000000000000000000000000000000000000000000000000000000000000000000000>;
P_0x7fbbaf844680 .param/l "INIT_A" 0 2 1517, C4<0000000000000000000000000000000000000000000000000000000000000000000000000000000000000000000000000000000000000000000000000000000000000000000000000000000000000000000000000000000000000000000000000000000000000000000000000000000000000000000000000000000000000000>;
P_0x7fbbaf8446c0 .param/l "INIT_B" 0 2 1518, C4<0000000000000000000000000000000000000000000000000000000000000000000000000000000000000000000000000000000000000000000000000000000000000000000000000000000000000000000000000000000000000000000000000000000000000000000000000000000000000000000000000000000000000000>;
P_0x7fbbaf844700 .param/l "INIT_C" 0 2 1519, C4<0000000000000000000000000000000000000000000000000000000000000000000000000000000000000000000000000000000000000000000000000000000000000000000000000000000000000000000000000000000000000000000000000000000000000000000000000000000000000000000000000000000000000000>;
P_0x7fbbaf844740 .param/l "INIT_D" 0 2 1520, C4<0000000000000000000000000000000000000000000000000000000000000000000000000000000000000000000000000000000000000000000000000000000000000000000000000000000000000000000000000000000000000000000000000000000000000000000000000000000000000000000000000000000000000000>;
P_0x7fbbaf844780 .param/l "INIT_E" 0 2 1521, C4<0000000000000000000000000000000000000000000000000000000000000000000000000000000000000000000000000000000000000000000000000000000000000000000000000000000000000000000000000000000000000000000000000000000000000000000000000000000000000000000000000000000000000000>;
P_0x7fbbaf8447c0 .param/l "INIT_F" 0 2 1522, C4<0000000000000000000000000000000000000000000000000000000000000000000000000000000000000000000000000000000000000000000000000000000000000000000000000000000000000000000000000000000000000000000000000000000000000000000000000000000000000000000000000000000000000000>;
P_0x7fbbaf844800 .param/str "INIT_FILE" 0 2 1524, "\000";
P_0x7fbbaf844840 .param/l "READ_MODE" 0 2 1505, +C4<00000000000000000000000000000000>;
P_0x7fbbaf844880 .param/l "WRITE_MODE" 0 2 1504, +C4<00000000000000000000000000000000>;
v0x7fbbb0173d50_0 .net "MASK", 15 0, o0x7fbbb004f7d8;  alias, 0 drivers
v0x7fbbb0173de0_0 .net "RADDR", 10 0, o0x7fbbb004f808;  alias, 0 drivers
v0x7fbbb0173e90_0 .net "RCLK", 0 0, o0x7fbbb004f838;  alias, 0 drivers
v0x7fbbb0173f40_0 .net "RCLKE", 0 0, o0x7fbbb004f868;  alias, 0 drivers
v0x7fbbb0173fe0_0 .net "RDATA", 15 0, L_0x7fbbb0188c40;  alias, 1 drivers
v0x7fbbb01740d0_0 .var "RDATA_I", 15 0;
v0x7fbbb0174180_0 .net "RE", 0 0, o0x7fbbb004f8f8;  alias, 0 drivers
L_0x7fbbb0073b90 .functor BUFT 1, C4<0000000000000000>, C4<0>, C4<0>, C4<0>;
v0x7fbbb0174220_0 .net "RMASK_I", 15 0, L_0x7fbbb0073b90;  1 drivers
v0x7fbbb01742d0_0 .net "WADDR", 10 0, o0x7fbbb004f958;  alias, 0 drivers
v0x7fbbb01743e0_0 .net "WCLK", 0 0, L_0x7fbbb0188cf0;  1 drivers
v0x7fbbb0174480_0 .net "WCLKE", 0 0, o0x7fbbb004f9b8;  alias, 0 drivers
v0x7fbbb0174520_0 .net "WDATA", 15 0, o0x7fbbb004f9e8;  alias, 0 drivers
v0x7fbbb01745d0_0 .net "WDATA_I", 15 0, L_0x7fbbb0188b70;  1 drivers
v0x7fbbb0174680_0 .net "WE", 0 0, o0x7fbbb004fa48;  alias, 0 drivers
v0x7fbbb0174720_0 .net "WMASK_I", 15 0, L_0x7fbbb0188aa0;  1 drivers
v0x7fbbb01747d0_0 .var/i "i", 31 0;
v0x7fbbb0174880 .array "memory", 255 0, 15 0;
E_0x7fbbb01735d0 .event posedge, v0x7fbbb0173e90_0;
E_0x7fbbb0173630 .event posedge, v0x7fbbb01743e0_0;
S_0x7fbbb0173680 .scope generate, "genblk1" "genblk1" 2 1534, 2 1534 0, S_0x7fbbb0171d10;
 .timescale -12 -12;
L_0x7fbbb0188aa0 .functor BUFZ 16, o0x7fbbb004f7d8, C4<0000000000000000>, C4<0000000000000000>, C4<0000000000000000>;
S_0x7fbbb0173850 .scope generate, "genblk2" "genblk2" 2 1555, 2 1555 0, S_0x7fbbb0171d10;
 .timescale -12 -12;
S_0x7fbbb0173a20 .scope generate, "genblk3" "genblk3" 2 1576, 2 1576 0, S_0x7fbbb0171d10;
 .timescale -12 -12;
L_0x7fbbb0188b70 .functor BUFZ 16, o0x7fbbb004f9e8, C4<0000000000000000>, C4<0000000000000000>, C4<0000000000000000>;
S_0x7fbbb0173b90 .scope generate, "genblk4" "genblk4" 2 1595, 2 1595 0, S_0x7fbbb0171d10;
 .timescale -12 -12;
L_0x7fbbb0188c40 .functor BUFZ 16, v0x7fbbb01740d0_0, C4<0000000000000000>, C4<0000000000000000>, C4<0000000000000000>;
S_0x7fbbae417460 .scope module, "SB_RGBA_DRV" "SB_RGBA_DRV" 2 2692;
 .timescale -12 -12;
    .port_info 0 /INPUT 1 "CURREN";
    .port_info 1 /INPUT 1 "RGBLEDEN";
    .port_info 2 /INPUT 1 "RGB0PWM";
    .port_info 3 /INPUT 1 "RGB1PWM";
    .port_info 4 /INPUT 1 "RGB2PWM";
    .port_info 5 /OUTPUT 1 "RGB0";
    .port_info 6 /OUTPUT 1 "RGB1";
    .port_info 7 /OUTPUT 1 "RGB2";
P_0x7fbbae416280 .param/str "CURRENT_MODE" 0 2 2702, "0b0";
P_0x7fbbae4162c0 .param/str "RGB0_CURRENT" 0 2 2703, "0b000000";
P_0x7fbbae416300 .param/str "RGB1_CURRENT" 0 2 2704, "0b000000";
P_0x7fbbae416340 .param/str "RGB2_CURRENT" 0 2 2705, "0b000000";
o0x7fbbb004ff28 .functor BUFZ 1, C4<z>; HiZ drive
v0x7fbbb01752d0_0 .net "CURREN", 0 0, o0x7fbbb004ff28;  0 drivers
o0x7fbbb004ff58 .functor BUFZ 1, C4<z>; HiZ drive
v0x7fbbb0175380_0 .net "RGB0", 0 0, o0x7fbbb004ff58;  0 drivers
o0x7fbbb004ff88 .functor BUFZ 1, C4<z>; HiZ drive
v0x7fbbb0175420_0 .net "RGB0PWM", 0 0, o0x7fbbb004ff88;  0 drivers
o0x7fbbb004ffb8 .functor BUFZ 1, C4<z>; HiZ drive
v0x7fbbb01754b0_0 .net "RGB1", 0 0, o0x7fbbb004ffb8;  0 drivers
o0x7fbbb004ffe8 .functor BUFZ 1, C4<z>; HiZ drive
v0x7fbbb0175540_0 .net "RGB1PWM", 0 0, o0x7fbbb004ffe8;  0 drivers
o0x7fbbb0050018 .functor BUFZ 1, C4<z>; HiZ drive
v0x7fbbb0175610_0 .net "RGB2", 0 0, o0x7fbbb0050018;  0 drivers
o0x7fbbb0050048 .functor BUFZ 1, C4<z>; HiZ drive
v0x7fbbb01756a0_0 .net "RGB2PWM", 0 0, o0x7fbbb0050048;  0 drivers
o0x7fbbb0050078 .functor BUFZ 1, C4<z>; HiZ drive
v0x7fbbb0175730_0 .net "RGBLEDEN", 0 0, o0x7fbbb0050078;  0 drivers
S_0x7fbbae416480 .scope module, "SB_RGB_DRV" "SB_RGB_DRV" 2 2716;
 .timescale -12 -12;
    .port_info 0 /INPUT 1 "RGBLEDEN";
    .port_info 1 /INPUT 1 "RGB0PWM";
    .port_info 2 /INPUT 1 "RGB1PWM";
    .port_info 3 /INPUT 1 "RGB2PWM";
    .port_info 4 /INPUT 1 "RGBPU";
    .port_info 5 /OUTPUT 1 "RGB0";
    .port_info 6 /OUTPUT 1 "RGB1";
    .port_info 7 /OUTPUT 1 "RGB2";
P_0x7fbbae418160 .param/str "CURRENT_MODE" 0 2 2726, "0b0";
P_0x7fbbae4181a0 .param/str "RGB0_CURRENT" 0 2 2727, "0b000000";
P_0x7fbbae4181e0 .param/str "RGB1_CURRENT" 0 2 2728, "0b000000";
P_0x7fbbae418220 .param/str "RGB2_CURRENT" 0 2 2729, "0b000000";
o0x7fbbb0050228 .functor BUFZ 1, C4<z>; HiZ drive
v0x7fbbb0175890_0 .net "RGB0", 0 0, o0x7fbbb0050228;  0 drivers
o0x7fbbb0050258 .functor BUFZ 1, C4<z>; HiZ drive
v0x7fbbb0175920_0 .net "RGB0PWM", 0 0, o0x7fbbb0050258;  0 drivers
o0x7fbbb0050288 .functor BUFZ 1, C4<z>; HiZ drive
v0x7fbbb01759c0_0 .net "RGB1", 0 0, o0x7fbbb0050288;  0 drivers
o0x7fbbb00502b8 .functor BUFZ 1, C4<z>; HiZ drive
v0x7fbbb0175a50_0 .net "RGB1PWM", 0 0, o0x7fbbb00502b8;  0 drivers
o0x7fbbb00502e8 .functor BUFZ 1, C4<z>; HiZ drive
v0x7fbbb0175ae0_0 .net "RGB2", 0 0, o0x7fbbb00502e8;  0 drivers
o0x7fbbb0050318 .functor BUFZ 1, C4<z>; HiZ drive
v0x7fbbb0175bb0_0 .net "RGB2PWM", 0 0, o0x7fbbb0050318;  0 drivers
o0x7fbbb0050348 .functor BUFZ 1, C4<z>; HiZ drive
v0x7fbbb0175c50_0 .net "RGBLEDEN", 0 0, o0x7fbbb0050348;  0 drivers
o0x7fbbb0050378 .functor BUFZ 1, C4<z>; HiZ drive
v0x7fbbb0175cf0_0 .net "RGBPU", 0 0, o0x7fbbb0050378;  0 drivers
S_0x7fbbae418360 .scope module, "SB_SPI" "SB_SPI" 2 2776;
 .timescale -12 -12;
    .port_info 0 /INPUT 1 "SBCLKI";
    .port_info 1 /INPUT 1 "SBRWI";
    .port_info 2 /INPUT 1 "SBSTBI";
    .port_info 3 /INPUT 1 "SBADRI7";
    .port_info 4 /INPUT 1 "SBADRI6";
    .port_info 5 /INPUT 1 "SBADRI5";
    .port_info 6 /INPUT 1 "SBADRI4";
    .port_info 7 /INPUT 1 "SBADRI3";
    .port_info 8 /INPUT 1 "SBADRI2";
    .port_info 9 /INPUT 1 "SBADRI1";
    .port_info 10 /INPUT 1 "SBADRI0";
    .port_info 11 /INPUT 1 "SBDATI7";
    .port_info 12 /INPUT 1 "SBDATI6";
    .port_info 13 /INPUT 1 "SBDATI5";
    .port_info 14 /INPUT 1 "SBDATI4";
    .port_info 15 /INPUT 1 "SBDATI3";
    .port_info 16 /INPUT 1 "SBDATI2";
    .port_info 17 /INPUT 1 "SBDATI1";
    .port_info 18 /INPUT 1 "SBDATI0";
    .port_info 19 /INPUT 1 "MI";
    .port_info 20 /INPUT 1 "SI";
    .port_info 21 /INPUT 1 "SCKI";
    .port_info 22 /INPUT 1 "SCSNI";
    .port_info 23 /OUTPUT 1 "SBDATO7";
    .port_info 24 /OUTPUT 1 "SBDATO6";
    .port_info 25 /OUTPUT 1 "SBDATO5";
    .port_info 26 /OUTPUT 1 "SBDATO4";
    .port_info 27 /OUTPUT 1 "SBDATO3";
    .port_info 28 /OUTPUT 1 "SBDATO2";
    .port_info 29 /OUTPUT 1 "SBDATO1";
    .port_info 30 /OUTPUT 1 "SBDATO0";
    .port_info 31 /OUTPUT 1 "SBACKO";
    .port_info 32 /OUTPUT 1 "SPIIRQ";
    .port_info 33 /OUTPUT 1 "SPIWKUP";
    .port_info 34 /OUTPUT 1 "SO";
    .port_info 35 /OUTPUT 1 "SOE";
    .port_info 36 /OUTPUT 1 "MO";
    .port_info 37 /OUTPUT 1 "MOE";
    .port_info 38 /OUTPUT 1 "SCKO";
    .port_info 39 /OUTPUT 1 "SCKOE";
    .port_info 40 /OUTPUT 1 "MCSNO3";
    .port_info 41 /OUTPUT 1 "MCSNO2";
    .port_info 42 /OUTPUT 1 "MCSNO1";
    .port_info 43 /OUTPUT 1 "MCSNO0";
    .port_info 44 /OUTPUT 1 "MCSNOE3";
    .port_info 45 /OUTPUT 1 "MCSNOE2";
    .port_info 46 /OUTPUT 1 "MCSNOE1";
    .port_info 47 /OUTPUT 1 "MCSNOE0";
P_0x7fbbae4135c0 .param/str "BUS_ADDR74" 0 2 2826, "0b0000";
o0x7fbbb0050528 .functor BUFZ 1, C4<z>; HiZ drive
v0x7fbbb0175e50_0 .net "MCSNO0", 0 0, o0x7fbbb0050528;  0 drivers
o0x7fbbb0050558 .functor BUFZ 1, C4<z>; HiZ drive
v0x7fbbb0175ee0_0 .net "MCSNO1", 0 0, o0x7fbbb0050558;  0 drivers
o0x7fbbb0050588 .functor BUFZ 1, C4<z>; HiZ drive
v0x7fbbb0175f80_0 .net "MCSNO2", 0 0, o0x7fbbb0050588;  0 drivers
o0x7fbbb00505b8 .functor BUFZ 1, C4<z>; HiZ drive
v0x7fbbb0176010_0 .net "MCSNO3", 0 0, o0x7fbbb00505b8;  0 drivers
o0x7fbbb00505e8 .functor BUFZ 1, C4<z>; HiZ drive
v0x7fbbb01760a0_0 .net "MCSNOE0", 0 0, o0x7fbbb00505e8;  0 drivers
o0x7fbbb0050618 .functor BUFZ 1, C4<z>; HiZ drive
v0x7fbbb0176170_0 .net "MCSNOE1", 0 0, o0x7fbbb0050618;  0 drivers
o0x7fbbb0050648 .functor BUFZ 1, C4<z>; HiZ drive
v0x7fbbb0176210_0 .net "MCSNOE2", 0 0, o0x7fbbb0050648;  0 drivers
o0x7fbbb0050678 .functor BUFZ 1, C4<z>; HiZ drive
v0x7fbbb01762b0_0 .net "MCSNOE3", 0 0, o0x7fbbb0050678;  0 drivers
o0x7fbbb00506a8 .functor BUFZ 1, C4<z>; HiZ drive
v0x7fbbb0176350_0 .net "MI", 0 0, o0x7fbbb00506a8;  0 drivers
o0x7fbbb00506d8 .functor BUFZ 1, C4<z>; HiZ drive
v0x7fbbb0176460_0 .net "MO", 0 0, o0x7fbbb00506d8;  0 drivers
o0x7fbbb0050708 .functor BUFZ 1, C4<z>; HiZ drive
v0x7fbbb01764f0_0 .net "MOE", 0 0, o0x7fbbb0050708;  0 drivers
o0x7fbbb0050738 .functor BUFZ 1, C4<z>; HiZ drive
v0x7fbbb0176590_0 .net "SBACKO", 0 0, o0x7fbbb0050738;  0 drivers
o0x7fbbb0050768 .functor BUFZ 1, C4<z>; HiZ drive
v0x7fbbb0176630_0 .net "SBADRI0", 0 0, o0x7fbbb0050768;  0 drivers
o0x7fbbb0050798 .functor BUFZ 1, C4<z>; HiZ drive
v0x7fbbb01766d0_0 .net "SBADRI1", 0 0, o0x7fbbb0050798;  0 drivers
o0x7fbbb00507c8 .functor BUFZ 1, C4<z>; HiZ drive
v0x7fbbb0176770_0 .net "SBADRI2", 0 0, o0x7fbbb00507c8;  0 drivers
o0x7fbbb00507f8 .functor BUFZ 1, C4<z>; HiZ drive
v0x7fbbb0176810_0 .net "SBADRI3", 0 0, o0x7fbbb00507f8;  0 drivers
o0x7fbbb0050828 .functor BUFZ 1, C4<z>; HiZ drive
v0x7fbbb01768b0_0 .net "SBADRI4", 0 0, o0x7fbbb0050828;  0 drivers
o0x7fbbb0050858 .functor BUFZ 1, C4<z>; HiZ drive
v0x7fbbb0176a40_0 .net "SBADRI5", 0 0, o0x7fbbb0050858;  0 drivers
o0x7fbbb0050888 .functor BUFZ 1, C4<z>; HiZ drive
v0x7fbbb0176ad0_0 .net "SBADRI6", 0 0, o0x7fbbb0050888;  0 drivers
o0x7fbbb00508b8 .functor BUFZ 1, C4<z>; HiZ drive
v0x7fbbb0176b60_0 .net "SBADRI7", 0 0, o0x7fbbb00508b8;  0 drivers
o0x7fbbb00508e8 .functor BUFZ 1, C4<z>; HiZ drive
v0x7fbbb0176bf0_0 .net "SBCLKI", 0 0, o0x7fbbb00508e8;  0 drivers
o0x7fbbb0050918 .functor BUFZ 1, C4<z>; HiZ drive
v0x7fbbb0176c90_0 .net "SBDATI0", 0 0, o0x7fbbb0050918;  0 drivers
o0x7fbbb0050948 .functor BUFZ 1, C4<z>; HiZ drive
v0x7fbbb0176d30_0 .net "SBDATI1", 0 0, o0x7fbbb0050948;  0 drivers
o0x7fbbb0050978 .functor BUFZ 1, C4<z>; HiZ drive
v0x7fbbb0176dd0_0 .net "SBDATI2", 0 0, o0x7fbbb0050978;  0 drivers
o0x7fbbb00509a8 .functor BUFZ 1, C4<z>; HiZ drive
v0x7fbbb0176e70_0 .net "SBDATI3", 0 0, o0x7fbbb00509a8;  0 drivers
o0x7fbbb00509d8 .functor BUFZ 1, C4<z>; HiZ drive
v0x7fbbb0176f10_0 .net "SBDATI4", 0 0, o0x7fbbb00509d8;  0 drivers
o0x7fbbb0050a08 .functor BUFZ 1, C4<z>; HiZ drive
v0x7fbbb0176fb0_0 .net "SBDATI5", 0 0, o0x7fbbb0050a08;  0 drivers
o0x7fbbb0050a38 .functor BUFZ 1, C4<z>; HiZ drive
v0x7fbbb0177050_0 .net "SBDATI6", 0 0, o0x7fbbb0050a38;  0 drivers
o0x7fbbb0050a68 .functor BUFZ 1, C4<z>; HiZ drive
v0x7fbbb01770f0_0 .net "SBDATI7", 0 0, o0x7fbbb0050a68;  0 drivers
o0x7fbbb0050a98 .functor BUFZ 1, C4<z>; HiZ drive
v0x7fbbb0177190_0 .net "SBDATO0", 0 0, o0x7fbbb0050a98;  0 drivers
o0x7fbbb0050ac8 .functor BUFZ 1, C4<z>; HiZ drive
v0x7fbbb0177230_0 .net "SBDATO1", 0 0, o0x7fbbb0050ac8;  0 drivers
o0x7fbbb0050af8 .functor BUFZ 1, C4<z>; HiZ drive
v0x7fbbb01772d0_0 .net "SBDATO2", 0 0, o0x7fbbb0050af8;  0 drivers
o0x7fbbb0050b28 .functor BUFZ 1, C4<z>; HiZ drive
v0x7fbbb0177370_0 .net "SBDATO3", 0 0, o0x7fbbb0050b28;  0 drivers
o0x7fbbb0050b58 .functor BUFZ 1, C4<z>; HiZ drive
v0x7fbbb0176950_0 .net "SBDATO4", 0 0, o0x7fbbb0050b58;  0 drivers
o0x7fbbb0050b88 .functor BUFZ 1, C4<z>; HiZ drive
v0x7fbbb0177600_0 .net "SBDATO5", 0 0, o0x7fbbb0050b88;  0 drivers
o0x7fbbb0050bb8 .functor BUFZ 1, C4<z>; HiZ drive
v0x7fbbb0177690_0 .net "SBDATO6", 0 0, o0x7fbbb0050bb8;  0 drivers
o0x7fbbb0050be8 .functor BUFZ 1, C4<z>; HiZ drive
v0x7fbbb0177720_0 .net "SBDATO7", 0 0, o0x7fbbb0050be8;  0 drivers
o0x7fbbb0050c18 .functor BUFZ 1, C4<z>; HiZ drive
v0x7fbbb01777b0_0 .net "SBRWI", 0 0, o0x7fbbb0050c18;  0 drivers
o0x7fbbb0050c48 .functor BUFZ 1, C4<z>; HiZ drive
v0x7fbbb0177840_0 .net "SBSTBI", 0 0, o0x7fbbb0050c48;  0 drivers
o0x7fbbb0050c78 .functor BUFZ 1, C4<z>; HiZ drive
v0x7fbbb01778d0_0 .net "SCKI", 0 0, o0x7fbbb0050c78;  0 drivers
o0x7fbbb0050ca8 .functor BUFZ 1, C4<z>; HiZ drive
v0x7fbbb0177970_0 .net "SCKO", 0 0, o0x7fbbb0050ca8;  0 drivers
o0x7fbbb0050cd8 .functor BUFZ 1, C4<z>; HiZ drive
v0x7fbbb0177a10_0 .net "SCKOE", 0 0, o0x7fbbb0050cd8;  0 drivers
o0x7fbbb0050d08 .functor BUFZ 1, C4<z>; HiZ drive
v0x7fbbb0177ab0_0 .net "SCSNI", 0 0, o0x7fbbb0050d08;  0 drivers
o0x7fbbb0050d38 .functor BUFZ 1, C4<z>; HiZ drive
v0x7fbbb0177b50_0 .net "SI", 0 0, o0x7fbbb0050d38;  0 drivers
o0x7fbbb0050d68 .functor BUFZ 1, C4<z>; HiZ drive
v0x7fbbb0177bf0_0 .net "SO", 0 0, o0x7fbbb0050d68;  0 drivers
o0x7fbbb0050d98 .functor BUFZ 1, C4<z>; HiZ drive
v0x7fbbb0177c90_0 .net "SOE", 0 0, o0x7fbbb0050d98;  0 drivers
o0x7fbbb0050dc8 .functor BUFZ 1, C4<z>; HiZ drive
v0x7fbbb0177d30_0 .net "SPIIRQ", 0 0, o0x7fbbb0050dc8;  0 drivers
o0x7fbbb0050df8 .functor BUFZ 1, C4<z>; HiZ drive
v0x7fbbb0177dd0_0 .net "SPIWKUP", 0 0, o0x7fbbb0050df8;  0 drivers
S_0x7fbbae428070 .scope module, "SB_SPRAM256KA" "SB_SPRAM256KA" 2 2600;
 .timescale -12 -12;
    .port_info 0 /INPUT 14 "ADDRESS";
    .port_info 1 /INPUT 16 "DATAIN";
    .port_info 2 /INPUT 4 "MASKWREN";
    .port_info 3 /INPUT 1 "WREN";
    .port_info 4 /INPUT 1 "CHIPSELECT";
    .port_info 5 /INPUT 1 "CLOCK";
    .port_info 6 /INPUT 1 "STANDBY";
    .port_info 7 /INPUT 1 "SLEEP";
    .port_info 8 /INPUT 1 "POWEROFF";
    .port_info 9 /OUTPUT 16 "DATAOUT";
o0x7fbbb0051878 .functor BUFZ 1, C4<z>; HiZ drive
L_0x7fbbb0188e60 .functor OR 1, o0x7fbbb0051878, L_0x7fbbb0188d80, C4<0>, C4<0>;
o0x7fbbb0051728 .functor BUFZ 14, C4<zzzzzzzzzzzzzz>; HiZ drive
v0x7fbbae427fa0_0 .net "ADDRESS", 13 0, o0x7fbbb0051728;  0 drivers
o0x7fbbb0051758 .functor BUFZ 1, C4<z>; HiZ drive
v0x7fbbb01782f0_0 .net "CHIPSELECT", 0 0, o0x7fbbb0051758;  0 drivers
o0x7fbbb0051788 .functor BUFZ 1, C4<z>; HiZ drive
v0x7fbbb0178380_0 .net "CLOCK", 0 0, o0x7fbbb0051788;  0 drivers
o0x7fbbb00517b8 .functor BUFZ 16, C4<zzzzzzzzzzzzzzzz>; HiZ drive
v0x7fbbb0178410_0 .net "DATAIN", 15 0, o0x7fbbb00517b8;  0 drivers
v0x7fbbb01784a0_0 .var "DATAOUT", 15 0;
o0x7fbbb0051818 .functor BUFZ 4, C4<zzzz>; HiZ drive
v0x7fbbb0178550_0 .net "MASKWREN", 3 0, o0x7fbbb0051818;  0 drivers
o0x7fbbb0051848 .functor BUFZ 1, C4<z>; HiZ drive
v0x7fbbb0178600_0 .net "POWEROFF", 0 0, o0x7fbbb0051848;  0 drivers
v0x7fbbb01786a0_0 .net "SLEEP", 0 0, o0x7fbbb0051878;  0 drivers
o0x7fbbb00518a8 .functor BUFZ 1, C4<z>; HiZ drive
v0x7fbbb0178740_0 .net "STANDBY", 0 0, o0x7fbbb00518a8;  0 drivers
o0x7fbbb00518d8 .functor BUFZ 1, C4<z>; HiZ drive
v0x7fbbb0178850_0 .net "WREN", 0 0, o0x7fbbb00518d8;  0 drivers
v0x7fbbb01788e0_0 .net *"_ivl_1", 0 0, L_0x7fbbb0188d80;  1 drivers
v0x7fbbb0178980_0 .var/i "i", 31 0;
v0x7fbbb0178a30 .array "mem", 16383 0, 15 0;
v0x7fbbb0178ad0_0 .net "off", 0 0, L_0x7fbbb0188e60;  1 drivers
E_0x7fbbae427ef0 .event posedge, v0x7fbbb0178ad0_0, v0x7fbbb0178380_0;
E_0x7fbbae427f50 .event negedge, v0x7fbbb0178600_0;
L_0x7fbbb0188d80 .reduce/nor o0x7fbbb0051848;
S_0x7fbbae425a60 .scope module, "SB_WARMBOOT" "SB_WARMBOOT" 2 2593;
 .timescale -12 -12;
    .port_info 0 /INPUT 1 "BOOT";
    .port_info 1 /INPUT 1 "S1";
    .port_info 2 /INPUT 1 "S0";
o0x7fbbb0051b78 .functor BUFZ 1, C4<z>; HiZ drive
v0x7fbbb0178c60_0 .net "BOOT", 0 0, o0x7fbbb0051b78;  0 drivers
o0x7fbbb0051ba8 .functor BUFZ 1, C4<z>; HiZ drive
v0x7fbbb0178cf0_0 .net "S0", 0 0, o0x7fbbb0051ba8;  0 drivers
o0x7fbbb0051bd8 .functor BUFZ 1, C4<z>; HiZ drive
v0x7fbbb0178d80_0 .net "S1", 0 0, o0x7fbbb0051bd8;  0 drivers
S_0x7fbbae4247d0 .scope module, "blinker" "blinker" 3 1;
 .timescale -12 -12;
    .port_info 0 /INPUT 1 "rst_btn";
    .port_info 1 /INPUT 1 "clk";
    .port_info 2 /OUTPUT 2 "led";
o0x7fbbb0051f08 .functor BUFZ 1, C4<z>; HiZ drive
L_0x7fbbb0188f70 .functor NOT 1, o0x7fbbb0051f08, C4<0>, C4<0>, C4<0>;
o0x7fbbb0051c98 .functor BUFZ 1, C4<z>; HiZ drive
v0x7fbbb0179b80_0 .net "clk", 0 0, o0x7fbbb0051c98;  0 drivers
v0x7fbbb0179c50_0 .net "led", 1 0, L_0x7fbbb0188fe0;  1 drivers
v0x7fbbb0179ce0_0 .net "rst", 0 0, L_0x7fbbb0188f70;  1 drivers
v0x7fbbb0179db0_0 .net "rst_btn", 0 0, o0x7fbbb0051f08;  0 drivers
L_0x7fbbb0188fe0 .concat8 [ 1 1 0 0], v0x7fbbb01793d0_0, v0x7fbbb0179a60_0;
S_0x7fbbb0178e20 .scope module, "div1" "clock_divider" 3 12, 4 1 0, S_0x7fbbae4247d0;
 .timescale -12 -12;
    .port_info 0 /OUTPUT 1 "out";
    .port_info 1 /INPUT 1 "clk";
    .port_info 2 /INPUT 1 "rst";
P_0x7fbbb0178ff0 .param/l "CLOCK_MAX" 0 4 12, C4<000000000000101101110001101100000>;
P_0x7fbbb0179030 .param/l "CLOCK_WIDTH" 0 4 11, +C4<00000000000000000000000000100000>;
v0x7fbbb0179280_0 .net "clk", 0 0, o0x7fbbb0051c98;  alias, 0 drivers
v0x7fbbb0179330_0 .var "count", 32 0;
v0x7fbbb01793d0_0 .var "out", 0 0;
v0x7fbbb0179460_0 .net "rst", 0 0, L_0x7fbbb0188f70;  alias, 1 drivers
E_0x7fbbb0179230 .event posedge, v0x7fbbb0179460_0, v0x7fbbb0179280_0;
S_0x7fbbb0179500 .scope module, "div2" "clock_divider" 3 20, 4 1 0, S_0x7fbbae4247d0;
 .timescale -12 -12;
    .port_info 0 /OUTPUT 1 "out";
    .port_info 1 /INPUT 1 "clk";
    .port_info 2 /INPUT 1 "rst";
P_0x7fbbb01796d0 .param/l "CLOCK_MAX" 0 4 12, C4<0010110111000110101111111>;
P_0x7fbbb0179710 .param/l "CLOCK_WIDTH" 0 4 11, +C4<00000000000000000000000000011000>;
v0x7fbbb0179940_0 .net "clk", 0 0, o0x7fbbb0051c98;  alias, 0 drivers
v0x7fbbb01799d0_0 .var "count", 24 0;
v0x7fbbb0179a60_0 .var "out", 0 0;
v0x7fbbb0179af0_0 .net "rst", 0 0, L_0x7fbbb0188f70;  alias, 1 drivers
S_0x7fbbae424940 .scope module, "blinker_new" "blinker_new" 5 1;
 .timescale -12 -12;
    .port_info 0 /OUTPUT 2 "led";
    .port_info 1 /INPUT 1 "rst_btn";
    .port_info 2 /INPUT 1 "clk";
o0x7fbbb0051fc8 .functor BUFZ 1, C4<z>; HiZ drive
v0x7fbbb017abc0_0 .net "clk", 0 0, o0x7fbbb0051fc8;  0 drivers
v0x7fbbb017ac90_0 .net "led", 1 0, L_0x7fbbb01891c0;  1 drivers
v0x7fbbb017ad20_0 .net "rst", 0 0, L_0x7fbbb0189100;  1 drivers
o0x7fbbb0052238 .functor BUFZ 1, C4<z>; HiZ drive
v0x7fbbb017adf0_0 .net "rst_btn", 0 0, o0x7fbbb0052238;  0 drivers
L_0x7fbbb0189100 .reduce/nor o0x7fbbb0052238;
L_0x7fbbb01891c0 .concat8 [ 1 1 0 0], v0x7fbbb017a410_0, v0x7fbbb017aaa0_0;
S_0x7fbbb0179e60 .scope module, "div1" "clock_divider_new" 5 11, 6 1 0, S_0x7fbbae424940;
 .timescale -12 -12;
    .port_info 0 /OUTPUT 1 "out";
    .port_info 1 /INPUT 1 "clk";
    .port_info 2 /INPUT 1 "rst";
P_0x7fbbb017a030 .param/l "CLOCK_MAX" 0 6 5, C4<000000000000101101110001101011111>;
P_0x7fbbb017a070 .param/l "CLOCK_WIDTH" 0 6 4, +C4<00000000000000000000000000100000>;
v0x7fbbb017a2c0_0 .net "clk", 0 0, o0x7fbbb0051fc8;  alias, 0 drivers
v0x7fbbb017a370_0 .var "count", 32 0;
v0x7fbbb017a410_0 .var "out", 0 0;
v0x7fbbb017a4a0_0 .net "rst", 0 0, L_0x7fbbb0189100;  alias, 1 drivers
E_0x7fbbb017a270 .event posedge, v0x7fbbb017a4a0_0, v0x7fbbb017a2c0_0;
S_0x7fbbb017a540 .scope module, "div2" "clock_divider_new" 5 17, 6 1 0, S_0x7fbbae424940;
 .timescale -12 -12;
    .port_info 0 /OUTPUT 1 "out";
    .port_info 1 /INPUT 1 "clk";
    .port_info 2 /INPUT 1 "rst";
P_0x7fbbb017a710 .param/l "CLOCK_MAX" 0 6 5, C4<0010110111000110101111111>;
P_0x7fbbb017a750 .param/l "CLOCK_WIDTH" 0 6 4, +C4<00000000000000000000000000011000>;
v0x7fbbb017a980_0 .net "clk", 0 0, o0x7fbbb0051fc8;  alias, 0 drivers
v0x7fbbb017aa10_0 .var "count", 24 0;
v0x7fbbb017aaa0_0 .var "out", 0 0;
v0x7fbbb017ab30_0 .net "rst", 0 0, L_0x7fbbb0189100;  alias, 1 drivers
    .scope S_0x7fbbae4fbb60;
T_2 ;
    %pushi/vec4 0, 0, 1;
    %store/vec4 v0x7fbbb014b530_0, 0, 1;
    %pushi/vec4 0, 0, 1;
    %store/vec4 v0x7fbbb014b5d0_0, 0, 1;
    %end;
    .thread T_2;
    .scope S_0x7fbbae4fbb60;
T_3 ;
    %wait E_0x7fbbae4263e0;
    %load/vec4 v0x7fbbb0149360_0;
    %flag_set/vec4 8;
    %jmp/0xz  T_3.0, 8;
    %load/vec4 v0x7fbbb0149d50_0;
    %flag_set/vec4 8;
    %jmp/0 T_3.2, 8;
    %pushi/vec4 0, 0, 1;
    %jmp/1 T_3.3, 8;
T_3.2 ; End of true expr.
    %load/vec4 v0x7fbbb014b1e0_0;
    %jmp/0 T_3.3, 8;
 ; End of false expr.
    %blend;
T_3.3;
    %assign/vec4 v0x7fbbb014b530_0, 0;
T_3.0 ;
    %jmp T_3;
    .thread T_3;
    .scope S_0x7fbbae4fbb60;
T_4 ;
    %wait E_0x7fbbae41c380;
    %load/vec4 v0x7fbbb0149d50_0;
    %flag_set/vec4 8;
    %jmp/0xz  T_4.0, 8;
    %pushi/vec4 0, 0, 1;
    %assign/vec4 v0x7fbbb014b5d0_0, 0;
    %jmp T_4.1;
T_4.0 ;
    %load/vec4 v0x7fbbb0149360_0;
    %flag_set/vec4 8;
    %jmp/0xz  T_4.2, 8;
    %load/vec4 v0x7fbbb014b1e0_0;
    %assign/vec4 v0x7fbbb014b5d0_0, 0;
T_4.2 ;
T_4.1 ;
    %jmp T_4;
    .thread T_4;
    .scope S_0x7fbbb014b820;
T_5 ;
    %pushi/vec4 0, 0, 32;
    %store/vec4 v0x7fbbb014e260_0, 0, 32;
T_5.0 ; Top of for-loop 
    %load/vec4 v0x7fbbb014e260_0;
    %cmpi/s 16, 0, 32;
    %jmp/0xz T_5.1, 5;
    %pushi/vec4 0, 0, 256;
    %load/vec4 v0x7fbbb014e260_0;
    %muli 16, 0, 32;
    %part/s 16;
    %pushi/vec4 0, 0, 32;
    %load/vec4 v0x7fbbb014e260_0;
    %add;
    %ix/vec4/s 4;
    %store/vec4a v0x7fbbb014e310, 4, 0;
    %pushi/vec4 0, 0, 256;
    %load/vec4 v0x7fbbb014e260_0;
    %muli 16, 0, 32;
    %part/s 16;
    %pushi/vec4 16, 0, 32;
    %load/vec4 v0x7fbbb014e260_0;
    %add;
    %ix/vec4/s 4;
    %store/vec4a v0x7fbbb014e310, 4, 0;
    %pushi/vec4 0, 0, 256;
    %load/vec4 v0x7fbbb014e260_0;
    %muli 16, 0, 32;
    %part/s 16;
    %pushi/vec4 32, 0, 32;
    %load/vec4 v0x7fbbb014e260_0;
    %add;
    %ix/vec4/s 4;
    %store/vec4a v0x7fbbb014e310, 4, 0;
    %pushi/vec4 0, 0, 256;
    %load/vec4 v0x7fbbb014e260_0;
    %muli 16, 0, 32;
    %part/s 16;
    %pushi/vec4 48, 0, 32;
    %load/vec4 v0x7fbbb014e260_0;
    %add;
    %ix/vec4/s 4;
    %store/vec4a v0x7fbbb014e310, 4, 0;
    %pushi/vec4 0, 0, 256;
    %load/vec4 v0x7fbbb014e260_0;
    %muli 16, 0, 32;
    %part/s 16;
    %pushi/vec4 64, 0, 32;
    %load/vec4 v0x7fbbb014e260_0;
    %add;
    %ix/vec4/s 4;
    %store/vec4a v0x7fbbb014e310, 4, 0;
    %pushi/vec4 0, 0, 256;
    %load/vec4 v0x7fbbb014e260_0;
    %muli 16, 0, 32;
    %part/s 16;
    %pushi/vec4 80, 0, 32;
    %load/vec4 v0x7fbbb014e260_0;
    %add;
    %ix/vec4/s 4;
    %store/vec4a v0x7fbbb014e310, 4, 0;
    %pushi/vec4 0, 0, 256;
    %load/vec4 v0x7fbbb014e260_0;
    %muli 16, 0, 32;
    %part/s 16;
    %pushi/vec4 96, 0, 32;
    %load/vec4 v0x7fbbb014e260_0;
    %add;
    %ix/vec4/s 4;
    %store/vec4a v0x7fbbb014e310, 4, 0;
    %pushi/vec4 0, 0, 256;
    %load/vec4 v0x7fbbb014e260_0;
    %muli 16, 0, 32;
    %part/s 16;
    %pushi/vec4 112, 0, 32;
    %load/vec4 v0x7fbbb014e260_0;
    %add;
    %ix/vec4/s 4;
    %store/vec4a v0x7fbbb014e310, 4, 0;
    %pushi/vec4 0, 0, 256;
    %load/vec4 v0x7fbbb014e260_0;
    %muli 16, 0, 32;
    %part/s 16;
    %pushi/vec4 128, 0, 32;
    %load/vec4 v0x7fbbb014e260_0;
    %add;
    %ix/vec4/s 4;
    %store/vec4a v0x7fbbb014e310, 4, 0;
    %pushi/vec4 0, 0, 256;
    %load/vec4 v0x7fbbb014e260_0;
    %muli 16, 0, 32;
    %part/s 16;
    %pushi/vec4 144, 0, 32;
    %load/vec4 v0x7fbbb014e260_0;
    %add;
    %ix/vec4/s 4;
    %store/vec4a v0x7fbbb014e310, 4, 0;
    %pushi/vec4 0, 0, 256;
    %load/vec4 v0x7fbbb014e260_0;
    %muli 16, 0, 32;
    %part/s 16;
    %pushi/vec4 160, 0, 32;
    %load/vec4 v0x7fbbb014e260_0;
    %add;
    %ix/vec4/s 4;
    %store/vec4a v0x7fbbb014e310, 4, 0;
    %pushi/vec4 0, 0, 256;
    %load/vec4 v0x7fbbb014e260_0;
    %muli 16, 0, 32;
    %part/s 16;
    %pushi/vec4 176, 0, 32;
    %load/vec4 v0x7fbbb014e260_0;
    %add;
    %ix/vec4/s 4;
    %store/vec4a v0x7fbbb014e310, 4, 0;
    %pushi/vec4 0, 0, 256;
    %load/vec4 v0x7fbbb014e260_0;
    %muli 16, 0, 32;
    %part/s 16;
    %pushi/vec4 192, 0, 32;
    %load/vec4 v0x7fbbb014e260_0;
    %add;
    %ix/vec4/s 4;
    %store/vec4a v0x7fbbb014e310, 4, 0;
    %pushi/vec4 0, 0, 256;
    %load/vec4 v0x7fbbb014e260_0;
    %muli 16, 0, 32;
    %part/s 16;
    %pushi/vec4 208, 0, 32;
    %load/vec4 v0x7fbbb014e260_0;
    %add;
    %ix/vec4/s 4;
    %store/vec4a v0x7fbbb014e310, 4, 0;
    %pushi/vec4 0, 0, 256;
    %load/vec4 v0x7fbbb014e260_0;
    %muli 16, 0, 32;
    %part/s 16;
    %pushi/vec4 224, 0, 32;
    %load/vec4 v0x7fbbb014e260_0;
    %add;
    %ix/vec4/s 4;
    %store/vec4a v0x7fbbb014e310, 4, 0;
    %pushi/vec4 0, 0, 256;
    %load/vec4 v0x7fbbb014e260_0;
    %muli 16, 0, 32;
    %part/s 16;
    %pushi/vec4 240, 0, 32;
    %load/vec4 v0x7fbbb014e260_0;
    %add;
    %ix/vec4/s 4;
    %store/vec4a v0x7fbbb014e310, 4, 0;
T_5.2 ; for-loop step statement
    %load/vec4 v0x7fbbb014e260_0;
    %addi 1, 0, 32;
    %store/vec4 v0x7fbbb014e260_0, 0, 32;
    %jmp T_5.0;
T_5.1 ; for-loop exit label
    %end;
    .thread T_5;
    .scope S_0x7fbbb014b820;
T_6 ;
    %wait E_0x7fbbb014d0c0;
    %load/vec4 v0x7fbbb014e110_0;
    %flag_set/vec4 9;
    %flag_get/vec4 9;
    %jmp/0 T_6.2, 9;
    %load/vec4 v0x7fbbb014df10_0;
    %and;
T_6.2;
    %flag_set/vec4 8;
    %jmp/0xz  T_6.0, 8;
    %load/vec4 v0x7fbbb014e1b0_0;
    %parti/s 1, 0, 2;
    %nor/r;
    %flag_set/vec4 8;
    %jmp/0xz  T_6.3, 8;
    %load/vec4 v0x7fbbb014e060_0;
    %parti/s 1, 0, 2;
    %load/vec4 v0x7fbbb014dd60_0;
    %parti/s 8, 0, 2;
    %pad/u 10;
    %ix/vec4 3;
    %ix/load 4, 0, 0; Constant delay
    %assign/vec4/a/d v0x7fbbb014e310, 0, 4;
T_6.3 ;
    %load/vec4 v0x7fbbb014e1b0_0;
    %parti/s 1, 1, 2;
    %nor/r;
    %flag_set/vec4 8;
    %jmp/0xz  T_6.5, 8;
    %load/vec4 v0x7fbbb014e060_0;
    %parti/s 1, 1, 2;
    %load/vec4 v0x7fbbb014dd60_0;
    %parti/s 8, 0, 2;
    %pad/u 10;
    %ix/vec4 3;
    %ix/load 4, 1, 0; part off
    %ix/load 5, 0, 0; Constant delay
    %assign/vec4/a/d v0x7fbbb014e310, 4, 5;
T_6.5 ;
    %load/vec4 v0x7fbbb014e1b0_0;
    %parti/s 1, 2, 3;
    %nor/r;
    %flag_set/vec4 8;
    %jmp/0xz  T_6.7, 8;
    %load/vec4 v0x7fbbb014e060_0;
    %parti/s 1, 2, 3;
    %load/vec4 v0x7fbbb014dd60_0;
    %parti/s 8, 0, 2;
    %pad/u 10;
    %ix/vec4 3;
    %ix/load 4, 2, 0; part off
    %ix/load 5, 0, 0; Constant delay
    %assign/vec4/a/d v0x7fbbb014e310, 4, 5;
T_6.7 ;
    %load/vec4 v0x7fbbb014e1b0_0;
    %parti/s 1, 3, 3;
    %nor/r;
    %flag_set/vec4 8;
    %jmp/0xz  T_6.9, 8;
    %load/vec4 v0x7fbbb014e060_0;
    %parti/s 1, 3, 3;
    %load/vec4 v0x7fbbb014dd60_0;
    %parti/s 8, 0, 2;
    %pad/u 10;
    %ix/vec4 3;
    %ix/load 4, 3, 0; part off
    %ix/load 5, 0, 0; Constant delay
    %assign/vec4/a/d v0x7fbbb014e310, 4, 5;
T_6.9 ;
    %load/vec4 v0x7fbbb014e1b0_0;
    %parti/s 1, 4, 4;
    %nor/r;
    %flag_set/vec4 8;
    %jmp/0xz  T_6.11, 8;
    %load/vec4 v0x7fbbb014e060_0;
    %parti/s 1, 4, 4;
    %load/vec4 v0x7fbbb014dd60_0;
    %parti/s 8, 0, 2;
    %pad/u 10;
    %ix/vec4 3;
    %ix/load 4, 4, 0; part off
    %ix/load 5, 0, 0; Constant delay
    %assign/vec4/a/d v0x7fbbb014e310, 4, 5;
T_6.11 ;
    %load/vec4 v0x7fbbb014e1b0_0;
    %parti/s 1, 5, 4;
    %nor/r;
    %flag_set/vec4 8;
    %jmp/0xz  T_6.13, 8;
    %load/vec4 v0x7fbbb014e060_0;
    %parti/s 1, 5, 4;
    %load/vec4 v0x7fbbb014dd60_0;
    %parti/s 8, 0, 2;
    %pad/u 10;
    %ix/vec4 3;
    %ix/load 4, 5, 0; part off
    %ix/load 5, 0, 0; Constant delay
    %assign/vec4/a/d v0x7fbbb014e310, 4, 5;
T_6.13 ;
    %load/vec4 v0x7fbbb014e1b0_0;
    %parti/s 1, 6, 4;
    %nor/r;
    %flag_set/vec4 8;
    %jmp/0xz  T_6.15, 8;
    %load/vec4 v0x7fbbb014e060_0;
    %parti/s 1, 6, 4;
    %load/vec4 v0x7fbbb014dd60_0;
    %parti/s 8, 0, 2;
    %pad/u 10;
    %ix/vec4 3;
    %ix/load 4, 6, 0; part off
    %ix/load 5, 0, 0; Constant delay
    %assign/vec4/a/d v0x7fbbb014e310, 4, 5;
T_6.15 ;
    %load/vec4 v0x7fbbb014e1b0_0;
    %parti/s 1, 7, 4;
    %nor/r;
    %flag_set/vec4 8;
    %jmp/0xz  T_6.17, 8;
    %load/vec4 v0x7fbbb014e060_0;
    %parti/s 1, 7, 4;
    %load/vec4 v0x7fbbb014dd60_0;
    %parti/s 8, 0, 2;
    %pad/u 10;
    %ix/vec4 3;
    %ix/load 4, 7, 0; part off
    %ix/load 5, 0, 0; Constant delay
    %assign/vec4/a/d v0x7fbbb014e310, 4, 5;
T_6.17 ;
    %load/vec4 v0x7fbbb014e1b0_0;
    %parti/s 1, 8, 5;
    %nor/r;
    %flag_set/vec4 8;
    %jmp/0xz  T_6.19, 8;
    %load/vec4 v0x7fbbb014e060_0;
    %parti/s 1, 8, 5;
    %load/vec4 v0x7fbbb014dd60_0;
    %parti/s 8, 0, 2;
    %pad/u 10;
    %ix/vec4 3;
    %ix/load 4, 8, 0; part off
    %ix/load 5, 0, 0; Constant delay
    %assign/vec4/a/d v0x7fbbb014e310, 4, 5;
T_6.19 ;
    %load/vec4 v0x7fbbb014e1b0_0;
    %parti/s 1, 9, 5;
    %nor/r;
    %flag_set/vec4 8;
    %jmp/0xz  T_6.21, 8;
    %load/vec4 v0x7fbbb014e060_0;
    %parti/s 1, 9, 5;
    %load/vec4 v0x7fbbb014dd60_0;
    %parti/s 8, 0, 2;
    %pad/u 10;
    %ix/vec4 3;
    %ix/load 4, 9, 0; part off
    %ix/load 5, 0, 0; Constant delay
    %assign/vec4/a/d v0x7fbbb014e310, 4, 5;
T_6.21 ;
    %load/vec4 v0x7fbbb014e1b0_0;
    %parti/s 1, 10, 5;
    %nor/r;
    %flag_set/vec4 8;
    %jmp/0xz  T_6.23, 8;
    %load/vec4 v0x7fbbb014e060_0;
    %parti/s 1, 10, 5;
    %load/vec4 v0x7fbbb014dd60_0;
    %parti/s 8, 0, 2;
    %pad/u 10;
    %ix/vec4 3;
    %ix/load 4, 10, 0; part off
    %ix/load 5, 0, 0; Constant delay
    %assign/vec4/a/d v0x7fbbb014e310, 4, 5;
T_6.23 ;
    %load/vec4 v0x7fbbb014e1b0_0;
    %parti/s 1, 11, 5;
    %nor/r;
    %flag_set/vec4 8;
    %jmp/0xz  T_6.25, 8;
    %load/vec4 v0x7fbbb014e060_0;
    %parti/s 1, 11, 5;
    %load/vec4 v0x7fbbb014dd60_0;
    %parti/s 8, 0, 2;
    %pad/u 10;
    %ix/vec4 3;
    %ix/load 4, 11, 0; part off
    %ix/load 5, 0, 0; Constant delay
    %assign/vec4/a/d v0x7fbbb014e310, 4, 5;
T_6.25 ;
    %load/vec4 v0x7fbbb014e1b0_0;
    %parti/s 1, 12, 5;
    %nor/r;
    %flag_set/vec4 8;
    %jmp/0xz  T_6.27, 8;
    %load/vec4 v0x7fbbb014e060_0;
    %parti/s 1, 12, 5;
    %load/vec4 v0x7fbbb014dd60_0;
    %parti/s 8, 0, 2;
    %pad/u 10;
    %ix/vec4 3;
    %ix/load 4, 12, 0; part off
    %ix/load 5, 0, 0; Constant delay
    %assign/vec4/a/d v0x7fbbb014e310, 4, 5;
T_6.27 ;
    %load/vec4 v0x7fbbb014e1b0_0;
    %parti/s 1, 13, 5;
    %nor/r;
    %flag_set/vec4 8;
    %jmp/0xz  T_6.29, 8;
    %load/vec4 v0x7fbbb014e060_0;
    %parti/s 1, 13, 5;
    %load/vec4 v0x7fbbb014dd60_0;
    %parti/s 8, 0, 2;
    %pad/u 10;
    %ix/vec4 3;
    %ix/load 4, 13, 0; part off
    %ix/load 5, 0, 0; Constant delay
    %assign/vec4/a/d v0x7fbbb014e310, 4, 5;
T_6.29 ;
    %load/vec4 v0x7fbbb014e1b0_0;
    %parti/s 1, 14, 5;
    %nor/r;
    %flag_set/vec4 8;
    %jmp/0xz  T_6.31, 8;
    %load/vec4 v0x7fbbb014e060_0;
    %parti/s 1, 14, 5;
    %load/vec4 v0x7fbbb014dd60_0;
    %parti/s 8, 0, 2;
    %pad/u 10;
    %ix/vec4 3;
    %ix/load 4, 14, 0; part off
    %ix/load 5, 0, 0; Constant delay
    %assign/vec4/a/d v0x7fbbb014e310, 4, 5;
T_6.31 ;
    %load/vec4 v0x7fbbb014e1b0_0;
    %parti/s 1, 15, 5;
    %nor/r;
    %flag_set/vec4 8;
    %jmp/0xz  T_6.33, 8;
    %load/vec4 v0x7fbbb014e060_0;
    %parti/s 1, 15, 5;
    %load/vec4 v0x7fbbb014dd60_0;
    %parti/s 8, 0, 2;
    %pad/u 10;
    %ix/vec4 3;
    %ix/load 4, 15, 0; part off
    %ix/load 5, 0, 0; Constant delay
    %assign/vec4/a/d v0x7fbbb014e310, 4, 5;
T_6.33 ;
T_6.0 ;
    %jmp T_6;
    .thread T_6;
    .scope S_0x7fbbb014b820;
T_7 ;
    %wait E_0x7fbbb014d070;
    %load/vec4 v0x7fbbb014dc10_0;
    %flag_set/vec4 9;
    %flag_get/vec4 9;
    %jmp/0 T_7.2, 9;
    %load/vec4 v0x7fbbb014d9d0_0;
    %and;
T_7.2;
    %flag_set/vec4 8;
    %jmp/0xz  T_7.0, 8;
    %load/vec4 v0x7fbbb014d870_0;
    %parti/s 8, 0, 2;
    %pad/u 10;
    %ix/vec4 4;
    %load/vec4a v0x7fbbb014e310, 4;
    %load/vec4 v0x7fbbb014dcb0_0;
    %inv;
    %and;
    %assign/vec4 v0x7fbbb014db60_0, 0;
T_7.0 ;
    %jmp T_7;
    .thread T_7;
    .scope S_0x7fbbae4f6350;
T_8 ;
    %pushi/vec4 0, 0, 1;
    %store/vec4 v0x7fbbb0154da0_0, 0, 1;
    %end;
    .thread T_8;
    .scope S_0x7fbbae4f6350;
T_9 ;
    %wait E_0x7fbbb0154c10;
    %load/vec4 v0x7fbbb0154d00_0;
    %assign/vec4 v0x7fbbb0154da0_0, 0;
    %jmp T_9;
    .thread T_9;
    .scope S_0x7fbbae4f3e70;
T_10 ;
    %pushi/vec4 0, 0, 1;
    %store/vec4 v0x7fbbb01550c0_0, 0, 1;
    %end;
    .thread T_10;
    .scope S_0x7fbbae4f3e70;
T_11 ;
    %wait E_0x7fbbb0154e80;
    %load/vec4 v0x7fbbb0155030_0;
    %flag_set/vec4 8;
    %jmp/0xz  T_11.0, 8;
    %load/vec4 v0x7fbbb0154f90_0;
    %assign/vec4 v0x7fbbb01550c0_0, 0;
T_11.0 ;
    %jmp T_11;
    .thread T_11;
    .scope S_0x7fbbae4f57a0;
T_12 ;
    %pushi/vec4 0, 0, 1;
    %store/vec4 v0x7fbbb0155400_0, 0, 1;
    %end;
    .thread T_12;
    .scope S_0x7fbbae4f57a0;
T_13 ;
    %wait E_0x7fbbb01551c0;
    %load/vec4 v0x7fbbb01554a0_0;
    %flag_set/vec4 8;
    %jmp/0xz  T_13.0, 8;
    %pushi/vec4 0, 0, 1;
    %assign/vec4 v0x7fbbb0155400_0, 0;
    %jmp T_13.1;
T_13.0 ;
    %load/vec4 v0x7fbbb0155370_0;
    %flag_set/vec4 8;
    %jmp/0xz  T_13.2, 8;
    %load/vec4 v0x7fbbb01552d0_0;
    %assign/vec4 v0x7fbbb0155400_0, 0;
T_13.2 ;
T_13.1 ;
    %jmp T_13;
    .thread T_13;
    .scope S_0x7fbbae4ffdf0;
T_14 ;
    %pushi/vec4 0, 0, 1;
    %store/vec4 v0x7fbbb0155820_0, 0, 1;
    %end;
    .thread T_14;
    .scope S_0x7fbbae4ffdf0;
T_15 ;
    %wait E_0x7fbbb0155600;
    %load/vec4 v0x7fbbb01558b0_0;
    %flag_set/vec4 8;
    %jmp/0xz  T_15.0, 8;
    %pushi/vec4 1, 0, 1;
    %assign/vec4 v0x7fbbb0155820_0, 0;
    %jmp T_15.1;
T_15.0 ;
    %load/vec4 v0x7fbbb0155790_0;
    %flag_set/vec4 8;
    %jmp/0xz  T_15.2, 8;
    %load/vec4 v0x7fbbb01556f0_0;
    %assign/vec4 v0x7fbbb0155820_0, 0;
T_15.2 ;
T_15.1 ;
    %jmp T_15;
    .thread T_15;
    .scope S_0x7fbbae4f14a0;
T_16 ;
    %pushi/vec4 0, 0, 1;
    %store/vec4 v0x7fbbb0155c30_0, 0, 1;
    %end;
    .thread T_16;
    .scope S_0x7fbbae4f14a0;
T_17 ;
    %wait E_0x7fbbb0155a10;
    %load/vec4 v0x7fbbb0155ba0_0;
    %flag_set/vec4 8;
    %jmp/0xz  T_17.0, 8;
    %load/vec4 v0x7fbbb0155cc0_0;
    %flag_set/vec4 8;
    %jmp/0xz  T_17.2, 8;
    %pushi/vec4 0, 0, 1;
    %assign/vec4 v0x7fbbb0155c30_0, 0;
    %jmp T_17.3;
T_17.2 ;
    %load/vec4 v0x7fbbb0155b00_0;
    %assign/vec4 v0x7fbbb0155c30_0, 0;
T_17.3 ;
T_17.0 ;
    %jmp T_17;
    .thread T_17;
    .scope S_0x7fbbae4f3780;
T_18 ;
    %pushi/vec4 0, 0, 1;
    %store/vec4 v0x7fbbb0156040_0, 0, 1;
    %end;
    .thread T_18;
    .scope S_0x7fbbae4f3780;
T_19 ;
    %wait E_0x7fbbb0155e20;
    %load/vec4 v0x7fbbb0155fb0_0;
    %flag_set/vec4 8;
    %jmp/0xz  T_19.0, 8;
    %load/vec4 v0x7fbbb01560d0_0;
    %flag_set/vec4 8;
    %jmp/0xz  T_19.2, 8;
    %pushi/vec4 1, 0, 1;
    %assign/vec4 v0x7fbbb0156040_0, 0;
    %jmp T_19.3;
T_19.2 ;
    %load/vec4 v0x7fbbb0155f10_0;
    %assign/vec4 v0x7fbbb0156040_0, 0;
T_19.3 ;
T_19.0 ;
    %jmp T_19;
    .thread T_19;
    .scope S_0x7fbbae4f2ae0;
T_20 ;
    %pushi/vec4 0, 0, 1;
    %store/vec4 v0x7fbbb01563c0_0, 0, 1;
    %end;
    .thread T_20;
    .scope S_0x7fbbae4f2ae0;
T_21 ;
    %wait E_0x7fbbb0156230;
    %load/vec4 v0x7fbbb0156320_0;
    %assign/vec4 v0x7fbbb01563c0_0, 0;
    %jmp T_21;
    .thread T_21;
    .scope S_0x7fbbae4f1fc0;
T_22 ;
    %pushi/vec4 0, 0, 1;
    %store/vec4 v0x7fbbb01566d0_0, 0, 1;
    %end;
    .thread T_22;
    .scope S_0x7fbbae4f1fc0;
T_23 ;
    %wait E_0x7fbbb0156490;
    %load/vec4 v0x7fbbb0156640_0;
    %flag_set/vec4 8;
    %jmp/0xz  T_23.0, 8;
    %load/vec4 v0x7fbbb01565a0_0;
    %assign/vec4 v0x7fbbb01566d0_0, 0;
T_23.0 ;
    %jmp T_23;
    .thread T_23;
    .scope S_0x7fbbae4d7640;
T_24 ;
    %pushi/vec4 0, 0, 1;
    %store/vec4 v0x7fbbb0156a10_0, 0, 1;
    %end;
    .thread T_24;
    .scope S_0x7fbbae4d7640;
T_25 ;
    %wait E_0x7fbbb01567d0;
    %load/vec4 v0x7fbbb0156ab0_0;
    %flag_set/vec4 8;
    %jmp/0xz  T_25.0, 8;
    %pushi/vec4 0, 0, 1;
    %assign/vec4 v0x7fbbb0156a10_0, 0;
    %jmp T_25.1;
T_25.0 ;
    %load/vec4 v0x7fbbb0156980_0;
    %flag_set/vec4 8;
    %jmp/0xz  T_25.2, 8;
    %load/vec4 v0x7fbbb01568e0_0;
    %assign/vec4 v0x7fbbb0156a10_0, 0;
T_25.2 ;
T_25.1 ;
    %jmp T_25;
    .thread T_25;
    .scope S_0x7fbbae4d1130;
T_26 ;
    %pushi/vec4 0, 0, 1;
    %store/vec4 v0x7fbbb0156e30_0, 0, 1;
    %end;
    .thread T_26;
    .scope S_0x7fbbae4d1130;
T_27 ;
    %wait E_0x7fbbb0156c10;
    %load/vec4 v0x7fbbb0156ec0_0;
    %flag_set/vec4 8;
    %jmp/0xz  T_27.0, 8;
    %pushi/vec4 1, 0, 1;
    %assign/vec4 v0x7fbbb0156e30_0, 0;
    %jmp T_27.1;
T_27.0 ;
    %load/vec4 v0x7fbbb0156da0_0;
    %flag_set/vec4 8;
    %jmp/0xz  T_27.2, 8;
    %load/vec4 v0x7fbbb0156d00_0;
    %assign/vec4 v0x7fbbb0156e30_0, 0;
T_27.2 ;
T_27.1 ;
    %jmp T_27;
    .thread T_27;
    .scope S_0x7fbbae4d3eb0;
T_28 ;
    %pushi/vec4 0, 0, 1;
    %store/vec4 v0x7fbbb0157240_0, 0, 1;
    %end;
    .thread T_28;
    .scope S_0x7fbbae4d3eb0;
T_29 ;
    %wait E_0x7fbbb0157020;
    %load/vec4 v0x7fbbb01571b0_0;
    %flag_set/vec4 8;
    %jmp/0xz  T_29.0, 8;
    %load/vec4 v0x7fbbb01572d0_0;
    %flag_set/vec4 8;
    %jmp/0xz  T_29.2, 8;
    %pushi/vec4 0, 0, 1;
    %assign/vec4 v0x7fbbb0157240_0, 0;
    %jmp T_29.3;
T_29.2 ;
    %load/vec4 v0x7fbbb0157110_0;
    %assign/vec4 v0x7fbbb0157240_0, 0;
T_29.3 ;
T_29.0 ;
    %jmp T_29;
    .thread T_29;
    .scope S_0x7fbbae4d09c0;
T_30 ;
    %pushi/vec4 0, 0, 1;
    %store/vec4 v0x7fbbb0157650_0, 0, 1;
    %end;
    .thread T_30;
    .scope S_0x7fbbae4d09c0;
T_31 ;
    %wait E_0x7fbbb0157430;
    %load/vec4 v0x7fbbb01575c0_0;
    %flag_set/vec4 8;
    %jmp/0xz  T_31.0, 8;
    %load/vec4 v0x7fbbb01576e0_0;
    %flag_set/vec4 8;
    %jmp/0xz  T_31.2, 8;
    %pushi/vec4 1, 0, 1;
    %assign/vec4 v0x7fbbb0157650_0, 0;
    %jmp T_31.3;
T_31.2 ;
    %load/vec4 v0x7fbbb0157520_0;
    %assign/vec4 v0x7fbbb0157650_0, 0;
T_31.3 ;
T_31.0 ;
    %jmp T_31;
    .thread T_31;
    .scope S_0x7fbbae4dea90;
T_32 ;
    %pushi/vec4 0, 0, 1;
    %store/vec4 v0x7fbbb01579d0_0, 0, 1;
    %end;
    .thread T_32;
    .scope S_0x7fbbae4dea90;
T_33 ;
    %wait E_0x7fbbb0157840;
    %load/vec4 v0x7fbbb0157a60_0;
    %flag_set/vec4 8;
    %jmp/0xz  T_33.0, 8;
    %pushi/vec4 0, 0, 1;
    %assign/vec4 v0x7fbbb01579d0_0, 0;
    %jmp T_33.1;
T_33.0 ;
    %load/vec4 v0x7fbbb0157930_0;
    %assign/vec4 v0x7fbbb01579d0_0, 0;
T_33.1 ;
    %jmp T_33;
    .thread T_33;
    .scope S_0x7fbbae4db1f0;
T_34 ;
    %pushi/vec4 0, 0, 1;
    %store/vec4 v0x7fbbb0157d00_0, 0, 1;
    %end;
    .thread T_34;
    .scope S_0x7fbbae4db1f0;
T_35 ;
    %wait E_0x7fbbb0157b50;
    %load/vec4 v0x7fbbb0157d90_0;
    %flag_set/vec4 8;
    %jmp/0xz  T_35.0, 8;
    %pushi/vec4 1, 0, 1;
    %assign/vec4 v0x7fbbb0157d00_0, 0;
    %jmp T_35.1;
T_35.0 ;
    %load/vec4 v0x7fbbb0157c60_0;
    %assign/vec4 v0x7fbbb0157d00_0, 0;
T_35.1 ;
    %jmp T_35;
    .thread T_35;
    .scope S_0x7fbbae4cfae0;
T_36 ;
    %pushi/vec4 0, 0, 1;
    %store/vec4 v0x7fbbb0158040_0, 0, 1;
    %end;
    .thread T_36;
    .scope S_0x7fbbae4cfae0;
T_37 ;
    %wait E_0x7fbbb0157e90;
    %load/vec4 v0x7fbbb01580d0_0;
    %flag_set/vec4 8;
    %jmp/0xz  T_37.0, 8;
    %pushi/vec4 0, 0, 1;
    %assign/vec4 v0x7fbbb0158040_0, 0;
    %jmp T_37.1;
T_37.0 ;
    %load/vec4 v0x7fbbb0157fa0_0;
    %assign/vec4 v0x7fbbb0158040_0, 0;
T_37.1 ;
    %jmp T_37;
    .thread T_37;
    .scope S_0x7fbbae4cf0f0;
T_38 ;
    %pushi/vec4 0, 0, 1;
    %store/vec4 v0x7fbbb0158380_0, 0, 1;
    %end;
    .thread T_38;
    .scope S_0x7fbbae4cf0f0;
T_39 ;
    %wait E_0x7fbbb01581d0;
    %load/vec4 v0x7fbbb0158410_0;
    %flag_set/vec4 8;
    %jmp/0xz  T_39.0, 8;
    %pushi/vec4 1, 0, 1;
    %assign/vec4 v0x7fbbb0158380_0, 0;
    %jmp T_39.1;
T_39.0 ;
    %load/vec4 v0x7fbbb01582e0_0;
    %assign/vec4 v0x7fbbb0158380_0, 0;
T_39.1 ;
    %jmp T_39;
    .thread T_39;
    .scope S_0x7fbbae4ce470;
T_40 ;
    %pushi/vec4 0, 0, 1;
    %store/vec4 v0x7fbbb01586c0_0, 0, 1;
    %end;
    .thread T_40;
    .scope S_0x7fbbae4ce470;
T_41 ;
    %wait E_0x7fbbb0158510;
    %load/vec4 v0x7fbbb0158750_0;
    %flag_set/vec4 8;
    %jmp/0xz  T_41.0, 8;
    %pushi/vec4 0, 0, 1;
    %assign/vec4 v0x7fbbb01586c0_0, 0;
    %jmp T_41.1;
T_41.0 ;
    %load/vec4 v0x7fbbb0158620_0;
    %assign/vec4 v0x7fbbb01586c0_0, 0;
T_41.1 ;
    %jmp T_41;
    .thread T_41;
    .scope S_0x7fbbae4cd970;
T_42 ;
    %pushi/vec4 0, 0, 1;
    %store/vec4 v0x7fbbb0158a00_0, 0, 1;
    %end;
    .thread T_42;
    .scope S_0x7fbbae4cd970;
T_43 ;
    %wait E_0x7fbbb0158850;
    %load/vec4 v0x7fbbb0158a90_0;
    %flag_set/vec4 8;
    %jmp/0xz  T_43.0, 8;
    %pushi/vec4 1, 0, 1;
    %assign/vec4 v0x7fbbb0158a00_0, 0;
    %jmp T_43.1;
T_43.0 ;
    %load/vec4 v0x7fbbb0158960_0;
    %assign/vec4 v0x7fbbb0158a00_0, 0;
T_43.1 ;
    %jmp T_43;
    .thread T_43;
    .scope S_0x7fbbae4c7b10;
T_44 ;
    %pushi/vec4 0, 0, 1;
    %store/vec4 v0x7fbbb0158d40_0, 0, 1;
    %end;
    .thread T_44;
    .scope S_0x7fbbae4c7b10;
T_45 ;
    %wait E_0x7fbbb0158b90;
    %load/vec4 v0x7fbbb0158dd0_0;
    %flag_set/vec4 8;
    %jmp/0xz  T_45.0, 8;
    %pushi/vec4 0, 0, 1;
    %assign/vec4 v0x7fbbb0158d40_0, 0;
    %jmp T_45.1;
T_45.0 ;
    %load/vec4 v0x7fbbb0158ca0_0;
    %assign/vec4 v0x7fbbb0158d40_0, 0;
T_45.1 ;
    %jmp T_45;
    .thread T_45;
    .scope S_0x7fbbae4cce70;
T_46 ;
    %pushi/vec4 0, 0, 1;
    %store/vec4 v0x7fbbb0159080_0, 0, 1;
    %end;
    .thread T_46;
    .scope S_0x7fbbae4cce70;
T_47 ;
    %wait E_0x7fbbb0158ed0;
    %load/vec4 v0x7fbbb0159110_0;
    %flag_set/vec4 8;
    %jmp/0xz  T_47.0, 8;
    %pushi/vec4 1, 0, 1;
    %assign/vec4 v0x7fbbb0159080_0, 0;
    %jmp T_47.1;
T_47.0 ;
    %load/vec4 v0x7fbbb0158fe0_0;
    %assign/vec4 v0x7fbbb0159080_0, 0;
T_47.1 ;
    %jmp T_47;
    .thread T_47;
    .scope S_0x7fbbb0159be0;
T_48 ;
    %wait E_0x7fbbb0159ec0;
    %load/vec4 v0x7fbbb015a760_0;
    %assign/vec4 v0x7fbbb015a800_0, 0;
    %jmp T_48;
    .thread T_48;
    .scope S_0x7fbbb0159be0;
T_49 ;
    %wait E_0x7fbbb0159ec0;
    %load/vec4 v0x7fbbb015a760_0;
    %flag_set/vec4 8;
    %jmp/0xz  T_49.0, 8;
    %load/vec4 v0x7fbbb015a580_0;
    %assign/vec4 v0x7fbbb015ab70_0, 0;
T_49.0 ;
    %jmp T_49;
    .thread T_49;
    .scope S_0x7fbbb0159be0;
T_50 ;
    %wait E_0x7fbbb0159e60;
    %load/vec4 v0x7fbbb015a800_0;
    %flag_set/vec4 8;
    %jmp/0xz  T_50.0, 8;
    %load/vec4 v0x7fbbb015a580_0;
    %assign/vec4 v0x7fbbb015ac00_0, 0;
T_50.0 ;
    %jmp T_50;
    .thread T_50;
    .scope S_0x7fbbb0159be0;
T_51 ;
    %wait E_0x7fbbb0159db0;
    %load/vec4 v0x7fbbb015a760_0;
    %assign/vec4 v0x7fbbb015a8a0_0, 0;
    %jmp T_51;
    .thread T_51;
    .scope S_0x7fbbb0159be0;
T_52 ;
    %wait E_0x7fbbb0159db0;
    %load/vec4 v0x7fbbb015a760_0;
    %flag_set/vec4 8;
    %jmp/0xz  T_52.0, 8;
    %load/vec4 v0x7fbbb015a110_0;
    %assign/vec4 v0x7fbbb015ad20_0, 0;
T_52.0 ;
    %jmp T_52;
    .thread T_52;
    .scope S_0x7fbbb0159be0;
T_53 ;
    %wait E_0x7fbbb0159e10;
    %load/vec4 v0x7fbbb015a8a0_0;
    %flag_set/vec4 8;
    %jmp/0xz  T_53.0, 8;
    %load/vec4 v0x7fbbb015a1b0_0;
    %assign/vec4 v0x7fbbb015adc0_0, 0;
T_53.0 ;
    %jmp T_53;
    .thread T_53;
    .scope S_0x7fbbb0159be0;
T_54 ;
    %wait E_0x7fbbb0159db0;
    %load/vec4 v0x7fbbb015a760_0;
    %flag_set/vec4 8;
    %jmp/0xz  T_54.0, 8;
    %load/vec4 v0x7fbbb015a470_0;
    %assign/vec4 v0x7fbbb015afa0_0, 0;
T_54.0 ;
    %jmp T_54;
    .thread T_54;
    .scope S_0x7fbbb01594e0;
T_55 ;
    %wait E_0x7fbbb0159b90;
    %load/vec4 v0x7fbbb015ab70_0;
    %store/vec4 v0x7fbbb015a940_0, 0, 1;
    %load/vec4 v0x7fbbb015ac00_0;
    %store/vec4 v0x7fbbb015a9e0_0, 0, 1;
    %jmp T_55;
    .thread T_55, $push;
    .scope S_0x7fbbb01594e0;
T_56 ;
    %wait E_0x7fbbb0159b30;
    %load/vec4 v0x7fbbb015a3d0_0;
    %assign/vec4 v0x7fbbb015ae60_0, 0;
    %jmp T_56;
    .thread T_56, $push;
    .scope S_0x7fbbb01594e0;
T_57 ;
    %wait E_0x7fbbb0159ae0;
    %load/vec4 v0x7fbbb015ae60_0;
    %assign/vec4 v0x7fbbb015af00_0, 0;
    %jmp T_57;
    .thread T_57, $push;
    .scope S_0x7fbbb01594e0;
T_58 ;
    %wait E_0x7fbbb0159aa0;
    %load/vec4 v0x7fbbb015af00_0;
    %pushi/vec4 0, 0, 1;
    %xor;
    %flag_set/vec4 8;
    %jmp/1 T_58.2, 8;
    %pushi/vec4 0, 0, 1;
    %flag_set/vec4 9;
    %flag_or 8, 9;
T_58.2;
    %jmp/0 T_58.0, 8;
    %load/vec4 v0x7fbbb015ad20_0;
    %jmp/1 T_58.1, 8;
T_58.0 ; End of true expr.
    %load/vec4 v0x7fbbb015adc0_0;
    %jmp/0 T_58.1, 8;
 ; End of false expr.
    %blend;
T_58.1;
    %store/vec4 v0x7fbbb015ac90_0, 0, 1;
    %jmp T_58;
    .thread T_58, $push;
    .scope S_0x7fbbb015de40;
T_59 ;
    %wait E_0x7fbbb015e0f0;
    %load/vec4 v0x7fbbb015e140_0;
    %flag_set/vec4 8;
    %jmp/0xz  T_59.0, 8;
    %load/vec4 v0x7fbbb015e7b0_0;
    %assign/vec4 v0x7fbbb015eac0_0, 0;
T_59.0 ;
    %jmp T_59;
    .thread T_59;
    .scope S_0x7fbbb015de40;
T_60 ;
    %wait E_0x7fbbb015e090;
    %load/vec4 v0x7fbbb015e140_0;
    %flag_set/vec4 8;
    %jmp/0xz  T_60.0, 8;
    %load/vec4 v0x7fbbb015e7b0_0;
    %assign/vec4 v0x7fbbb015eb60_0, 0;
T_60.0 ;
    %jmp T_60;
    .thread T_60;
    .scope S_0x7fbbb015de40;
T_61 ;
    %wait E_0x7fbbb015e000;
    %load/vec4 v0x7fbbb015e140_0;
    %flag_set/vec4 8;
    %jmp/0xz  T_61.0, 8;
    %load/vec4 v0x7fbbb015e340_0;
    %assign/vec4 v0x7fbbb015ed90_0, 0;
T_61.0 ;
    %jmp T_61;
    .thread T_61;
    .scope S_0x7fbbb015de40;
T_62 ;
    %wait E_0x7fbbb015e040;
    %load/vec4 v0x7fbbb015e140_0;
    %flag_set/vec4 8;
    %jmp/0xz  T_62.0, 8;
    %load/vec4 v0x7fbbb015e3e0_0;
    %assign/vec4 v0x7fbbb015ee20_0, 0;
T_62.0 ;
    %jmp T_62;
    .thread T_62;
    .scope S_0x7fbbb015de40;
T_63 ;
    %wait E_0x7fbbb015e000;
    %load/vec4 v0x7fbbb015e140_0;
    %flag_set/vec4 8;
    %jmp/0xz  T_63.0, 8;
    %load/vec4 v0x7fbbb015e6a0_0;
    %assign/vec4 v0x7fbbb015efe0_0, 0;
T_63.0 ;
    %jmp T_63;
    .thread T_63;
    .scope S_0x7fbbb013ea60;
T_64 ;
    %wait E_0x7fbbb015c7d0;
    %load/vec4 v0x7fbbb015eac0_0;
    %store/vec4 v0x7fbbb015e980_0, 0, 1;
    %load/vec4 v0x7fbbb015eb60_0;
    %store/vec4 v0x7fbbb015ea20_0, 0, 1;
    %jmp T_64;
    .thread T_64, $push;
    .scope S_0x7fbbb013ea60;
T_65 ;
    %wait E_0x7fbbb012aca0;
    %load/vec4 v0x7fbbb015e600_0;
    %assign/vec4 v0x7fbbb015eeb0_0, 0;
    %jmp T_65;
    .thread T_65, $push;
    .scope S_0x7fbbb013ea60;
T_66 ;
    %wait E_0x7fbbb012ac50;
    %load/vec4 v0x7fbbb015eeb0_0;
    %assign/vec4 v0x7fbbb015ef40_0, 0;
    %jmp T_66;
    .thread T_66, $push;
    .scope S_0x7fbbb013ea60;
T_67 ;
    %wait E_0x7fbbb012abe0;
    %load/vec4 v0x7fbbb015ef40_0;
    %pushi/vec4 0, 0, 1;
    %xor;
    %flag_set/vec4 8;
    %jmp/1 T_67.2, 8;
    %pushi/vec4 0, 0, 1;
    %flag_set/vec4 9;
    %flag_or 8, 9;
T_67.2;
    %jmp/0 T_67.0, 8;
    %load/vec4 v0x7fbbb015ed90_0;
    %jmp/1 T_67.1, 8;
T_67.0 ; End of true expr.
    %load/vec4 v0x7fbbb015ee20_0;
    %jmp/0 T_67.1, 8;
 ; End of false expr.
    %blend;
T_67.1;
    %store/vec4 v0x7fbbb015ec00_0, 0, 1;
    %jmp T_67;
    .thread T_67, $push;
    .scope S_0x7fbbb015f240;
T_68 ;
    %wait E_0x7fbbb015f510;
    %load/vec4 v0x7fbbb015f560_0;
    %flag_set/vec4 8;
    %jmp/0xz  T_68.0, 8;
    %load/vec4 v0x7fbbb015fbd0_0;
    %assign/vec4 v0x7fbbb015fda0_0, 0;
T_68.0 ;
    %jmp T_68;
    .thread T_68;
    .scope S_0x7fbbb015f240;
T_69 ;
    %wait E_0x7fbbb015f4b0;
    %load/vec4 v0x7fbbb015f560_0;
    %flag_set/vec4 8;
    %jmp/0xz  T_69.0, 8;
    %load/vec4 v0x7fbbb015fbd0_0;
    %assign/vec4 v0x7fbbb015fe40_0, 0;
T_69.0 ;
    %jmp T_69;
    .thread T_69;
    .scope S_0x7fbbb015f240;
T_70 ;
    %wait E_0x7fbbb015f400;
    %load/vec4 v0x7fbbb015f560_0;
    %flag_set/vec4 8;
    %jmp/0xz  T_70.0, 8;
    %load/vec4 v0x7fbbb015f760_0;
    %assign/vec4 v0x7fbbb015ff80_0, 0;
T_70.0 ;
    %jmp T_70;
    .thread T_70;
    .scope S_0x7fbbb015f240;
T_71 ;
    %wait E_0x7fbbb015f460;
    %load/vec4 v0x7fbbb015f560_0;
    %flag_set/vec4 8;
    %jmp/0xz  T_71.0, 8;
    %load/vec4 v0x7fbbb015f800_0;
    %assign/vec4 v0x7fbbb0160020_0, 0;
T_71.0 ;
    %jmp T_71;
    .thread T_71;
    .scope S_0x7fbbb015f240;
T_72 ;
    %wait E_0x7fbbb015f400;
    %load/vec4 v0x7fbbb015f560_0;
    %flag_set/vec4 8;
    %jmp/0xz  T_72.0, 8;
    %load/vec4 v0x7fbbb015fac0_0;
    %assign/vec4 v0x7fbbb01602d0_0, 0;
T_72.0 ;
    %jmp T_72;
    .thread T_72;
    .scope S_0x7fbbb010d700;
T_73 ;
    %wait E_0x7fbbae414760;
    %load/vec4 v0x7fbbb015fda0_0;
    %store/vec4 v0x7fbbb015fc60_0, 0, 1;
    %load/vec4 v0x7fbbb015fe40_0;
    %store/vec4 v0x7fbbb015fd00_0, 0, 1;
    %jmp T_73;
    .thread T_73, $push;
    .scope S_0x7fbbb010d700;
T_74 ;
    %wait E_0x7fbbb015f1e0;
    %load/vec4 v0x7fbbb015fa20_0;
    %assign/vec4 v0x7fbbb01601b0_0, 0;
    %jmp T_74;
    .thread T_74, $push;
    .scope S_0x7fbbb010d700;
T_75 ;
    %wait E_0x7fbbb015f1a0;
    %load/vec4 v0x7fbbb01601b0_0;
    %assign/vec4 v0x7fbbb0160240_0, 0;
    %jmp T_75;
    .thread T_75, $push;
    .scope S_0x7fbbb010d700;
T_76 ;
    %wait E_0x7fbbb015e730;
    %load/vec4 v0x7fbbb0160240_0;
    %pushi/vec4 0, 0, 1;
    %xor;
    %flag_set/vec4 8;
    %jmp/1 T_76.2, 8;
    %pushi/vec4 0, 0, 1;
    %flag_set/vec4 9;
    %flag_or 8, 9;
T_76.2;
    %jmp/0 T_76.0, 8;
    %load/vec4 v0x7fbbb015ff80_0;
    %jmp/1 T_76.1, 8;
T_76.0 ; End of true expr.
    %load/vec4 v0x7fbbb0160020_0;
    %jmp/0 T_76.1, 8;
 ; End of false expr.
    %blend;
T_76.1;
    %store/vec4 v0x7fbbb015fee0_0, 0, 1;
    %jmp T_76;
    .thread T_76, $push;
    .scope S_0x7fbbae4ef340;
T_77 ;
    %wait E_0x7fbbb0162350;
    %load/vec4 v0x7fbbb0163330_0;
    %flag_set/vec4 8;
    %jmp/0xz  T_77.0, 8;
    %pushi/vec4 0, 0, 16;
    %assign/vec4 v0x7fbbb01679a0_0, 0;
    %pushi/vec4 0, 0, 16;
    %assign/vec4 v0x7fbbb0167840_0, 0;
    %jmp T_77.1;
T_77.0 ;
    %load/vec4 v0x7fbbb0162cc0_0;
    %flag_set/vec4 8;
    %jmp/0xz  T_77.2, 8;
    %load/vec4 v0x7fbbb0162d60_0;
    %nor/r;
    %flag_set/vec4 8;
    %jmp/0xz  T_77.4, 8;
    %load/vec4 v0x7fbbb0162c10_0;
    %assign/vec4 v0x7fbbb01679a0_0, 0;
T_77.4 ;
    %load/vec4 v0x7fbbb0162700_0;
    %nor/r;
    %flag_set/vec4 8;
    %jmp/0xz  T_77.6, 8;
    %load/vec4 v0x7fbbb0162390_0;
    %assign/vec4 v0x7fbbb0167840_0, 0;
T_77.6 ;
T_77.2 ;
T_77.1 ;
    %jmp T_77;
    .thread T_77;
    .scope S_0x7fbbae4ef340;
T_78 ;
    %wait E_0x7fbbb01622f0;
    %load/vec4 v0x7fbbb0163290_0;
    %flag_set/vec4 8;
    %jmp/0xz  T_78.0, 8;
    %pushi/vec4 0, 0, 16;
    %assign/vec4 v0x7fbbb01678f0_0, 0;
    %pushi/vec4 0, 0, 16;
    %assign/vec4 v0x7fbbb0167a50_0, 0;
    %jmp T_78.1;
T_78.0 ;
    %load/vec4 v0x7fbbb0162cc0_0;
    %flag_set/vec4 8;
    %jmp/0xz  T_78.2, 8;
    %load/vec4 v0x7fbbb0162a10_0;
    %nor/r;
    %flag_set/vec4 8;
    %jmp/0xz  T_78.4, 8;
    %load/vec4 v0x7fbbb0162900_0;
    %assign/vec4 v0x7fbbb01678f0_0, 0;
T_78.4 ;
    %load/vec4 v0x7fbbb0163150_0;
    %nor/r;
    %flag_set/vec4 8;
    %jmp/0xz  T_78.6, 8;
    %load/vec4 v0x7fbbb01630c0_0;
    %assign/vec4 v0x7fbbb0167a50_0, 0;
T_78.6 ;
T_78.2 ;
T_78.1 ;
    %jmp T_78;
    .thread T_78;
    .scope S_0x7fbbae4ef340;
T_79 ;
    %wait E_0x7fbbb0162350;
    %load/vec4 v0x7fbbb0163330_0;
    %flag_set/vec4 8;
    %jmp/0xz  T_79.0, 8;
    %pushi/vec4 0, 0, 16;
    %assign/vec4 v0x7fbbb0167b00_0, 0;
    %pushi/vec4 0, 0, 16;
    %assign/vec4 v0x7fbbb0167d10_0, 0;
    %jmp T_79.1;
T_79.0 ;
    %load/vec4 v0x7fbbb0162cc0_0;
    %flag_set/vec4 8;
    %jmp/0xz  T_79.2, 8;
    %load/vec4 v0x7fbbb0167580_0;
    %assign/vec4 v0x7fbbb0167b00_0, 0;
    %load/vec4 v0x7fbbb01676e0_0;
    %assign/vec4 v0x7fbbb0167d10_0, 0;
T_79.2 ;
T_79.1 ;
    %jmp T_79;
    .thread T_79;
    .scope S_0x7fbbae4ef340;
T_80 ;
    %wait E_0x7fbbb01622f0;
    %load/vec4 v0x7fbbb0163290_0;
    %flag_set/vec4 8;
    %jmp/0xz  T_80.0, 8;
    %pushi/vec4 0, 0, 16;
    %assign/vec4 v0x7fbbb0167dc0_0, 0;
    %pushi/vec4 0, 0, 16;
    %assign/vec4 v0x7fbbb0167bb0_0, 0;
    %jmp T_80.1;
T_80.0 ;
    %load/vec4 v0x7fbbb0162cc0_0;
    %flag_set/vec4 8;
    %jmp/0xz  T_80.2, 8;
    %load/vec4 v0x7fbbb0167630_0;
    %assign/vec4 v0x7fbbb0167dc0_0, 0;
    %load/vec4 v0x7fbbb0167790_0;
    %assign/vec4 v0x7fbbb0167bb0_0, 0;
T_80.2 ;
T_80.1 ;
    %jmp T_80;
    .thread T_80;
    .scope S_0x7fbbae4ef340;
T_81 ;
    %wait E_0x7fbbb01622f0;
    %load/vec4 v0x7fbbb0163290_0;
    %flag_set/vec4 8;
    %jmp/0xz  T_81.0, 8;
    %pushi/vec4 0, 0, 32;
    %assign/vec4 v0x7fbbb0167c60_0, 0;
    %jmp T_81.1;
T_81.0 ;
    %load/vec4 v0x7fbbb0162cc0_0;
    %flag_set/vec4 8;
    %jmp/0xz  T_81.2, 8;
    %load/vec4 v0x7fbbb0166f50_0;
    %assign/vec4 v0x7fbbb0167c60_0, 0;
T_81.2 ;
T_81.1 ;
    %jmp T_81;
    .thread T_81;
    .scope S_0x7fbbae4ef340;
T_82 ;
    %wait E_0x7fbbb01622a0;
    %load/vec4 v0x7fbbb01638e0_0;
    %flag_set/vec4 8;
    %jmp/0xz  T_82.0, 8;
    %pushi/vec4 0, 0, 16;
    %assign/vec4 v0x7fbbb0167e70_0, 0;
    %jmp T_82.1;
T_82.0 ;
    %load/vec4 v0x7fbbb0162cc0_0;
    %flag_set/vec4 8;
    %jmp/0xz  T_82.2, 8;
    %load/vec4 v0x7fbbb0163660_0;
    %nor/r;
    %flag_set/vec4 8;
    %jmp/0xz  T_82.4, 8;
    %load/vec4 v0x7fbbb0167000_0;
    %assign/vec4 v0x7fbbb0167e70_0, 0;
T_82.4 ;
T_82.2 ;
T_82.1 ;
    %jmp T_82;
    .thread T_82;
    .scope S_0x7fbbae4ef340;
T_83 ;
    %wait E_0x7fbbb01619c0;
    %load/vec4 v0x7fbbb0163840_0;
    %flag_set/vec4 8;
    %jmp/0xz  T_83.0, 8;
    %pushi/vec4 0, 0, 16;
    %assign/vec4 v0x7fbbb0167f20_0, 0;
    %jmp T_83.1;
T_83.0 ;
    %load/vec4 v0x7fbbb0162cc0_0;
    %flag_set/vec4 8;
    %jmp/0xz  T_83.2, 8;
    %load/vec4 v0x7fbbb01635c0_0;
    %nor/r;
    %flag_set/vec4 8;
    %jmp/0xz  T_83.4, 8;
    %load/vec4 v0x7fbbb0167160_0;
    %assign/vec4 v0x7fbbb0167f20_0, 0;
T_83.4 ;
T_83.2 ;
T_83.1 ;
    %jmp T_83;
    .thread T_83;
    .scope S_0x7fbbb016b1d0;
T_84 ;
    %pushi/vec4 0, 0, 32;
    %store/vec4 v0x7fbbb016dc50_0, 0, 32;
T_84.0 ; Top of for-loop 
    %load/vec4 v0x7fbbb016dc50_0;
    %cmpi/s 16, 0, 32;
    %jmp/0xz T_84.1, 5;
    %pushi/vec4 0, 0, 256;
    %load/vec4 v0x7fbbb016dc50_0;
    %muli 16, 0, 32;
    %part/s 16;
    %pushi/vec4 0, 0, 32;
    %load/vec4 v0x7fbbb016dc50_0;
    %add;
    %ix/vec4/s 4;
    %store/vec4a v0x7fbbb016dd00, 4, 0;
    %pushi/vec4 0, 0, 256;
    %load/vec4 v0x7fbbb016dc50_0;
    %muli 16, 0, 32;
    %part/s 16;
    %pushi/vec4 16, 0, 32;
    %load/vec4 v0x7fbbb016dc50_0;
    %add;
    %ix/vec4/s 4;
    %store/vec4a v0x7fbbb016dd00, 4, 0;
    %pushi/vec4 0, 0, 256;
    %load/vec4 v0x7fbbb016dc50_0;
    %muli 16, 0, 32;
    %part/s 16;
    %pushi/vec4 32, 0, 32;
    %load/vec4 v0x7fbbb016dc50_0;
    %add;
    %ix/vec4/s 4;
    %store/vec4a v0x7fbbb016dd00, 4, 0;
    %pushi/vec4 0, 0, 256;
    %load/vec4 v0x7fbbb016dc50_0;
    %muli 16, 0, 32;
    %part/s 16;
    %pushi/vec4 48, 0, 32;
    %load/vec4 v0x7fbbb016dc50_0;
    %add;
    %ix/vec4/s 4;
    %store/vec4a v0x7fbbb016dd00, 4, 0;
    %pushi/vec4 0, 0, 256;
    %load/vec4 v0x7fbbb016dc50_0;
    %muli 16, 0, 32;
    %part/s 16;
    %pushi/vec4 64, 0, 32;
    %load/vec4 v0x7fbbb016dc50_0;
    %add;
    %ix/vec4/s 4;
    %store/vec4a v0x7fbbb016dd00, 4, 0;
    %pushi/vec4 0, 0, 256;
    %load/vec4 v0x7fbbb016dc50_0;
    %muli 16, 0, 32;
    %part/s 16;
    %pushi/vec4 80, 0, 32;
    %load/vec4 v0x7fbbb016dc50_0;
    %add;
    %ix/vec4/s 4;
    %store/vec4a v0x7fbbb016dd00, 4, 0;
    %pushi/vec4 0, 0, 256;
    %load/vec4 v0x7fbbb016dc50_0;
    %muli 16, 0, 32;
    %part/s 16;
    %pushi/vec4 96, 0, 32;
    %load/vec4 v0x7fbbb016dc50_0;
    %add;
    %ix/vec4/s 4;
    %store/vec4a v0x7fbbb016dd00, 4, 0;
    %pushi/vec4 0, 0, 256;
    %load/vec4 v0x7fbbb016dc50_0;
    %muli 16, 0, 32;
    %part/s 16;
    %pushi/vec4 112, 0, 32;
    %load/vec4 v0x7fbbb016dc50_0;
    %add;
    %ix/vec4/s 4;
    %store/vec4a v0x7fbbb016dd00, 4, 0;
    %pushi/vec4 0, 0, 256;
    %load/vec4 v0x7fbbb016dc50_0;
    %muli 16, 0, 32;
    %part/s 16;
    %pushi/vec4 128, 0, 32;
    %load/vec4 v0x7fbbb016dc50_0;
    %add;
    %ix/vec4/s 4;
    %store/vec4a v0x7fbbb016dd00, 4, 0;
    %pushi/vec4 0, 0, 256;
    %load/vec4 v0x7fbbb016dc50_0;
    %muli 16, 0, 32;
    %part/s 16;
    %pushi/vec4 144, 0, 32;
    %load/vec4 v0x7fbbb016dc50_0;
    %add;
    %ix/vec4/s 4;
    %store/vec4a v0x7fbbb016dd00, 4, 0;
    %pushi/vec4 0, 0, 256;
    %load/vec4 v0x7fbbb016dc50_0;
    %muli 16, 0, 32;
    %part/s 16;
    %pushi/vec4 160, 0, 32;
    %load/vec4 v0x7fbbb016dc50_0;
    %add;
    %ix/vec4/s 4;
    %store/vec4a v0x7fbbb016dd00, 4, 0;
    %pushi/vec4 0, 0, 256;
    %load/vec4 v0x7fbbb016dc50_0;
    %muli 16, 0, 32;
    %part/s 16;
    %pushi/vec4 176, 0, 32;
    %load/vec4 v0x7fbbb016dc50_0;
    %add;
    %ix/vec4/s 4;
    %store/vec4a v0x7fbbb016dd00, 4, 0;
    %pushi/vec4 0, 0, 256;
    %load/vec4 v0x7fbbb016dc50_0;
    %muli 16, 0, 32;
    %part/s 16;
    %pushi/vec4 192, 0, 32;
    %load/vec4 v0x7fbbb016dc50_0;
    %add;
    %ix/vec4/s 4;
    %store/vec4a v0x7fbbb016dd00, 4, 0;
    %pushi/vec4 0, 0, 256;
    %load/vec4 v0x7fbbb016dc50_0;
    %muli 16, 0, 32;
    %part/s 16;
    %pushi/vec4 208, 0, 32;
    %load/vec4 v0x7fbbb016dc50_0;
    %add;
    %ix/vec4/s 4;
    %store/vec4a v0x7fbbb016dd00, 4, 0;
    %pushi/vec4 0, 0, 256;
    %load/vec4 v0x7fbbb016dc50_0;
    %muli 16, 0, 32;
    %part/s 16;
    %pushi/vec4 224, 0, 32;
    %load/vec4 v0x7fbbb016dc50_0;
    %add;
    %ix/vec4/s 4;
    %store/vec4a v0x7fbbb016dd00, 4, 0;
    %pushi/vec4 0, 0, 256;
    %load/vec4 v0x7fbbb016dc50_0;
    %muli 16, 0, 32;
    %part/s 16;
    %pushi/vec4 240, 0, 32;
    %load/vec4 v0x7fbbb016dc50_0;
    %add;
    %ix/vec4/s 4;
    %store/vec4a v0x7fbbb016dd00, 4, 0;
T_84.2 ; for-loop step statement
    %load/vec4 v0x7fbbb016dc50_0;
    %addi 1, 0, 32;
    %store/vec4 v0x7fbbb016dc50_0, 0, 32;
    %jmp T_84.0;
T_84.1 ; for-loop exit label
    %end;
    .thread T_84;
    .scope S_0x7fbbb016b1d0;
T_85 ;
    %wait E_0x7fbbb016cab0;
    %load/vec4 v0x7fbbb016db00_0;
    %flag_set/vec4 9;
    %flag_get/vec4 9;
    %jmp/0 T_85.2, 9;
    %load/vec4 v0x7fbbb016d900_0;
    %and;
T_85.2;
    %flag_set/vec4 8;
    %jmp/0xz  T_85.0, 8;
    %load/vec4 v0x7fbbb016dba0_0;
    %parti/s 1, 0, 2;
    %nor/r;
    %flag_set/vec4 8;
    %jmp/0xz  T_85.3, 8;
    %load/vec4 v0x7fbbb016da50_0;
    %parti/s 1, 0, 2;
    %load/vec4 v0x7fbbb016d750_0;
    %parti/s 8, 0, 2;
    %pad/u 10;
    %ix/vec4 3;
    %ix/load 4, 0, 0; Constant delay
    %assign/vec4/a/d v0x7fbbb016dd00, 0, 4;
T_85.3 ;
    %load/vec4 v0x7fbbb016dba0_0;
    %parti/s 1, 1, 2;
    %nor/r;
    %flag_set/vec4 8;
    %jmp/0xz  T_85.5, 8;
    %load/vec4 v0x7fbbb016da50_0;
    %parti/s 1, 1, 2;
    %load/vec4 v0x7fbbb016d750_0;
    %parti/s 8, 0, 2;
    %pad/u 10;
    %ix/vec4 3;
    %ix/load 4, 1, 0; part off
    %ix/load 5, 0, 0; Constant delay
    %assign/vec4/a/d v0x7fbbb016dd00, 4, 5;
T_85.5 ;
    %load/vec4 v0x7fbbb016dba0_0;
    %parti/s 1, 2, 3;
    %nor/r;
    %flag_set/vec4 8;
    %jmp/0xz  T_85.7, 8;
    %load/vec4 v0x7fbbb016da50_0;
    %parti/s 1, 2, 3;
    %load/vec4 v0x7fbbb016d750_0;
    %parti/s 8, 0, 2;
    %pad/u 10;
    %ix/vec4 3;
    %ix/load 4, 2, 0; part off
    %ix/load 5, 0, 0; Constant delay
    %assign/vec4/a/d v0x7fbbb016dd00, 4, 5;
T_85.7 ;
    %load/vec4 v0x7fbbb016dba0_0;
    %parti/s 1, 3, 3;
    %nor/r;
    %flag_set/vec4 8;
    %jmp/0xz  T_85.9, 8;
    %load/vec4 v0x7fbbb016da50_0;
    %parti/s 1, 3, 3;
    %load/vec4 v0x7fbbb016d750_0;
    %parti/s 8, 0, 2;
    %pad/u 10;
    %ix/vec4 3;
    %ix/load 4, 3, 0; part off
    %ix/load 5, 0, 0; Constant delay
    %assign/vec4/a/d v0x7fbbb016dd00, 4, 5;
T_85.9 ;
    %load/vec4 v0x7fbbb016dba0_0;
    %parti/s 1, 4, 4;
    %nor/r;
    %flag_set/vec4 8;
    %jmp/0xz  T_85.11, 8;
    %load/vec4 v0x7fbbb016da50_0;
    %parti/s 1, 4, 4;
    %load/vec4 v0x7fbbb016d750_0;
    %parti/s 8, 0, 2;
    %pad/u 10;
    %ix/vec4 3;
    %ix/load 4, 4, 0; part off
    %ix/load 5, 0, 0; Constant delay
    %assign/vec4/a/d v0x7fbbb016dd00, 4, 5;
T_85.11 ;
    %load/vec4 v0x7fbbb016dba0_0;
    %parti/s 1, 5, 4;
    %nor/r;
    %flag_set/vec4 8;
    %jmp/0xz  T_85.13, 8;
    %load/vec4 v0x7fbbb016da50_0;
    %parti/s 1, 5, 4;
    %load/vec4 v0x7fbbb016d750_0;
    %parti/s 8, 0, 2;
    %pad/u 10;
    %ix/vec4 3;
    %ix/load 4, 5, 0; part off
    %ix/load 5, 0, 0; Constant delay
    %assign/vec4/a/d v0x7fbbb016dd00, 4, 5;
T_85.13 ;
    %load/vec4 v0x7fbbb016dba0_0;
    %parti/s 1, 6, 4;
    %nor/r;
    %flag_set/vec4 8;
    %jmp/0xz  T_85.15, 8;
    %load/vec4 v0x7fbbb016da50_0;
    %parti/s 1, 6, 4;
    %load/vec4 v0x7fbbb016d750_0;
    %parti/s 8, 0, 2;
    %pad/u 10;
    %ix/vec4 3;
    %ix/load 4, 6, 0; part off
    %ix/load 5, 0, 0; Constant delay
    %assign/vec4/a/d v0x7fbbb016dd00, 4, 5;
T_85.15 ;
    %load/vec4 v0x7fbbb016dba0_0;
    %parti/s 1, 7, 4;
    %nor/r;
    %flag_set/vec4 8;
    %jmp/0xz  T_85.17, 8;
    %load/vec4 v0x7fbbb016da50_0;
    %parti/s 1, 7, 4;
    %load/vec4 v0x7fbbb016d750_0;
    %parti/s 8, 0, 2;
    %pad/u 10;
    %ix/vec4 3;
    %ix/load 4, 7, 0; part off
    %ix/load 5, 0, 0; Constant delay
    %assign/vec4/a/d v0x7fbbb016dd00, 4, 5;
T_85.17 ;
    %load/vec4 v0x7fbbb016dba0_0;
    %parti/s 1, 8, 5;
    %nor/r;
    %flag_set/vec4 8;
    %jmp/0xz  T_85.19, 8;
    %load/vec4 v0x7fbbb016da50_0;
    %parti/s 1, 8, 5;
    %load/vec4 v0x7fbbb016d750_0;
    %parti/s 8, 0, 2;
    %pad/u 10;
    %ix/vec4 3;
    %ix/load 4, 8, 0; part off
    %ix/load 5, 0, 0; Constant delay
    %assign/vec4/a/d v0x7fbbb016dd00, 4, 5;
T_85.19 ;
    %load/vec4 v0x7fbbb016dba0_0;
    %parti/s 1, 9, 5;
    %nor/r;
    %flag_set/vec4 8;
    %jmp/0xz  T_85.21, 8;
    %load/vec4 v0x7fbbb016da50_0;
    %parti/s 1, 9, 5;
    %load/vec4 v0x7fbbb016d750_0;
    %parti/s 8, 0, 2;
    %pad/u 10;
    %ix/vec4 3;
    %ix/load 4, 9, 0; part off
    %ix/load 5, 0, 0; Constant delay
    %assign/vec4/a/d v0x7fbbb016dd00, 4, 5;
T_85.21 ;
    %load/vec4 v0x7fbbb016dba0_0;
    %parti/s 1, 10, 5;
    %nor/r;
    %flag_set/vec4 8;
    %jmp/0xz  T_85.23, 8;
    %load/vec4 v0x7fbbb016da50_0;
    %parti/s 1, 10, 5;
    %load/vec4 v0x7fbbb016d750_0;
    %parti/s 8, 0, 2;
    %pad/u 10;
    %ix/vec4 3;
    %ix/load 4, 10, 0; part off
    %ix/load 5, 0, 0; Constant delay
    %assign/vec4/a/d v0x7fbbb016dd00, 4, 5;
T_85.23 ;
    %load/vec4 v0x7fbbb016dba0_0;
    %parti/s 1, 11, 5;
    %nor/r;
    %flag_set/vec4 8;
    %jmp/0xz  T_85.25, 8;
    %load/vec4 v0x7fbbb016da50_0;
    %parti/s 1, 11, 5;
    %load/vec4 v0x7fbbb016d750_0;
    %parti/s 8, 0, 2;
    %pad/u 10;
    %ix/vec4 3;
    %ix/load 4, 11, 0; part off
    %ix/load 5, 0, 0; Constant delay
    %assign/vec4/a/d v0x7fbbb016dd00, 4, 5;
T_85.25 ;
    %load/vec4 v0x7fbbb016dba0_0;
    %parti/s 1, 12, 5;
    %nor/r;
    %flag_set/vec4 8;
    %jmp/0xz  T_85.27, 8;
    %load/vec4 v0x7fbbb016da50_0;
    %parti/s 1, 12, 5;
    %load/vec4 v0x7fbbb016d750_0;
    %parti/s 8, 0, 2;
    %pad/u 10;
    %ix/vec4 3;
    %ix/load 4, 12, 0; part off
    %ix/load 5, 0, 0; Constant delay
    %assign/vec4/a/d v0x7fbbb016dd00, 4, 5;
T_85.27 ;
    %load/vec4 v0x7fbbb016dba0_0;
    %parti/s 1, 13, 5;
    %nor/r;
    %flag_set/vec4 8;
    %jmp/0xz  T_85.29, 8;
    %load/vec4 v0x7fbbb016da50_0;
    %parti/s 1, 13, 5;
    %load/vec4 v0x7fbbb016d750_0;
    %parti/s 8, 0, 2;
    %pad/u 10;
    %ix/vec4 3;
    %ix/load 4, 13, 0; part off
    %ix/load 5, 0, 0; Constant delay
    %assign/vec4/a/d v0x7fbbb016dd00, 4, 5;
T_85.29 ;
    %load/vec4 v0x7fbbb016dba0_0;
    %parti/s 1, 14, 5;
    %nor/r;
    %flag_set/vec4 8;
    %jmp/0xz  T_85.31, 8;
    %load/vec4 v0x7fbbb016da50_0;
    %parti/s 1, 14, 5;
    %load/vec4 v0x7fbbb016d750_0;
    %parti/s 8, 0, 2;
    %pad/u 10;
    %ix/vec4 3;
    %ix/load 4, 14, 0; part off
    %ix/load 5, 0, 0; Constant delay
    %assign/vec4/a/d v0x7fbbb016dd00, 4, 5;
T_85.31 ;
    %load/vec4 v0x7fbbb016dba0_0;
    %parti/s 1, 15, 5;
    %nor/r;
    %flag_set/vec4 8;
    %jmp/0xz  T_85.33, 8;
    %load/vec4 v0x7fbbb016da50_0;
    %parti/s 1, 15, 5;
    %load/vec4 v0x7fbbb016d750_0;
    %parti/s 8, 0, 2;
    %pad/u 10;
    %ix/vec4 3;
    %ix/load 4, 15, 0; part off
    %ix/load 5, 0, 0; Constant delay
    %assign/vec4/a/d v0x7fbbb016dd00, 4, 5;
T_85.33 ;
T_85.0 ;
    %jmp T_85;
    .thread T_85;
    .scope S_0x7fbbb016b1d0;
T_86 ;
    %wait E_0x7fbbb016ca50;
    %load/vec4 v0x7fbbb016d600_0;
    %flag_set/vec4 9;
    %flag_get/vec4 9;
    %jmp/0 T_86.2, 9;
    %load/vec4 v0x7fbbb016d3c0_0;
    %and;
T_86.2;
    %flag_set/vec4 8;
    %jmp/0xz  T_86.0, 8;
    %load/vec4 v0x7fbbb016d260_0;
    %parti/s 8, 0, 2;
    %pad/u 10;
    %ix/vec4 4;
    %load/vec4a v0x7fbbb016dd00, 4;
    %load/vec4 v0x7fbbb016d6a0_0;
    %inv;
    %and;
    %assign/vec4 v0x7fbbb016d550_0, 0;
T_86.0 ;
    %jmp T_86;
    .thread T_86;
    .scope S_0x7fbbb016e750;
T_87 ;
    %pushi/vec4 0, 0, 32;
    %store/vec4 v0x7fbbb0171210_0, 0, 32;
T_87.0 ; Top of for-loop 
    %load/vec4 v0x7fbbb0171210_0;
    %cmpi/s 16, 0, 32;
    %jmp/0xz T_87.1, 5;
    %pushi/vec4 0, 0, 256;
    %load/vec4 v0x7fbbb0171210_0;
    %muli 16, 0, 32;
    %part/s 16;
    %pushi/vec4 0, 0, 32;
    %load/vec4 v0x7fbbb0171210_0;
    %add;
    %ix/vec4/s 4;
    %store/vec4a v0x7fbbb01712c0, 4, 0;
    %pushi/vec4 0, 0, 256;
    %load/vec4 v0x7fbbb0171210_0;
    %muli 16, 0, 32;
    %part/s 16;
    %pushi/vec4 16, 0, 32;
    %load/vec4 v0x7fbbb0171210_0;
    %add;
    %ix/vec4/s 4;
    %store/vec4a v0x7fbbb01712c0, 4, 0;
    %pushi/vec4 0, 0, 256;
    %load/vec4 v0x7fbbb0171210_0;
    %muli 16, 0, 32;
    %part/s 16;
    %pushi/vec4 32, 0, 32;
    %load/vec4 v0x7fbbb0171210_0;
    %add;
    %ix/vec4/s 4;
    %store/vec4a v0x7fbbb01712c0, 4, 0;
    %pushi/vec4 0, 0, 256;
    %load/vec4 v0x7fbbb0171210_0;
    %muli 16, 0, 32;
    %part/s 16;
    %pushi/vec4 48, 0, 32;
    %load/vec4 v0x7fbbb0171210_0;
    %add;
    %ix/vec4/s 4;
    %store/vec4a v0x7fbbb01712c0, 4, 0;
    %pushi/vec4 0, 0, 256;
    %load/vec4 v0x7fbbb0171210_0;
    %muli 16, 0, 32;
    %part/s 16;
    %pushi/vec4 64, 0, 32;
    %load/vec4 v0x7fbbb0171210_0;
    %add;
    %ix/vec4/s 4;
    %store/vec4a v0x7fbbb01712c0, 4, 0;
    %pushi/vec4 0, 0, 256;
    %load/vec4 v0x7fbbb0171210_0;
    %muli 16, 0, 32;
    %part/s 16;
    %pushi/vec4 80, 0, 32;
    %load/vec4 v0x7fbbb0171210_0;
    %add;
    %ix/vec4/s 4;
    %store/vec4a v0x7fbbb01712c0, 4, 0;
    %pushi/vec4 0, 0, 256;
    %load/vec4 v0x7fbbb0171210_0;
    %muli 16, 0, 32;
    %part/s 16;
    %pushi/vec4 96, 0, 32;
    %load/vec4 v0x7fbbb0171210_0;
    %add;
    %ix/vec4/s 4;
    %store/vec4a v0x7fbbb01712c0, 4, 0;
    %pushi/vec4 0, 0, 256;
    %load/vec4 v0x7fbbb0171210_0;
    %muli 16, 0, 32;
    %part/s 16;
    %pushi/vec4 112, 0, 32;
    %load/vec4 v0x7fbbb0171210_0;
    %add;
    %ix/vec4/s 4;
    %store/vec4a v0x7fbbb01712c0, 4, 0;
    %pushi/vec4 0, 0, 256;
    %load/vec4 v0x7fbbb0171210_0;
    %muli 16, 0, 32;
    %part/s 16;
    %pushi/vec4 128, 0, 32;
    %load/vec4 v0x7fbbb0171210_0;
    %add;
    %ix/vec4/s 4;
    %store/vec4a v0x7fbbb01712c0, 4, 0;
    %pushi/vec4 0, 0, 256;
    %load/vec4 v0x7fbbb0171210_0;
    %muli 16, 0, 32;
    %part/s 16;
    %pushi/vec4 144, 0, 32;
    %load/vec4 v0x7fbbb0171210_0;
    %add;
    %ix/vec4/s 4;
    %store/vec4a v0x7fbbb01712c0, 4, 0;
    %pushi/vec4 0, 0, 256;
    %load/vec4 v0x7fbbb0171210_0;
    %muli 16, 0, 32;
    %part/s 16;
    %pushi/vec4 160, 0, 32;
    %load/vec4 v0x7fbbb0171210_0;
    %add;
    %ix/vec4/s 4;
    %store/vec4a v0x7fbbb01712c0, 4, 0;
    %pushi/vec4 0, 0, 256;
    %load/vec4 v0x7fbbb0171210_0;
    %muli 16, 0, 32;
    %part/s 16;
    %pushi/vec4 176, 0, 32;
    %load/vec4 v0x7fbbb0171210_0;
    %add;
    %ix/vec4/s 4;
    %store/vec4a v0x7fbbb01712c0, 4, 0;
    %pushi/vec4 0, 0, 256;
    %load/vec4 v0x7fbbb0171210_0;
    %muli 16, 0, 32;
    %part/s 16;
    %pushi/vec4 192, 0, 32;
    %load/vec4 v0x7fbbb0171210_0;
    %add;
    %ix/vec4/s 4;
    %store/vec4a v0x7fbbb01712c0, 4, 0;
    %pushi/vec4 0, 0, 256;
    %load/vec4 v0x7fbbb0171210_0;
    %muli 16, 0, 32;
    %part/s 16;
    %pushi/vec4 208, 0, 32;
    %load/vec4 v0x7fbbb0171210_0;
    %add;
    %ix/vec4/s 4;
    %store/vec4a v0x7fbbb01712c0, 4, 0;
    %pushi/vec4 0, 0, 256;
    %load/vec4 v0x7fbbb0171210_0;
    %muli 16, 0, 32;
    %part/s 16;
    %pushi/vec4 224, 0, 32;
    %load/vec4 v0x7fbbb0171210_0;
    %add;
    %ix/vec4/s 4;
    %store/vec4a v0x7fbbb01712c0, 4, 0;
    %pushi/vec4 0, 0, 256;
    %load/vec4 v0x7fbbb0171210_0;
    %muli 16, 0, 32;
    %part/s 16;
    %pushi/vec4 240, 0, 32;
    %load/vec4 v0x7fbbb0171210_0;
    %add;
    %ix/vec4/s 4;
    %store/vec4a v0x7fbbb01712c0, 4, 0;
T_87.2 ; for-loop step statement
    %load/vec4 v0x7fbbb0171210_0;
    %addi 1, 0, 32;
    %store/vec4 v0x7fbbb0171210_0, 0, 32;
    %jmp T_87.0;
T_87.1 ; for-loop exit label
    %end;
    .thread T_87;
    .scope S_0x7fbbb016e750;
T_88 ;
    %wait E_0x7fbbb0170070;
    %load/vec4 v0x7fbbb01710c0_0;
    %flag_set/vec4 9;
    %flag_get/vec4 9;
    %jmp/0 T_88.2, 9;
    %load/vec4 v0x7fbbb0170ec0_0;
    %and;
T_88.2;
    %flag_set/vec4 8;
    %jmp/0xz  T_88.0, 8;
    %load/vec4 v0x7fbbb0171160_0;
    %parti/s 1, 0, 2;
    %nor/r;
    %flag_set/vec4 8;
    %jmp/0xz  T_88.3, 8;
    %load/vec4 v0x7fbbb0171010_0;
    %parti/s 1, 0, 2;
    %load/vec4 v0x7fbbb0170d10_0;
    %parti/s 8, 0, 2;
    %pad/u 10;
    %ix/vec4 3;
    %ix/load 4, 0, 0; Constant delay
    %assign/vec4/a/d v0x7fbbb01712c0, 0, 4;
T_88.3 ;
    %load/vec4 v0x7fbbb0171160_0;
    %parti/s 1, 1, 2;
    %nor/r;
    %flag_set/vec4 8;
    %jmp/0xz  T_88.5, 8;
    %load/vec4 v0x7fbbb0171010_0;
    %parti/s 1, 1, 2;
    %load/vec4 v0x7fbbb0170d10_0;
    %parti/s 8, 0, 2;
    %pad/u 10;
    %ix/vec4 3;
    %ix/load 4, 1, 0; part off
    %ix/load 5, 0, 0; Constant delay
    %assign/vec4/a/d v0x7fbbb01712c0, 4, 5;
T_88.5 ;
    %load/vec4 v0x7fbbb0171160_0;
    %parti/s 1, 2, 3;
    %nor/r;
    %flag_set/vec4 8;
    %jmp/0xz  T_88.7, 8;
    %load/vec4 v0x7fbbb0171010_0;
    %parti/s 1, 2, 3;
    %load/vec4 v0x7fbbb0170d10_0;
    %parti/s 8, 0, 2;
    %pad/u 10;
    %ix/vec4 3;
    %ix/load 4, 2, 0; part off
    %ix/load 5, 0, 0; Constant delay
    %assign/vec4/a/d v0x7fbbb01712c0, 4, 5;
T_88.7 ;
    %load/vec4 v0x7fbbb0171160_0;
    %parti/s 1, 3, 3;
    %nor/r;
    %flag_set/vec4 8;
    %jmp/0xz  T_88.9, 8;
    %load/vec4 v0x7fbbb0171010_0;
    %parti/s 1, 3, 3;
    %load/vec4 v0x7fbbb0170d10_0;
    %parti/s 8, 0, 2;
    %pad/u 10;
    %ix/vec4 3;
    %ix/load 4, 3, 0; part off
    %ix/load 5, 0, 0; Constant delay
    %assign/vec4/a/d v0x7fbbb01712c0, 4, 5;
T_88.9 ;
    %load/vec4 v0x7fbbb0171160_0;
    %parti/s 1, 4, 4;
    %nor/r;
    %flag_set/vec4 8;
    %jmp/0xz  T_88.11, 8;
    %load/vec4 v0x7fbbb0171010_0;
    %parti/s 1, 4, 4;
    %load/vec4 v0x7fbbb0170d10_0;
    %parti/s 8, 0, 2;
    %pad/u 10;
    %ix/vec4 3;
    %ix/load 4, 4, 0; part off
    %ix/load 5, 0, 0; Constant delay
    %assign/vec4/a/d v0x7fbbb01712c0, 4, 5;
T_88.11 ;
    %load/vec4 v0x7fbbb0171160_0;
    %parti/s 1, 5, 4;
    %nor/r;
    %flag_set/vec4 8;
    %jmp/0xz  T_88.13, 8;
    %load/vec4 v0x7fbbb0171010_0;
    %parti/s 1, 5, 4;
    %load/vec4 v0x7fbbb0170d10_0;
    %parti/s 8, 0, 2;
    %pad/u 10;
    %ix/vec4 3;
    %ix/load 4, 5, 0; part off
    %ix/load 5, 0, 0; Constant delay
    %assign/vec4/a/d v0x7fbbb01712c0, 4, 5;
T_88.13 ;
    %load/vec4 v0x7fbbb0171160_0;
    %parti/s 1, 6, 4;
    %nor/r;
    %flag_set/vec4 8;
    %jmp/0xz  T_88.15, 8;
    %load/vec4 v0x7fbbb0171010_0;
    %parti/s 1, 6, 4;
    %load/vec4 v0x7fbbb0170d10_0;
    %parti/s 8, 0, 2;
    %pad/u 10;
    %ix/vec4 3;
    %ix/load 4, 6, 0; part off
    %ix/load 5, 0, 0; Constant delay
    %assign/vec4/a/d v0x7fbbb01712c0, 4, 5;
T_88.15 ;
    %load/vec4 v0x7fbbb0171160_0;
    %parti/s 1, 7, 4;
    %nor/r;
    %flag_set/vec4 8;
    %jmp/0xz  T_88.17, 8;
    %load/vec4 v0x7fbbb0171010_0;
    %parti/s 1, 7, 4;
    %load/vec4 v0x7fbbb0170d10_0;
    %parti/s 8, 0, 2;
    %pad/u 10;
    %ix/vec4 3;
    %ix/load 4, 7, 0; part off
    %ix/load 5, 0, 0; Constant delay
    %assign/vec4/a/d v0x7fbbb01712c0, 4, 5;
T_88.17 ;
    %load/vec4 v0x7fbbb0171160_0;
    %parti/s 1, 8, 5;
    %nor/r;
    %flag_set/vec4 8;
    %jmp/0xz  T_88.19, 8;
    %load/vec4 v0x7fbbb0171010_0;
    %parti/s 1, 8, 5;
    %load/vec4 v0x7fbbb0170d10_0;
    %parti/s 8, 0, 2;
    %pad/u 10;
    %ix/vec4 3;
    %ix/load 4, 8, 0; part off
    %ix/load 5, 0, 0; Constant delay
    %assign/vec4/a/d v0x7fbbb01712c0, 4, 5;
T_88.19 ;
    %load/vec4 v0x7fbbb0171160_0;
    %parti/s 1, 9, 5;
    %nor/r;
    %flag_set/vec4 8;
    %jmp/0xz  T_88.21, 8;
    %load/vec4 v0x7fbbb0171010_0;
    %parti/s 1, 9, 5;
    %load/vec4 v0x7fbbb0170d10_0;
    %parti/s 8, 0, 2;
    %pad/u 10;
    %ix/vec4 3;
    %ix/load 4, 9, 0; part off
    %ix/load 5, 0, 0; Constant delay
    %assign/vec4/a/d v0x7fbbb01712c0, 4, 5;
T_88.21 ;
    %load/vec4 v0x7fbbb0171160_0;
    %parti/s 1, 10, 5;
    %nor/r;
    %flag_set/vec4 8;
    %jmp/0xz  T_88.23, 8;
    %load/vec4 v0x7fbbb0171010_0;
    %parti/s 1, 10, 5;
    %load/vec4 v0x7fbbb0170d10_0;
    %parti/s 8, 0, 2;
    %pad/u 10;
    %ix/vec4 3;
    %ix/load 4, 10, 0; part off
    %ix/load 5, 0, 0; Constant delay
    %assign/vec4/a/d v0x7fbbb01712c0, 4, 5;
T_88.23 ;
    %load/vec4 v0x7fbbb0171160_0;
    %parti/s 1, 11, 5;
    %nor/r;
    %flag_set/vec4 8;
    %jmp/0xz  T_88.25, 8;
    %load/vec4 v0x7fbbb0171010_0;
    %parti/s 1, 11, 5;
    %load/vec4 v0x7fbbb0170d10_0;
    %parti/s 8, 0, 2;
    %pad/u 10;
    %ix/vec4 3;
    %ix/load 4, 11, 0; part off
    %ix/load 5, 0, 0; Constant delay
    %assign/vec4/a/d v0x7fbbb01712c0, 4, 5;
T_88.25 ;
    %load/vec4 v0x7fbbb0171160_0;
    %parti/s 1, 12, 5;
    %nor/r;
    %flag_set/vec4 8;
    %jmp/0xz  T_88.27, 8;
    %load/vec4 v0x7fbbb0171010_0;
    %parti/s 1, 12, 5;
    %load/vec4 v0x7fbbb0170d10_0;
    %parti/s 8, 0, 2;
    %pad/u 10;
    %ix/vec4 3;
    %ix/load 4, 12, 0; part off
    %ix/load 5, 0, 0; Constant delay
    %assign/vec4/a/d v0x7fbbb01712c0, 4, 5;
T_88.27 ;
    %load/vec4 v0x7fbbb0171160_0;
    %parti/s 1, 13, 5;
    %nor/r;
    %flag_set/vec4 8;
    %jmp/0xz  T_88.29, 8;
    %load/vec4 v0x7fbbb0171010_0;
    %parti/s 1, 13, 5;
    %load/vec4 v0x7fbbb0170d10_0;
    %parti/s 8, 0, 2;
    %pad/u 10;
    %ix/vec4 3;
    %ix/load 4, 13, 0; part off
    %ix/load 5, 0, 0; Constant delay
    %assign/vec4/a/d v0x7fbbb01712c0, 4, 5;
T_88.29 ;
    %load/vec4 v0x7fbbb0171160_0;
    %parti/s 1, 14, 5;
    %nor/r;
    %flag_set/vec4 8;
    %jmp/0xz  T_88.31, 8;
    %load/vec4 v0x7fbbb0171010_0;
    %parti/s 1, 14, 5;
    %load/vec4 v0x7fbbb0170d10_0;
    %parti/s 8, 0, 2;
    %pad/u 10;
    %ix/vec4 3;
    %ix/load 4, 14, 0; part off
    %ix/load 5, 0, 0; Constant delay
    %assign/vec4/a/d v0x7fbbb01712c0, 4, 5;
T_88.31 ;
    %load/vec4 v0x7fbbb0171160_0;
    %parti/s 1, 15, 5;
    %nor/r;
    %flag_set/vec4 8;
    %jmp/0xz  T_88.33, 8;
    %load/vec4 v0x7fbbb0171010_0;
    %parti/s 1, 15, 5;
    %load/vec4 v0x7fbbb0170d10_0;
    %parti/s 8, 0, 2;
    %pad/u 10;
    %ix/vec4 3;
    %ix/load 4, 15, 0; part off
    %ix/load 5, 0, 0; Constant delay
    %assign/vec4/a/d v0x7fbbb01712c0, 4, 5;
T_88.33 ;
T_88.0 ;
    %jmp T_88;
    .thread T_88;
    .scope S_0x7fbbb016e750;
T_89 ;
    %wait E_0x7fbbb0170010;
    %load/vec4 v0x7fbbb0170bc0_0;
    %flag_set/vec4 9;
    %flag_get/vec4 9;
    %jmp/0 T_89.2, 9;
    %load/vec4 v0x7fbbb0170980_0;
    %and;
T_89.2;
    %flag_set/vec4 8;
    %jmp/0xz  T_89.0, 8;
    %load/vec4 v0x7fbbb0170820_0;
    %parti/s 8, 0, 2;
    %pad/u 10;
    %ix/vec4 4;
    %load/vec4a v0x7fbbb01712c0, 4;
    %load/vec4 v0x7fbbb0170c60_0;
    %inv;
    %and;
    %assign/vec4 v0x7fbbb0170b10_0, 0;
T_89.0 ;
    %jmp T_89;
    .thread T_89;
    .scope S_0x7fbbb0171d10;
T_90 ;
    %pushi/vec4 0, 0, 32;
    %store/vec4 v0x7fbbb01747d0_0, 0, 32;
T_90.0 ; Top of for-loop 
    %load/vec4 v0x7fbbb01747d0_0;
    %cmpi/s 16, 0, 32;
    %jmp/0xz T_90.1, 5;
    %pushi/vec4 0, 0, 256;
    %load/vec4 v0x7fbbb01747d0_0;
    %muli 16, 0, 32;
    %part/s 16;
    %pushi/vec4 0, 0, 32;
    %load/vec4 v0x7fbbb01747d0_0;
    %add;
    %ix/vec4/s 4;
    %store/vec4a v0x7fbbb0174880, 4, 0;
    %pushi/vec4 0, 0, 256;
    %load/vec4 v0x7fbbb01747d0_0;
    %muli 16, 0, 32;
    %part/s 16;
    %pushi/vec4 16, 0, 32;
    %load/vec4 v0x7fbbb01747d0_0;
    %add;
    %ix/vec4/s 4;
    %store/vec4a v0x7fbbb0174880, 4, 0;
    %pushi/vec4 0, 0, 256;
    %load/vec4 v0x7fbbb01747d0_0;
    %muli 16, 0, 32;
    %part/s 16;
    %pushi/vec4 32, 0, 32;
    %load/vec4 v0x7fbbb01747d0_0;
    %add;
    %ix/vec4/s 4;
    %store/vec4a v0x7fbbb0174880, 4, 0;
    %pushi/vec4 0, 0, 256;
    %load/vec4 v0x7fbbb01747d0_0;
    %muli 16, 0, 32;
    %part/s 16;
    %pushi/vec4 48, 0, 32;
    %load/vec4 v0x7fbbb01747d0_0;
    %add;
    %ix/vec4/s 4;
    %store/vec4a v0x7fbbb0174880, 4, 0;
    %pushi/vec4 0, 0, 256;
    %load/vec4 v0x7fbbb01747d0_0;
    %muli 16, 0, 32;
    %part/s 16;
    %pushi/vec4 64, 0, 32;
    %load/vec4 v0x7fbbb01747d0_0;
    %add;
    %ix/vec4/s 4;
    %store/vec4a v0x7fbbb0174880, 4, 0;
    %pushi/vec4 0, 0, 256;
    %load/vec4 v0x7fbbb01747d0_0;
    %muli 16, 0, 32;
    %part/s 16;
    %pushi/vec4 80, 0, 32;
    %load/vec4 v0x7fbbb01747d0_0;
    %add;
    %ix/vec4/s 4;
    %store/vec4a v0x7fbbb0174880, 4, 0;
    %pushi/vec4 0, 0, 256;
    %load/vec4 v0x7fbbb01747d0_0;
    %muli 16, 0, 32;
    %part/s 16;
    %pushi/vec4 96, 0, 32;
    %load/vec4 v0x7fbbb01747d0_0;
    %add;
    %ix/vec4/s 4;
    %store/vec4a v0x7fbbb0174880, 4, 0;
    %pushi/vec4 0, 0, 256;
    %load/vec4 v0x7fbbb01747d0_0;
    %muli 16, 0, 32;
    %part/s 16;
    %pushi/vec4 112, 0, 32;
    %load/vec4 v0x7fbbb01747d0_0;
    %add;
    %ix/vec4/s 4;
    %store/vec4a v0x7fbbb0174880, 4, 0;
    %pushi/vec4 0, 0, 256;
    %load/vec4 v0x7fbbb01747d0_0;
    %muli 16, 0, 32;
    %part/s 16;
    %pushi/vec4 128, 0, 32;
    %load/vec4 v0x7fbbb01747d0_0;
    %add;
    %ix/vec4/s 4;
    %store/vec4a v0x7fbbb0174880, 4, 0;
    %pushi/vec4 0, 0, 256;
    %load/vec4 v0x7fbbb01747d0_0;
    %muli 16, 0, 32;
    %part/s 16;
    %pushi/vec4 144, 0, 32;
    %load/vec4 v0x7fbbb01747d0_0;
    %add;
    %ix/vec4/s 4;
    %store/vec4a v0x7fbbb0174880, 4, 0;
    %pushi/vec4 0, 0, 256;
    %load/vec4 v0x7fbbb01747d0_0;
    %muli 16, 0, 32;
    %part/s 16;
    %pushi/vec4 160, 0, 32;
    %load/vec4 v0x7fbbb01747d0_0;
    %add;
    %ix/vec4/s 4;
    %store/vec4a v0x7fbbb0174880, 4, 0;
    %pushi/vec4 0, 0, 256;
    %load/vec4 v0x7fbbb01747d0_0;
    %muli 16, 0, 32;
    %part/s 16;
    %pushi/vec4 176, 0, 32;
    %load/vec4 v0x7fbbb01747d0_0;
    %add;
    %ix/vec4/s 4;
    %store/vec4a v0x7fbbb0174880, 4, 0;
    %pushi/vec4 0, 0, 256;
    %load/vec4 v0x7fbbb01747d0_0;
    %muli 16, 0, 32;
    %part/s 16;
    %pushi/vec4 192, 0, 32;
    %load/vec4 v0x7fbbb01747d0_0;
    %add;
    %ix/vec4/s 4;
    %store/vec4a v0x7fbbb0174880, 4, 0;
    %pushi/vec4 0, 0, 256;
    %load/vec4 v0x7fbbb01747d0_0;
    %muli 16, 0, 32;
    %part/s 16;
    %pushi/vec4 208, 0, 32;
    %load/vec4 v0x7fbbb01747d0_0;
    %add;
    %ix/vec4/s 4;
    %store/vec4a v0x7fbbb0174880, 4, 0;
    %pushi/vec4 0, 0, 256;
    %load/vec4 v0x7fbbb01747d0_0;
    %muli 16, 0, 32;
    %part/s 16;
    %pushi/vec4 224, 0, 32;
    %load/vec4 v0x7fbbb01747d0_0;
    %add;
    %ix/vec4/s 4;
    %store/vec4a v0x7fbbb0174880, 4, 0;
    %pushi/vec4 0, 0, 256;
    %load/vec4 v0x7fbbb01747d0_0;
    %muli 16, 0, 32;
    %part/s 16;
    %pushi/vec4 240, 0, 32;
    %load/vec4 v0x7fbbb01747d0_0;
    %add;
    %ix/vec4/s 4;
    %store/vec4a v0x7fbbb0174880, 4, 0;
T_90.2 ; for-loop step statement
    %load/vec4 v0x7fbbb01747d0_0;
    %addi 1, 0, 32;
    %store/vec4 v0x7fbbb01747d0_0, 0, 32;
    %jmp T_90.0;
T_90.1 ; for-loop exit label
    %end;
    .thread T_90;
    .scope S_0x7fbbb0171d10;
T_91 ;
    %wait E_0x7fbbb0173630;
    %load/vec4 v0x7fbbb0174680_0;
    %flag_set/vec4 9;
    %flag_get/vec4 9;
    %jmp/0 T_91.2, 9;
    %load/vec4 v0x7fbbb0174480_0;
    %and;
T_91.2;
    %flag_set/vec4 8;
    %jmp/0xz  T_91.0, 8;
    %load/vec4 v0x7fbbb0174720_0;
    %parti/s 1, 0, 2;
    %nor/r;
    %flag_set/vec4 8;
    %jmp/0xz  T_91.3, 8;
    %load/vec4 v0x7fbbb01745d0_0;
    %parti/s 1, 0, 2;
    %load/vec4 v0x7fbbb01742d0_0;
    %parti/s 8, 0, 2;
    %pad/u 10;
    %ix/vec4 3;
    %ix/load 4, 0, 0; Constant delay
    %assign/vec4/a/d v0x7fbbb0174880, 0, 4;
T_91.3 ;
    %load/vec4 v0x7fbbb0174720_0;
    %parti/s 1, 1, 2;
    %nor/r;
    %flag_set/vec4 8;
    %jmp/0xz  T_91.5, 8;
    %load/vec4 v0x7fbbb01745d0_0;
    %parti/s 1, 1, 2;
    %load/vec4 v0x7fbbb01742d0_0;
    %parti/s 8, 0, 2;
    %pad/u 10;
    %ix/vec4 3;
    %ix/load 4, 1, 0; part off
    %ix/load 5, 0, 0; Constant delay
    %assign/vec4/a/d v0x7fbbb0174880, 4, 5;
T_91.5 ;
    %load/vec4 v0x7fbbb0174720_0;
    %parti/s 1, 2, 3;
    %nor/r;
    %flag_set/vec4 8;
    %jmp/0xz  T_91.7, 8;
    %load/vec4 v0x7fbbb01745d0_0;
    %parti/s 1, 2, 3;
    %load/vec4 v0x7fbbb01742d0_0;
    %parti/s 8, 0, 2;
    %pad/u 10;
    %ix/vec4 3;
    %ix/load 4, 2, 0; part off
    %ix/load 5, 0, 0; Constant delay
    %assign/vec4/a/d v0x7fbbb0174880, 4, 5;
T_91.7 ;
    %load/vec4 v0x7fbbb0174720_0;
    %parti/s 1, 3, 3;
    %nor/r;
    %flag_set/vec4 8;
    %jmp/0xz  T_91.9, 8;
    %load/vec4 v0x7fbbb01745d0_0;
    %parti/s 1, 3, 3;
    %load/vec4 v0x7fbbb01742d0_0;
    %parti/s 8, 0, 2;
    %pad/u 10;
    %ix/vec4 3;
    %ix/load 4, 3, 0; part off
    %ix/load 5, 0, 0; Constant delay
    %assign/vec4/a/d v0x7fbbb0174880, 4, 5;
T_91.9 ;
    %load/vec4 v0x7fbbb0174720_0;
    %parti/s 1, 4, 4;
    %nor/r;
    %flag_set/vec4 8;
    %jmp/0xz  T_91.11, 8;
    %load/vec4 v0x7fbbb01745d0_0;
    %parti/s 1, 4, 4;
    %load/vec4 v0x7fbbb01742d0_0;
    %parti/s 8, 0, 2;
    %pad/u 10;
    %ix/vec4 3;
    %ix/load 4, 4, 0; part off
    %ix/load 5, 0, 0; Constant delay
    %assign/vec4/a/d v0x7fbbb0174880, 4, 5;
T_91.11 ;
    %load/vec4 v0x7fbbb0174720_0;
    %parti/s 1, 5, 4;
    %nor/r;
    %flag_set/vec4 8;
    %jmp/0xz  T_91.13, 8;
    %load/vec4 v0x7fbbb01745d0_0;
    %parti/s 1, 5, 4;
    %load/vec4 v0x7fbbb01742d0_0;
    %parti/s 8, 0, 2;
    %pad/u 10;
    %ix/vec4 3;
    %ix/load 4, 5, 0; part off
    %ix/load 5, 0, 0; Constant delay
    %assign/vec4/a/d v0x7fbbb0174880, 4, 5;
T_91.13 ;
    %load/vec4 v0x7fbbb0174720_0;
    %parti/s 1, 6, 4;
    %nor/r;
    %flag_set/vec4 8;
    %jmp/0xz  T_91.15, 8;
    %load/vec4 v0x7fbbb01745d0_0;
    %parti/s 1, 6, 4;
    %load/vec4 v0x7fbbb01742d0_0;
    %parti/s 8, 0, 2;
    %pad/u 10;
    %ix/vec4 3;
    %ix/load 4, 6, 0; part off
    %ix/load 5, 0, 0; Constant delay
    %assign/vec4/a/d v0x7fbbb0174880, 4, 5;
T_91.15 ;
    %load/vec4 v0x7fbbb0174720_0;
    %parti/s 1, 7, 4;
    %nor/r;
    %flag_set/vec4 8;
    %jmp/0xz  T_91.17, 8;
    %load/vec4 v0x7fbbb01745d0_0;
    %parti/s 1, 7, 4;
    %load/vec4 v0x7fbbb01742d0_0;
    %parti/s 8, 0, 2;
    %pad/u 10;
    %ix/vec4 3;
    %ix/load 4, 7, 0; part off
    %ix/load 5, 0, 0; Constant delay
    %assign/vec4/a/d v0x7fbbb0174880, 4, 5;
T_91.17 ;
    %load/vec4 v0x7fbbb0174720_0;
    %parti/s 1, 8, 5;
    %nor/r;
    %flag_set/vec4 8;
    %jmp/0xz  T_91.19, 8;
    %load/vec4 v0x7fbbb01745d0_0;
    %parti/s 1, 8, 5;
    %load/vec4 v0x7fbbb01742d0_0;
    %parti/s 8, 0, 2;
    %pad/u 10;
    %ix/vec4 3;
    %ix/load 4, 8, 0; part off
    %ix/load 5, 0, 0; Constant delay
    %assign/vec4/a/d v0x7fbbb0174880, 4, 5;
T_91.19 ;
    %load/vec4 v0x7fbbb0174720_0;
    %parti/s 1, 9, 5;
    %nor/r;
    %flag_set/vec4 8;
    %jmp/0xz  T_91.21, 8;
    %load/vec4 v0x7fbbb01745d0_0;
    %parti/s 1, 9, 5;
    %load/vec4 v0x7fbbb01742d0_0;
    %parti/s 8, 0, 2;
    %pad/u 10;
    %ix/vec4 3;
    %ix/load 4, 9, 0; part off
    %ix/load 5, 0, 0; Constant delay
    %assign/vec4/a/d v0x7fbbb0174880, 4, 5;
T_91.21 ;
    %load/vec4 v0x7fbbb0174720_0;
    %parti/s 1, 10, 5;
    %nor/r;
    %flag_set/vec4 8;
    %jmp/0xz  T_91.23, 8;
    %load/vec4 v0x7fbbb01745d0_0;
    %parti/s 1, 10, 5;
    %load/vec4 v0x7fbbb01742d0_0;
    %parti/s 8, 0, 2;
    %pad/u 10;
    %ix/vec4 3;
    %ix/load 4, 10, 0; part off
    %ix/load 5, 0, 0; Constant delay
    %assign/vec4/a/d v0x7fbbb0174880, 4, 5;
T_91.23 ;
    %load/vec4 v0x7fbbb0174720_0;
    %parti/s 1, 11, 5;
    %nor/r;
    %flag_set/vec4 8;
    %jmp/0xz  T_91.25, 8;
    %load/vec4 v0x7fbbb01745d0_0;
    %parti/s 1, 11, 5;
    %load/vec4 v0x7fbbb01742d0_0;
    %parti/s 8, 0, 2;
    %pad/u 10;
    %ix/vec4 3;
    %ix/load 4, 11, 0; part off
    %ix/load 5, 0, 0; Constant delay
    %assign/vec4/a/d v0x7fbbb0174880, 4, 5;
T_91.25 ;
    %load/vec4 v0x7fbbb0174720_0;
    %parti/s 1, 12, 5;
    %nor/r;
    %flag_set/vec4 8;
    %jmp/0xz  T_91.27, 8;
    %load/vec4 v0x7fbbb01745d0_0;
    %parti/s 1, 12, 5;
    %load/vec4 v0x7fbbb01742d0_0;
    %parti/s 8, 0, 2;
    %pad/u 10;
    %ix/vec4 3;
    %ix/load 4, 12, 0; part off
    %ix/load 5, 0, 0; Constant delay
    %assign/vec4/a/d v0x7fbbb0174880, 4, 5;
T_91.27 ;
    %load/vec4 v0x7fbbb0174720_0;
    %parti/s 1, 13, 5;
    %nor/r;
    %flag_set/vec4 8;
    %jmp/0xz  T_91.29, 8;
    %load/vec4 v0x7fbbb01745d0_0;
    %parti/s 1, 13, 5;
    %load/vec4 v0x7fbbb01742d0_0;
    %parti/s 8, 0, 2;
    %pad/u 10;
    %ix/vec4 3;
    %ix/load 4, 13, 0; part off
    %ix/load 5, 0, 0; Constant delay
    %assign/vec4/a/d v0x7fbbb0174880, 4, 5;
T_91.29 ;
    %load/vec4 v0x7fbbb0174720_0;
    %parti/s 1, 14, 5;
    %nor/r;
    %flag_set/vec4 8;
    %jmp/0xz  T_91.31, 8;
    %load/vec4 v0x7fbbb01745d0_0;
    %parti/s 1, 14, 5;
    %load/vec4 v0x7fbbb01742d0_0;
    %parti/s 8, 0, 2;
    %pad/u 10;
    %ix/vec4 3;
    %ix/load 4, 14, 0; part off
    %ix/load 5, 0, 0; Constant delay
    %assign/vec4/a/d v0x7fbbb0174880, 4, 5;
T_91.31 ;
    %load/vec4 v0x7fbbb0174720_0;
    %parti/s 1, 15, 5;
    %nor/r;
    %flag_set/vec4 8;
    %jmp/0xz  T_91.33, 8;
    %load/vec4 v0x7fbbb01745d0_0;
    %parti/s 1, 15, 5;
    %load/vec4 v0x7fbbb01742d0_0;
    %parti/s 8, 0, 2;
    %pad/u 10;
    %ix/vec4 3;
    %ix/load 4, 15, 0; part off
    %ix/load 5, 0, 0; Constant delay
    %assign/vec4/a/d v0x7fbbb0174880, 4, 5;
T_91.33 ;
T_91.0 ;
    %jmp T_91;
    .thread T_91;
    .scope S_0x7fbbb0171d10;
T_92 ;
    %wait E_0x7fbbb01735d0;
    %load/vec4 v0x7fbbb0174180_0;
    %flag_set/vec4 9;
    %flag_get/vec4 9;
    %jmp/0 T_92.2, 9;
    %load/vec4 v0x7fbbb0173f40_0;
    %and;
T_92.2;
    %flag_set/vec4 8;
    %jmp/0xz  T_92.0, 8;
    %load/vec4 v0x7fbbb0173de0_0;
    %parti/s 8, 0, 2;
    %pad/u 10;
    %ix/vec4 4;
    %load/vec4a v0x7fbbb0174880, 4;
    %load/vec4 v0x7fbbb0174220_0;
    %inv;
    %and;
    %assign/vec4 v0x7fbbb01740d0_0, 0;
T_92.0 ;
    %jmp T_92;
    .thread T_92;
    .scope S_0x7fbbae428070;
T_93 ;
    %wait E_0x7fbbae427f50;
    %pushi/vec4 0, 0, 32;
    %store/vec4 v0x7fbbb0178980_0, 0, 32;
T_93.0 ; Top of for-loop 
    %load/vec4 v0x7fbbb0178980_0;
    %cmpi/s 16383, 0, 32;
    %flag_or 5, 4;
    %jmp/0xz T_93.1, 5;
    %pushi/vec4 65535, 65535, 16;
    %ix/getv/s 4, v0x7fbbb0178980_0;
    %store/vec4a v0x7fbbb0178a30, 4, 0;
T_93.2 ; for-loop step statement
    %load/vec4 v0x7fbbb0178980_0;
    %addi 1, 0, 32;
    %store/vec4 v0x7fbbb0178980_0, 0, 32;
    %jmp T_93.0;
T_93.1 ; for-loop exit label
    %jmp T_93;
    .thread T_93;
    .scope S_0x7fbbae428070;
T_94 ;
    %wait E_0x7fbbae427ef0;
    %load/vec4 v0x7fbbb0178ad0_0;
    %flag_set/vec4 8;
    %jmp/0xz  T_94.0, 8;
    %pushi/vec4 0, 0, 16;
    %assign/vec4 v0x7fbbb01784a0_0, 0;
    %jmp T_94.1;
T_94.0 ;
    %load/vec4 v0x7fbbb0178740_0;
    %flag_set/vec4 8;
    %jmp/0xz  T_94.2, 8;
    %pushi/vec4 65535, 65535, 16;
    %assign/vec4 v0x7fbbb01784a0_0, 0;
    %jmp T_94.3;
T_94.2 ;
    %load/vec4 v0x7fbbb01782f0_0;
    %flag_set/vec4 8;
    %jmp/0xz  T_94.4, 8;
    %load/vec4 v0x7fbbb0178850_0;
    %nor/r;
    %flag_set/vec4 8;
    %jmp/0xz  T_94.6, 8;
    %load/vec4 v0x7fbbae427fa0_0;
    %pad/u 16;
    %ix/vec4 4;
    %load/vec4a v0x7fbbb0178a30, 4;
    %assign/vec4 v0x7fbbb01784a0_0, 0;
    %jmp T_94.7;
T_94.6 ;
    %load/vec4 v0x7fbbb0178550_0;
    %parti/s 1, 0, 2;
    %flag_set/vec4 8;
    %jmp/0xz  T_94.8, 8;
    %load/vec4 v0x7fbbb0178410_0;
    %parti/s 4, 0, 2;
    %load/vec4 v0x7fbbae427fa0_0;
    %pad/u 16;
    %ix/vec4 3;
    %ix/load 4, 0, 0; Constant delay
    %assign/vec4/a/d v0x7fbbb0178a30, 0, 4;
T_94.8 ;
    %load/vec4 v0x7fbbb0178550_0;
    %parti/s 1, 1, 2;
    %flag_set/vec4 8;
    %jmp/0xz  T_94.10, 8;
    %load/vec4 v0x7fbbb0178410_0;
    %parti/s 4, 4, 4;
    %load/vec4 v0x7fbbae427fa0_0;
    %pad/u 16;
    %ix/vec4 3;
    %ix/load 4, 4, 0; part off
    %ix/load 5, 0, 0; Constant delay
    %assign/vec4/a/d v0x7fbbb0178a30, 4, 5;
T_94.10 ;
    %load/vec4 v0x7fbbb0178550_0;
    %parti/s 1, 2, 3;
    %flag_set/vec4 8;
    %jmp/0xz  T_94.12, 8;
    %load/vec4 v0x7fbbb0178410_0;
    %parti/s 4, 8, 5;
    %load/vec4 v0x7fbbae427fa0_0;
    %pad/u 16;
    %ix/vec4 3;
    %ix/load 4, 8, 0; part off
    %ix/load 5, 0, 0; Constant delay
    %assign/vec4/a/d v0x7fbbb0178a30, 4, 5;
T_94.12 ;
    %load/vec4 v0x7fbbb0178550_0;
    %parti/s 1, 3, 3;
    %flag_set/vec4 8;
    %jmp/0xz  T_94.14, 8;
    %load/vec4 v0x7fbbb0178410_0;
    %parti/s 4, 12, 5;
    %load/vec4 v0x7fbbae427fa0_0;
    %pad/u 16;
    %ix/vec4 3;
    %ix/load 4, 12, 0; part off
    %ix/load 5, 0, 0; Constant delay
    %assign/vec4/a/d v0x7fbbb0178a30, 4, 5;
T_94.14 ;
    %pushi/vec4 65535, 65535, 16;
    %assign/vec4 v0x7fbbb01784a0_0, 0;
T_94.7 ;
T_94.4 ;
T_94.3 ;
T_94.1 ;
    %jmp T_94;
    .thread T_94;
    .scope S_0x7fbbb0178e20;
T_95 ;
    %wait E_0x7fbbb0179230;
    %load/vec4 v0x7fbbb0179460_0;
    %cmpi/e 1, 0, 1;
    %jmp/0xz  T_95.0, 4;
    %pushi/vec4 0, 0, 33;
    %assign/vec4 v0x7fbbb0179330_0, 0;
    %pushi/vec4 0, 0, 1;
    %assign/vec4 v0x7fbbb01793d0_0, 0;
    %jmp T_95.1;
T_95.0 ;
    %load/vec4 v0x7fbbb0179330_0;
    %cmpi/e 1500000, 0, 33;
    %jmp/0xz  T_95.2, 4;
    %pushi/vec4 0, 0, 33;
    %assign/vec4 v0x7fbbb0179330_0, 0;
    %load/vec4 v0x7fbbb01793d0_0;
    %inv;
    %assign/vec4 v0x7fbbb01793d0_0, 0;
    %jmp T_95.3;
T_95.2 ;
    %load/vec4 v0x7fbbb0179330_0;
    %addi 1, 0, 33;
    %assign/vec4 v0x7fbbb0179330_0, 0;
T_95.3 ;
T_95.1 ;
    %jmp T_95;
    .thread T_95;
    .scope S_0x7fbbb0179500;
T_96 ;
    %wait E_0x7fbbb0179230;
    %load/vec4 v0x7fbbb0179af0_0;
    %cmpi/e 1, 0, 1;
    %jmp/0xz  T_96.0, 4;
    %pushi/vec4 0, 0, 25;
    %assign/vec4 v0x7fbbb01799d0_0, 0;
    %pushi/vec4 0, 0, 1;
    %assign/vec4 v0x7fbbb0179a60_0, 0;
    %jmp T_96.1;
T_96.0 ;
    %load/vec4 v0x7fbbb01799d0_0;
    %cmpi/e 5999999, 0, 25;
    %jmp/0xz  T_96.2, 4;
    %pushi/vec4 0, 0, 25;
    %assign/vec4 v0x7fbbb01799d0_0, 0;
    %load/vec4 v0x7fbbb0179a60_0;
    %inv;
    %assign/vec4 v0x7fbbb0179a60_0, 0;
    %jmp T_96.3;
T_96.2 ;
    %load/vec4 v0x7fbbb01799d0_0;
    %addi 1, 0, 25;
    %assign/vec4 v0x7fbbb01799d0_0, 0;
T_96.3 ;
T_96.1 ;
    %jmp T_96;
    .thread T_96;
    .scope S_0x7fbbb0179e60;
T_97 ;
    %wait E_0x7fbbb017a270;
    %load/vec4 v0x7fbbb017a4a0_0;
    %cmpi/e 1, 0, 1;
    %jmp/0xz  T_97.0, 4;
    %pushi/vec4 0, 0, 33;
    %assign/vec4 v0x7fbbb017a370_0, 0;
    %pushi/vec4 0, 0, 1;
    %assign/vec4 v0x7fbbb017a410_0, 0;
    %jmp T_97.1;
T_97.0 ;
    %load/vec4 v0x7fbbb017a370_0;
    %cmpi/e 1499999, 0, 33;
    %jmp/0xz  T_97.2, 4;
    %pushi/vec4 0, 0, 33;
    %assign/vec4 v0x7fbbb017a370_0, 0;
    %load/vec4 v0x7fbbb017a410_0;
    %nor/r;
    %assign/vec4 v0x7fbbb017a410_0, 0;
    %jmp T_97.3;
T_97.2 ;
    %load/vec4 v0x7fbbb017a370_0;
    %addi 1, 0, 33;
    %assign/vec4 v0x7fbbb017a370_0, 0;
T_97.3 ;
T_97.1 ;
    %jmp T_97;
    .thread T_97;
    .scope S_0x7fbbb017a540;
T_98 ;
    %wait E_0x7fbbb017a270;
    %load/vec4 v0x7fbbb017ab30_0;
    %cmpi/e 1, 0, 1;
    %jmp/0xz  T_98.0, 4;
    %pushi/vec4 0, 0, 25;
    %assign/vec4 v0x7fbbb017aa10_0, 0;
    %pushi/vec4 0, 0, 1;
    %assign/vec4 v0x7fbbb017aaa0_0, 0;
    %jmp T_98.1;
T_98.0 ;
    %load/vec4 v0x7fbbb017aa10_0;
    %cmpi/e 5999999, 0, 25;
    %jmp/0xz  T_98.2, 4;
    %pushi/vec4 0, 0, 25;
    %assign/vec4 v0x7fbbb017aa10_0, 0;
    %load/vec4 v0x7fbbb017aaa0_0;
    %nor/r;
    %assign/vec4 v0x7fbbb017aaa0_0, 0;
    %jmp T_98.3;
T_98.2 ;
    %load/vec4 v0x7fbbb017aa10_0;
    %addi 1, 0, 25;
    %assign/vec4 v0x7fbbb017aa10_0, 0;
T_98.3 ;
T_98.1 ;
    %jmp T_98;
    .thread T_98;
# The file index is used to find the file name in the following table.
:file_names 7;
    "N/A";
    "<interactive>";
    "/Users/chimdileeze/.apio/packages/tools-oss-cad-suite/share/yosys/ice40/cells_sim.v";
    "blinker.v";
    "clock_divider.v";
    "blinker_new.v";
    "clock_divider_new.v";
