#! /Users/chimdileeze/.apio/packages/tools-oss-cad-suite/bin/vvp
:ivl_version "13.0 (devel)" "(s20221226-321-gd22bb3d25)";
:ivl_delay_selection "TYPICAL";
:vpi_time_precision - 12;
:vpi_module "/Users/chimdileeze/.apio/packages/tools-oss-cad-suite/lib/ivl/system.vpi";
:vpi_module "/Users/chimdileeze/.apio/packages/tools-oss-cad-suite/lib/ivl/vhdl_sys.vpi";
:vpi_module "/Users/chimdileeze/.apio/packages/tools-oss-cad-suite/lib/ivl/vhdl_textio.vpi";
:vpi_module "/Users/chimdileeze/.apio/packages/tools-oss-cad-suite/lib/ivl/v2005_math.vpi";
:vpi_module "/Users/chimdileeze/.apio/packages/tools-oss-cad-suite/lib/ivl/va_math.vpi";
S_0x7fb3bae73d50 .scope module, "ICESTORM_LC" "ICESTORM_LC" 2 2136;
 .timescale -12 -12;
    .port_info 0 /INPUT 1 "I0";
    .port_info 1 /INPUT 1 "I1";
    .port_info 2 /INPUT 1 "I2";
    .port_info 3 /INPUT 1 "I3";
    .port_info 4 /INPUT 1 "CIN";
    .port_info 5 /INPUT 1 "CLK";
    .port_info 6 /INPUT 1 "CEN";
    .port_info 7 /INPUT 1 "SR";
    .port_info 8 /OUTPUT 1 "LO";
    .port_info 9 /OUTPUT 1 "O";
    .port_info 10 /OUTPUT 1 "COUT";
P_0x7fb3bae32380 .param/l "ASYNC_SR" 0 2 2148, C4<0>;
P_0x7fb3bae323c0 .param/l "CARRY_ENABLE" 0 2 2145, C4<0>;
P_0x7fb3bae32400 .param/l "CIN_CONST" 0 2 2150, C4<0>;
P_0x7fb3bae32440 .param/l "CIN_SET" 0 2 2151, C4<0>;
P_0x7fb3bae32480 .param/l "DFF_ENABLE" 0 2 2146, C4<0>;
P_0x7fb3bae324c0 .param/l "LUT_INIT" 0 2 2142, C4<0000000000000000>;
P_0x7fb3bae32500 .param/l "NEG_CLK" 0 2 2144, C4<0>;
P_0x7fb3bae32540 .param/l "SET_NORESET" 0 2 2147, C4<0>;
o0x7fb3bc042068 .functor BUFZ 1, C4<z>; HiZ drive
L_0x7fb3bac37000 .functor BUFZ 1, o0x7fb3bc042068, C4<0>, C4<0>, C4<0>;
L_0x7fb3bac37ba0 .functor BUFZ 1, L_0x7fb3bac37850, C4<0>, C4<0>, C4<0>;
o0x7fb3bc042098 .functor BUFZ 1, C4<z>; HiZ drive
L_0x7fb3bc073290 .functor BUFT 1, C4<0>, C4<0>, C4<0>, C4<0>;
L_0x7fb3bac37c50 .functor XOR 1, o0x7fb3bc042098, L_0x7fb3bc073290, C4<0>, C4<0>;
L_0x7fb3bac37d00 .functor BUFZ 1, L_0x7fb3bac37850, C4<0>, C4<0>, C4<0>;
o0x7fb3bc042008 .functor BUFZ 1, C4<z>; HiZ drive
v0x7fb3bafa6c80_0 .net "CEN", 0 0, o0x7fb3bc042008;  0 drivers
v0x7fb3bac33ed0_0 .net "CEN_pu", 0 0, L_0x7fb3bac36ec0;  1 drivers
v0x7fb3bac33f80_0 .net "CIN", 0 0, o0x7fb3bc042068;  0 drivers
v0x7fb3bac34030_0 .net "CLK", 0 0, o0x7fb3bc042098;  0 drivers
L_0x7fb3bc0731b8 .functor BUFT 1, C4<x>, C4<0>, C4<0>, C4<0>;
v0x7fb3bac340c0_0 .net "COUT", 0 0, L_0x7fb3bc0731b8;  1 drivers
o0x7fb3bc0420f8 .functor BUFZ 1, C4<z>; HiZ drive
v0x7fb3bae6ae50_0 .net "I0", 0 0, o0x7fb3bc0420f8;  0 drivers
v0x7fb3bae68110_0 .net "I0_pd", 0 0, L_0x7fb3bac362c0;  1 drivers
o0x7fb3bc042158 .functor BUFZ 1, C4<z>; HiZ drive
v0x7fb3bae5d700_0 .net "I1", 0 0, o0x7fb3bc042158;  0 drivers
v0x7fb3bae64400_0 .net "I1_pd", 0 0, L_0x7fb3bac364d0;  1 drivers
o0x7fb3bc0421b8 .functor BUFZ 1, C4<z>; HiZ drive
v0x7fb3bae64790_0 .net "I2", 0 0, o0x7fb3bc0421b8;  0 drivers
v0x7fb3bae65230_0 .net "I2_pd", 0 0, L_0x7fb3bac36740;  1 drivers
o0x7fb3bc042218 .functor BUFZ 1, C4<z>; HiZ drive
v0x7fb3bae45990_0 .net "I3", 0 0, o0x7fb3bc042218;  0 drivers
v0x7fb3bae46ef0_0 .net "I3_pd", 0 0, L_0x7fb3bac369c0;  1 drivers
v0x7fb3bae46f80_0 .net "LO", 0 0, L_0x7fb3bac37ba0;  1 drivers
v0x7fb3bae465b0_0 .net "O", 0 0, L_0x7fb3bac37d00;  1 drivers
o0x7fb3bc0422d8 .functor BUFZ 1, C4<z>; HiZ drive
v0x7fb3bae46640_0 .net "SR", 0 0, o0x7fb3bc0422d8;  0 drivers
v0x7fb3bae45fd0_0 .net "SR_pd", 0 0, L_0x7fb3bac36c30;  1 drivers
o0x7fb3bc042338 .functor BUFZ 1, C4<z>; HiZ drive
; Elide local net with no drivers, v0x7fb3bae46060_0 name=_ivl_0
v0x7fb3bae700c0_0 .net *"_ivl_10", 0 0, L_0x7fb3bac36420;  1 drivers
L_0x7fb3bc073050 .functor BUFT 1, C4<0>, C4<0>, C4<0>, C4<0>;
v0x7fb3bae70150_0 .net/2u *"_ivl_12", 0 0, L_0x7fb3bc073050;  1 drivers
o0x7fb3bc0423c8 .functor BUFZ 1, C4<z>; HiZ drive
; Elide local net with no drivers, v0x7fb3bae719f0_0 name=_ivl_16
v0x7fb3bae71a80_0 .net *"_ivl_18", 0 0, L_0x7fb3bac36650;  1 drivers
v0x7fb3bae6d6f0_0 .net *"_ivl_2", 0 0, L_0x7fb3bae9e390;  1 drivers
L_0x7fb3bc073098 .functor BUFT 1, C4<0>, C4<0>, C4<0>, C4<0>;
v0x7fb3bae6d780_0 .net/2u *"_ivl_20", 0 0, L_0x7fb3bc073098;  1 drivers
o0x7fb3bc042488 .functor BUFZ 1, C4<z>; HiZ drive
; Elide local net with no drivers, v0x7fb3bae6f9d0_0 name=_ivl_24
v0x7fb3bae6fa60_0 .net *"_ivl_26", 0 0, L_0x7fb3bac368c0;  1 drivers
L_0x7fb3bc0730e0 .functor BUFT 1, C4<0>, C4<0>, C4<0>, C4<0>;
v0x7fb3bae6ed30_0 .net/2u *"_ivl_28", 0 0, L_0x7fb3bc0730e0;  1 drivers
o0x7fb3bc042518 .functor BUFZ 1, C4<z>; HiZ drive
; Elide local net with no drivers, v0x7fb3bae6edc0_0 name=_ivl_32
v0x7fb3bae6e210_0 .net *"_ivl_34", 0 0, L_0x7fb3bac36b40;  1 drivers
L_0x7fb3bc073128 .functor BUFT 1, C4<0>, C4<0>, C4<0>, C4<0>;
v0x7fb3bae6e2a0_0 .net/2u *"_ivl_36", 0 0, L_0x7fb3bc073128;  1 drivers
L_0x7fb3bc073008 .functor BUFT 1, C4<0>, C4<0>, C4<0>, C4<0>;
v0x7fb3bae5f980_0 .net/2u *"_ivl_4", 0 0, L_0x7fb3bc073008;  1 drivers
o0x7fb3bc0425d8 .functor BUFZ 1, C4<z>; HiZ drive
; Elide local net with no drivers, v0x7fb3bae5fa10_0 name=_ivl_40
v0x7fb3bae59470_0 .net *"_ivl_42", 0 0, L_0x7fb3bac36da0;  1 drivers
L_0x7fb3bc073170 .functor BUFT 1, C4<1>, C4<0>, C4<0>, C4<0>;
v0x7fb3bae59500_0 .net/2u *"_ivl_44", 0 0, L_0x7fb3bc073170;  1 drivers
L_0x7fb3bc073200 .functor BUFT 1, C4<00000000>, C4<0>, C4<0>, C4<0>;
v0x7fb3bae12d10_0 .net/2u *"_ivl_52", 7 0, L_0x7fb3bc073200;  1 drivers
L_0x7fb3bc073248 .functor BUFT 1, C4<00000000>, C4<0>, C4<0>, C4<0>;
v0x7fb3bae12da0_0 .net/2u *"_ivl_54", 7 0, L_0x7fb3bc073248;  1 drivers
v0x7fb3bae725a0_0 .net *"_ivl_59", 3 0, L_0x7fb3bac372c0;  1 drivers
v0x7fb3bae72630_0 .net *"_ivl_61", 3 0, L_0x7fb3bac373a0;  1 drivers
v0x7fb3bae5c1f0_0 .net *"_ivl_65", 1 0, L_0x7fb3bac375e0;  1 drivers
v0x7fb3bae5c280_0 .net *"_ivl_67", 1 0, L_0x7fb3bac37710;  1 drivers
v0x7fb3bae58d30_0 .net *"_ivl_71", 0 0, L_0x7fb3bac378f0;  1 drivers
v0x7fb3bae58dc0_0 .net *"_ivl_73", 0 0, L_0x7fb3bac37990;  1 drivers
v0x7fb3bae63530_0 .net/2u *"_ivl_78", 0 0, L_0x7fb3bc073290;  1 drivers
o0x7fb3bc042818 .functor BUFZ 1, C4<z>; HiZ drive
; Elide local net with no drivers, v0x7fb3bae635c0_0 name=_ivl_8
v0x7fb3bae49b30_0 .net "lut_o", 0 0, L_0x7fb3bac37850;  1 drivers
v0x7fb3bae49bc0_0 .net "lut_s1", 1 0, L_0x7fb3bac377b0;  1 drivers
v0x7fb3bae49140_0 .net "lut_s2", 3 0, L_0x7fb3bac374c0;  1 drivers
v0x7fb3bae491d0_0 .net "lut_s3", 7 0, L_0x7fb3bac37130;  1 drivers
v0x7fb3bae484c0_0 .net "mux_cin", 0 0, L_0x7fb3bac37000;  1 drivers
v0x7fb3bae48550_0 .var "o_reg", 0 0;
v0x7fb3bae479c0_0 .var "o_reg_async", 0 0;
v0x7fb3bae47a50_0 .net "polarized_clk", 0 0, L_0x7fb3bac37c50;  1 drivers
E_0x7fb3bafa6c00 .event posedge, v0x7fb3bae45fd0_0, v0x7fb3bae47a50_0;
E_0x7fb3bafa6c40 .event posedge, v0x7fb3bae47a50_0;
L_0x7fb3bae9e390 .cmp/eeq 1, o0x7fb3bc0420f8, o0x7fb3bc042338;
L_0x7fb3bac362c0 .functor MUXZ 1, o0x7fb3bc0420f8, L_0x7fb3bc073008, L_0x7fb3bae9e390, C4<>;
L_0x7fb3bac36420 .cmp/eeq 1, o0x7fb3bc042158, o0x7fb3bc042818;
L_0x7fb3bac364d0 .functor MUXZ 1, o0x7fb3bc042158, L_0x7fb3bc073050, L_0x7fb3bac36420, C4<>;
L_0x7fb3bac36650 .cmp/eeq 1, o0x7fb3bc0421b8, o0x7fb3bc0423c8;
L_0x7fb3bac36740 .functor MUXZ 1, o0x7fb3bc0421b8, L_0x7fb3bc073098, L_0x7fb3bac36650, C4<>;
L_0x7fb3bac368c0 .cmp/eeq 1, o0x7fb3bc042218, o0x7fb3bc042488;
L_0x7fb3bac369c0 .functor MUXZ 1, o0x7fb3bc042218, L_0x7fb3bc0730e0, L_0x7fb3bac368c0, C4<>;
L_0x7fb3bac36b40 .cmp/eeq 1, o0x7fb3bc0422d8, o0x7fb3bc042518;
L_0x7fb3bac36c30 .functor MUXZ 1, o0x7fb3bc0422d8, L_0x7fb3bc073128, L_0x7fb3bac36b40, C4<>;
L_0x7fb3bac36da0 .cmp/eeq 1, o0x7fb3bc042008, o0x7fb3bc0425d8;
L_0x7fb3bac36ec0 .functor MUXZ 1, o0x7fb3bc042008, L_0x7fb3bc073170, L_0x7fb3bac36da0, C4<>;
L_0x7fb3bac37130 .functor MUXZ 8, L_0x7fb3bc073248, L_0x7fb3bc073200, L_0x7fb3bac369c0, C4<>;
L_0x7fb3bac372c0 .part L_0x7fb3bac37130, 4, 4;
L_0x7fb3bac373a0 .part L_0x7fb3bac37130, 0, 4;
L_0x7fb3bac374c0 .functor MUXZ 4, L_0x7fb3bac373a0, L_0x7fb3bac372c0, L_0x7fb3bac36740, C4<>;
L_0x7fb3bac375e0 .part L_0x7fb3bac374c0, 2, 2;
L_0x7fb3bac37710 .part L_0x7fb3bac374c0, 0, 2;
L_0x7fb3bac377b0 .functor MUXZ 2, L_0x7fb3bac37710, L_0x7fb3bac375e0, L_0x7fb3bac364d0, C4<>;
L_0x7fb3bac378f0 .part L_0x7fb3bac377b0, 1, 1;
L_0x7fb3bac37990 .part L_0x7fb3bac377b0, 0, 1;
L_0x7fb3bac37850 .functor MUXZ 1, L_0x7fb3bac37990, L_0x7fb3bac378f0, L_0x7fb3bac362c0, C4<>;
S_0x7fb3bae731a0 .scope module, "ICESTORM_RAM" "ICESTORM_RAM" 2 3167;
 .timescale -12 -12;
    .port_info 0 /OUTPUT 1 "RDATA_15";
    .port_info 1 /OUTPUT 1 "RDATA_14";
    .port_info 2 /OUTPUT 1 "RDATA_13";
    .port_info 3 /OUTPUT 1 "RDATA_12";
    .port_info 4 /OUTPUT 1 "RDATA_11";
    .port_info 5 /OUTPUT 1 "RDATA_10";
    .port_info 6 /OUTPUT 1 "RDATA_9";
    .port_info 7 /OUTPUT 1 "RDATA_8";
    .port_info 8 /OUTPUT 1 "RDATA_7";
    .port_info 9 /OUTPUT 1 "RDATA_6";
    .port_info 10 /OUTPUT 1 "RDATA_5";
    .port_info 11 /OUTPUT 1 "RDATA_4";
    .port_info 12 /OUTPUT 1 "RDATA_3";
    .port_info 13 /OUTPUT 1 "RDATA_2";
    .port_info 14 /OUTPUT 1 "RDATA_1";
    .port_info 15 /OUTPUT 1 "RDATA_0";
    .port_info 16 /INPUT 1 "RCLK";
    .port_info 17 /INPUT 1 "RCLKE";
    .port_info 18 /INPUT 1 "RE";
    .port_info 19 /INPUT 1 "RADDR_10";
    .port_info 20 /INPUT 1 "RADDR_9";
    .port_info 21 /INPUT 1 "RADDR_8";
    .port_info 22 /INPUT 1 "RADDR_7";
    .port_info 23 /INPUT 1 "RADDR_6";
    .port_info 24 /INPUT 1 "RADDR_5";
    .port_info 25 /INPUT 1 "RADDR_4";
    .port_info 26 /INPUT 1 "RADDR_3";
    .port_info 27 /INPUT 1 "RADDR_2";
    .port_info 28 /INPUT 1 "RADDR_1";
    .port_info 29 /INPUT 1 "RADDR_0";
    .port_info 30 /INPUT 1 "WCLK";
    .port_info 31 /INPUT 1 "WCLKE";
    .port_info 32 /INPUT 1 "WE";
    .port_info 33 /INPUT 1 "WADDR_10";
    .port_info 34 /INPUT 1 "WADDR_9";
    .port_info 35 /INPUT 1 "WADDR_8";
    .port_info 36 /INPUT 1 "WADDR_7";
    .port_info 37 /INPUT 1 "WADDR_6";
    .port_info 38 /INPUT 1 "WADDR_5";
    .port_info 39 /INPUT 1 "WADDR_4";
    .port_info 40 /INPUT 1 "WADDR_3";
    .port_info 41 /INPUT 1 "WADDR_2";
    .port_info 42 /INPUT 1 "WADDR_1";
    .port_info 43 /INPUT 1 "WADDR_0";
    .port_info 44 /INPUT 1 "MASK_15";
    .port_info 45 /INPUT 1 "MASK_14";
    .port_info 46 /INPUT 1 "MASK_13";
    .port_info 47 /INPUT 1 "MASK_12";
    .port_info 48 /INPUT 1 "MASK_11";
    .port_info 49 /INPUT 1 "MASK_10";
    .port_info 50 /INPUT 1 "MASK_9";
    .port_info 51 /INPUT 1 "MASK_8";
    .port_info 52 /INPUT 1 "MASK_7";
    .port_info 53 /INPUT 1 "MASK_6";
    .port_info 54 /INPUT 1 "MASK_5";
    .port_info 55 /INPUT 1 "MASK_4";
    .port_info 56 /INPUT 1 "MASK_3";
    .port_info 57 /INPUT 1 "MASK_2";
    .port_info 58 /INPUT 1 "MASK_1";
    .port_info 59 /INPUT 1 "MASK_0";
    .port_info 60 /INPUT 1 "WDATA_15";
    .port_info 61 /INPUT 1 "WDATA_14";
    .port_info 62 /INPUT 1 "WDATA_13";
    .port_info 63 /INPUT 1 "WDATA_12";
    .port_info 64 /INPUT 1 "WDATA_11";
    .port_info 65 /INPUT 1 "WDATA_10";
    .port_info 66 /INPUT 1 "WDATA_9";
    .port_info 67 /INPUT 1 "WDATA_8";
    .port_info 68 /INPUT 1 "WDATA_7";
    .port_info 69 /INPUT 1 "WDATA_6";
    .port_info 70 /INPUT 1 "WDATA_5";
    .port_info 71 /INPUT 1 "WDATA_4";
    .port_info 72 /INPUT 1 "WDATA_3";
    .port_info 73 /INPUT 1 "WDATA_2";
    .port_info 74 /INPUT 1 "WDATA_1";
    .port_info 75 /INPUT 1 "WDATA_0";
P_0x7fb3bb819000 .param/l "INIT_0" 0 2 3182, C4<0000000000000000000000000000000000000000000000000000000000000000000000000000000000000000000000000000000000000000000000000000000000000000000000000000000000000000000000000000000000000000000000000000000000000000000000000000000000000000000000000000000000000000>;
P_0x7fb3bb819040 .param/l "INIT_1" 0 2 3183, C4<0000000000000000000000000000000000000000000000000000000000000000000000000000000000000000000000000000000000000000000000000000000000000000000000000000000000000000000000000000000000000000000000000000000000000000000000000000000000000000000000000000000000000000>;
P_0x7fb3bb819080 .param/l "INIT_2" 0 2 3184, C4<0000000000000000000000000000000000000000000000000000000000000000000000000000000000000000000000000000000000000000000000000000000000000000000000000000000000000000000000000000000000000000000000000000000000000000000000000000000000000000000000000000000000000000>;
P_0x7fb3bb8190c0 .param/l "INIT_3" 0 2 3185, C4<0000000000000000000000000000000000000000000000000000000000000000000000000000000000000000000000000000000000000000000000000000000000000000000000000000000000000000000000000000000000000000000000000000000000000000000000000000000000000000000000000000000000000000>;
P_0x7fb3bb819100 .param/l "INIT_4" 0 2 3186, C4<0000000000000000000000000000000000000000000000000000000000000000000000000000000000000000000000000000000000000000000000000000000000000000000000000000000000000000000000000000000000000000000000000000000000000000000000000000000000000000000000000000000000000000>;
P_0x7fb3bb819140 .param/l "INIT_5" 0 2 3187, C4<0000000000000000000000000000000000000000000000000000000000000000000000000000000000000000000000000000000000000000000000000000000000000000000000000000000000000000000000000000000000000000000000000000000000000000000000000000000000000000000000000000000000000000>;
P_0x7fb3bb819180 .param/l "INIT_6" 0 2 3188, C4<0000000000000000000000000000000000000000000000000000000000000000000000000000000000000000000000000000000000000000000000000000000000000000000000000000000000000000000000000000000000000000000000000000000000000000000000000000000000000000000000000000000000000000>;
P_0x7fb3bb8191c0 .param/l "INIT_7" 0 2 3189, C4<0000000000000000000000000000000000000000000000000000000000000000000000000000000000000000000000000000000000000000000000000000000000000000000000000000000000000000000000000000000000000000000000000000000000000000000000000000000000000000000000000000000000000000>;
P_0x7fb3bb819200 .param/l "INIT_8" 0 2 3190, C4<0000000000000000000000000000000000000000000000000000000000000000000000000000000000000000000000000000000000000000000000000000000000000000000000000000000000000000000000000000000000000000000000000000000000000000000000000000000000000000000000000000000000000000>;
P_0x7fb3bb819240 .param/l "INIT_9" 0 2 3191, C4<0000000000000000000000000000000000000000000000000000000000000000000000000000000000000000000000000000000000000000000000000000000000000000000000000000000000000000000000000000000000000000000000000000000000000000000000000000000000000000000000000000000000000000>;
P_0x7fb3bb819280 .param/l "INIT_A" 0 2 3192, C4<0000000000000000000000000000000000000000000000000000000000000000000000000000000000000000000000000000000000000000000000000000000000000000000000000000000000000000000000000000000000000000000000000000000000000000000000000000000000000000000000000000000000000000>;
P_0x7fb3bb8192c0 .param/l "INIT_B" 0 2 3193, C4<0000000000000000000000000000000000000000000000000000000000000000000000000000000000000000000000000000000000000000000000000000000000000000000000000000000000000000000000000000000000000000000000000000000000000000000000000000000000000000000000000000000000000000>;
P_0x7fb3bb819300 .param/l "INIT_C" 0 2 3194, C4<0000000000000000000000000000000000000000000000000000000000000000000000000000000000000000000000000000000000000000000000000000000000000000000000000000000000000000000000000000000000000000000000000000000000000000000000000000000000000000000000000000000000000000>;
P_0x7fb3bb819340 .param/l "INIT_D" 0 2 3195, C4<0000000000000000000000000000000000000000000000000000000000000000000000000000000000000000000000000000000000000000000000000000000000000000000000000000000000000000000000000000000000000000000000000000000000000000000000000000000000000000000000000000000000000000>;
P_0x7fb3bb819380 .param/l "INIT_E" 0 2 3196, C4<0000000000000000000000000000000000000000000000000000000000000000000000000000000000000000000000000000000000000000000000000000000000000000000000000000000000000000000000000000000000000000000000000000000000000000000000000000000000000000000000000000000000000000>;
P_0x7fb3bb8193c0 .param/l "INIT_F" 0 2 3197, C4<0000000000000000000000000000000000000000000000000000000000000000000000000000000000000000000000000000000000000000000000000000000000000000000000000000000000000000000000000000000000000000000000000000000000000000000000000000000000000000000000000000000000000000>;
P_0x7fb3bb819400 .param/l "NEG_CLK_R" 0 2 3179, C4<0>;
P_0x7fb3bb819440 .param/l "NEG_CLK_W" 0 2 3180, C4<0>;
P_0x7fb3bb819480 .param/l "READ_MODE" 0 2 3177, +C4<00000000000000000000000000000000>;
P_0x7fb3bb8194c0 .param/l "WRITE_MODE" 0 2 3176, +C4<00000000000000000000000000000000>;
L_0x7fb3bc073320 .functor BUFT 1, C4<0>, C4<0>, C4<0>, C4<0>;
L_0x7fb3bac38b80 .functor XOR 1, L_0x7fb3bac38fd0, L_0x7fb3bc073320, C4<0>, C4<0>;
L_0x7fb3bc073368 .functor BUFT 1, C4<0>, C4<0>, C4<0>, C4<0>;
L_0x7fb3bac3a220 .functor XOR 1, L_0x7fb3bac3a180, L_0x7fb3bc073368, C4<0>, C4<0>;
o0x7fb3bc0431a8 .functor BUFZ 1, C4<z>; HiZ drive
v0x7fb3bae04330_0 .net "MASK_0", 0 0, o0x7fb3bc0431a8;  0 drivers
o0x7fb3bc0431d8 .functor BUFZ 1, C4<z>; HiZ drive
v0x7fb3bae043c0_0 .net "MASK_1", 0 0, o0x7fb3bc0431d8;  0 drivers
o0x7fb3bc043208 .functor BUFZ 1, C4<z>; HiZ drive
v0x7fb3bae04450_0 .net "MASK_10", 0 0, o0x7fb3bc043208;  0 drivers
o0x7fb3bc043238 .functor BUFZ 1, C4<z>; HiZ drive
v0x7fb3bae115d0_0 .net "MASK_11", 0 0, o0x7fb3bc043238;  0 drivers
o0x7fb3bc043268 .functor BUFZ 1, C4<z>; HiZ drive
v0x7fb3bae11660_0 .net "MASK_12", 0 0, o0x7fb3bc043268;  0 drivers
o0x7fb3bc043298 .functor BUFZ 1, C4<z>; HiZ drive
v0x7fb3bae116f0_0 .net "MASK_13", 0 0, o0x7fb3bc043298;  0 drivers
o0x7fb3bc0432c8 .functor BUFZ 1, C4<z>; HiZ drive
v0x7fb3bae11780_0 .net "MASK_14", 0 0, o0x7fb3bc0432c8;  0 drivers
o0x7fb3bc0432f8 .functor BUFZ 1, C4<z>; HiZ drive
v0x7fb3bae11810_0 .net "MASK_15", 0 0, o0x7fb3bc0432f8;  0 drivers
o0x7fb3bc043328 .functor BUFZ 1, C4<z>; HiZ drive
v0x7fb3bae0c0a0_0 .net "MASK_2", 0 0, o0x7fb3bc043328;  0 drivers
o0x7fb3bc043358 .functor BUFZ 1, C4<z>; HiZ drive
v0x7fb3bae0c130_0 .net "MASK_3", 0 0, o0x7fb3bc043358;  0 drivers
o0x7fb3bc043388 .functor BUFZ 1, C4<z>; HiZ drive
v0x7fb3bae0c1c0_0 .net "MASK_4", 0 0, o0x7fb3bc043388;  0 drivers
o0x7fb3bc0433b8 .functor BUFZ 1, C4<z>; HiZ drive
v0x7fb3bae0c250_0 .net "MASK_5", 0 0, o0x7fb3bc0433b8;  0 drivers
o0x7fb3bc0433e8 .functor BUFZ 1, C4<z>; HiZ drive
v0x7fb3bae0c2e0_0 .net "MASK_6", 0 0, o0x7fb3bc0433e8;  0 drivers
o0x7fb3bc043418 .functor BUFZ 1, C4<z>; HiZ drive
v0x7fb3bae0c370_0 .net "MASK_7", 0 0, o0x7fb3bc043418;  0 drivers
o0x7fb3bc043448 .functor BUFZ 1, C4<z>; HiZ drive
v0x7fb3bae0fe50_0 .net "MASK_8", 0 0, o0x7fb3bc043448;  0 drivers
o0x7fb3bc043478 .functor BUFZ 1, C4<z>; HiZ drive
v0x7fb3bae0fee0_0 .net "MASK_9", 0 0, o0x7fb3bc043478;  0 drivers
o0x7fb3bc0434a8 .functor BUFZ 1, C4<z>; HiZ drive
v0x7fb3bae0ff70_0 .net "RADDR_0", 0 0, o0x7fb3bc0434a8;  0 drivers
o0x7fb3bc0434d8 .functor BUFZ 1, C4<z>; HiZ drive
v0x7fb3bae10100_0 .net "RADDR_1", 0 0, o0x7fb3bc0434d8;  0 drivers
o0x7fb3bc043508 .functor BUFZ 1, C4<z>; HiZ drive
v0x7fb3bae0e860_0 .net "RADDR_10", 0 0, o0x7fb3bc043508;  0 drivers
o0x7fb3bc043538 .functor BUFZ 1, C4<z>; HiZ drive
v0x7fb3bae0e8f0_0 .net "RADDR_2", 0 0, o0x7fb3bc043538;  0 drivers
o0x7fb3bc043568 .functor BUFZ 1, C4<z>; HiZ drive
v0x7fb3bae0e980_0 .net "RADDR_3", 0 0, o0x7fb3bc043568;  0 drivers
o0x7fb3bc043598 .functor BUFZ 1, C4<z>; HiZ drive
v0x7fb3bae0ea10_0 .net "RADDR_4", 0 0, o0x7fb3bc043598;  0 drivers
o0x7fb3bc0435c8 .functor BUFZ 1, C4<z>; HiZ drive
v0x7fb3bae0eaa0_0 .net "RADDR_5", 0 0, o0x7fb3bc0435c8;  0 drivers
o0x7fb3bc0435f8 .functor BUFZ 1, C4<z>; HiZ drive
v0x7fb3bae0eb30_0 .net "RADDR_6", 0 0, o0x7fb3bc0435f8;  0 drivers
o0x7fb3bc043628 .functor BUFZ 1, C4<z>; HiZ drive
v0x7fb3bae0d0d0_0 .net "RADDR_7", 0 0, o0x7fb3bc043628;  0 drivers
o0x7fb3bc043658 .functor BUFZ 1, C4<z>; HiZ drive
v0x7fb3bae0d160_0 .net "RADDR_8", 0 0, o0x7fb3bc043658;  0 drivers
o0x7fb3bc043688 .functor BUFZ 1, C4<z>; HiZ drive
v0x7fb3bae0d1f0_0 .net "RADDR_9", 0 0, o0x7fb3bc043688;  0 drivers
o0x7fb3bc0436b8 .functor BUFZ 1, C4<z>; HiZ drive
v0x7fb3bae0d280_0 .net "RCLK", 0 0, o0x7fb3bc0436b8;  0 drivers
o0x7fb3bc0436e8 .functor BUFZ 1, C4<z>; HiZ drive
v0x7fb3bae0d310_0 .net "RCLKE", 0 0, o0x7fb3bc0436e8;  0 drivers
v0x7fb3bae0d3a0_0 .net "RDATA_0", 0 0, L_0x7fb3bac38f30;  1 drivers
v0x7fb3bae8f3e0_0 .net "RDATA_1", 0 0, L_0x7fb3bac38c90;  1 drivers
v0x7fb3bae8f470_0 .net "RDATA_10", 0 0, L_0x7fb3bac38470;  1 drivers
v0x7fb3bae8f500_0 .net "RDATA_11", 0 0, L_0x7fb3bac383a0;  1 drivers
v0x7fb3bae10000_0 .net "RDATA_12", 0 0, L_0x7fb3bac38300;  1 drivers
v0x7fb3bae8f790_0 .net "RDATA_13", 0 0, L_0x7fb3bac381a0;  1 drivers
v0x7fb3bae8f820_0 .net "RDATA_14", 0 0, L_0x7fb3bac38100;  1 drivers
v0x7fb3bae8f8b0_0 .net "RDATA_15", 0 0, L_0x7fb3bac37ff0;  1 drivers
v0x7fb3bae8f940_0 .net "RDATA_2", 0 0, L_0x7fb3bac38bf0;  1 drivers
v0x7fb3bae8f9d0_0 .net "RDATA_3", 0 0, L_0x7fb3bac38ae0;  1 drivers
v0x7fb3bae8fa60_0 .net "RDATA_4", 0 0, L_0x7fb3bac38a40;  1 drivers
v0x7fb3bae8faf0_0 .net "RDATA_5", 0 0, L_0x7fb3bac38940;  1 drivers
v0x7fb3bae8fb80_0 .net "RDATA_6", 0 0, L_0x7fb3bac388a0;  1 drivers
v0x7fb3bae8fc10_0 .net "RDATA_7", 0 0, L_0x7fb3bac387b0;  1 drivers
v0x7fb3bae8fca0_0 .net "RDATA_8", 0 0, L_0x7fb3bac38710;  1 drivers
v0x7fb3bae8fd30_0 .net "RDATA_9", 0 0, L_0x7fb3bac38510;  1 drivers
o0x7fb3bc043a18 .functor BUFZ 1, C4<z>; HiZ drive
v0x7fb3bae8fdc0_0 .net "RE", 0 0, o0x7fb3bc043a18;  0 drivers
o0x7fb3bc043a48 .functor BUFZ 1, C4<z>; HiZ drive
v0x7fb3bae8fe50_0 .net "WADDR_0", 0 0, o0x7fb3bc043a48;  0 drivers
o0x7fb3bc043a78 .functor BUFZ 1, C4<z>; HiZ drive
v0x7fb3bae8fee0_0 .net "WADDR_1", 0 0, o0x7fb3bc043a78;  0 drivers
o0x7fb3bc043aa8 .functor BUFZ 1, C4<z>; HiZ drive
v0x7fb3bae8ff70_0 .net "WADDR_10", 0 0, o0x7fb3bc043aa8;  0 drivers
o0x7fb3bc043ad8 .functor BUFZ 1, C4<z>; HiZ drive
v0x7fb3bae90000_0 .net "WADDR_2", 0 0, o0x7fb3bc043ad8;  0 drivers
o0x7fb3bc043b08 .functor BUFZ 1, C4<z>; HiZ drive
v0x7fb3bae90090_0 .net "WADDR_3", 0 0, o0x7fb3bc043b08;  0 drivers
o0x7fb3bc043b38 .functor BUFZ 1, C4<z>; HiZ drive
v0x7fb3bae90120_0 .net "WADDR_4", 0 0, o0x7fb3bc043b38;  0 drivers
o0x7fb3bc043b68 .functor BUFZ 1, C4<z>; HiZ drive
v0x7fb3bae901b0_0 .net "WADDR_5", 0 0, o0x7fb3bc043b68;  0 drivers
o0x7fb3bc043b98 .functor BUFZ 1, C4<z>; HiZ drive
v0x7fb3bae90240_0 .net "WADDR_6", 0 0, o0x7fb3bc043b98;  0 drivers
o0x7fb3bc043bc8 .functor BUFZ 1, C4<z>; HiZ drive
v0x7fb3bae902d0_0 .net "WADDR_7", 0 0, o0x7fb3bc043bc8;  0 drivers
o0x7fb3bc043bf8 .functor BUFZ 1, C4<z>; HiZ drive
v0x7fb3bae90360_0 .net "WADDR_8", 0 0, o0x7fb3bc043bf8;  0 drivers
o0x7fb3bc043c28 .functor BUFZ 1, C4<z>; HiZ drive
v0x7fb3bae903f0_0 .net "WADDR_9", 0 0, o0x7fb3bc043c28;  0 drivers
o0x7fb3bc043c58 .functor BUFZ 1, C4<z>; HiZ drive
v0x7fb3bae90480_0 .net "WCLK", 0 0, o0x7fb3bc043c58;  0 drivers
o0x7fb3bc043c88 .functor BUFZ 1, C4<z>; HiZ drive
v0x7fb3bae90510_0 .net "WCLKE", 0 0, o0x7fb3bc043c88;  0 drivers
o0x7fb3bc043cb8 .functor BUFZ 1, C4<z>; HiZ drive
v0x7fb3bae905a0_0 .net "WDATA_0", 0 0, o0x7fb3bc043cb8;  0 drivers
o0x7fb3bc043ce8 .functor BUFZ 1, C4<z>; HiZ drive
v0x7fb3bae90630_0 .net "WDATA_1", 0 0, o0x7fb3bc043ce8;  0 drivers
o0x7fb3bc043d18 .functor BUFZ 1, C4<z>; HiZ drive
v0x7fb3bae906c0_0 .net "WDATA_10", 0 0, o0x7fb3bc043d18;  0 drivers
o0x7fb3bc043d48 .functor BUFZ 1, C4<z>; HiZ drive
v0x7fb3bae90750_0 .net "WDATA_11", 0 0, o0x7fb3bc043d48;  0 drivers
o0x7fb3bc043d78 .functor BUFZ 1, C4<z>; HiZ drive
v0x7fb3bae907e0_0 .net "WDATA_12", 0 0, o0x7fb3bc043d78;  0 drivers
o0x7fb3bc043da8 .functor BUFZ 1, C4<z>; HiZ drive
v0x7fb3bae90870_0 .net "WDATA_13", 0 0, o0x7fb3bc043da8;  0 drivers
o0x7fb3bc043dd8 .functor BUFZ 1, C4<z>; HiZ drive
v0x7fb3bae8f590_0 .net "WDATA_14", 0 0, o0x7fb3bc043dd8;  0 drivers
o0x7fb3bc043e08 .functor BUFZ 1, C4<z>; HiZ drive
v0x7fb3bae8f620_0 .net "WDATA_15", 0 0, o0x7fb3bc043e08;  0 drivers
o0x7fb3bc043e38 .functor BUFZ 1, C4<z>; HiZ drive
v0x7fb3bae8f6b0_0 .net "WDATA_2", 0 0, o0x7fb3bc043e38;  0 drivers
o0x7fb3bc043e68 .functor BUFZ 1, C4<z>; HiZ drive
v0x7fb3bae90900_0 .net "WDATA_3", 0 0, o0x7fb3bc043e68;  0 drivers
o0x7fb3bc043e98 .functor BUFZ 1, C4<z>; HiZ drive
v0x7fb3bae90990_0 .net "WDATA_4", 0 0, o0x7fb3bc043e98;  0 drivers
o0x7fb3bc043ec8 .functor BUFZ 1, C4<z>; HiZ drive
v0x7fb3bae90a20_0 .net "WDATA_5", 0 0, o0x7fb3bc043ec8;  0 drivers
o0x7fb3bc043ef8 .functor BUFZ 1, C4<z>; HiZ drive
v0x7fb3bae90ab0_0 .net "WDATA_6", 0 0, o0x7fb3bc043ef8;  0 drivers
o0x7fb3bc043f28 .functor BUFZ 1, C4<z>; HiZ drive
v0x7fb3bae90b40_0 .net "WDATA_7", 0 0, o0x7fb3bc043f28;  0 drivers
o0x7fb3bc043f58 .functor BUFZ 1, C4<z>; HiZ drive
v0x7fb3bae90bd0_0 .net "WDATA_8", 0 0, o0x7fb3bc043f58;  0 drivers
o0x7fb3bc043f88 .functor BUFZ 1, C4<z>; HiZ drive
v0x7fb3bae90c60_0 .net "WDATA_9", 0 0, o0x7fb3bc043f88;  0 drivers
o0x7fb3bc043fb8 .functor BUFZ 1, C4<z>; HiZ drive
v0x7fb3bae90cf0_0 .net "WE", 0 0, o0x7fb3bc043fb8;  0 drivers
v0x7fb3bae90d80_0 .net *"_ivl_100", 0 0, L_0x7fb3bae9f170;  1 drivers
v0x7fb3bae90e10_0 .net *"_ivl_102", 0 0, L_0x7fb3bae9f250;  1 drivers
v0x7fb3bae90ea0_0 .net *"_ivl_104", 0 0, L_0x7fb3bae9f330;  1 drivers
v0x7fb3bae90f30_0 .net *"_ivl_106", 0 0, L_0x7fb3bae9f410;  1 drivers
v0x7fb3bae90fc0_0 .net *"_ivl_108", 0 0, L_0x7fb3bae9f4f0;  1 drivers
v0x7fb3bae91050_0 .net *"_ivl_110", 0 0, L_0x7fb3bae9f5d0;  1 drivers
v0x7fb3bae910e0_0 .net *"_ivl_112", 0 0, L_0x7fb3bae9f6b0;  1 drivers
v0x7fb3bae91170_0 .net *"_ivl_114", 0 0, L_0x7fb3bae9f790;  1 drivers
v0x7fb3bae91200_0 .net *"_ivl_116", 0 0, L_0x7fb3bae9f870;  1 drivers
v0x7fb3bae91290_0 .net *"_ivl_120", 0 0, L_0x7fb3bae9fec0;  1 drivers
v0x7fb3bae91320_0 .net *"_ivl_122", 0 0, L_0x7fb3bae9ff60;  1 drivers
v0x7fb3bae913b0_0 .net *"_ivl_124", 0 0, L_0x7fb3baea0000;  1 drivers
v0x7fb3bae91440_0 .net *"_ivl_126", 0 0, L_0x7fb3baea00a0;  1 drivers
v0x7fb3bae914d0_0 .net *"_ivl_128", 0 0, L_0x7fb3baea0140;  1 drivers
v0x7fb3bae91560_0 .net *"_ivl_130", 0 0, L_0x7fb3baea01e0;  1 drivers
v0x7fb3bae915f0_0 .net *"_ivl_132", 0 0, L_0x7fb3baea0280;  1 drivers
v0x7fb3bae91680_0 .net *"_ivl_134", 0 0, L_0x7fb3baea0320;  1 drivers
v0x7fb3bae91710_0 .net *"_ivl_136", 0 0, L_0x7fb3baea03c0;  1 drivers
v0x7fb3bae917a0_0 .net *"_ivl_138", 0 0, L_0x7fb3baea04a0;  1 drivers
v0x7fb3bae91830_0 .net *"_ivl_140", 0 0, L_0x7fb3baea0580;  1 drivers
v0x7fb3bae918c0_0 .net *"_ivl_142", 0 0, L_0x7fb3baea0660;  1 drivers
v0x7fb3bae91950_0 .net *"_ivl_144", 0 0, L_0x7fb3baea0740;  1 drivers
v0x7fb3bae919e0_0 .net *"_ivl_146", 0 0, L_0x7fb3baea0820;  1 drivers
v0x7fb3bae91a70_0 .net *"_ivl_148", 0 0, L_0x7fb3baea0900;  1 drivers
v0x7fb3bae91b00_0 .net *"_ivl_150", 0 0, L_0x7fb3baea09e0;  1 drivers
v0x7fb3bae91b90_0 .net *"_ivl_18", 0 0, L_0x7fb3bac38fd0;  1 drivers
v0x7fb3bae91c20_0 .net/2u *"_ivl_19", 0 0, L_0x7fb3bc073320;  1 drivers
v0x7fb3bae91cb0_0 .net *"_ivl_28", 0 0, L_0x7fb3bac392f0;  1 drivers
v0x7fb3bae91d40_0 .net *"_ivl_30", 0 0, L_0x7fb3bac393e0;  1 drivers
v0x7fb3bae91dd0_0 .net *"_ivl_32", 0 0, L_0x7fb3bac39250;  1 drivers
v0x7fb3bae91e60_0 .net *"_ivl_34", 0 0, L_0x7fb3bac39580;  1 drivers
v0x7fb3bae91ef0_0 .net *"_ivl_36", 0 0, L_0x7fb3bac39700;  1 drivers
v0x7fb3bae91f80_0 .net *"_ivl_38", 0 0, L_0x7fb3bac397e0;  1 drivers
v0x7fb3bae92010_0 .net *"_ivl_40", 0 0, L_0x7fb3bac394d0;  1 drivers
v0x7fb3bae920a0_0 .net *"_ivl_42", 0 0, L_0x7fb3bac399e0;  1 drivers
v0x7fb3bae92130_0 .net *"_ivl_44", 0 0, L_0x7fb3bac39640;  1 drivers
v0x7fb3bae921c0_0 .net *"_ivl_46", 0 0, L_0x7fb3bac39bf0;  1 drivers
v0x7fb3bae92250_0 .net *"_ivl_48", 0 0, L_0x7fb3bac398d0;  1 drivers
v0x7fb3bae922e0_0 .net *"_ivl_52", 0 0, L_0x7fb3bac3a180;  1 drivers
v0x7fb3bae92370_0 .net/2u *"_ivl_53", 0 0, L_0x7fb3bc073368;  1 drivers
v0x7fb3bae92400_0 .net *"_ivl_62", 0 0, L_0x7fb3bac3a3e0;  1 drivers
v0x7fb3bae92490_0 .net *"_ivl_64", 0 0, L_0x7fb3bac3a2d0;  1 drivers
v0x7fb3bae92520_0 .net *"_ivl_66", 0 0, L_0x7fb3bae9e450;  1 drivers
v0x7fb3bae925b0_0 .net *"_ivl_68", 0 0, L_0x7fb3bae9e4f0;  1 drivers
v0x7fb3bae92640_0 .net *"_ivl_70", 0 0, L_0x7fb3bae9e590;  1 drivers
v0x7fb3bae926d0_0 .net *"_ivl_72", 0 0, L_0x7fb3bae9e630;  1 drivers
v0x7fb3bae92760_0 .net *"_ivl_74", 0 0, L_0x7fb3bae9e6d0;  1 drivers
v0x7fb3bae927f0_0 .net *"_ivl_76", 0 0, L_0x7fb3bae9e770;  1 drivers
v0x7fb3bae92880_0 .net *"_ivl_78", 0 0, L_0x7fb3bae9e810;  1 drivers
v0x7fb3bae92910_0 .net *"_ivl_80", 0 0, L_0x7fb3bae9e8b0;  1 drivers
v0x7fb3bae929a0_0 .net *"_ivl_82", 0 0, L_0x7fb3bae9e950;  1 drivers
v0x7fb3bae92a30_0 .net *"_ivl_86", 0 0, L_0x7fb3bae9ec90;  1 drivers
v0x7fb3bae92ac0_0 .net *"_ivl_88", 0 0, L_0x7fb3bae9ed30;  1 drivers
v0x7fb3bae92b50_0 .net *"_ivl_90", 0 0, L_0x7fb3bae9edd0;  1 drivers
v0x7fb3bae92be0_0 .net *"_ivl_92", 0 0, L_0x7fb3bae9ee70;  1 drivers
v0x7fb3bae92c70_0 .net *"_ivl_94", 0 0, L_0x7fb3bae9ef10;  1 drivers
v0x7fb3bae92d00_0 .net *"_ivl_96", 0 0, L_0x7fb3bae9efb0;  1 drivers
v0x7fb3bae92d90_0 .net *"_ivl_98", 0 0, L_0x7fb3bae9f090;  1 drivers
L_0x7fb3bac37ff0 .part v0x7fb3bae70cb0_0, 15, 1;
L_0x7fb3bac38100 .part v0x7fb3bae70cb0_0, 14, 1;
L_0x7fb3bac381a0 .part v0x7fb3bae70cb0_0, 13, 1;
L_0x7fb3bac38300 .part v0x7fb3bae70cb0_0, 12, 1;
L_0x7fb3bac383a0 .part v0x7fb3bae70cb0_0, 11, 1;
L_0x7fb3bac38470 .part v0x7fb3bae70cb0_0, 10, 1;
L_0x7fb3bac38510 .part v0x7fb3bae70cb0_0, 9, 1;
L_0x7fb3bac38710 .part v0x7fb3bae70cb0_0, 8, 1;
L_0x7fb3bac387b0 .part v0x7fb3bae70cb0_0, 7, 1;
L_0x7fb3bac388a0 .part v0x7fb3bae70cb0_0, 6, 1;
L_0x7fb3bac38940 .part v0x7fb3bae70cb0_0, 5, 1;
L_0x7fb3bac38a40 .part v0x7fb3bae70cb0_0, 4, 1;
L_0x7fb3bac38ae0 .part v0x7fb3bae70cb0_0, 3, 1;
L_0x7fb3bac38bf0 .part v0x7fb3bae70cb0_0, 2, 1;
L_0x7fb3bac38c90 .part v0x7fb3bae70cb0_0, 1, 1;
L_0x7fb3bac38f30 .part v0x7fb3bae70cb0_0, 0, 1;
L_0x7fb3bac38fd0 .ufunc/vec4 TD_ICESTORM_RAM.pd, 1, o0x7fb3bc0436b8 (v0x7fb3bae4b5a0_0) S_0x7fb3bae4bc70;
L_0x7fb3bac390f0 .ufunc/vec4 TD_ICESTORM_RAM.pu, 1, o0x7fb3bc0436e8 (v0x7fb3bae042a0_0) S_0x7fb3bae639b0;
L_0x7fb3bac39190 .ufunc/vec4 TD_ICESTORM_RAM.pd, 1, o0x7fb3bc043a18 (v0x7fb3bae4b5a0_0) S_0x7fb3bae4bc70;
L_0x7fb3bac392f0 .ufunc/vec4 TD_ICESTORM_RAM.pd, 1, o0x7fb3bc043508 (v0x7fb3bae4b5a0_0) S_0x7fb3bae4bc70;
L_0x7fb3bac393e0 .ufunc/vec4 TD_ICESTORM_RAM.pd, 1, o0x7fb3bc043688 (v0x7fb3bae4b5a0_0) S_0x7fb3bae4bc70;
L_0x7fb3bac39250 .ufunc/vec4 TD_ICESTORM_RAM.pd, 1, o0x7fb3bc043658 (v0x7fb3bae4b5a0_0) S_0x7fb3bae4bc70;
L_0x7fb3bac39580 .ufunc/vec4 TD_ICESTORM_RAM.pd, 1, o0x7fb3bc043628 (v0x7fb3bae4b5a0_0) S_0x7fb3bae4bc70;
L_0x7fb3bac39700 .ufunc/vec4 TD_ICESTORM_RAM.pd, 1, o0x7fb3bc0435f8 (v0x7fb3bae4b5a0_0) S_0x7fb3bae4bc70;
L_0x7fb3bac397e0 .ufunc/vec4 TD_ICESTORM_RAM.pd, 1, o0x7fb3bc0435c8 (v0x7fb3bae4b5a0_0) S_0x7fb3bae4bc70;
L_0x7fb3bac394d0 .ufunc/vec4 TD_ICESTORM_RAM.pd, 1, o0x7fb3bc043598 (v0x7fb3bae4b5a0_0) S_0x7fb3bae4bc70;
L_0x7fb3bac399e0 .ufunc/vec4 TD_ICESTORM_RAM.pd, 1, o0x7fb3bc043568 (v0x7fb3bae4b5a0_0) S_0x7fb3bae4bc70;
L_0x7fb3bac39640 .ufunc/vec4 TD_ICESTORM_RAM.pd, 1, o0x7fb3bc043538 (v0x7fb3bae4b5a0_0) S_0x7fb3bae4bc70;
L_0x7fb3bac39bf0 .ufunc/vec4 TD_ICESTORM_RAM.pd, 1, o0x7fb3bc0434d8 (v0x7fb3bae4b5a0_0) S_0x7fb3bae4bc70;
L_0x7fb3bac398d0 .ufunc/vec4 TD_ICESTORM_RAM.pd, 1, o0x7fb3bc0434a8 (v0x7fb3bae4b5a0_0) S_0x7fb3bae4bc70;
LS_0x7fb3bac39de0_0_0 .concat [ 1 1 1 1], L_0x7fb3bac398d0, L_0x7fb3bac39bf0, L_0x7fb3bac39640, L_0x7fb3bac399e0;
LS_0x7fb3bac39de0_0_4 .concat [ 1 1 1 1], L_0x7fb3bac394d0, L_0x7fb3bac397e0, L_0x7fb3bac39700, L_0x7fb3bac39580;
LS_0x7fb3bac39de0_0_8 .concat [ 1 1 1 0], L_0x7fb3bac39250, L_0x7fb3bac393e0, L_0x7fb3bac392f0;
L_0x7fb3bac39de0 .concat [ 4 4 3 0], LS_0x7fb3bac39de0_0_0, LS_0x7fb3bac39de0_0_4, LS_0x7fb3bac39de0_0_8;
L_0x7fb3bac3a180 .ufunc/vec4 TD_ICESTORM_RAM.pd, 1, o0x7fb3bc043c58 (v0x7fb3bae4b5a0_0) S_0x7fb3bae4bc70;
L_0x7fb3bac39d10 .ufunc/vec4 TD_ICESTORM_RAM.pu, 1, o0x7fb3bc043c88 (v0x7fb3bae042a0_0) S_0x7fb3bae639b0;
L_0x7fb3bac3a080 .ufunc/vec4 TD_ICESTORM_RAM.pd, 1, o0x7fb3bc043fb8 (v0x7fb3bae4b5a0_0) S_0x7fb3bae4bc70;
L_0x7fb3bac3a3e0 .ufunc/vec4 TD_ICESTORM_RAM.pd, 1, o0x7fb3bc043aa8 (v0x7fb3bae4b5a0_0) S_0x7fb3bae4bc70;
L_0x7fb3bac3a2d0 .ufunc/vec4 TD_ICESTORM_RAM.pd, 1, o0x7fb3bc043c28 (v0x7fb3bae4b5a0_0) S_0x7fb3bae4bc70;
L_0x7fb3bae9e450 .ufunc/vec4 TD_ICESTORM_RAM.pd, 1, o0x7fb3bc043bf8 (v0x7fb3bae4b5a0_0) S_0x7fb3bae4bc70;
L_0x7fb3bae9e4f0 .ufunc/vec4 TD_ICESTORM_RAM.pd, 1, o0x7fb3bc043bc8 (v0x7fb3bae4b5a0_0) S_0x7fb3bae4bc70;
L_0x7fb3bae9e590 .ufunc/vec4 TD_ICESTORM_RAM.pd, 1, o0x7fb3bc043b98 (v0x7fb3bae4b5a0_0) S_0x7fb3bae4bc70;
L_0x7fb3bae9e630 .ufunc/vec4 TD_ICESTORM_RAM.pd, 1, o0x7fb3bc043b68 (v0x7fb3bae4b5a0_0) S_0x7fb3bae4bc70;
L_0x7fb3bae9e6d0 .ufunc/vec4 TD_ICESTORM_RAM.pd, 1, o0x7fb3bc043b38 (v0x7fb3bae4b5a0_0) S_0x7fb3bae4bc70;
L_0x7fb3bae9e770 .ufunc/vec4 TD_ICESTORM_RAM.pd, 1, o0x7fb3bc043b08 (v0x7fb3bae4b5a0_0) S_0x7fb3bae4bc70;
L_0x7fb3bae9e810 .ufunc/vec4 TD_ICESTORM_RAM.pd, 1, o0x7fb3bc043ad8 (v0x7fb3bae4b5a0_0) S_0x7fb3bae4bc70;
L_0x7fb3bae9e8b0 .ufunc/vec4 TD_ICESTORM_RAM.pd, 1, o0x7fb3bc043a78 (v0x7fb3bae4b5a0_0) S_0x7fb3bae4bc70;
L_0x7fb3bae9e950 .ufunc/vec4 TD_ICESTORM_RAM.pd, 1, o0x7fb3bc043a48 (v0x7fb3bae4b5a0_0) S_0x7fb3bae4bc70;
LS_0x7fb3bae9e9f0_0_0 .concat [ 1 1 1 1], L_0x7fb3bae9e950, L_0x7fb3bae9e8b0, L_0x7fb3bae9e810, L_0x7fb3bae9e770;
LS_0x7fb3bae9e9f0_0_4 .concat [ 1 1 1 1], L_0x7fb3bae9e6d0, L_0x7fb3bae9e630, L_0x7fb3bae9e590, L_0x7fb3bae9e4f0;
LS_0x7fb3bae9e9f0_0_8 .concat [ 1 1 1 0], L_0x7fb3bae9e450, L_0x7fb3bac3a2d0, L_0x7fb3bac3a3e0;
L_0x7fb3bae9e9f0 .concat [ 4 4 3 0], LS_0x7fb3bae9e9f0_0_0, LS_0x7fb3bae9e9f0_0_4, LS_0x7fb3bae9e9f0_0_8;
L_0x7fb3bae9ec90 .ufunc/vec4 TD_ICESTORM_RAM.pd, 1, o0x7fb3bc0432f8 (v0x7fb3bae4b5a0_0) S_0x7fb3bae4bc70;
L_0x7fb3bae9ed30 .ufunc/vec4 TD_ICESTORM_RAM.pd, 1, o0x7fb3bc0432c8 (v0x7fb3bae4b5a0_0) S_0x7fb3bae4bc70;
L_0x7fb3bae9edd0 .ufunc/vec4 TD_ICESTORM_RAM.pd, 1, o0x7fb3bc043298 (v0x7fb3bae4b5a0_0) S_0x7fb3bae4bc70;
L_0x7fb3bae9ee70 .ufunc/vec4 TD_ICESTORM_RAM.pd, 1, o0x7fb3bc043268 (v0x7fb3bae4b5a0_0) S_0x7fb3bae4bc70;
L_0x7fb3bae9ef10 .ufunc/vec4 TD_ICESTORM_RAM.pd, 1, o0x7fb3bc043238 (v0x7fb3bae4b5a0_0) S_0x7fb3bae4bc70;
L_0x7fb3bae9efb0 .ufunc/vec4 TD_ICESTORM_RAM.pd, 1, o0x7fb3bc043208 (v0x7fb3bae4b5a0_0) S_0x7fb3bae4bc70;
L_0x7fb3bae9f090 .ufunc/vec4 TD_ICESTORM_RAM.pd, 1, o0x7fb3bc043478 (v0x7fb3bae4b5a0_0) S_0x7fb3bae4bc70;
L_0x7fb3bae9f170 .ufunc/vec4 TD_ICESTORM_RAM.pd, 1, o0x7fb3bc043448 (v0x7fb3bae4b5a0_0) S_0x7fb3bae4bc70;
L_0x7fb3bae9f250 .ufunc/vec4 TD_ICESTORM_RAM.pd, 1, o0x7fb3bc043418 (v0x7fb3bae4b5a0_0) S_0x7fb3bae4bc70;
L_0x7fb3bae9f330 .ufunc/vec4 TD_ICESTORM_RAM.pd, 1, o0x7fb3bc0433e8 (v0x7fb3bae4b5a0_0) S_0x7fb3bae4bc70;
L_0x7fb3bae9f410 .ufunc/vec4 TD_ICESTORM_RAM.pd, 1, o0x7fb3bc0433b8 (v0x7fb3bae4b5a0_0) S_0x7fb3bae4bc70;
L_0x7fb3bae9f4f0 .ufunc/vec4 TD_ICESTORM_RAM.pd, 1, o0x7fb3bc043388 (v0x7fb3bae4b5a0_0) S_0x7fb3bae4bc70;
L_0x7fb3bae9f5d0 .ufunc/vec4 TD_ICESTORM_RAM.pd, 1, o0x7fb3bc043358 (v0x7fb3bae4b5a0_0) S_0x7fb3bae4bc70;
L_0x7fb3bae9f6b0 .ufunc/vec4 TD_ICESTORM_RAM.pd, 1, o0x7fb3bc043328 (v0x7fb3bae4b5a0_0) S_0x7fb3bae4bc70;
L_0x7fb3bae9f790 .ufunc/vec4 TD_ICESTORM_RAM.pd, 1, o0x7fb3bc0431d8 (v0x7fb3bae4b5a0_0) S_0x7fb3bae4bc70;
L_0x7fb3bae9f870 .ufunc/vec4 TD_ICESTORM_RAM.pd, 1, o0x7fb3bc0431a8 (v0x7fb3bae4b5a0_0) S_0x7fb3bae4bc70;
LS_0x7fb3bae9f950_0_0 .concat [ 1 1 1 1], L_0x7fb3bae9f870, L_0x7fb3bae9f790, L_0x7fb3bae9f6b0, L_0x7fb3bae9f5d0;
LS_0x7fb3bae9f950_0_4 .concat [ 1 1 1 1], L_0x7fb3bae9f4f0, L_0x7fb3bae9f410, L_0x7fb3bae9f330, L_0x7fb3bae9f250;
LS_0x7fb3bae9f950_0_8 .concat [ 1 1 1 1], L_0x7fb3bae9f170, L_0x7fb3bae9f090, L_0x7fb3bae9efb0, L_0x7fb3bae9ef10;
LS_0x7fb3bae9f950_0_12 .concat [ 1 1 1 1], L_0x7fb3bae9ee70, L_0x7fb3bae9edd0, L_0x7fb3bae9ed30, L_0x7fb3bae9ec90;
L_0x7fb3bae9f950 .concat [ 4 4 4 4], LS_0x7fb3bae9f950_0_0, LS_0x7fb3bae9f950_0_4, LS_0x7fb3bae9f950_0_8, LS_0x7fb3bae9f950_0_12;
L_0x7fb3bae9fec0 .ufunc/vec4 TD_ICESTORM_RAM.pd, 1, o0x7fb3bc043e08 (v0x7fb3bae4b5a0_0) S_0x7fb3bae4bc70;
L_0x7fb3bae9ff60 .ufunc/vec4 TD_ICESTORM_RAM.pd, 1, o0x7fb3bc043dd8 (v0x7fb3bae4b5a0_0) S_0x7fb3bae4bc70;
L_0x7fb3baea0000 .ufunc/vec4 TD_ICESTORM_RAM.pd, 1, o0x7fb3bc043da8 (v0x7fb3bae4b5a0_0) S_0x7fb3bae4bc70;
L_0x7fb3baea00a0 .ufunc/vec4 TD_ICESTORM_RAM.pd, 1, o0x7fb3bc043d78 (v0x7fb3bae4b5a0_0) S_0x7fb3bae4bc70;
L_0x7fb3baea0140 .ufunc/vec4 TD_ICESTORM_RAM.pd, 1, o0x7fb3bc043d48 (v0x7fb3bae4b5a0_0) S_0x7fb3bae4bc70;
L_0x7fb3baea01e0 .ufunc/vec4 TD_ICESTORM_RAM.pd, 1, o0x7fb3bc043d18 (v0x7fb3bae4b5a0_0) S_0x7fb3bae4bc70;
L_0x7fb3baea0280 .ufunc/vec4 TD_ICESTORM_RAM.pd, 1, o0x7fb3bc043f88 (v0x7fb3bae4b5a0_0) S_0x7fb3bae4bc70;
L_0x7fb3baea0320 .ufunc/vec4 TD_ICESTORM_RAM.pd, 1, o0x7fb3bc043f58 (v0x7fb3bae4b5a0_0) S_0x7fb3bae4bc70;
L_0x7fb3baea03c0 .ufunc/vec4 TD_ICESTORM_RAM.pd, 1, o0x7fb3bc043f28 (v0x7fb3bae4b5a0_0) S_0x7fb3bae4bc70;
L_0x7fb3baea04a0 .ufunc/vec4 TD_ICESTORM_RAM.pd, 1, o0x7fb3bc043ef8 (v0x7fb3bae4b5a0_0) S_0x7fb3bae4bc70;
L_0x7fb3baea0580 .ufunc/vec4 TD_ICESTORM_RAM.pd, 1, o0x7fb3bc043ec8 (v0x7fb3bae4b5a0_0) S_0x7fb3bae4bc70;
L_0x7fb3baea0660 .ufunc/vec4 TD_ICESTORM_RAM.pd, 1, o0x7fb3bc043e98 (v0x7fb3bae4b5a0_0) S_0x7fb3bae4bc70;
L_0x7fb3baea0740 .ufunc/vec4 TD_ICESTORM_RAM.pd, 1, o0x7fb3bc043e68 (v0x7fb3bae4b5a0_0) S_0x7fb3bae4bc70;
L_0x7fb3baea0820 .ufunc/vec4 TD_ICESTORM_RAM.pd, 1, o0x7fb3bc043e38 (v0x7fb3bae4b5a0_0) S_0x7fb3bae4bc70;
L_0x7fb3baea0900 .ufunc/vec4 TD_ICESTORM_RAM.pd, 1, o0x7fb3bc043ce8 (v0x7fb3bae4b5a0_0) S_0x7fb3bae4bc70;
L_0x7fb3baea09e0 .ufunc/vec4 TD_ICESTORM_RAM.pd, 1, o0x7fb3bc043cb8 (v0x7fb3bae4b5a0_0) S_0x7fb3bae4bc70;
LS_0x7fb3baea0ac0_0_0 .concat [ 1 1 1 1], L_0x7fb3baea09e0, L_0x7fb3baea0900, L_0x7fb3baea0820, L_0x7fb3baea0740;
LS_0x7fb3baea0ac0_0_4 .concat [ 1 1 1 1], L_0x7fb3baea0660, L_0x7fb3baea0580, L_0x7fb3baea04a0, L_0x7fb3baea03c0;
LS_0x7fb3baea0ac0_0_8 .concat [ 1 1 1 1], L_0x7fb3baea0320, L_0x7fb3baea0280, L_0x7fb3baea01e0, L_0x7fb3baea0140;
LS_0x7fb3baea0ac0_0_12 .concat [ 1 1 1 1], L_0x7fb3baea00a0, L_0x7fb3baea0000, L_0x7fb3bae9ff60, L_0x7fb3bae9fec0;
L_0x7fb3baea0ac0 .concat [ 4 4 4 4], LS_0x7fb3baea0ac0_0_0, LS_0x7fb3baea0ac0_0_4, LS_0x7fb3baea0ac0_0_8, LS_0x7fb3baea0ac0_0_12;
S_0x7fb3bae8f260 .scope module, "RAM" "SB_RAM40_4K" 2 3233, 2 1487 0, S_0x7fb3bae731a0;
 .timescale -12 -12;
    .port_info 0 /OUTPUT 16 "RDATA";
    .port_info 1 /INPUT 1 "RCLK";
    .port_info 2 /INPUT 1 "RCLKE";
    .port_info 3 /INPUT 1 "RE";
    .port_info 4 /INPUT 11 "RADDR";
    .port_info 5 /INPUT 1 "WCLK";
    .port_info 6 /INPUT 1 "WCLKE";
    .port_info 7 /INPUT 1 "WE";
    .port_info 8 /INPUT 11 "WADDR";
    .port_info 9 /INPUT 16 "MASK";
    .port_info 10 /INPUT 16 "WDATA";
P_0x7fb3bb819a00 .param/l "INIT_0" 0 2 1507, C4<0000000000000000000000000000000000000000000000000000000000000000000000000000000000000000000000000000000000000000000000000000000000000000000000000000000000000000000000000000000000000000000000000000000000000000000000000000000000000000000000000000000000000000>;
P_0x7fb3bb819a40 .param/l "INIT_1" 0 2 1508, C4<0000000000000000000000000000000000000000000000000000000000000000000000000000000000000000000000000000000000000000000000000000000000000000000000000000000000000000000000000000000000000000000000000000000000000000000000000000000000000000000000000000000000000000>;
P_0x7fb3bb819a80 .param/l "INIT_2" 0 2 1509, C4<0000000000000000000000000000000000000000000000000000000000000000000000000000000000000000000000000000000000000000000000000000000000000000000000000000000000000000000000000000000000000000000000000000000000000000000000000000000000000000000000000000000000000000>;
P_0x7fb3bb819ac0 .param/l "INIT_3" 0 2 1510, C4<0000000000000000000000000000000000000000000000000000000000000000000000000000000000000000000000000000000000000000000000000000000000000000000000000000000000000000000000000000000000000000000000000000000000000000000000000000000000000000000000000000000000000000>;
P_0x7fb3bb819b00 .param/l "INIT_4" 0 2 1511, C4<0000000000000000000000000000000000000000000000000000000000000000000000000000000000000000000000000000000000000000000000000000000000000000000000000000000000000000000000000000000000000000000000000000000000000000000000000000000000000000000000000000000000000000>;
P_0x7fb3bb819b40 .param/l "INIT_5" 0 2 1512, C4<0000000000000000000000000000000000000000000000000000000000000000000000000000000000000000000000000000000000000000000000000000000000000000000000000000000000000000000000000000000000000000000000000000000000000000000000000000000000000000000000000000000000000000>;
P_0x7fb3bb819b80 .param/l "INIT_6" 0 2 1513, C4<0000000000000000000000000000000000000000000000000000000000000000000000000000000000000000000000000000000000000000000000000000000000000000000000000000000000000000000000000000000000000000000000000000000000000000000000000000000000000000000000000000000000000000>;
P_0x7fb3bb819bc0 .param/l "INIT_7" 0 2 1514, C4<0000000000000000000000000000000000000000000000000000000000000000000000000000000000000000000000000000000000000000000000000000000000000000000000000000000000000000000000000000000000000000000000000000000000000000000000000000000000000000000000000000000000000000>;
P_0x7fb3bb819c00 .param/l "INIT_8" 0 2 1515, C4<0000000000000000000000000000000000000000000000000000000000000000000000000000000000000000000000000000000000000000000000000000000000000000000000000000000000000000000000000000000000000000000000000000000000000000000000000000000000000000000000000000000000000000>;
P_0x7fb3bb819c40 .param/l "INIT_9" 0 2 1516, C4<0000000000000000000000000000000000000000000000000000000000000000000000000000000000000000000000000000000000000000000000000000000000000000000000000000000000000000000000000000000000000000000000000000000000000000000000000000000000000000000000000000000000000000>;
P_0x7fb3bb819c80 .param/l "INIT_A" 0 2 1517, C4<0000000000000000000000000000000000000000000000000000000000000000000000000000000000000000000000000000000000000000000000000000000000000000000000000000000000000000000000000000000000000000000000000000000000000000000000000000000000000000000000000000000000000000>;
P_0x7fb3bb819cc0 .param/l "INIT_B" 0 2 1518, C4<0000000000000000000000000000000000000000000000000000000000000000000000000000000000000000000000000000000000000000000000000000000000000000000000000000000000000000000000000000000000000000000000000000000000000000000000000000000000000000000000000000000000000000>;
P_0x7fb3bb819d00 .param/l "INIT_C" 0 2 1519, C4<0000000000000000000000000000000000000000000000000000000000000000000000000000000000000000000000000000000000000000000000000000000000000000000000000000000000000000000000000000000000000000000000000000000000000000000000000000000000000000000000000000000000000000>;
P_0x7fb3bb819d40 .param/l "INIT_D" 0 2 1520, C4<0000000000000000000000000000000000000000000000000000000000000000000000000000000000000000000000000000000000000000000000000000000000000000000000000000000000000000000000000000000000000000000000000000000000000000000000000000000000000000000000000000000000000000>;
P_0x7fb3bb819d80 .param/l "INIT_E" 0 2 1521, C4<0000000000000000000000000000000000000000000000000000000000000000000000000000000000000000000000000000000000000000000000000000000000000000000000000000000000000000000000000000000000000000000000000000000000000000000000000000000000000000000000000000000000000000>;
P_0x7fb3bb819dc0 .param/l "INIT_F" 0 2 1522, C4<0000000000000000000000000000000000000000000000000000000000000000000000000000000000000000000000000000000000000000000000000000000000000000000000000000000000000000000000000000000000000000000000000000000000000000000000000000000000000000000000000000000000000000>;
P_0x7fb3bb819e00 .param/str "INIT_FILE" 0 2 1524, "\000";
P_0x7fb3bb819e40 .param/l "READ_MODE" 0 2 1505, +C4<00000000000000000000000000000000>;
P_0x7fb3bb819e80 .param/l "WRITE_MODE" 0 2 1504, +C4<00000000000000000000000000000000>;
v0x7fb3bae65860_0 .net "MASK", 15 0, L_0x7fb3bae9f950;  1 drivers
v0x7fb3bae6b810_0 .net "RADDR", 10 0, L_0x7fb3bac39de0;  1 drivers
v0x7fb3bae70ff0_0 .net "RCLK", 0 0, L_0x7fb3bac38b80;  1 drivers
v0x7fb3bae70630_0 .net "RCLKE", 0 0, L_0x7fb3bac390f0;  1 drivers
v0x7fb3bae70970_0 .net "RDATA", 15 0, v0x7fb3bae70cb0_0;  1 drivers
v0x7fb3bae70cb0_0 .var "RDATA_I", 15 0;
v0x7fb3bae7b8a0_0 .net "RE", 0 0, L_0x7fb3bac39190;  1 drivers
L_0x7fb3bc0732d8 .functor BUFT 1, C4<0000000000000000>, C4<0>, C4<0>, C4<0>;
v0x7fb3bae7bc50_0 .net "RMASK_I", 15 0, L_0x7fb3bc0732d8;  1 drivers
v0x7fb3bae68db0_0 .net "WADDR", 10 0, L_0x7fb3bae9e9f0;  1 drivers
v0x7fb3bae68e40_0 .net "WCLK", 0 0, L_0x7fb3bac3a220;  1 drivers
v0x7fb3bae68a40_0 .net "WCLKE", 0 0, L_0x7fb3bac39d10;  1 drivers
v0x7fb3bae68ad0_0 .net "WDATA", 15 0, L_0x7fb3baea0ac0;  1 drivers
v0x7fb3bae65e30_0 .net "WDATA_I", 15 0, L_0x7fb3bac37e60;  1 drivers
v0x7fb3bae65ec0_0 .net "WE", 0 0, L_0x7fb3bac3a080;  1 drivers
v0x7fb3bae65ac0_0 .net "WMASK_I", 15 0, L_0x7fb3bac37d70;  1 drivers
v0x7fb3bae65b50_0 .var/i "i", 31 0;
v0x7fb3bae4c030 .array "memory", 255 0, 15 0;
E_0x7fb3bae76f40 .event posedge, v0x7fb3bae70ff0_0;
E_0x7fb3bae496a0 .event posedge, v0x7fb3bae68e40_0;
S_0x7fb3bae767a0 .scope generate, "genblk1" "genblk1" 2 1534, 2 1534 0, S_0x7fb3bae8f260;
 .timescale -12 -12;
L_0x7fb3bac37d70 .functor BUFZ 16, L_0x7fb3bae9f950, C4<0000000000000000>, C4<0000000000000000>, C4<0000000000000000>;
S_0x7fb3bae75da0 .scope generate, "genblk2" "genblk2" 2 1555, 2 1555 0, S_0x7fb3bae8f260;
 .timescale -12 -12;
S_0x7fb3bae74fd0 .scope generate, "genblk3" "genblk3" 2 1576, 2 1576 0, S_0x7fb3bae8f260;
 .timescale -12 -12;
L_0x7fb3bac37e60 .functor BUFZ 16, L_0x7fb3baea0ac0, C4<0000000000000000>, C4<0000000000000000>, C4<0000000000000000>;
S_0x7fb3bae6ba70 .scope generate, "genblk4" "genblk4" 2 1595, 2 1595 0, S_0x7fb3bae8f260;
 .timescale -12 -12;
S_0x7fb3bae4bc70 .scope function.vec4.s1, "pd" "pd" 2 3200, 2 3200 0, S_0x7fb3bae731a0;
 .timescale -12 -12;
; Variable pd is vec4 return value of scope S_0x7fb3bae4bc70
v0x7fb3bae4b5a0_0 .var "x", 0 0;
TD_ICESTORM_RAM.pd ;
    %load/vec4 v0x7fb3bae4b5a0_0;
    %cmpi/e 0, 1, 1;
    %flag_mov 8, 6;
    %jmp/0 T_0.0, 8;
    %pushi/vec4 0, 0, 1;
    %jmp/1 T_0.1, 8;
T_0.0 ; End of true expr.
    %load/vec4 v0x7fb3bae4b5a0_0;
    %jmp/0 T_0.1, 8;
 ; End of false expr.
    %blend;
T_0.1;
    %ret/vec4 0, 0, 1;  Assign to pd (store_vec4_to_lval)
    %end;
S_0x7fb3bae639b0 .scope function.vec4.s1, "pu" "pu" 2 3207, 2 3207 0, S_0x7fb3bae731a0;
 .timescale -12 -12;
; Variable pu is vec4 return value of scope S_0x7fb3bae639b0
v0x7fb3bae042a0_0 .var "x", 0 0;
TD_ICESTORM_RAM.pu ;
    %load/vec4 v0x7fb3bae042a0_0;
    %cmpi/e 0, 1, 1;
    %flag_mov 8, 6;
    %jmp/0 T_1.2, 8;
    %pushi/vec4 1, 0, 1;
    %jmp/1 T_1.3, 8;
T_1.2 ; End of true expr.
    %load/vec4 v0x7fb3bae042a0_0;
    %jmp/0 T_1.3, 8;
 ; End of false expr.
    %blend;
T_1.3;
    %ret/vec4 0, 0, 1;  Assign to pu (store_vec4_to_lval)
    %end;
S_0x7fb3baf85e20 .scope module, "SB_CARRY" "SB_CARRY" 2 228;
 .timescale -12 -12;
    .port_info 0 /OUTPUT 1 "CO";
    .port_info 1 /INPUT 1 "I0";
    .port_info 2 /INPUT 1 "I1";
    .port_info 3 /INPUT 1 "CI";
o0x7fb3bc045968 .functor BUFZ 1, C4<z>; HiZ drive
o0x7fb3bc045998 .functor BUFZ 1, C4<z>; HiZ drive
L_0x7fb3baea1030 .functor AND 1, o0x7fb3bc045968, o0x7fb3bc045998, C4<1>, C4<1>;
L_0x7fb3baea10a0 .functor OR 1, o0x7fb3bc045968, o0x7fb3bc045998, C4<0>, C4<0>;
o0x7fb3bc045908 .functor BUFZ 1, C4<z>; HiZ drive
L_0x7fb3baea1190 .functor AND 1, L_0x7fb3baea10a0, o0x7fb3bc045908, C4<1>, C4<1>;
L_0x7fb3baea1240 .functor OR 1, L_0x7fb3baea1030, L_0x7fb3baea1190, C4<0>, C4<0>;
v0x7fb3bae930b0_0 .net "CI", 0 0, o0x7fb3bc045908;  0 drivers
v0x7fb3bae93160_0 .net "CO", 0 0, L_0x7fb3baea1240;  1 drivers
v0x7fb3bae93200_0 .net "I0", 0 0, o0x7fb3bc045968;  0 drivers
v0x7fb3bae93290_0 .net "I1", 0 0, o0x7fb3bc045998;  0 drivers
v0x7fb3bae93320_0 .net *"_ivl_1", 0 0, L_0x7fb3baea1030;  1 drivers
v0x7fb3bae933b0_0 .net *"_ivl_3", 0 0, L_0x7fb3baea10a0;  1 drivers
v0x7fb3bae93450_0 .net *"_ivl_5", 0 0, L_0x7fb3baea1190;  1 drivers
S_0x7fb3baf893a0 .scope module, "SB_DFF" "SB_DFF" 2 265;
 .timescale -12 -12;
    .port_info 0 /OUTPUT 1 "Q";
    .port_info 1 /INPUT 1 "C";
    .port_info 2 /INPUT 1 "D";
o0x7fb3bc045b18 .functor BUFZ 1, C4<z>; HiZ drive
v0x7fb3bae93590_0 .net "C", 0 0, o0x7fb3bc045b18;  0 drivers
o0x7fb3bc045b48 .functor BUFZ 1, C4<z>; HiZ drive
v0x7fb3bae93640_0 .net "D", 0 0, o0x7fb3bc045b48;  0 drivers
v0x7fb3bae936e0_0 .var "Q", 0 0;
E_0x7fb3bae93530 .event posedge, v0x7fb3bae93590_0;
S_0x7fb3baf88640 .scope module, "SB_DFFE" "SB_DFFE" 2 303;
 .timescale -12 -12;
    .port_info 0 /OUTPUT 1 "Q";
    .port_info 1 /INPUT 1 "C";
    .port_info 2 /INPUT 1 "E";
    .port_info 3 /INPUT 1 "D";
o0x7fb3bc045c38 .functor BUFZ 1, C4<z>; HiZ drive
v0x7fb3bae93840_0 .net "C", 0 0, o0x7fb3bc045c38;  0 drivers
o0x7fb3bc045c68 .functor BUFZ 1, C4<z>; HiZ drive
v0x7fb3bae938f0_0 .net "D", 0 0, o0x7fb3bc045c68;  0 drivers
o0x7fb3bc045c98 .functor BUFZ 1, C4<z>; HiZ drive
v0x7fb3bae93990_0 .net "E", 0 0, o0x7fb3bc045c98;  0 drivers
v0x7fb3bae93a40_0 .var "Q", 0 0;
E_0x7fb3bae937e0 .event posedge, v0x7fb3bae93840_0;
S_0x7fb3baf878e0 .scope module, "SB_DFFER" "SB_DFFER" 2 653;
 .timescale -12 -12;
    .port_info 0 /OUTPUT 1 "Q";
    .port_info 1 /INPUT 1 "C";
    .port_info 2 /INPUT 1 "E";
    .port_info 3 /INPUT 1 "R";
    .port_info 4 /INPUT 1 "D";
o0x7fb3bc045db8 .functor BUFZ 1, C4<z>; HiZ drive
v0x7fb3bae93ba0_0 .net "C", 0 0, o0x7fb3bc045db8;  0 drivers
o0x7fb3bc045de8 .functor BUFZ 1, C4<z>; HiZ drive
v0x7fb3bae93c50_0 .net "D", 0 0, o0x7fb3bc045de8;  0 drivers
o0x7fb3bc045e18 .functor BUFZ 1, C4<z>; HiZ drive
v0x7fb3bae93cf0_0 .net "E", 0 0, o0x7fb3bc045e18;  0 drivers
v0x7fb3bae93da0_0 .var "Q", 0 0;
o0x7fb3bc045e78 .functor BUFZ 1, C4<z>; HiZ drive
v0x7fb3bae93e40_0 .net "R", 0 0, o0x7fb3bc045e78;  0 drivers
E_0x7fb3bae93b40 .event posedge, v0x7fb3bae93e40_0, v0x7fb3bae93ba0_0;
S_0x7fb3baf86b80 .scope module, "SB_DFFES" "SB_DFFES" 2 794;
 .timescale -12 -12;
    .port_info 0 /OUTPUT 1 "Q";
    .port_info 1 /INPUT 1 "C";
    .port_info 2 /INPUT 1 "E";
    .port_info 3 /INPUT 1 "S";
    .port_info 4 /INPUT 1 "D";
o0x7fb3bc045f98 .functor BUFZ 1, C4<z>; HiZ drive
v0x7fb3bae94000_0 .net "C", 0 0, o0x7fb3bc045f98;  0 drivers
o0x7fb3bc045fc8 .functor BUFZ 1, C4<z>; HiZ drive
v0x7fb3bae940b0_0 .net "D", 0 0, o0x7fb3bc045fc8;  0 drivers
o0x7fb3bc045ff8 .functor BUFZ 1, C4<z>; HiZ drive
v0x7fb3bae94150_0 .net "E", 0 0, o0x7fb3bc045ff8;  0 drivers
v0x7fb3bae941e0_0 .var "Q", 0 0;
o0x7fb3bc046058 .functor BUFZ 1, C4<z>; HiZ drive
v0x7fb3bae94280_0 .net "S", 0 0, o0x7fb3bc046058;  0 drivers
E_0x7fb3bae93fa0 .event posedge, v0x7fb3bae94280_0, v0x7fb3bae94000_0;
S_0x7fb3baf9d050 .scope module, "SB_DFFESR" "SB_DFFESR" 2 592;
 .timescale -12 -12;
    .port_info 0 /OUTPUT 1 "Q";
    .port_info 1 /INPUT 1 "C";
    .port_info 2 /INPUT 1 "E";
    .port_info 3 /INPUT 1 "R";
    .port_info 4 /INPUT 1 "D";
o0x7fb3bc046178 .functor BUFZ 1, C4<z>; HiZ drive
v0x7fb3bae94440_0 .net "C", 0 0, o0x7fb3bc046178;  0 drivers
o0x7fb3bc0461a8 .functor BUFZ 1, C4<z>; HiZ drive
v0x7fb3bae944f0_0 .net "D", 0 0, o0x7fb3bc0461a8;  0 drivers
o0x7fb3bc0461d8 .functor BUFZ 1, C4<z>; HiZ drive
v0x7fb3bae94590_0 .net "E", 0 0, o0x7fb3bc0461d8;  0 drivers
v0x7fb3bae94620_0 .var "Q", 0 0;
o0x7fb3bc046238 .functor BUFZ 1, C4<z>; HiZ drive
v0x7fb3bae946c0_0 .net "R", 0 0, o0x7fb3bc046238;  0 drivers
E_0x7fb3bae943e0 .event posedge, v0x7fb3bae94440_0;
S_0x7fb3baf992a0 .scope module, "SB_DFFESS" "SB_DFFESS" 2 733;
 .timescale -12 -12;
    .port_info 0 /OUTPUT 1 "Q";
    .port_info 1 /INPUT 1 "C";
    .port_info 2 /INPUT 1 "E";
    .port_info 3 /INPUT 1 "S";
    .port_info 4 /INPUT 1 "D";
o0x7fb3bc046358 .functor BUFZ 1, C4<z>; HiZ drive
v0x7fb3bae94880_0 .net "C", 0 0, o0x7fb3bc046358;  0 drivers
o0x7fb3bc046388 .functor BUFZ 1, C4<z>; HiZ drive
v0x7fb3bae94930_0 .net "D", 0 0, o0x7fb3bc046388;  0 drivers
o0x7fb3bc0463b8 .functor BUFZ 1, C4<z>; HiZ drive
v0x7fb3bae949d0_0 .net "E", 0 0, o0x7fb3bc0463b8;  0 drivers
v0x7fb3bae94a60_0 .var "Q", 0 0;
o0x7fb3bc046418 .functor BUFZ 1, C4<z>; HiZ drive
v0x7fb3bae94b00_0 .net "S", 0 0, o0x7fb3bc046418;  0 drivers
E_0x7fb3bae94820 .event posedge, v0x7fb3bae94880_0;
S_0x7fb3baf99d50 .scope module, "SB_DFFN" "SB_DFFN" 2 876;
 .timescale -12 -12;
    .port_info 0 /OUTPUT 1 "Q";
    .port_info 1 /INPUT 1 "C";
    .port_info 2 /INPUT 1 "D";
o0x7fb3bc046538 .functor BUFZ 1, C4<z>; HiZ drive
v0x7fb3bae94cc0_0 .net "C", 0 0, o0x7fb3bc046538;  0 drivers
o0x7fb3bc046568 .functor BUFZ 1, C4<z>; HiZ drive
v0x7fb3bae94d70_0 .net "D", 0 0, o0x7fb3bc046568;  0 drivers
v0x7fb3bae94e10_0 .var "Q", 0 0;
E_0x7fb3bae94c60 .event negedge, v0x7fb3bae94cc0_0;
S_0x7fb3baf99990 .scope module, "SB_DFFNE" "SB_DFFNE" 2 914;
 .timescale -12 -12;
    .port_info 0 /OUTPUT 1 "Q";
    .port_info 1 /INPUT 1 "C";
    .port_info 2 /INPUT 1 "E";
    .port_info 3 /INPUT 1 "D";
o0x7fb3bc046658 .functor BUFZ 1, C4<z>; HiZ drive
v0x7fb3bae94f50_0 .net "C", 0 0, o0x7fb3bc046658;  0 drivers
o0x7fb3bc046688 .functor BUFZ 1, C4<z>; HiZ drive
v0x7fb3bae95000_0 .net "D", 0 0, o0x7fb3bc046688;  0 drivers
o0x7fb3bc0466b8 .functor BUFZ 1, C4<z>; HiZ drive
v0x7fb3bae950a0_0 .net "E", 0 0, o0x7fb3bc0466b8;  0 drivers
v0x7fb3bae95150_0 .var "Q", 0 0;
E_0x7fb3bae94ef0 .event negedge, v0x7fb3bae94f50_0;
S_0x7fb3baf23750 .scope module, "SB_DFFNER" "SB_DFFNER" 2 1264;
 .timescale -12 -12;
    .port_info 0 /OUTPUT 1 "Q";
    .port_info 1 /INPUT 1 "C";
    .port_info 2 /INPUT 1 "E";
    .port_info 3 /INPUT 1 "R";
    .port_info 4 /INPUT 1 "D";
o0x7fb3bc0467d8 .functor BUFZ 1, C4<z>; HiZ drive
v0x7fb3bae952b0_0 .net "C", 0 0, o0x7fb3bc0467d8;  0 drivers
o0x7fb3bc046808 .functor BUFZ 1, C4<z>; HiZ drive
v0x7fb3bae95360_0 .net "D", 0 0, o0x7fb3bc046808;  0 drivers
o0x7fb3bc046838 .functor BUFZ 1, C4<z>; HiZ drive
v0x7fb3bae95400_0 .net "E", 0 0, o0x7fb3bc046838;  0 drivers
v0x7fb3bae954b0_0 .var "Q", 0 0;
o0x7fb3bc046898 .functor BUFZ 1, C4<z>; HiZ drive
v0x7fb3bae95550_0 .net "R", 0 0, o0x7fb3bc046898;  0 drivers
E_0x7fb3bae95250/0 .event negedge, v0x7fb3bae952b0_0;
E_0x7fb3bae95250/1 .event posedge, v0x7fb3bae95550_0;
E_0x7fb3bae95250 .event/or E_0x7fb3bae95250/0, E_0x7fb3bae95250/1;
S_0x7fb3baf089e0 .scope module, "SB_DFFNES" "SB_DFFNES" 2 1405;
 .timescale -12 -12;
    .port_info 0 /OUTPUT 1 "Q";
    .port_info 1 /INPUT 1 "C";
    .port_info 2 /INPUT 1 "E";
    .port_info 3 /INPUT 1 "S";
    .port_info 4 /INPUT 1 "D";
o0x7fb3bc0469b8 .functor BUFZ 1, C4<z>; HiZ drive
v0x7fb3bae95710_0 .net "C", 0 0, o0x7fb3bc0469b8;  0 drivers
o0x7fb3bc0469e8 .functor BUFZ 1, C4<z>; HiZ drive
v0x7fb3bae957c0_0 .net "D", 0 0, o0x7fb3bc0469e8;  0 drivers
o0x7fb3bc046a18 .functor BUFZ 1, C4<z>; HiZ drive
v0x7fb3bae95860_0 .net "E", 0 0, o0x7fb3bc046a18;  0 drivers
v0x7fb3bae958f0_0 .var "Q", 0 0;
o0x7fb3bc046a78 .functor BUFZ 1, C4<z>; HiZ drive
v0x7fb3bae95990_0 .net "S", 0 0, o0x7fb3bc046a78;  0 drivers
E_0x7fb3bae956b0/0 .event negedge, v0x7fb3bae95710_0;
E_0x7fb3bae956b0/1 .event posedge, v0x7fb3bae95990_0;
E_0x7fb3bae956b0 .event/or E_0x7fb3bae956b0/0, E_0x7fb3bae956b0/1;
S_0x7fb3baf1d9b0 .scope module, "SB_DFFNESR" "SB_DFFNESR" 2 1203;
 .timescale -12 -12;
    .port_info 0 /OUTPUT 1 "Q";
    .port_info 1 /INPUT 1 "C";
    .port_info 2 /INPUT 1 "E";
    .port_info 3 /INPUT 1 "R";
    .port_info 4 /INPUT 1 "D";
o0x7fb3bc046b98 .functor BUFZ 1, C4<z>; HiZ drive
v0x7fb3bae95b50_0 .net "C", 0 0, o0x7fb3bc046b98;  0 drivers
o0x7fb3bc046bc8 .functor BUFZ 1, C4<z>; HiZ drive
v0x7fb3bae95c00_0 .net "D", 0 0, o0x7fb3bc046bc8;  0 drivers
o0x7fb3bc046bf8 .functor BUFZ 1, C4<z>; HiZ drive
v0x7fb3bae95ca0_0 .net "E", 0 0, o0x7fb3bc046bf8;  0 drivers
v0x7fb3bae95d30_0 .var "Q", 0 0;
o0x7fb3bc046c58 .functor BUFZ 1, C4<z>; HiZ drive
v0x7fb3bae95dd0_0 .net "R", 0 0, o0x7fb3bc046c58;  0 drivers
E_0x7fb3bae95af0 .event negedge, v0x7fb3bae95b50_0;
S_0x7fb3baf1db20 .scope module, "SB_DFFNESS" "SB_DFFNESS" 2 1344;
 .timescale -12 -12;
    .port_info 0 /OUTPUT 1 "Q";
    .port_info 1 /INPUT 1 "C";
    .port_info 2 /INPUT 1 "E";
    .port_info 3 /INPUT 1 "S";
    .port_info 4 /INPUT 1 "D";
o0x7fb3bc046d78 .functor BUFZ 1, C4<z>; HiZ drive
v0x7fb3bae95f90_0 .net "C", 0 0, o0x7fb3bc046d78;  0 drivers
o0x7fb3bc046da8 .functor BUFZ 1, C4<z>; HiZ drive
v0x7fb3bae96040_0 .net "D", 0 0, o0x7fb3bc046da8;  0 drivers
o0x7fb3bc046dd8 .functor BUFZ 1, C4<z>; HiZ drive
v0x7fb3bae960e0_0 .net "E", 0 0, o0x7fb3bc046dd8;  0 drivers
v0x7fb3bae96170_0 .var "Q", 0 0;
o0x7fb3bc046e38 .functor BUFZ 1, C4<z>; HiZ drive
v0x7fb3bae96210_0 .net "S", 0 0, o0x7fb3bc046e38;  0 drivers
E_0x7fb3bae95f30 .event negedge, v0x7fb3bae95f90_0;
S_0x7fb3baf09430 .scope module, "SB_DFFNR" "SB_DFFNR" 2 1011;
 .timescale -12 -12;
    .port_info 0 /OUTPUT 1 "Q";
    .port_info 1 /INPUT 1 "C";
    .port_info 2 /INPUT 1 "R";
    .port_info 3 /INPUT 1 "D";
o0x7fb3bc046f58 .functor BUFZ 1, C4<z>; HiZ drive
v0x7fb3bae963d0_0 .net "C", 0 0, o0x7fb3bc046f58;  0 drivers
o0x7fb3bc046f88 .functor BUFZ 1, C4<z>; HiZ drive
v0x7fb3bae96480_0 .net "D", 0 0, o0x7fb3bc046f88;  0 drivers
v0x7fb3bae96520_0 .var "Q", 0 0;
o0x7fb3bc046fe8 .functor BUFZ 1, C4<z>; HiZ drive
v0x7fb3bae965b0_0 .net "R", 0 0, o0x7fb3bc046fe8;  0 drivers
E_0x7fb3bae96370/0 .event negedge, v0x7fb3bae963d0_0;
E_0x7fb3bae96370/1 .event posedge, v0x7fb3bae965b0_0;
E_0x7fb3bae96370 .event/or E_0x7fb3bae96370/0, E_0x7fb3bae96370/1;
S_0x7fb3baf125e0 .scope module, "SB_DFFNS" "SB_DFFNS" 2 1132;
 .timescale -12 -12;
    .port_info 0 /OUTPUT 1 "Q";
    .port_info 1 /INPUT 1 "C";
    .port_info 2 /INPUT 1 "S";
    .port_info 3 /INPUT 1 "D";
o0x7fb3bc0470d8 .functor BUFZ 1, C4<z>; HiZ drive
v0x7fb3bae96710_0 .net "C", 0 0, o0x7fb3bc0470d8;  0 drivers
o0x7fb3bc047108 .functor BUFZ 1, C4<z>; HiZ drive
v0x7fb3bae967c0_0 .net "D", 0 0, o0x7fb3bc047108;  0 drivers
v0x7fb3bae96860_0 .var "Q", 0 0;
o0x7fb3bc047168 .functor BUFZ 1, C4<z>; HiZ drive
v0x7fb3bae96910_0 .net "S", 0 0, o0x7fb3bc047168;  0 drivers
E_0x7fb3bae966b0/0 .event negedge, v0x7fb3bae96710_0;
E_0x7fb3bae966b0/1 .event posedge, v0x7fb3bae96910_0;
E_0x7fb3bae966b0 .event/or E_0x7fb3bae966b0/0, E_0x7fb3bae966b0/1;
S_0x7fb3baf12750 .scope module, "SB_DFFNSR" "SB_DFFNSR" 2 961;
 .timescale -12 -12;
    .port_info 0 /OUTPUT 1 "Q";
    .port_info 1 /INPUT 1 "C";
    .port_info 2 /INPUT 1 "R";
    .port_info 3 /INPUT 1 "D";
o0x7fb3bc047258 .functor BUFZ 1, C4<z>; HiZ drive
v0x7fb3bae96a70_0 .net "C", 0 0, o0x7fb3bc047258;  0 drivers
o0x7fb3bc047288 .functor BUFZ 1, C4<z>; HiZ drive
v0x7fb3bae96b20_0 .net "D", 0 0, o0x7fb3bc047288;  0 drivers
v0x7fb3bae96bc0_0 .var "Q", 0 0;
o0x7fb3bc0472e8 .functor BUFZ 1, C4<z>; HiZ drive
v0x7fb3bae96c70_0 .net "R", 0 0, o0x7fb3bc0472e8;  0 drivers
E_0x7fb3bae96a10 .event negedge, v0x7fb3bae96a70_0;
S_0x7fb3baf10010 .scope module, "SB_DFFNSS" "SB_DFFNSS" 2 1082;
 .timescale -12 -12;
    .port_info 0 /OUTPUT 1 "Q";
    .port_info 1 /INPUT 1 "C";
    .port_info 2 /INPUT 1 "S";
    .port_info 3 /INPUT 1 "D";
o0x7fb3bc0473d8 .functor BUFZ 1, C4<z>; HiZ drive
v0x7fb3bae96dd0_0 .net "C", 0 0, o0x7fb3bc0473d8;  0 drivers
o0x7fb3bc047408 .functor BUFZ 1, C4<z>; HiZ drive
v0x7fb3bae96e80_0 .net "D", 0 0, o0x7fb3bc047408;  0 drivers
v0x7fb3bae96f20_0 .var "Q", 0 0;
o0x7fb3bc047468 .functor BUFZ 1, C4<z>; HiZ drive
v0x7fb3bae96fd0_0 .net "S", 0 0, o0x7fb3bc047468;  0 drivers
E_0x7fb3bae96d70 .event negedge, v0x7fb3bae96dd0_0;
S_0x7fb3baf10180 .scope module, "SB_DFFR" "SB_DFFR" 2 400;
 .timescale -12 -12;
    .port_info 0 /OUTPUT 1 "Q";
    .port_info 1 /INPUT 1 "C";
    .port_info 2 /INPUT 1 "R";
    .port_info 3 /INPUT 1 "D";
o0x7fb3bc047558 .functor BUFZ 1, C4<z>; HiZ drive
v0x7fb3bae97130_0 .net "C", 0 0, o0x7fb3bc047558;  0 drivers
o0x7fb3bc047588 .functor BUFZ 1, C4<z>; HiZ drive
v0x7fb3bae971e0_0 .net "D", 0 0, o0x7fb3bc047588;  0 drivers
v0x7fb3bae97280_0 .var "Q", 0 0;
o0x7fb3bc0475e8 .functor BUFZ 1, C4<z>; HiZ drive
v0x7fb3bae97330_0 .net "R", 0 0, o0x7fb3bc0475e8;  0 drivers
E_0x7fb3bae970d0 .event posedge, v0x7fb3bae97330_0, v0x7fb3bae97130_0;
S_0x7fb3baf1c680 .scope module, "SB_DFFS" "SB_DFFS" 2 521;
 .timescale -12 -12;
    .port_info 0 /OUTPUT 1 "Q";
    .port_info 1 /INPUT 1 "C";
    .port_info 2 /INPUT 1 "S";
    .port_info 3 /INPUT 1 "D";
o0x7fb3bc0476d8 .functor BUFZ 1, C4<z>; HiZ drive
v0x7fb3bae97490_0 .net "C", 0 0, o0x7fb3bc0476d8;  0 drivers
o0x7fb3bc047708 .functor BUFZ 1, C4<z>; HiZ drive
v0x7fb3bae97540_0 .net "D", 0 0, o0x7fb3bc047708;  0 drivers
v0x7fb3bae975e0_0 .var "Q", 0 0;
o0x7fb3bc047768 .functor BUFZ 1, C4<z>; HiZ drive
v0x7fb3bae97690_0 .net "S", 0 0, o0x7fb3bc047768;  0 drivers
E_0x7fb3bae97430 .event posedge, v0x7fb3bae97690_0, v0x7fb3bae97490_0;
S_0x7fb3baf1c7f0 .scope module, "SB_DFFSR" "SB_DFFSR" 2 350;
 .timescale -12 -12;
    .port_info 0 /OUTPUT 1 "Q";
    .port_info 1 /INPUT 1 "C";
    .port_info 2 /INPUT 1 "R";
    .port_info 3 /INPUT 1 "D";
o0x7fb3bc047858 .functor BUFZ 1, C4<z>; HiZ drive
v0x7fb3bae977f0_0 .net "C", 0 0, o0x7fb3bc047858;  0 drivers
o0x7fb3bc047888 .functor BUFZ 1, C4<z>; HiZ drive
v0x7fb3bae978a0_0 .net "D", 0 0, o0x7fb3bc047888;  0 drivers
v0x7fb3bae97940_0 .var "Q", 0 0;
o0x7fb3bc0478e8 .functor BUFZ 1, C4<z>; HiZ drive
v0x7fb3bae979f0_0 .net "R", 0 0, o0x7fb3bc0478e8;  0 drivers
E_0x7fb3bae97790 .event posedge, v0x7fb3bae977f0_0;
S_0x7fb3baf0cdc0 .scope module, "SB_DFFSS" "SB_DFFSS" 2 471;
 .timescale -12 -12;
    .port_info 0 /OUTPUT 1 "Q";
    .port_info 1 /INPUT 1 "C";
    .port_info 2 /INPUT 1 "S";
    .port_info 3 /INPUT 1 "D";
o0x7fb3bc0479d8 .functor BUFZ 1, C4<z>; HiZ drive
v0x7fb3bae97b50_0 .net "C", 0 0, o0x7fb3bc0479d8;  0 drivers
o0x7fb3bc047a08 .functor BUFZ 1, C4<z>; HiZ drive
v0x7fb3bae97c00_0 .net "D", 0 0, o0x7fb3bc047a08;  0 drivers
v0x7fb3bae97ca0_0 .var "Q", 0 0;
o0x7fb3bc047a68 .functor BUFZ 1, C4<z>; HiZ drive
v0x7fb3bae97d50_0 .net "S", 0 0, o0x7fb3bc047a68;  0 drivers
E_0x7fb3bae97af0 .event posedge, v0x7fb3bae97b50_0;
S_0x7fb3baf0cf30 .scope module, "SB_FILTER_50NS" "SB_FILTER_50NS" 2 2856;
 .timescale -12 -12;
    .port_info 0 /INPUT 1 "FILTERIN";
    .port_info 1 /OUTPUT 1 "FILTEROUT";
o0x7fb3bc047b58 .functor BUFZ 1, C4<z>; HiZ drive
v0x7fb3bae97e50_0 .net "FILTERIN", 0 0, o0x7fb3bc047b58;  0 drivers
o0x7fb3bc047b88 .functor BUFZ 1, C4<z>; HiZ drive
v0x7fb3bae97f00_0 .net "FILTEROUT", 0 0, o0x7fb3bc047b88;  0 drivers
S_0x7fb3baf0bd40 .scope module, "SB_GB" "SB_GB" 2 162;
 .timescale -12 -12;
    .port_info 0 /INPUT 1 "USER_SIGNAL_TO_GLOBAL_BUFFER";
    .port_info 1 /OUTPUT 1 "GLOBAL_BUFFER_OUTPUT";
o0x7fb3bc047c48 .functor BUFZ 1, C4<z>; HiZ drive
L_0x7fb3baea1330 .functor BUFZ 1, o0x7fb3bc047c48, C4<0>, C4<0>, C4<0>;
v0x7fb3bae97fd0_0 .net "GLOBAL_BUFFER_OUTPUT", 0 0, L_0x7fb3baea1330;  1 drivers
v0x7fb3bae98080_0 .net "USER_SIGNAL_TO_GLOBAL_BUFFER", 0 0, o0x7fb3bc047c48;  0 drivers
S_0x7fb3baf0beb0 .scope module, "SB_GB_IO" "SB_GB_IO" 2 123;
 .timescale -12 -12;
    .port_info 0 /INOUT 1 "PACKAGE_PIN";
    .port_info 1 /OUTPUT 1 "GLOBAL_BUFFER_OUTPUT";
    .port_info 2 /INPUT 1 "LATCH_INPUT_VALUE";
    .port_info 3 /INPUT 1 "CLOCK_ENABLE";
    .port_info 4 /INPUT 1 "INPUT_CLK";
    .port_info 5 /INPUT 1 "OUTPUT_CLK";
    .port_info 6 /INPUT 1 "OUTPUT_ENABLE";
    .port_info 7 /INPUT 1 "D_OUT_0";
    .port_info 8 /INPUT 1 "D_OUT_1";
    .port_info 9 /OUTPUT 1 "D_IN_0";
    .port_info 10 /OUTPUT 1 "D_IN_1";
P_0x7fb3baf11340 .param/str "IO_STANDARD" 0 2 139, "SB_LVCMOS";
P_0x7fb3baf11380 .param/l "NEG_TRIGGER" 0 2 138, C4<0>;
P_0x7fb3baf113c0 .param/l "PIN_TYPE" 0 2 136, C4<000000>;
P_0x7fb3baf11400 .param/l "PULLUP" 0 2 137, C4<0>;
o0x7fb3bc047e88 .functor BUFZ 1, C4<z>; HiZ drive
L_0x7fb3baea13a0 .functor BUFZ 1, o0x7fb3bc047e88, C4<0>, C4<0>, C4<0>;
o0x7fb3bc047cd8 .functor BUFZ 1, C4<z>; HiZ drive
v0x7fb3bae99db0_0 .net "CLOCK_ENABLE", 0 0, o0x7fb3bc047cd8;  0 drivers
v0x7fb3bae99e40_0 .net "D_IN_0", 0 0, L_0x7fb3baea15e0;  1 drivers
v0x7fb3bae99ed0_0 .net "D_IN_1", 0 0, L_0x7fb3baea1690;  1 drivers
o0x7fb3bc047d68 .functor BUFZ 1, C4<z>; HiZ drive
v0x7fb3bae99f60_0 .net "D_OUT_0", 0 0, o0x7fb3bc047d68;  0 drivers
o0x7fb3bc047d98 .functor BUFZ 1, C4<z>; HiZ drive
v0x7fb3bae99ff0_0 .net "D_OUT_1", 0 0, o0x7fb3bc047d98;  0 drivers
v0x7fb3bae9a0c0_0 .net "GLOBAL_BUFFER_OUTPUT", 0 0, L_0x7fb3baea13a0;  1 drivers
o0x7fb3bc047dc8 .functor BUFZ 1, C4<z>; HiZ drive
v0x7fb3bae9a150_0 .net "INPUT_CLK", 0 0, o0x7fb3bc047dc8;  0 drivers
o0x7fb3bc047df8 .functor BUFZ 1, C4<z>; HiZ drive
v0x7fb3bae9a1e0_0 .net "LATCH_INPUT_VALUE", 0 0, o0x7fb3bc047df8;  0 drivers
o0x7fb3bc047e28 .functor BUFZ 1, C4<z>; HiZ drive
v0x7fb3bae9a290_0 .net "OUTPUT_CLK", 0 0, o0x7fb3bc047e28;  0 drivers
o0x7fb3bc047e58 .functor BUFZ 1, C4<z>; HiZ drive
v0x7fb3bae9a3c0_0 .net "OUTPUT_ENABLE", 0 0, o0x7fb3bc047e58;  0 drivers
v0x7fb3bae9a450_0 .net "PACKAGE_PIN", 0 0, o0x7fb3bc047e88;  0 drivers
S_0x7fb3bae98150 .scope module, "IO" "SB_IO" 2 148, 2 17 0, S_0x7fb3baf0beb0;
 .timescale -12 -12;
    .port_info 0 /INOUT 1 "PACKAGE_PIN";
    .port_info 1 /INPUT 1 "LATCH_INPUT_VALUE";
    .port_info 2 /INPUT 1 "CLOCK_ENABLE";
    .port_info 3 /INPUT 1 "INPUT_CLK";
    .port_info 4 /INPUT 1 "OUTPUT_CLK";
    .port_info 5 /INPUT 1 "OUTPUT_ENABLE";
    .port_info 6 /INPUT 1 "D_OUT_0";
    .port_info 7 /INPUT 1 "D_OUT_1";
    .port_info 8 /OUTPUT 1 "D_IN_0";
    .port_info 9 /OUTPUT 1 "D_IN_1";
P_0x7fb3bae98320 .param/str "IO_STANDARD" 0 2 32, "SB_LVCMOS";
P_0x7fb3bae98360 .param/l "NEG_TRIGGER" 0 2 31, C4<0>;
P_0x7fb3bae983a0 .param/l "PIN_TYPE" 0 2 29, C4<000000>;
P_0x7fb3bae983e0 .param/l "PULLUP" 0 2 30, C4<0>;
L_0x7fb3baea1530 .functor OR 1, o0x7fb3bc047cd8, L_0x7fb3baea1450, C4<0>, C4<0>;
L_0x7fb3baea15e0 .functor BUFZ 1, v0x7fb3bae995c0_0, C4<0>, C4<0>, C4<0>;
L_0x7fb3baea1690 .functor BUFZ 1, v0x7fb3bae99660_0, C4<0>, C4<0>, C4<0>;
v0x7fb3bae98b90_0 .net "CLOCK_ENABLE", 0 0, o0x7fb3bc047cd8;  alias, 0 drivers
v0x7fb3bae98c40_0 .net "D_IN_0", 0 0, L_0x7fb3baea15e0;  alias, 1 drivers
v0x7fb3bae98ce0_0 .net "D_IN_1", 0 0, L_0x7fb3baea1690;  alias, 1 drivers
v0x7fb3bae98d90_0 .net "D_OUT_0", 0 0, o0x7fb3bc047d68;  alias, 0 drivers
v0x7fb3bae98e30_0 .net "D_OUT_1", 0 0, o0x7fb3bc047d98;  alias, 0 drivers
v0x7fb3bae98f10_0 .net "INPUT_CLK", 0 0, o0x7fb3bc047dc8;  alias, 0 drivers
v0x7fb3bae98fb0_0 .net "LATCH_INPUT_VALUE", 0 0, o0x7fb3bc047df8;  alias, 0 drivers
v0x7fb3bae99050_0 .net "OUTPUT_CLK", 0 0, o0x7fb3bc047e28;  alias, 0 drivers
v0x7fb3bae990f0_0 .net "OUTPUT_ENABLE", 0 0, o0x7fb3bc047e58;  alias, 0 drivers
v0x7fb3bae99200_0 .net "PACKAGE_PIN", 0 0, o0x7fb3bc047e88;  alias, 0 drivers
o0x7fb3bc047eb8 .functor BUFZ 1, C4<z>; HiZ drive
; Elide local net with no drivers, v0x7fb3bae99290_0 name=_ivl_0
v0x7fb3bae99340_0 .net *"_ivl_2", 0 0, L_0x7fb3baea1450;  1 drivers
v0x7fb3bae993e0_0 .net "clken_pulled", 0 0, L_0x7fb3baea1530;  1 drivers
v0x7fb3bae99480_0 .var "clken_pulled_ri", 0 0;
v0x7fb3bae99520_0 .var "clken_pulled_ro", 0 0;
v0x7fb3bae995c0_0 .var "din_0", 0 0;
v0x7fb3bae99660_0 .var "din_1", 0 0;
v0x7fb3bae997f0_0 .var "din_q_0", 0 0;
v0x7fb3bae99880_0 .var "din_q_1", 0 0;
v0x7fb3bae99910_0 .var "dout", 0 0;
v0x7fb3bae999a0_0 .var "dout_q_0", 0 0;
v0x7fb3bae99a40_0 .var "dout_q_1", 0 0;
v0x7fb3bae99ae0_0 .var "outclk_delayed_1", 0 0;
v0x7fb3bae99b80_0 .var "outclk_delayed_2", 0 0;
v0x7fb3bae99c20_0 .var "outena_q", 0 0;
E_0x7fb3bae98720 .event anyedge, v0x7fb3bae99b80_0, v0x7fb3bae999a0_0, v0x7fb3bae99a40_0;
E_0x7fb3bae98760 .event anyedge, v0x7fb3bae99ae0_0;
E_0x7fb3bae987b0 .event anyedge, v0x7fb3bae99050_0;
E_0x7fb3bae98810 .event anyedge, v0x7fb3bae997f0_0, v0x7fb3bae99880_0;
L_0x7fb3baea1450 .cmp/eeq 1, o0x7fb3bc047cd8, o0x7fb3bc047eb8;
S_0x7fb3bae98860 .scope generate, "genblk1" "genblk1" 2 45, 2 45 0, S_0x7fb3bae98150;
 .timescale -12 -12;
E_0x7fb3bae98a30 .event posedge, v0x7fb3bae99050_0;
E_0x7fb3bae98a90 .event negedge, v0x7fb3bae99050_0;
E_0x7fb3bae98ae0 .event negedge, v0x7fb3bae98f10_0;
E_0x7fb3bae98b40 .event posedge, v0x7fb3bae98f10_0;
S_0x7fb3baf0ed70 .scope module, "SB_HFOSC" "SB_HFOSC" 2 2664;
 .timescale -12 -12;
    .port_info 0 /INPUT 1 "TRIM0";
    .port_info 1 /INPUT 1 "TRIM1";
    .port_info 2 /INPUT 1 "TRIM2";
    .port_info 3 /INPUT 1 "TRIM3";
    .port_info 4 /INPUT 1 "TRIM4";
    .port_info 5 /INPUT 1 "TRIM5";
    .port_info 6 /INPUT 1 "TRIM6";
    .port_info 7 /INPUT 1 "TRIM7";
    .port_info 8 /INPUT 1 "TRIM8";
    .port_info 9 /INPUT 1 "TRIM9";
    .port_info 10 /INPUT 1 "CLKHFPU";
    .port_info 11 /INPUT 1 "CLKHFEN";
    .port_info 12 /OUTPUT 1 "CLKHF";
P_0x7fb3baf20810 .param/str "CLKHF_DIV" 0 2 2680, "0b00";
P_0x7fb3baf20850 .param/str "TRIM_EN" 0 2 2679, "0b0";
o0x7fb3bc0485a8 .functor BUFZ 1, C4<z>; HiZ drive
v0x7fb3bae9a550_0 .net "CLKHF", 0 0, o0x7fb3bc0485a8;  0 drivers
o0x7fb3bc0485d8 .functor BUFZ 1, C4<z>; HiZ drive
v0x7fb3bae9a600_0 .net "CLKHFEN", 0 0, o0x7fb3bc0485d8;  0 drivers
o0x7fb3bc048608 .functor BUFZ 1, C4<z>; HiZ drive
v0x7fb3bae9a6a0_0 .net "CLKHFPU", 0 0, o0x7fb3bc048608;  0 drivers
o0x7fb3bc048638 .functor BUFZ 1, C4<z>; HiZ drive
v0x7fb3baf05870_0 .net "TRIM0", 0 0, o0x7fb3bc048638;  0 drivers
o0x7fb3bc048668 .functor BUFZ 1, C4<z>; HiZ drive
v0x7fb3baf05900_0 .net "TRIM1", 0 0, o0x7fb3bc048668;  0 drivers
o0x7fb3bc048698 .functor BUFZ 1, C4<z>; HiZ drive
v0x7fb3baf059d0_0 .net "TRIM2", 0 0, o0x7fb3bc048698;  0 drivers
o0x7fb3bc0486c8 .functor BUFZ 1, C4<z>; HiZ drive
v0x7fb3bafa8df0_0 .net "TRIM3", 0 0, o0x7fb3bc0486c8;  0 drivers
o0x7fb3bc0486f8 .functor BUFZ 1, C4<z>; HiZ drive
v0x7fb3bafa8e80_0 .net "TRIM4", 0 0, o0x7fb3bc0486f8;  0 drivers
o0x7fb3bc048728 .functor BUFZ 1, C4<z>; HiZ drive
v0x7fb3bafa8f10_0 .net "TRIM5", 0 0, o0x7fb3bc048728;  0 drivers
o0x7fb3bc048758 .functor BUFZ 1, C4<z>; HiZ drive
v0x7fb3bafa9020_0 .net "TRIM6", 0 0, o0x7fb3bc048758;  0 drivers
o0x7fb3bc048788 .functor BUFZ 1, C4<z>; HiZ drive
v0x7fb3bafa90b0_0 .net "TRIM7", 0 0, o0x7fb3bc048788;  0 drivers
o0x7fb3bc0487b8 .functor BUFZ 1, C4<z>; HiZ drive
v0x7fb3bafa9140_0 .net "TRIM8", 0 0, o0x7fb3bc0487b8;  0 drivers
o0x7fb3bc0487e8 .functor BUFZ 1, C4<z>; HiZ drive
v0x7fb3bafa91d0_0 .net "TRIM9", 0 0, o0x7fb3bc0487e8;  0 drivers
S_0x7fb3baf0dc20 .scope module, "SB_I2C" "SB_I2C" 2 2733;
 .timescale -12 -12;
    .port_info 0 /INPUT 1 "SBCLKI";
    .port_info 1 /INPUT 1 "SBRWI";
    .port_info 2 /INPUT 1 "SBSTBI";
    .port_info 3 /INPUT 1 "SBADRI7";
    .port_info 4 /INPUT 1 "SBADRI6";
    .port_info 5 /INPUT 1 "SBADRI5";
    .port_info 6 /INPUT 1 "SBADRI4";
    .port_info 7 /INPUT 1 "SBADRI3";
    .port_info 8 /INPUT 1 "SBADRI2";
    .port_info 9 /INPUT 1 "SBADRI1";
    .port_info 10 /INPUT 1 "SBADRI0";
    .port_info 11 /INPUT 1 "SBDATI7";
    .port_info 12 /INPUT 1 "SBDATI6";
    .port_info 13 /INPUT 1 "SBDATI5";
    .port_info 14 /INPUT 1 "SBDATI4";
    .port_info 15 /INPUT 1 "SBDATI3";
    .port_info 16 /INPUT 1 "SBDATI2";
    .port_info 17 /INPUT 1 "SBDATI1";
    .port_info 18 /INPUT 1 "SBDATI0";
    .port_info 19 /INPUT 1 "SCLI";
    .port_info 20 /INPUT 1 "SDAI";
    .port_info 21 /OUTPUT 1 "SBDATO7";
    .port_info 22 /OUTPUT 1 "SBDATO6";
    .port_info 23 /OUTPUT 1 "SBDATO5";
    .port_info 24 /OUTPUT 1 "SBDATO4";
    .port_info 25 /OUTPUT 1 "SBDATO3";
    .port_info 26 /OUTPUT 1 "SBDATO2";
    .port_info 27 /OUTPUT 1 "SBDATO1";
    .port_info 28 /OUTPUT 1 "SBDATO0";
    .port_info 29 /OUTPUT 1 "SBACKO";
    .port_info 30 /OUTPUT 1 "I2CIRQ";
    .port_info 31 /OUTPUT 1 "I2CWKUP";
    .port_info 32 /OUTPUT 1 "SCLO";
    .port_info 33 /OUTPUT 1 "SCLOE";
    .port_info 34 /OUTPUT 1 "SDAO";
    .port_info 35 /OUTPUT 1 "SDAOE";
P_0x7fb3baf0f080 .param/str "BUS_ADDR74" 0 2 2772, "0b0001";
P_0x7fb3baf0f0c0 .param/str "I2C_SLAVE_INIT_ADDR" 0 2 2771, "0b1111100001";
o0x7fb3bc048a88 .functor BUFZ 1, C4<z>; HiZ drive
v0x7fb3bafa9260_0 .net "I2CIRQ", 0 0, o0x7fb3bc048a88;  0 drivers
o0x7fb3bc048ab8 .functor BUFZ 1, C4<z>; HiZ drive
v0x7fb3bafa92f0_0 .net "I2CWKUP", 0 0, o0x7fb3bc048ab8;  0 drivers
o0x7fb3bc048ae8 .functor BUFZ 1, C4<z>; HiZ drive
v0x7fb3bafa9380_0 .net "SBACKO", 0 0, o0x7fb3bc048ae8;  0 drivers
o0x7fb3bc048b18 .functor BUFZ 1, C4<z>; HiZ drive
v0x7fb3bafa9410_0 .net "SBADRI0", 0 0, o0x7fb3bc048b18;  0 drivers
o0x7fb3bc048b48 .functor BUFZ 1, C4<z>; HiZ drive
v0x7fb3bafa94a0_0 .net "SBADRI1", 0 0, o0x7fb3bc048b48;  0 drivers
o0x7fb3bc048b78 .functor BUFZ 1, C4<z>; HiZ drive
v0x7fb3bafa9530_0 .net "SBADRI2", 0 0, o0x7fb3bc048b78;  0 drivers
o0x7fb3bc048ba8 .functor BUFZ 1, C4<z>; HiZ drive
v0x7fb3bafa95c0_0 .net "SBADRI3", 0 0, o0x7fb3bc048ba8;  0 drivers
o0x7fb3bc048bd8 .functor BUFZ 1, C4<z>; HiZ drive
v0x7fb3bafa9650_0 .net "SBADRI4", 0 0, o0x7fb3bc048bd8;  0 drivers
o0x7fb3bc048c08 .functor BUFZ 1, C4<z>; HiZ drive
v0x7fb3bafa96e0_0 .net "SBADRI5", 0 0, o0x7fb3bc048c08;  0 drivers
o0x7fb3bc048c38 .functor BUFZ 1, C4<z>; HiZ drive
v0x7fb3bafa97f0_0 .net "SBADRI6", 0 0, o0x7fb3bc048c38;  0 drivers
o0x7fb3bc048c68 .functor BUFZ 1, C4<z>; HiZ drive
v0x7fb3bafa9880_0 .net "SBADRI7", 0 0, o0x7fb3bc048c68;  0 drivers
o0x7fb3bc048c98 .functor BUFZ 1, C4<z>; HiZ drive
v0x7fb3bafa9910_0 .net "SBCLKI", 0 0, o0x7fb3bc048c98;  0 drivers
o0x7fb3bc048cc8 .functor BUFZ 1, C4<z>; HiZ drive
v0x7fb3bafa99a0_0 .net "SBDATI0", 0 0, o0x7fb3bc048cc8;  0 drivers
o0x7fb3bc048cf8 .functor BUFZ 1, C4<z>; HiZ drive
v0x7fb3bafa9a30_0 .net "SBDATI1", 0 0, o0x7fb3bc048cf8;  0 drivers
o0x7fb3bc048d28 .functor BUFZ 1, C4<z>; HiZ drive
v0x7fb3bafa9ac0_0 .net "SBDATI2", 0 0, o0x7fb3bc048d28;  0 drivers
o0x7fb3bc048d58 .functor BUFZ 1, C4<z>; HiZ drive
v0x7fb3bafa9b50_0 .net "SBDATI3", 0 0, o0x7fb3bc048d58;  0 drivers
o0x7fb3bc048d88 .functor BUFZ 1, C4<z>; HiZ drive
v0x7fb3bafa9be0_0 .net "SBDATI4", 0 0, o0x7fb3bc048d88;  0 drivers
o0x7fb3bc048db8 .functor BUFZ 1, C4<z>; HiZ drive
v0x7fb3bafa9d70_0 .net "SBDATI5", 0 0, o0x7fb3bc048db8;  0 drivers
o0x7fb3bc048de8 .functor BUFZ 1, C4<z>; HiZ drive
v0x7fb3bafa9e00_0 .net "SBDATI6", 0 0, o0x7fb3bc048de8;  0 drivers
o0x7fb3bc048e18 .functor BUFZ 1, C4<z>; HiZ drive
v0x7fb3bafa9e90_0 .net "SBDATI7", 0 0, o0x7fb3bc048e18;  0 drivers
o0x7fb3bc048e48 .functor BUFZ 1, C4<z>; HiZ drive
v0x7fb3bafa9f20_0 .net "SBDATO0", 0 0, o0x7fb3bc048e48;  0 drivers
o0x7fb3bc048e78 .functor BUFZ 1, C4<z>; HiZ drive
v0x7fb3bafa9fb0_0 .net "SBDATO1", 0 0, o0x7fb3bc048e78;  0 drivers
o0x7fb3bc048ea8 .functor BUFZ 1, C4<z>; HiZ drive
v0x7fb3bafaa040_0 .net "SBDATO2", 0 0, o0x7fb3bc048ea8;  0 drivers
o0x7fb3bc048ed8 .functor BUFZ 1, C4<z>; HiZ drive
v0x7fb3bafaa0d0_0 .net "SBDATO3", 0 0, o0x7fb3bc048ed8;  0 drivers
o0x7fb3bc048f08 .functor BUFZ 1, C4<z>; HiZ drive
v0x7fb3bafaa160_0 .net "SBDATO4", 0 0, o0x7fb3bc048f08;  0 drivers
o0x7fb3bc048f38 .functor BUFZ 1, C4<z>; HiZ drive
v0x7fb3bafaa1f0_0 .net "SBDATO5", 0 0, o0x7fb3bc048f38;  0 drivers
o0x7fb3bc048f68 .functor BUFZ 1, C4<z>; HiZ drive
v0x7fb3bafaa280_0 .net "SBDATO6", 0 0, o0x7fb3bc048f68;  0 drivers
o0x7fb3bc048f98 .functor BUFZ 1, C4<z>; HiZ drive
v0x7fb3bafaa310_0 .net "SBDATO7", 0 0, o0x7fb3bc048f98;  0 drivers
o0x7fb3bc048fc8 .functor BUFZ 1, C4<z>; HiZ drive
v0x7fb3bafaa3a0_0 .net "SBRWI", 0 0, o0x7fb3bc048fc8;  0 drivers
o0x7fb3bc048ff8 .functor BUFZ 1, C4<z>; HiZ drive
v0x7fb3bafaa430_0 .net "SBSTBI", 0 0, o0x7fb3bc048ff8;  0 drivers
o0x7fb3bc049028 .functor BUFZ 1, C4<z>; HiZ drive
v0x7fb3bafaa4c0_0 .net "SCLI", 0 0, o0x7fb3bc049028;  0 drivers
o0x7fb3bc049058 .functor BUFZ 1, C4<z>; HiZ drive
v0x7fb3bafaa550_0 .net "SCLO", 0 0, o0x7fb3bc049058;  0 drivers
o0x7fb3bc049088 .functor BUFZ 1, C4<z>; HiZ drive
v0x7fb3bafaa5e0_0 .net "SCLOE", 0 0, o0x7fb3bc049088;  0 drivers
o0x7fb3bc0490b8 .functor BUFZ 1, C4<z>; HiZ drive
v0x7fb3bafa9c70_0 .net "SDAI", 0 0, o0x7fb3bc0490b8;  0 drivers
o0x7fb3bc0490e8 .functor BUFZ 1, C4<z>; HiZ drive
v0x7fb3bafaa870_0 .net "SDAO", 0 0, o0x7fb3bc0490e8;  0 drivers
o0x7fb3bc049118 .functor BUFZ 1, C4<z>; HiZ drive
v0x7fb3bafaa900_0 .net "SDAOE", 0 0, o0x7fb3bc049118;  0 drivers
S_0x7fb3baf0dd90 .scope module, "SB_IO_I3C" "SB_IO_I3C" 2 2862;
 .timescale -12 -12;
    .port_info 0 /INOUT 1 "PACKAGE_PIN";
    .port_info 1 /INPUT 1 "LATCH_INPUT_VALUE";
    .port_info 2 /INPUT 1 "CLOCK_ENABLE";
    .port_info 3 /INPUT 1 "INPUT_CLK";
    .port_info 4 /INPUT 1 "OUTPUT_CLK";
    .port_info 5 /INPUT 1 "OUTPUT_ENABLE";
    .port_info 6 /INPUT 1 "D_OUT_0";
    .port_info 7 /INPUT 1 "D_OUT_1";
    .port_info 8 /OUTPUT 1 "D_IN_0";
    .port_info 9 /OUTPUT 1 "D_IN_1";
    .port_info 10 /INPUT 1 "PU_ENB";
    .port_info 11 /INPUT 1 "WEAK_PU_ENB";
P_0x7fb3baf1b3e0 .param/str "IO_STANDARD" 0 2 2880, "SB_LVCMOS";
P_0x7fb3baf1b420 .param/l "NEG_TRIGGER" 0 2 2879, C4<0>;
P_0x7fb3baf1b460 .param/l "PIN_TYPE" 0 2 2876, C4<000000>;
P_0x7fb3baf1b4a0 .param/l "PULLUP" 0 2 2877, C4<0>;
P_0x7fb3baf1b4e0 .param/l "WEAK_PULLUP" 0 2 2878, C4<0>;
L_0x7fb3baea1740 .functor BUFZ 1, v0x7fb3bafab720_0, C4<0>, C4<0>, C4<0>;
L_0x7fb3baea17b0 .functor BUFZ 1, v0x7fb3bafab7c0_0, C4<0>, C4<0>, C4<0>;
o0x7fb3bc049808 .functor BUFZ 1, C4<z>; HiZ drive
v0x7fb3bafaaee0_0 .net "CLOCK_ENABLE", 0 0, o0x7fb3bc049808;  0 drivers
v0x7fb3bafaaf90_0 .net "D_IN_0", 0 0, L_0x7fb3baea1740;  1 drivers
v0x7fb3bafab030_0 .net "D_IN_1", 0 0, L_0x7fb3baea17b0;  1 drivers
o0x7fb3bc049898 .functor BUFZ 1, C4<z>; HiZ drive
v0x7fb3bafab0e0_0 .net "D_OUT_0", 0 0, o0x7fb3bc049898;  0 drivers
o0x7fb3bc0498c8 .functor BUFZ 1, C4<z>; HiZ drive
v0x7fb3bafab180_0 .net "D_OUT_1", 0 0, o0x7fb3bc0498c8;  0 drivers
o0x7fb3bc0498f8 .functor BUFZ 1, C4<z>; HiZ drive
v0x7fb3bafab260_0 .net "INPUT_CLK", 0 0, o0x7fb3bc0498f8;  0 drivers
o0x7fb3bc049928 .functor BUFZ 1, C4<z>; HiZ drive
v0x7fb3bafab300_0 .net "LATCH_INPUT_VALUE", 0 0, o0x7fb3bc049928;  0 drivers
o0x7fb3bc049958 .functor BUFZ 1, C4<z>; HiZ drive
v0x7fb3bafab3a0_0 .net "OUTPUT_CLK", 0 0, o0x7fb3bc049958;  0 drivers
o0x7fb3bc049988 .functor BUFZ 1, C4<z>; HiZ drive
v0x7fb3bafab440_0 .net "OUTPUT_ENABLE", 0 0, o0x7fb3bc049988;  0 drivers
o0x7fb3bc0499b8 .functor BUFZ 1, C4<z>; HiZ drive
v0x7fb3bafab550_0 .net "PACKAGE_PIN", 0 0, o0x7fb3bc0499b8;  0 drivers
o0x7fb3bc0499e8 .functor BUFZ 1, C4<z>; HiZ drive
v0x7fb3bafab5e0_0 .net "PU_ENB", 0 0, o0x7fb3bc0499e8;  0 drivers
o0x7fb3bc049a18 .functor BUFZ 1, C4<z>; HiZ drive
v0x7fb3bafab680_0 .net "WEAK_PU_ENB", 0 0, o0x7fb3bc049a18;  0 drivers
v0x7fb3bafab720_0 .var "din_0", 0 0;
v0x7fb3bafab7c0_0 .var "din_1", 0 0;
v0x7fb3bafab860_0 .var "din_q_0", 0 0;
v0x7fb3bafab900_0 .var "din_q_1", 0 0;
v0x7fb3bafab9a0_0 .var "dout", 0 0;
v0x7fb3bafabb30_0 .var "dout_q_0", 0 0;
v0x7fb3bafabbc0_0 .var "dout_q_1", 0 0;
v0x7fb3bafabc50_0 .var "outclk_delayed_1", 0 0;
v0x7fb3bafabce0_0 .var "outclk_delayed_2", 0 0;
v0x7fb3bafabd80_0 .var "outena_q", 0 0;
E_0x7fb3baf115a0 .event anyedge, v0x7fb3bafabce0_0, v0x7fb3bafabb30_0, v0x7fb3bafabbc0_0;
E_0x7fb3baf11610 .event anyedge, v0x7fb3bafabc50_0;
E_0x7fb3baf11660 .event anyedge, v0x7fb3bafab3a0_0;
E_0x7fb3bafa9770 .event anyedge, v0x7fb3bafab860_0, v0x7fb3bafab900_0;
S_0x7fb3bafaabe0 .scope generate, "genblk1" "genblk1" 2 2888, 2 2888 0, S_0x7fb3baf0dd90;
 .timescale -12 -12;
E_0x7fb3bafaada0 .event posedge, v0x7fb3bafab3a0_0;
E_0x7fb3bafaade0 .event negedge, v0x7fb3bafab3a0_0;
E_0x7fb3bafaae30 .event negedge, v0x7fb3bafab260_0;
E_0x7fb3bafaae90 .event posedge, v0x7fb3bafab260_0;
S_0x7fb3baf1a290 .scope module, "SB_IO_OD" "SB_IO_OD" 2 2931;
 .timescale -12 -12;
    .port_info 0 /INOUT 1 "PACKAGEPIN";
    .port_info 1 /INPUT 1 "LATCHINPUTVALUE";
    .port_info 2 /INPUT 1 "CLOCKENABLE";
    .port_info 3 /INPUT 1 "INPUTCLK";
    .port_info 4 /INPUT 1 "OUTPUTCLK";
    .port_info 5 /INPUT 1 "OUTPUTENABLE";
    .port_info 6 /INPUT 1 "DOUT1";
    .port_info 7 /INPUT 1 "DOUT0";
    .port_info 8 /OUTPUT 1 "DIN1";
    .port_info 9 /OUTPUT 1 "DIN0";
P_0x7fb3baf20910 .param/l "NEG_TRIGGER" 0 2 2944, C4<0>;
P_0x7fb3baf20950 .param/l "PIN_TYPE" 0 2 2943, C4<000000>;
L_0x7fb3baea1820 .functor BUFZ 1, v0x7fb3bafaca00_0, C4<0>, C4<0>, C4<0>;
L_0x7fb3baea18b0 .functor BUFZ 1, v0x7fb3bafacaa0_0, C4<0>, C4<0>, C4<0>;
o0x7fb3bc049e68 .functor BUFZ 1, C4<z>; HiZ drive
v0x7fb3bafac300_0 .net "CLOCKENABLE", 0 0, o0x7fb3bc049e68;  0 drivers
v0x7fb3bafac3b0_0 .net "DIN0", 0 0, L_0x7fb3baea1820;  1 drivers
v0x7fb3bafac450_0 .net "DIN1", 0 0, L_0x7fb3baea18b0;  1 drivers
o0x7fb3bc049ef8 .functor BUFZ 1, C4<z>; HiZ drive
v0x7fb3bafac500_0 .net "DOUT0", 0 0, o0x7fb3bc049ef8;  0 drivers
o0x7fb3bc049f28 .functor BUFZ 1, C4<z>; HiZ drive
v0x7fb3bafac5a0_0 .net "DOUT1", 0 0, o0x7fb3bc049f28;  0 drivers
o0x7fb3bc049f58 .functor BUFZ 1, C4<z>; HiZ drive
v0x7fb3bafac680_0 .net "INPUTCLK", 0 0, o0x7fb3bc049f58;  0 drivers
o0x7fb3bc049f88 .functor BUFZ 1, C4<z>; HiZ drive
v0x7fb3bafac720_0 .net "LATCHINPUTVALUE", 0 0, o0x7fb3bc049f88;  0 drivers
o0x7fb3bc049fb8 .functor BUFZ 1, C4<z>; HiZ drive
v0x7fb3bafac7c0_0 .net "OUTPUTCLK", 0 0, o0x7fb3bc049fb8;  0 drivers
o0x7fb3bc049fe8 .functor BUFZ 1, C4<z>; HiZ drive
v0x7fb3bafac860_0 .net "OUTPUTENABLE", 0 0, o0x7fb3bc049fe8;  0 drivers
o0x7fb3bc04a018 .functor BUFZ 1, C4<z>; HiZ drive
v0x7fb3bafac970_0 .net "PACKAGEPIN", 0 0, o0x7fb3bc04a018;  0 drivers
v0x7fb3bafaca00_0 .var "din_0", 0 0;
v0x7fb3bafacaa0_0 .var "din_1", 0 0;
v0x7fb3bafacb40_0 .var "din_q_0", 0 0;
v0x7fb3bafacbe0_0 .var "din_q_1", 0 0;
v0x7fb3bafacc80_0 .var "dout", 0 0;
v0x7fb3bafacd20_0 .var "dout_q_0", 0 0;
v0x7fb3bafacdc0_0 .var "dout_q_1", 0 0;
v0x7fb3bafacf50_0 .var "outclk_delayed_1", 0 0;
v0x7fb3bafacfe0_0 .var "outclk_delayed_2", 0 0;
v0x7fb3bafad070_0 .var "outena_q", 0 0;
E_0x7fb3bafab4d0 .event anyedge, v0x7fb3bafacfe0_0, v0x7fb3bafacd20_0, v0x7fb3bafacdc0_0;
E_0x7fb3bafabf40 .event anyedge, v0x7fb3bafacf50_0;
E_0x7fb3bafabf80 .event anyedge, v0x7fb3bafac7c0_0;
E_0x7fb3baf09df0 .event anyedge, v0x7fb3bafacb40_0, v0x7fb3bafacbe0_0;
S_0x7fb3bafabfe0 .scope generate, "genblk1" "genblk1" 2 2952, 2 2952 0, S_0x7fb3baf1a290;
 .timescale -12 -12;
E_0x7fb3bafac1a0 .event posedge, v0x7fb3bafac7c0_0;
E_0x7fb3bafac200 .event negedge, v0x7fb3bafac7c0_0;
E_0x7fb3bafac250 .event negedge, v0x7fb3bafac680_0;
E_0x7fb3bafac2b0 .event posedge, v0x7fb3bafac680_0;
S_0x7fb3baf193f0 .scope module, "SB_LEDDA_IP" "SB_LEDDA_IP" 2 2830;
 .timescale -12 -12;
    .port_info 0 /INPUT 1 "LEDDCS";
    .port_info 1 /INPUT 1 "LEDDCLK";
    .port_info 2 /INPUT 1 "LEDDDAT7";
    .port_info 3 /INPUT 1 "LEDDDAT6";
    .port_info 4 /INPUT 1 "LEDDDAT5";
    .port_info 5 /INPUT 1 "LEDDDAT4";
    .port_info 6 /INPUT 1 "LEDDDAT3";
    .port_info 7 /INPUT 1 "LEDDDAT2";
    .port_info 8 /INPUT 1 "LEDDDAT1";
    .port_info 9 /INPUT 1 "LEDDDAT0";
    .port_info 10 /INPUT 1 "LEDDADDR3";
    .port_info 11 /INPUT 1 "LEDDADDR2";
    .port_info 12 /INPUT 1 "LEDDADDR1";
    .port_info 13 /INPUT 1 "LEDDADDR0";
    .port_info 14 /INPUT 1 "LEDDDEN";
    .port_info 15 /INPUT 1 "LEDDEXE";
    .port_info 16 /INPUT 1 "LEDDRST";
    .port_info 17 /OUTPUT 1 "PWMOUT0";
    .port_info 18 /OUTPUT 1 "PWMOUT1";
    .port_info 19 /OUTPUT 1 "PWMOUT2";
    .port_info 20 /OUTPUT 1 "LEDDON";
o0x7fb3bc04a408 .functor BUFZ 1, C4<z>; HiZ drive
v0x7fb3bafad1f0_0 .net "LEDDADDR0", 0 0, o0x7fb3bc04a408;  0 drivers
o0x7fb3bc04a438 .functor BUFZ 1, C4<z>; HiZ drive
v0x7fb3bafad280_0 .net "LEDDADDR1", 0 0, o0x7fb3bc04a438;  0 drivers
o0x7fb3bc04a468 .functor BUFZ 1, C4<z>; HiZ drive
v0x7fb3bafad310_0 .net "LEDDADDR2", 0 0, o0x7fb3bc04a468;  0 drivers
o0x7fb3bc04a498 .functor BUFZ 1, C4<z>; HiZ drive
v0x7fb3bafad3a0_0 .net "LEDDADDR3", 0 0, o0x7fb3bc04a498;  0 drivers
o0x7fb3bc04a4c8 .functor BUFZ 1, C4<z>; HiZ drive
v0x7fb3bafad430_0 .net "LEDDCLK", 0 0, o0x7fb3bc04a4c8;  0 drivers
o0x7fb3bc04a4f8 .functor BUFZ 1, C4<z>; HiZ drive
v0x7fb3bafad4c0_0 .net "LEDDCS", 0 0, o0x7fb3bc04a4f8;  0 drivers
o0x7fb3bc04a528 .functor BUFZ 1, C4<z>; HiZ drive
v0x7fb3bafad550_0 .net "LEDDDAT0", 0 0, o0x7fb3bc04a528;  0 drivers
o0x7fb3bc04a558 .functor BUFZ 1, C4<z>; HiZ drive
v0x7fb3bafad5e0_0 .net "LEDDDAT1", 0 0, o0x7fb3bc04a558;  0 drivers
o0x7fb3bc04a588 .functor BUFZ 1, C4<z>; HiZ drive
v0x7fb3bafad680_0 .net "LEDDDAT2", 0 0, o0x7fb3bc04a588;  0 drivers
o0x7fb3bc04a5b8 .functor BUFZ 1, C4<z>; HiZ drive
v0x7fb3bafad790_0 .net "LEDDDAT3", 0 0, o0x7fb3bc04a5b8;  0 drivers
o0x7fb3bc04a5e8 .functor BUFZ 1, C4<z>; HiZ drive
v0x7fb3bafad820_0 .net "LEDDDAT4", 0 0, o0x7fb3bc04a5e8;  0 drivers
o0x7fb3bc04a618 .functor BUFZ 1, C4<z>; HiZ drive
v0x7fb3bafad8c0_0 .net "LEDDDAT5", 0 0, o0x7fb3bc04a618;  0 drivers
o0x7fb3bc04a648 .functor BUFZ 1, C4<z>; HiZ drive
v0x7fb3bafad960_0 .net "LEDDDAT6", 0 0, o0x7fb3bc04a648;  0 drivers
o0x7fb3bc04a678 .functor BUFZ 1, C4<z>; HiZ drive
v0x7fb3bafada00_0 .net "LEDDDAT7", 0 0, o0x7fb3bc04a678;  0 drivers
o0x7fb3bc04a6a8 .functor BUFZ 1, C4<z>; HiZ drive
v0x7fb3bafadaa0_0 .net "LEDDDEN", 0 0, o0x7fb3bc04a6a8;  0 drivers
o0x7fb3bc04a6d8 .functor BUFZ 1, C4<z>; HiZ drive
v0x7fb3bafadb40_0 .net "LEDDEXE", 0 0, o0x7fb3bc04a6d8;  0 drivers
o0x7fb3bc04a708 .functor BUFZ 1, C4<z>; HiZ drive
v0x7fb3bafadbe0_0 .net "LEDDON", 0 0, o0x7fb3bc04a708;  0 drivers
o0x7fb3bc04a738 .functor BUFZ 1, C4<z>; HiZ drive
v0x7fb3bafadd70_0 .net "LEDDRST", 0 0, o0x7fb3bc04a738;  0 drivers
o0x7fb3bc04a768 .functor BUFZ 1, C4<z>; HiZ drive
v0x7fb3bafade00_0 .net "PWMOUT0", 0 0, o0x7fb3bc04a768;  0 drivers
o0x7fb3bc04a798 .functor BUFZ 1, C4<z>; HiZ drive
v0x7fb3bafade90_0 .net "PWMOUT1", 0 0, o0x7fb3bc04a798;  0 drivers
o0x7fb3bc04a7c8 .functor BUFZ 1, C4<z>; HiZ drive
v0x7fb3bafadf20_0 .net "PWMOUT2", 0 0, o0x7fb3bc04a7c8;  0 drivers
S_0x7fb3baf19560 .scope module, "SB_LED_DRV_CUR" "SB_LED_DRV_CUR" 2 2709;
 .timescale -12 -12;
    .port_info 0 /INPUT 1 "EN";
    .port_info 1 /OUTPUT 1 "LEDPU";
o0x7fb3bc04abe8 .functor BUFZ 1, C4<z>; HiZ drive
v0x7fb3bafae1c0_0 .net "EN", 0 0, o0x7fb3bc04abe8;  0 drivers
o0x7fb3bc04ac18 .functor BUFZ 1, C4<z>; HiZ drive
v0x7fb3bafae250_0 .net "LEDPU", 0 0, o0x7fb3bc04ac18;  0 drivers
S_0x7fb3baf16680 .scope module, "SB_LFOSC" "SB_LFOSC" 2 2684;
 .timescale -12 -12;
    .port_info 0 /INPUT 1 "CLKLFPU";
    .port_info 1 /INPUT 1 "CLKLFEN";
    .port_info 2 /OUTPUT 1 "CLKLF";
o0x7fb3bc04aca8 .functor BUFZ 1, C4<z>; HiZ drive
v0x7fb3baf0df00_0 .net "CLKLF", 0 0, o0x7fb3bc04aca8;  0 drivers
o0x7fb3bc04acd8 .functor BUFZ 1, C4<z>; HiZ drive
v0x7fb3bafae2e0_0 .net "CLKLFEN", 0 0, o0x7fb3bc04acd8;  0 drivers
o0x7fb3bc04ad08 .functor BUFZ 1, C4<z>; HiZ drive
v0x7fb3bafae370_0 .net "CLKLFPU", 0 0, o0x7fb3bc04ad08;  0 drivers
S_0x7fb3baf15090 .scope module, "SB_LUT4" "SB_LUT4" 2 177;
 .timescale -12 -12;
    .port_info 0 /OUTPUT 1 "O";
    .port_info 1 /INPUT 1 "I0";
    .port_info 2 /INPUT 1 "I1";
    .port_info 3 /INPUT 1 "I2";
    .port_info 4 /INPUT 1 "I3";
P_0x7fb3baf05d70 .param/l "LUT_INIT" 0 2 184, C4<0000000000000000>;
o0x7fb3bc04adc8 .functor BUFZ 1, C4<z>; HiZ drive
v0x7fb3bafae450_0 .net "I0", 0 0, o0x7fb3bc04adc8;  0 drivers
o0x7fb3bc04adf8 .functor BUFZ 1, C4<z>; HiZ drive
v0x7fb3bafae500_0 .net "I1", 0 0, o0x7fb3bc04adf8;  0 drivers
o0x7fb3bc04ae28 .functor BUFZ 1, C4<z>; HiZ drive
v0x7fb3bafae5a0_0 .net "I2", 0 0, o0x7fb3bc04ae28;  0 drivers
o0x7fb3bc04ae58 .functor BUFZ 1, C4<z>; HiZ drive
v0x7fb3bafae630_0 .net "I3", 0 0, o0x7fb3bc04ae58;  0 drivers
v0x7fb3bafae6d0_0 .net "O", 0 0, L_0x7fb3baea22c0;  1 drivers
L_0x7fb3bc0733b0 .functor BUFT 1, C4<00000000>, C4<0>, C4<0>, C4<0>;
v0x7fb3bafae7b0_0 .net/2u *"_ivl_0", 7 0, L_0x7fb3bc0733b0;  1 drivers
v0x7fb3bafae860_0 .net *"_ivl_13", 1 0, L_0x7fb3baea1de0;  1 drivers
v0x7fb3bafae910_0 .net *"_ivl_15", 1 0, L_0x7fb3baea1ef0;  1 drivers
v0x7fb3bafae9c0_0 .net *"_ivl_19", 0 0, L_0x7fb3baea20f0;  1 drivers
L_0x7fb3bc0733f8 .functor BUFT 1, C4<00000000>, C4<0>, C4<0>, C4<0>;
v0x7fb3bafaead0_0 .net/2u *"_ivl_2", 7 0, L_0x7fb3bc0733f8;  1 drivers
v0x7fb3bafaeb80_0 .net *"_ivl_21", 0 0, L_0x7fb3baea21d0;  1 drivers
v0x7fb3bafaec30_0 .net *"_ivl_7", 3 0, L_0x7fb3baea1b00;  1 drivers
v0x7fb3bafaece0_0 .net *"_ivl_9", 3 0, L_0x7fb3baea1be0;  1 drivers
v0x7fb3bafaed90_0 .net "s1", 1 0, L_0x7fb3baea1f90;  1 drivers
v0x7fb3bafaee40_0 .net "s2", 3 0, L_0x7fb3baea1c80;  1 drivers
v0x7fb3bafaeef0_0 .net "s3", 7 0, L_0x7fb3baea19a0;  1 drivers
L_0x7fb3baea19a0 .functor MUXZ 8, L_0x7fb3bc0733f8, L_0x7fb3bc0733b0, o0x7fb3bc04ae58, C4<>;
L_0x7fb3baea1b00 .part L_0x7fb3baea19a0, 4, 4;
L_0x7fb3baea1be0 .part L_0x7fb3baea19a0, 0, 4;
L_0x7fb3baea1c80 .functor MUXZ 4, L_0x7fb3baea1be0, L_0x7fb3baea1b00, o0x7fb3bc04ae28, C4<>;
L_0x7fb3baea1de0 .part L_0x7fb3baea1c80, 2, 2;
L_0x7fb3baea1ef0 .part L_0x7fb3baea1c80, 0, 2;
L_0x7fb3baea1f90 .functor MUXZ 2, L_0x7fb3baea1ef0, L_0x7fb3baea1de0, o0x7fb3bc04adf8, C4<>;
L_0x7fb3baea20f0 .part L_0x7fb3baea1f90, 1, 1;
L_0x7fb3baea21d0 .part L_0x7fb3baea1f90, 0, 1;
L_0x7fb3baea22c0 .functor MUXZ 1, L_0x7fb3baea21d0, L_0x7fb3baea20f0, o0x7fb3bc04adc8, C4<>;
S_0x7fb3baf15200 .scope module, "SB_MAC16" "SB_MAC16" 2 2996;
 .timescale -12 -12;
    .port_info 0 /INPUT 1 "CLK";
    .port_info 1 /INPUT 1 "CE";
    .port_info 2 /INPUT 16 "C";
    .port_info 3 /INPUT 16 "A";
    .port_info 4 /INPUT 16 "B";
    .port_info 5 /INPUT 16 "D";
    .port_info 6 /INPUT 1 "AHOLD";
    .port_info 7 /INPUT 1 "BHOLD";
    .port_info 8 /INPUT 1 "CHOLD";
    .port_info 9 /INPUT 1 "DHOLD";
    .port_info 10 /INPUT 1 "IRSTTOP";
    .port_info 11 /INPUT 1 "IRSTBOT";
    .port_info 12 /INPUT 1 "ORSTTOP";
    .port_info 13 /INPUT 1 "ORSTBOT";
    .port_info 14 /INPUT 1 "OLOADTOP";
    .port_info 15 /INPUT 1 "OLOADBOT";
    .port_info 16 /INPUT 1 "ADDSUBTOP";
    .port_info 17 /INPUT 1 "ADDSUBBOT";
    .port_info 18 /INPUT 1 "OHOLDTOP";
    .port_info 19 /INPUT 1 "OHOLDBOT";
    .port_info 20 /INPUT 1 "CI";
    .port_info 21 /INPUT 1 "ACCUMCI";
    .port_info 22 /INPUT 1 "SIGNEXTIN";
    .port_info 23 /OUTPUT 32 "O";
    .port_info 24 /OUTPUT 1 "CO";
    .port_info 25 /OUTPUT 1 "ACCUMCO";
    .port_info 26 /OUTPUT 1 "SIGNEXTOUT";
P_0x7fb3bd02ea00 .param/l "A_REG" 0 2 3011, C4<0>;
P_0x7fb3bd02ea40 .param/l "A_SIGNED" 0 2 3027, C4<0>;
P_0x7fb3bd02ea80 .param/l "BOTADDSUB_CARRYSELECT" 0 2 3025, C4<00>;
P_0x7fb3bd02eac0 .param/l "BOTADDSUB_LOWERINPUT" 0 2 3023, C4<00>;
P_0x7fb3bd02eb00 .param/l "BOTADDSUB_UPPERINPUT" 0 2 3024, C4<0>;
P_0x7fb3bd02eb40 .param/l "BOTOUTPUT_SELECT" 0 2 3022, C4<00>;
P_0x7fb3bd02eb80 .param/l "BOT_8x8_MULT_REG" 0 2 3015, C4<0>;
P_0x7fb3bd02ebc0 .param/l "B_REG" 0 2 3012, C4<0>;
P_0x7fb3bd02ec00 .param/l "B_SIGNED" 0 2 3028, C4<0>;
P_0x7fb3bd02ec40 .param/l "C_REG" 0 2 3010, C4<0>;
P_0x7fb3bd02ec80 .param/l "D_REG" 0 2 3013, C4<0>;
P_0x7fb3bd02ecc0 .param/l "MODE_8x8" 0 2 3026, C4<0>;
P_0x7fb3bd02ed00 .param/l "NEG_TRIGGER" 0 2 3009, C4<0>;
P_0x7fb3bd02ed40 .param/l "PIPELINE_16x16_MULT_REG1" 0 2 3016, C4<0>;
P_0x7fb3bd02ed80 .param/l "PIPELINE_16x16_MULT_REG2" 0 2 3017, C4<0>;
P_0x7fb3bd02edc0 .param/l "TOPADDSUB_CARRYSELECT" 0 2 3021, C4<00>;
P_0x7fb3bd02ee00 .param/l "TOPADDSUB_LOWERINPUT" 0 2 3019, C4<00>;
P_0x7fb3bd02ee40 .param/l "TOPADDSUB_UPPERINPUT" 0 2 3020, C4<0>;
P_0x7fb3bd02ee80 .param/l "TOPOUTPUT_SELECT" 0 2 3018, C4<00>;
P_0x7fb3bd02eec0 .param/l "TOP_8x8_MULT_REG" 0 2 3014, C4<0>;
o0x7fb3bc04b4b8 .functor BUFZ 1, C4<z>; HiZ drive
L_0x7fb3bc073440 .functor BUFT 1, C4<0>, C4<0>, C4<0>, C4<0>;
L_0x7fb3baea23a0 .functor XOR 1, o0x7fb3bc04b4b8, L_0x7fb3bc073440, C4<0>, C4<0>;
o0x7fb3bc04b3f8 .functor BUFZ 16, C4<zzzzzzzzzzzzzzzz>; HiZ drive
L_0x7fb3baea2490 .functor BUFZ 16, o0x7fb3bc04b3f8, C4<0000000000000000>, C4<0000000000000000>, C4<0000000000000000>;
o0x7fb3bc04b1b8 .functor BUFZ 16, C4<zzzzzzzzzzzzzzzz>; HiZ drive
L_0x7fb3baea2520 .functor BUFZ 16, o0x7fb3bc04b1b8, C4<0000000000000000>, C4<0000000000000000>, C4<0000000000000000>;
o0x7fb3bc04b338 .functor BUFZ 16, C4<zzzzzzzzzzzzzzzz>; HiZ drive
L_0x7fb3baea25f0 .functor BUFZ 16, o0x7fb3bc04b338, C4<0000000000000000>, C4<0000000000000000>, C4<0000000000000000>;
o0x7fb3bc04b518 .functor BUFZ 16, C4<zzzzzzzzzzzzzzzz>; HiZ drive
L_0x7fb3baea26a0 .functor BUFZ 16, o0x7fb3bc04b518, C4<0000000000000000>, C4<0000000000000000>, C4<0000000000000000>;
L_0x7fb3bad0aed0 .functor BUFZ 16, L_0x7fb3baea3150, C4<0000000000000000>, C4<0000000000000000>, C4<0000000000000000>;
L_0x7fb3bad0cd60 .functor BUFZ 16, L_0x7fb3bad7c460, C4<0000000000000000>, C4<0000000000000000>, C4<0000000000000000>;
L_0x7fb3bad2deb0 .functor BUFZ 16, L_0x7fb3bad7c640, C4<0000000000000000>, C4<0000000000000000>, C4<0000000000000000>;
L_0x7fb3bad12ea0 .functor BUFZ 16, L_0x7fb3bad7c6e0, C4<0000000000000000>, C4<0000000000000000>, C4<0000000000000000>;
L_0x7fb3bad62310 .functor BUFZ 32, L_0x7fb3bad7d040, C4<00000000000000000000000000000000>, C4<00000000000000000000000000000000>, C4<00000000000000000000000000000000>;
L_0x7fb3bad6fdb0 .functor BUFZ 16, v0x7fb3bafb4c10_0, C4<0000000000000000>, C4<0000000000000000>, C4<0000000000000000>;
L_0x7fb3bad64cf0 .functor BUFZ 16, L_0x7fb3baea2520, C4<0000000000000000>, C4<0000000000000000>, C4<0000000000000000>;
L_0x7fb3bad6c6f0 .functor XOR 17, L_0x7fb3bad7d2c0, L_0x7fb3bad7d690, C4<00000000000000000>, C4<00000000000000000>;
o0x7fb3bc04b278 .functor BUFZ 1, C4<z>; HiZ drive
L_0x7fb3bad6e220 .functor XOR 1, L_0x7fb3bad7d0e0, o0x7fb3bc04b278, C4<0>, C4<0>;
L_0x7fb3bad0bf90 .functor XOR 16, L_0x7fb3bad7d180, L_0x7fb3bad7dad0, C4<0000000000000000>, C4<0000000000000000>;
L_0x7fb3bad1dfe0 .functor BUFZ 16, L_0x7fb3bad7d770, C4<0000000000000000>, C4<0000000000000000>, C4<0000000000000000>;
L_0x7fb3bad1dda0 .functor BUFZ 16, v0x7fb3bafb4cc0_0, C4<0000000000000000>, C4<0000000000000000>, C4<0000000000000000>;
L_0x7fb3bad1e220 .functor BUFZ 16, L_0x7fb3baea25f0, C4<0000000000000000>, C4<0000000000000000>, C4<0000000000000000>;
L_0x7fb3bad1e310 .functor XOR 17, L_0x7fb3bad7de80, L_0x7fb3bad7dfc0, C4<00000000000000000>, C4<00000000000000000>;
L_0x7fb3bad123f0 .functor XOR 16, L_0x7fb3bad7dd40, L_0x7fb3bad7e400, C4<0000000000000000>, C4<0000000000000000>;
L_0x7fb3bad494f0 .functor BUFZ 16, L_0x7fb3bad7dc00, C4<0000000000000000>, C4<0000000000000000>, C4<0000000000000000>;
v0x7fb3bafaf130_0 .net "A", 15 0, o0x7fb3bc04b1b8;  0 drivers
o0x7fb3bc04b1e8 .functor BUFZ 1, C4<z>; HiZ drive
v0x7fb3bafaf1d0_0 .net "ACCUMCI", 0 0, o0x7fb3bc04b1e8;  0 drivers
v0x7fb3bafaf270_0 .net "ACCUMCO", 0 0, L_0x7fb3bad7d0e0;  1 drivers
o0x7fb3bc04b248 .functor BUFZ 1, C4<z>; HiZ drive
v0x7fb3bafaf320_0 .net "ADDSUBBOT", 0 0, o0x7fb3bc04b248;  0 drivers
v0x7fb3bafaf3c0_0 .net "ADDSUBTOP", 0 0, o0x7fb3bc04b278;  0 drivers
o0x7fb3bc04b2a8 .functor BUFZ 1, C4<z>; HiZ drive
v0x7fb3bafaf4a0_0 .net "AHOLD", 0 0, o0x7fb3bc04b2a8;  0 drivers
v0x7fb3bafaf540_0 .net "Ah", 15 0, L_0x7fb3baea2980;  1 drivers
v0x7fb3bafaf5f0_0 .net "Al", 15 0, L_0x7fb3baea2b80;  1 drivers
v0x7fb3bafaf6a0_0 .net "B", 15 0, o0x7fb3bc04b338;  0 drivers
o0x7fb3bc04b368 .functor BUFZ 1, C4<z>; HiZ drive
v0x7fb3bafaf7b0_0 .net "BHOLD", 0 0, o0x7fb3bc04b368;  0 drivers
v0x7fb3bafaf850_0 .net "Bh", 15 0, L_0x7fb3baea2df0;  1 drivers
v0x7fb3bafaf900_0 .net "Bl", 15 0, L_0x7fb3baea2ff0;  1 drivers
v0x7fb3bafaf9b0_0 .net "C", 15 0, o0x7fb3bc04b3f8;  0 drivers
o0x7fb3bc04b428 .functor BUFZ 1, C4<z>; HiZ drive
v0x7fb3bafafa60_0 .net "CE", 0 0, o0x7fb3bc04b428;  0 drivers
o0x7fb3bc04b458 .functor BUFZ 1, C4<z>; HiZ drive
v0x7fb3bafafb00_0 .net "CHOLD", 0 0, o0x7fb3bc04b458;  0 drivers
o0x7fb3bc04b488 .functor BUFZ 1, C4<z>; HiZ drive
v0x7fb3bafafba0_0 .net "CI", 0 0, o0x7fb3bc04b488;  0 drivers
v0x7fb3bafafc40_0 .net "CLK", 0 0, o0x7fb3bc04b4b8;  0 drivers
v0x7fb3bafafdd0_0 .net "CO", 0 0, L_0x7fb3bad6e220;  1 drivers
v0x7fb3bafafe60_0 .net "D", 15 0, o0x7fb3bc04b518;  0 drivers
o0x7fb3bc04b548 .functor BUFZ 1, C4<z>; HiZ drive
v0x7fb3bafafef0_0 .net "DHOLD", 0 0, o0x7fb3bc04b548;  0 drivers
L_0x7fb3bc073998 .functor BUFT 1, C4<0>, C4<0>, C4<0>, C4<0>;
v0x7fb3bafaff90_0 .net "HCI", 0 0, L_0x7fb3bc073998;  1 drivers
o0x7fb3bc04b5a8 .functor BUFZ 1, C4<z>; HiZ drive
v0x7fb3bafb0030_0 .net "IRSTBOT", 0 0, o0x7fb3bc04b5a8;  0 drivers
o0x7fb3bc04b5d8 .functor BUFZ 1, C4<z>; HiZ drive
v0x7fb3bafb00d0_0 .net "IRSTTOP", 0 0, o0x7fb3bc04b5d8;  0 drivers
L_0x7fb3bc073ab8 .functor BUFT 1, C4<0>, C4<0>, C4<0>, C4<0>;
v0x7fb3bafb0170_0 .net "LCI", 0 0, L_0x7fb3bc073ab8;  1 drivers
v0x7fb3bafb0210_0 .net "LCO", 0 0, L_0x7fb3bad7dca0;  1 drivers
v0x7fb3bafb02b0_0 .net "O", 31 0, L_0x7fb3bad7e160;  1 drivers
o0x7fb3bc04b698 .functor BUFZ 1, C4<z>; HiZ drive
v0x7fb3bafb0360_0 .net "OHOLDBOT", 0 0, o0x7fb3bc04b698;  0 drivers
o0x7fb3bc04b6c8 .functor BUFZ 1, C4<z>; HiZ drive
v0x7fb3bafb0400_0 .net "OHOLDTOP", 0 0, o0x7fb3bc04b6c8;  0 drivers
o0x7fb3bc04b6f8 .functor BUFZ 1, C4<z>; HiZ drive
v0x7fb3bafb04a0_0 .net "OLOADBOT", 0 0, o0x7fb3bc04b6f8;  0 drivers
o0x7fb3bc04b728 .functor BUFZ 1, C4<z>; HiZ drive
v0x7fb3bafb0540_0 .net "OLOADTOP", 0 0, o0x7fb3bc04b728;  0 drivers
o0x7fb3bc04b758 .functor BUFZ 1, C4<z>; HiZ drive
v0x7fb3bafb05e0_0 .net "ORSTBOT", 0 0, o0x7fb3bc04b758;  0 drivers
o0x7fb3bc04b788 .functor BUFZ 1, C4<z>; HiZ drive
v0x7fb3bafb0680_0 .net "ORSTTOP", 0 0, o0x7fb3bc04b788;  0 drivers
v0x7fb3bafb0720_0 .net "Oh", 15 0, L_0x7fb3bad1dfe0;  1 drivers
v0x7fb3bafafcf0_0 .net "Ol", 15 0, L_0x7fb3bad494f0;  1 drivers
o0x7fb3bc04b818 .functor BUFZ 1, C4<z>; HiZ drive
v0x7fb3bafb09b0_0 .net "SIGNEXTIN", 0 0, o0x7fb3bc04b818;  0 drivers
v0x7fb3bafb0a40_0 .net "SIGNEXTOUT", 0 0, L_0x7fb3bad7d8a0;  1 drivers
v0x7fb3bafb0ad0_0 .net "XW", 15 0, L_0x7fb3bad7d180;  1 drivers
v0x7fb3bafb0b70_0 .net "YZ", 15 0, L_0x7fb3bad7dd40;  1 drivers
v0x7fb3bafb0c20_0 .net/2u *"_ivl_0", 0 0, L_0x7fb3bc073440;  1 drivers
v0x7fb3bafb0cd0_0 .net *"_ivl_100", 31 0, L_0x7fb3bad7ce60;  1 drivers
L_0x7fb3bc073830 .functor BUFT 1, C4<0000000000000000>, C4<0>, C4<0>, C4<0>;
v0x7fb3bafb0d80_0 .net *"_ivl_103", 15 0, L_0x7fb3bc073830;  1 drivers
v0x7fb3bafb0e30_0 .net *"_ivl_104", 31 0, L_0x7fb3bad7cfa0;  1 drivers
v0x7fb3bafb0ee0_0 .net *"_ivl_106", 15 0, L_0x7fb3bad7cf00;  1 drivers
L_0x7fb3bc073878 .functor BUFT 1, C4<0000000000000000>, C4<0>, C4<0>, C4<0>;
v0x7fb3bafb0f90_0 .net *"_ivl_108", 15 0, L_0x7fb3bc073878;  1 drivers
L_0x7fb3bc073488 .functor BUFT 1, C4<00000000>, C4<0>, C4<0>, C4<0>;
v0x7fb3bafb1040_0 .net/2u *"_ivl_12", 7 0, L_0x7fb3bc073488;  1 drivers
v0x7fb3bafb10f0_0 .net *"_ivl_121", 16 0, L_0x7fb3bad7d220;  1 drivers
L_0x7fb3bc0738c0 .functor BUFT 1, C4<0>, C4<0>, C4<0>, C4<0>;
v0x7fb3bafb11a0_0 .net *"_ivl_124", 0 0, L_0x7fb3bc0738c0;  1 drivers
v0x7fb3bafb1250_0 .net *"_ivl_125", 16 0, L_0x7fb3bad7d2c0;  1 drivers
L_0x7fb3bc073908 .functor BUFT 1, C4<0>, C4<0>, C4<0>, C4<0>;
v0x7fb3bafb1300_0 .net *"_ivl_128", 0 0, L_0x7fb3bc073908;  1 drivers
v0x7fb3bafb13b0_0 .net *"_ivl_129", 15 0, L_0x7fb3bad7d560;  1 drivers
v0x7fb3bafb1460_0 .net *"_ivl_131", 16 0, L_0x7fb3bad7d690;  1 drivers
L_0x7fb3bc073950 .functor BUFT 1, C4<0>, C4<0>, C4<0>, C4<0>;
v0x7fb3bafb1510_0 .net *"_ivl_134", 0 0, L_0x7fb3bc073950;  1 drivers
v0x7fb3bafb15c0_0 .net *"_ivl_135", 16 0, L_0x7fb3bad6c6f0;  1 drivers
v0x7fb3bafb1670_0 .net *"_ivl_137", 16 0, L_0x7fb3bad7d990;  1 drivers
L_0x7fb3bc073bd8 .functor BUFT 1, C4<00000000000000000>, C4<0>, C4<0>, C4<0>;
v0x7fb3bafb1720_0 .net *"_ivl_139", 16 0, L_0x7fb3bc073bd8;  1 drivers
v0x7fb3bafb17d0_0 .net *"_ivl_143", 16 0, L_0x7fb3bad7da30;  1 drivers
v0x7fb3bafb1880_0 .net *"_ivl_147", 15 0, L_0x7fb3bad7dad0;  1 drivers
v0x7fb3bafb1930_0 .net *"_ivl_149", 15 0, L_0x7fb3bad0bf90;  1 drivers
v0x7fb3bafb19e0_0 .net *"_ivl_15", 7 0, L_0x7fb3baea2880;  1 drivers
v0x7fb3bafb1a90_0 .net *"_ivl_168", 16 0, L_0x7fb3bad7dde0;  1 drivers
L_0x7fb3bc0739e0 .functor BUFT 1, C4<0>, C4<0>, C4<0>, C4<0>;
v0x7fb3bafb1b40_0 .net *"_ivl_171", 0 0, L_0x7fb3bc0739e0;  1 drivers
v0x7fb3bafb1bf0_0 .net *"_ivl_172", 16 0, L_0x7fb3bad7de80;  1 drivers
L_0x7fb3bc073a28 .functor BUFT 1, C4<0>, C4<0>, C4<0>, C4<0>;
v0x7fb3bafb1ca0_0 .net *"_ivl_175", 0 0, L_0x7fb3bc073a28;  1 drivers
v0x7fb3bafb1d50_0 .net *"_ivl_176", 15 0, L_0x7fb3bad7df20;  1 drivers
v0x7fb3bafb1e00_0 .net *"_ivl_178", 16 0, L_0x7fb3bad7dfc0;  1 drivers
L_0x7fb3bc0734d0 .functor BUFT 1, C4<00000000>, C4<0>, C4<0>, C4<0>;
v0x7fb3bafb07d0_0 .net/2u *"_ivl_18", 7 0, L_0x7fb3bc0734d0;  1 drivers
L_0x7fb3bc073a70 .functor BUFT 1, C4<0>, C4<0>, C4<0>, C4<0>;
v0x7fb3bafb0880_0 .net *"_ivl_181", 0 0, L_0x7fb3bc073a70;  1 drivers
v0x7fb3bafb1e90_0 .net *"_ivl_182", 16 0, L_0x7fb3bad1e310;  1 drivers
v0x7fb3bafb1f20_0 .net *"_ivl_184", 16 0, L_0x7fb3bad7e2c0;  1 drivers
L_0x7fb3bc073c20 .functor BUFT 1, C4<00000000000000000>, C4<0>, C4<0>, C4<0>;
v0x7fb3bafb1fb0_0 .net *"_ivl_186", 16 0, L_0x7fb3bc073c20;  1 drivers
v0x7fb3bafb2040_0 .net *"_ivl_190", 16 0, L_0x7fb3bad7e360;  1 drivers
v0x7fb3bafb20d0_0 .net *"_ivl_192", 15 0, L_0x7fb3bad7e400;  1 drivers
v0x7fb3bafb2180_0 .net *"_ivl_194", 15 0, L_0x7fb3bad123f0;  1 drivers
v0x7fb3bafb2230_0 .net *"_ivl_21", 7 0, L_0x7fb3baea2ac0;  1 drivers
L_0x7fb3bc073518 .functor BUFT 1, C4<00000000>, C4<0>, C4<0>, C4<0>;
v0x7fb3bafb22e0_0 .net/2u *"_ivl_24", 7 0, L_0x7fb3bc073518;  1 drivers
v0x7fb3bafb2390_0 .net *"_ivl_27", 7 0, L_0x7fb3baea2ce0;  1 drivers
L_0x7fb3bc073560 .functor BUFT 1, C4<00000000>, C4<0>, C4<0>, C4<0>;
v0x7fb3bafb2440_0 .net/2u *"_ivl_30", 7 0, L_0x7fb3bc073560;  1 drivers
v0x7fb3bafb24f0_0 .net *"_ivl_33", 7 0, L_0x7fb3baea2f10;  1 drivers
L_0x7fb3bc0735a8 .functor BUFT 1, C4<00000000>, C4<0>, C4<0>, C4<0>;
v0x7fb3bafb25a0_0 .net/2u *"_ivl_38", 7 0, L_0x7fb3bc0735a8;  1 drivers
v0x7fb3bafb2650_0 .net *"_ivl_41", 7 0, L_0x7fb3bad7c320;  1 drivers
v0x7fb3bafb2700_0 .net *"_ivl_42", 15 0, L_0x7fb3bad7c3c0;  1 drivers
L_0x7fb3bc0735f0 .functor BUFT 1, C4<00000000>, C4<0>, C4<0>, C4<0>;
v0x7fb3bafb27b0_0 .net/2u *"_ivl_46", 7 0, L_0x7fb3bc0735f0;  1 drivers
v0x7fb3bafb2860_0 .net *"_ivl_49", 7 0, L_0x7fb3bad7c500;  1 drivers
v0x7fb3bafb2910_0 .net *"_ivl_50", 15 0, L_0x7fb3bad7c5a0;  1 drivers
L_0x7fb3bc073638 .functor BUFT 1, C4<00000000>, C4<0>, C4<0>, C4<0>;
v0x7fb3bafb29c0_0 .net/2u *"_ivl_64", 7 0, L_0x7fb3bc073638;  1 drivers
L_0x7fb3bc073680 .functor BUFT 1, C4<00000000>, C4<0>, C4<0>, C4<0>;
v0x7fb3bafb2a70_0 .net/2u *"_ivl_68", 7 0, L_0x7fb3bc073680;  1 drivers
v0x7fb3bafb2b20_0 .net *"_ivl_72", 31 0, L_0x7fb3bad7c8c0;  1 drivers
L_0x7fb3bc0736c8 .functor BUFT 1, C4<0000000000000000>, C4<0>, C4<0>, C4<0>;
v0x7fb3bafb2bd0_0 .net *"_ivl_75", 15 0, L_0x7fb3bc0736c8;  1 drivers
v0x7fb3bafb2c80_0 .net *"_ivl_76", 31 0, L_0x7fb3bad7c960;  1 drivers
L_0x7fb3bc073710 .functor BUFT 1, C4<00000000>, C4<0>, C4<0>, C4<0>;
v0x7fb3bafb2d30_0 .net *"_ivl_79", 7 0, L_0x7fb3bc073710;  1 drivers
v0x7fb3bafb2de0_0 .net *"_ivl_80", 31 0, L_0x7fb3bad7caa0;  1 drivers
v0x7fb3bafb2e90_0 .net *"_ivl_82", 23 0, L_0x7fb3bad7ca00;  1 drivers
L_0x7fb3bc073758 .functor BUFT 1, C4<00000000>, C4<0>, C4<0>, C4<0>;
v0x7fb3bafb2f40_0 .net *"_ivl_84", 7 0, L_0x7fb3bc073758;  1 drivers
v0x7fb3bafb2ff0_0 .net *"_ivl_86", 31 0, L_0x7fb3bad7cb40;  1 drivers
v0x7fb3bafb30a0_0 .net *"_ivl_88", 31 0, L_0x7fb3bad7cbe0;  1 drivers
L_0x7fb3bc0737a0 .functor BUFT 1, C4<00000000>, C4<0>, C4<0>, C4<0>;
v0x7fb3bafb3150_0 .net *"_ivl_91", 7 0, L_0x7fb3bc0737a0;  1 drivers
v0x7fb3bafb3200_0 .net *"_ivl_92", 31 0, L_0x7fb3bad7cd20;  1 drivers
v0x7fb3bafb32b0_0 .net *"_ivl_94", 23 0, L_0x7fb3bad7cc80;  1 drivers
L_0x7fb3bc0737e8 .functor BUFT 1, C4<00000000>, C4<0>, C4<0>, C4<0>;
v0x7fb3bafb3360_0 .net *"_ivl_96", 7 0, L_0x7fb3bc0737e8;  1 drivers
v0x7fb3bafb3410_0 .net *"_ivl_98", 31 0, L_0x7fb3bad7cdc0;  1 drivers
v0x7fb3bafb34c0_0 .net "clock", 0 0, L_0x7fb3baea23a0;  1 drivers
v0x7fb3bafb3560_0 .net "iA", 15 0, L_0x7fb3baea2520;  1 drivers
v0x7fb3bafb3610_0 .net "iB", 15 0, L_0x7fb3baea25f0;  1 drivers
v0x7fb3bafb36c0_0 .net "iC", 15 0, L_0x7fb3baea2490;  1 drivers
v0x7fb3bafb3770_0 .net "iD", 15 0, L_0x7fb3baea26a0;  1 drivers
v0x7fb3bafb3820_0 .net "iF", 15 0, L_0x7fb3bad0aed0;  1 drivers
v0x7fb3bafb38d0_0 .net "iG", 15 0, L_0x7fb3bad12ea0;  1 drivers
v0x7fb3bafb3980_0 .net "iH", 31 0, L_0x7fb3bad62310;  1 drivers
v0x7fb3bafb3a30_0 .net "iJ", 15 0, L_0x7fb3bad0cd60;  1 drivers
v0x7fb3bafb3ae0_0 .net "iJ_e", 23 0, L_0x7fb3bad7c820;  1 drivers
v0x7fb3bafb3b90_0 .net "iK", 15 0, L_0x7fb3bad2deb0;  1 drivers
v0x7fb3bafb3c40_0 .net "iK_e", 23 0, L_0x7fb3bad7c780;  1 drivers
v0x7fb3bafb3cf0_0 .net "iL", 31 0, L_0x7fb3bad7d040;  1 drivers
v0x7fb3bafb3da0_0 .net "iP", 15 0, L_0x7fb3bad7d770;  1 drivers
v0x7fb3bafb3e50_0 .net "iQ", 15 0, v0x7fb3bafb4c10_0;  1 drivers
v0x7fb3bafb3f00_0 .net "iR", 15 0, L_0x7fb3bad7dc00;  1 drivers
v0x7fb3bafb3fb0_0 .net "iS", 15 0, v0x7fb3bafb4cc0_0;  1 drivers
v0x7fb3bafb4060_0 .net "iW", 15 0, L_0x7fb3bad6fdb0;  1 drivers
v0x7fb3bafb4110_0 .net "iX", 15 0, L_0x7fb3bad64cf0;  1 drivers
v0x7fb3bafb41c0_0 .net "iY", 15 0, L_0x7fb3bad1dda0;  1 drivers
v0x7fb3bafb4270_0 .net "iZ", 15 0, L_0x7fb3bad1e220;  1 drivers
v0x7fb3bafb4320_0 .net "p_Ah_Bh", 15 0, L_0x7fb3baea3150;  1 drivers
v0x7fb3bafb43d0_0 .net "p_Ah_Bl", 15 0, L_0x7fb3bad7c640;  1 drivers
v0x7fb3bafb4480_0 .net "p_Al_Bh", 15 0, L_0x7fb3bad7c460;  1 drivers
v0x7fb3bafb4530_0 .net "p_Al_Bl", 15 0, L_0x7fb3bad7c6e0;  1 drivers
v0x7fb3bafb45e0_0 .var "rA", 15 0;
v0x7fb3bafb4690_0 .var "rB", 15 0;
v0x7fb3bafb4740_0 .var "rC", 15 0;
v0x7fb3bafb47f0_0 .var "rD", 15 0;
v0x7fb3bafb48a0_0 .var "rF", 15 0;
v0x7fb3bafb4950_0 .var "rG", 15 0;
v0x7fb3bafb4a00_0 .var "rH", 31 0;
v0x7fb3bafb4ab0_0 .var "rJ", 15 0;
v0x7fb3bafb4b60_0 .var "rK", 15 0;
v0x7fb3bafb4c10_0 .var "rQ", 15 0;
v0x7fb3bafb4cc0_0 .var "rS", 15 0;
E_0x7fb3bafae760 .event posedge, v0x7fb3bafb05e0_0, v0x7fb3bafb34c0_0;
E_0x7fb3bafaf040 .event posedge, v0x7fb3bafb0680_0, v0x7fb3bafb34c0_0;
E_0x7fb3bafaf090 .event posedge, v0x7fb3bafb0030_0, v0x7fb3bafb34c0_0;
E_0x7fb3bafaf0f0 .event posedge, v0x7fb3bafb00d0_0, v0x7fb3bafb34c0_0;
L_0x7fb3baea2880 .part L_0x7fb3baea2520, 8, 8;
L_0x7fb3baea2980 .concat [ 8 8 0 0], L_0x7fb3baea2880, L_0x7fb3bc073488;
L_0x7fb3baea2ac0 .part L_0x7fb3baea2520, 0, 8;
L_0x7fb3baea2b80 .concat [ 8 8 0 0], L_0x7fb3baea2ac0, L_0x7fb3bc0734d0;
L_0x7fb3baea2ce0 .part L_0x7fb3baea25f0, 8, 8;
L_0x7fb3baea2df0 .concat [ 8 8 0 0], L_0x7fb3baea2ce0, L_0x7fb3bc073518;
L_0x7fb3baea2f10 .part L_0x7fb3baea25f0, 0, 8;
L_0x7fb3baea2ff0 .concat [ 8 8 0 0], L_0x7fb3baea2f10, L_0x7fb3bc073560;
L_0x7fb3baea3150 .arith/mult 16, L_0x7fb3baea2980, L_0x7fb3baea2df0;
L_0x7fb3bad7c320 .part L_0x7fb3baea2b80, 0, 8;
L_0x7fb3bad7c3c0 .concat [ 8 8 0 0], L_0x7fb3bad7c320, L_0x7fb3bc0735a8;
L_0x7fb3bad7c460 .arith/mult 16, L_0x7fb3bad7c3c0, L_0x7fb3baea2df0;
L_0x7fb3bad7c500 .part L_0x7fb3baea2ff0, 0, 8;
L_0x7fb3bad7c5a0 .concat [ 8 8 0 0], L_0x7fb3bad7c500, L_0x7fb3bc0735f0;
L_0x7fb3bad7c640 .arith/mult 16, L_0x7fb3baea2980, L_0x7fb3bad7c5a0;
L_0x7fb3bad7c6e0 .arith/mult 16, L_0x7fb3baea2b80, L_0x7fb3baea2ff0;
L_0x7fb3bad7c780 .concat [ 16 8 0 0], L_0x7fb3bad2deb0, L_0x7fb3bc073638;
L_0x7fb3bad7c820 .concat [ 16 8 0 0], L_0x7fb3bad0cd60, L_0x7fb3bc073680;
L_0x7fb3bad7c8c0 .concat [ 16 16 0 0], L_0x7fb3bad12ea0, L_0x7fb3bc0736c8;
L_0x7fb3bad7c960 .concat [ 24 8 0 0], L_0x7fb3bad7c780, L_0x7fb3bc073710;
L_0x7fb3bad7ca00 .part L_0x7fb3bad7c960, 0, 24;
L_0x7fb3bad7caa0 .concat [ 8 24 0 0], L_0x7fb3bc073758, L_0x7fb3bad7ca00;
L_0x7fb3bad7cb40 .arith/sum 32, L_0x7fb3bad7c8c0, L_0x7fb3bad7caa0;
L_0x7fb3bad7cbe0 .concat [ 24 8 0 0], L_0x7fb3bad7c820, L_0x7fb3bc0737a0;
L_0x7fb3bad7cc80 .part L_0x7fb3bad7cbe0, 0, 24;
L_0x7fb3bad7cd20 .concat [ 8 24 0 0], L_0x7fb3bc0737e8, L_0x7fb3bad7cc80;
L_0x7fb3bad7cdc0 .arith/sum 32, L_0x7fb3bad7cb40, L_0x7fb3bad7cd20;
L_0x7fb3bad7ce60 .concat [ 16 16 0 0], L_0x7fb3bad0aed0, L_0x7fb3bc073830;
L_0x7fb3bad7cf00 .part L_0x7fb3bad7ce60, 0, 16;
L_0x7fb3bad7cfa0 .concat [ 16 16 0 0], L_0x7fb3bc073878, L_0x7fb3bad7cf00;
L_0x7fb3bad7d040 .arith/sum 32, L_0x7fb3bad7cdc0, L_0x7fb3bad7cfa0;
L_0x7fb3bad7d0e0 .part L_0x7fb3bad7da30, 16, 1;
L_0x7fb3bad7d180 .part L_0x7fb3bad7da30, 0, 16;
L_0x7fb3bad7d220 .concat [ 16 1 0 0], L_0x7fb3bad64cf0, L_0x7fb3bc0738c0;
L_0x7fb3bad7d2c0 .concat [ 16 1 0 0], L_0x7fb3bad6fdb0, L_0x7fb3bc073908;
LS_0x7fb3bad7d560_0_0 .concat [ 1 1 1 1], o0x7fb3bc04b278, o0x7fb3bc04b278, o0x7fb3bc04b278, o0x7fb3bc04b278;
LS_0x7fb3bad7d560_0_4 .concat [ 1 1 1 1], o0x7fb3bc04b278, o0x7fb3bc04b278, o0x7fb3bc04b278, o0x7fb3bc04b278;
LS_0x7fb3bad7d560_0_8 .concat [ 1 1 1 1], o0x7fb3bc04b278, o0x7fb3bc04b278, o0x7fb3bc04b278, o0x7fb3bc04b278;
LS_0x7fb3bad7d560_0_12 .concat [ 1 1 1 1], o0x7fb3bc04b278, o0x7fb3bc04b278, o0x7fb3bc04b278, o0x7fb3bc04b278;
L_0x7fb3bad7d560 .concat [ 4 4 4 4], LS_0x7fb3bad7d560_0_0, LS_0x7fb3bad7d560_0_4, LS_0x7fb3bad7d560_0_8, LS_0x7fb3bad7d560_0_12;
L_0x7fb3bad7d690 .concat [ 16 1 0 0], L_0x7fb3bad7d560, L_0x7fb3bc073950;
L_0x7fb3bad7d990 .arith/sum 17, L_0x7fb3bad7d220, L_0x7fb3bad6c6f0;
L_0x7fb3bad7da30 .arith/sum 17, L_0x7fb3bad7d990, L_0x7fb3bc073bd8;
LS_0x7fb3bad7dad0_0_0 .concat [ 1 1 1 1], o0x7fb3bc04b278, o0x7fb3bc04b278, o0x7fb3bc04b278, o0x7fb3bc04b278;
LS_0x7fb3bad7dad0_0_4 .concat [ 1 1 1 1], o0x7fb3bc04b278, o0x7fb3bc04b278, o0x7fb3bc04b278, o0x7fb3bc04b278;
LS_0x7fb3bad7dad0_0_8 .concat [ 1 1 1 1], o0x7fb3bc04b278, o0x7fb3bc04b278, o0x7fb3bc04b278, o0x7fb3bc04b278;
LS_0x7fb3bad7dad0_0_12 .concat [ 1 1 1 1], o0x7fb3bc04b278, o0x7fb3bc04b278, o0x7fb3bc04b278, o0x7fb3bc04b278;
L_0x7fb3bad7dad0 .concat [ 4 4 4 4], LS_0x7fb3bad7dad0_0_0, LS_0x7fb3bad7dad0_0_4, LS_0x7fb3bad7dad0_0_8, LS_0x7fb3bad7dad0_0_12;
L_0x7fb3bad7d770 .functor MUXZ 16, L_0x7fb3bad0bf90, L_0x7fb3baea2490, o0x7fb3bc04b728, C4<>;
L_0x7fb3bad7d8a0 .part L_0x7fb3bad64cf0, 15, 1;
L_0x7fb3bad7dca0 .part L_0x7fb3bad7e360, 16, 1;
L_0x7fb3bad7dd40 .part L_0x7fb3bad7e360, 0, 16;
L_0x7fb3bad7dde0 .concat [ 16 1 0 0], L_0x7fb3bad1e220, L_0x7fb3bc0739e0;
L_0x7fb3bad7de80 .concat [ 16 1 0 0], L_0x7fb3bad1dda0, L_0x7fb3bc073a28;
LS_0x7fb3bad7df20_0_0 .concat [ 1 1 1 1], o0x7fb3bc04b248, o0x7fb3bc04b248, o0x7fb3bc04b248, o0x7fb3bc04b248;
LS_0x7fb3bad7df20_0_4 .concat [ 1 1 1 1], o0x7fb3bc04b248, o0x7fb3bc04b248, o0x7fb3bc04b248, o0x7fb3bc04b248;
LS_0x7fb3bad7df20_0_8 .concat [ 1 1 1 1], o0x7fb3bc04b248, o0x7fb3bc04b248, o0x7fb3bc04b248, o0x7fb3bc04b248;
LS_0x7fb3bad7df20_0_12 .concat [ 1 1 1 1], o0x7fb3bc04b248, o0x7fb3bc04b248, o0x7fb3bc04b248, o0x7fb3bc04b248;
L_0x7fb3bad7df20 .concat [ 4 4 4 4], LS_0x7fb3bad7df20_0_0, LS_0x7fb3bad7df20_0_4, LS_0x7fb3bad7df20_0_8, LS_0x7fb3bad7df20_0_12;
L_0x7fb3bad7dfc0 .concat [ 16 1 0 0], L_0x7fb3bad7df20, L_0x7fb3bc073a70;
L_0x7fb3bad7e2c0 .arith/sum 17, L_0x7fb3bad7dde0, L_0x7fb3bad1e310;
L_0x7fb3bad7e360 .arith/sum 17, L_0x7fb3bad7e2c0, L_0x7fb3bc073c20;
LS_0x7fb3bad7e400_0_0 .concat [ 1 1 1 1], o0x7fb3bc04b248, o0x7fb3bc04b248, o0x7fb3bc04b248, o0x7fb3bc04b248;
LS_0x7fb3bad7e400_0_4 .concat [ 1 1 1 1], o0x7fb3bc04b248, o0x7fb3bc04b248, o0x7fb3bc04b248, o0x7fb3bc04b248;
LS_0x7fb3bad7e400_0_8 .concat [ 1 1 1 1], o0x7fb3bc04b248, o0x7fb3bc04b248, o0x7fb3bc04b248, o0x7fb3bc04b248;
LS_0x7fb3bad7e400_0_12 .concat [ 1 1 1 1], o0x7fb3bc04b248, o0x7fb3bc04b248, o0x7fb3bc04b248, o0x7fb3bc04b248;
L_0x7fb3bad7e400 .concat [ 4 4 4 4], LS_0x7fb3bad7e400_0_0, LS_0x7fb3bad7e400_0_4, LS_0x7fb3bad7e400_0_8, LS_0x7fb3bad7e400_0_12;
L_0x7fb3bad7dc00 .functor MUXZ 16, L_0x7fb3bad123f0, L_0x7fb3baea26a0, o0x7fb3bc04b6f8, C4<>;
L_0x7fb3bad7e160 .concat [ 16 16 0 0], L_0x7fb3bad494f0, L_0x7fb3bad1dfe0;
S_0x7fb3baf9f830 .scope module, "SB_PLL40_2F_CORE" "SB_PLL40_2F_CORE" 2 2521;
 .timescale -12 -12;
    .port_info 0 /INPUT 1 "REFERENCECLK";
    .port_info 1 /OUTPUT 1 "PLLOUTCOREA";
    .port_info 2 /OUTPUT 1 "PLLOUTGLOBALA";
    .port_info 3 /OUTPUT 1 "PLLOUTCOREB";
    .port_info 4 /OUTPUT 1 "PLLOUTGLOBALB";
    .port_info 5 /INPUT 1 "EXTFEEDBACK";
    .port_info 6 /INPUT 8 "DYNAMICDELAY";
    .port_info 7 /OUTPUT 1 "LOCK";
    .port_info 8 /INPUT 1 "BYPASS";
    .port_info 9 /INPUT 1 "RESETB";
    .port_info 10 /INPUT 1 "LATCHINPUTVALUE";
    .port_info 11 /OUTPUT 1 "SDO";
    .port_info 12 /INPUT 1 "SDI";
    .port_info 13 /INPUT 1 "SCLK";
P_0x7fb3bd02d600 .param/str "DELAY_ADJUSTMENT_MODE_FEEDBACK" 0 2 2538, "FIXED";
P_0x7fb3bd02d640 .param/str "DELAY_ADJUSTMENT_MODE_RELATIVE" 0 2 2539, "FIXED";
P_0x7fb3bd02d680 .param/l "DIVF" 0 2 2546, C4<0000000>;
P_0x7fb3bd02d6c0 .param/l "DIVQ" 0 2 2547, C4<000>;
P_0x7fb3bd02d700 .param/l "DIVR" 0 2 2545, C4<0000>;
P_0x7fb3bd02d740 .param/l "ENABLE_ICEGATE_PORTA" 0 2 2549, C4<0>;
P_0x7fb3bd02d780 .param/l "ENABLE_ICEGATE_PORTB" 0 2 2550, C4<0>;
P_0x7fb3bd02d7c0 .param/l "EXTERNAL_DIVIDE_FACTOR" 0 2 2552, +C4<00000000000000000000000000000001>;
P_0x7fb3bd02d800 .param/l "FDA_FEEDBACK" 0 2 2541, C4<0000>;
P_0x7fb3bd02d840 .param/l "FDA_RELATIVE" 0 2 2542, C4<0000>;
P_0x7fb3bd02d880 .param/str "FEEDBACK_PATH" 0 2 2537, "SIMPLE";
P_0x7fb3bd02d8c0 .param/l "FILTER_RANGE" 0 2 2548, C4<000>;
P_0x7fb3bd02d900 .param/str "PLLOUT_SELECT_PORTA" 0 2 2543, "GENCLK";
P_0x7fb3bd02d940 .param/str "PLLOUT_SELECT_PORTB" 0 2 2544, "GENCLK";
P_0x7fb3bd02d980 .param/l "SHIFTREG_DIV_MODE" 0 2 2540, C4<0>;
P_0x7fb3bd02d9c0 .param/l "TEST_MODE" 0 2 2551, C4<0>;
o0x7fb3bc04d048 .functor BUFZ 1, C4<z>; HiZ drive
v0x7fb3bad6c7f0_0 .net "BYPASS", 0 0, o0x7fb3bc04d048;  0 drivers
o0x7fb3bc04d078 .functor BUFZ 8, C4<zzzzzzzz>; HiZ drive
v0x7fb3bad6c8d0_0 .net "DYNAMICDELAY", 7 0, o0x7fb3bc04d078;  0 drivers
o0x7fb3bc04d0a8 .functor BUFZ 1, C4<z>; HiZ drive
v0x7fb3bad6d2c0_0 .net "EXTFEEDBACK", 0 0, o0x7fb3bc04d0a8;  0 drivers
o0x7fb3bc04d0d8 .functor BUFZ 1, C4<z>; HiZ drive
v0x7fb3bad6e350_0 .net "LATCHINPUTVALUE", 0 0, o0x7fb3bc04d0d8;  0 drivers
o0x7fb3bc04d108 .functor BUFZ 1, C4<z>; HiZ drive
v0x7fb3bad6e430_0 .net "LOCK", 0 0, o0x7fb3bc04d108;  0 drivers
o0x7fb3bc04d138 .functor BUFZ 1, C4<z>; HiZ drive
v0x7fb3bad0dc60_0 .net "PLLOUTCOREA", 0 0, o0x7fb3bc04d138;  0 drivers
o0x7fb3bc04d168 .functor BUFZ 1, C4<z>; HiZ drive
v0x7fb3bad0bdb0_0 .net "PLLOUTCOREB", 0 0, o0x7fb3bc04d168;  0 drivers
o0x7fb3bc04d198 .functor BUFZ 1, C4<z>; HiZ drive
v0x7fb3bad49710_0 .net "PLLOUTGLOBALA", 0 0, o0x7fb3bc04d198;  0 drivers
o0x7fb3bc04d1c8 .functor BUFZ 1, C4<z>; HiZ drive
v0x7fb3bad6d1d0_0 .net "PLLOUTGLOBALB", 0 0, o0x7fb3bc04d1c8;  0 drivers
o0x7fb3bc04d1f8 .functor BUFZ 1, C4<z>; HiZ drive
v0x7fb3bad26730_0 .net "REFERENCECLK", 0 0, o0x7fb3bc04d1f8;  0 drivers
o0x7fb3bc04d228 .functor BUFZ 1, C4<z>; HiZ drive
v0x7fb3bad1d940_0 .net "RESETB", 0 0, o0x7fb3bc04d228;  0 drivers
o0x7fb3bc04d258 .functor BUFZ 1, C4<z>; HiZ drive
v0x7fb3bad09f20_0 .net "SCLK", 0 0, o0x7fb3bc04d258;  0 drivers
o0x7fb3bc04d288 .functor BUFZ 1, C4<z>; HiZ drive
v0x7fb3bad64c60_0 .net "SDI", 0 0, o0x7fb3bc04d288;  0 drivers
o0x7fb3bc04d2b8 .functor BUFZ 1, C4<z>; HiZ drive
v0x7fb3bad69e60_0 .net "SDO", 0 0, o0x7fb3bc04d2b8;  0 drivers
S_0x7fb3baf9fb60 .scope module, "SB_PLL40_2F_PAD" "SB_PLL40_2F_PAD" 2 2556;
 .timescale -12 -12;
    .port_info 0 /INPUT 1 "PACKAGEPIN";
    .port_info 1 /OUTPUT 1 "PLLOUTCOREA";
    .port_info 2 /OUTPUT 1 "PLLOUTGLOBALA";
    .port_info 3 /OUTPUT 1 "PLLOUTCOREB";
    .port_info 4 /OUTPUT 1 "PLLOUTGLOBALB";
    .port_info 5 /INPUT 1 "EXTFEEDBACK";
    .port_info 6 /INPUT 8 "DYNAMICDELAY";
    .port_info 7 /OUTPUT 1 "LOCK";
    .port_info 8 /INPUT 1 "BYPASS";
    .port_info 9 /INPUT 1 "RESETB";
    .port_info 10 /INPUT 1 "LATCHINPUTVALUE";
    .port_info 11 /OUTPUT 1 "SDO";
    .port_info 12 /INPUT 1 "SDI";
    .port_info 13 /INPUT 1 "SCLK";
P_0x7fb3bd02f000 .param/str "DELAY_ADJUSTMENT_MODE_FEEDBACK" 0 2 2573, "FIXED";
P_0x7fb3bd02f040 .param/str "DELAY_ADJUSTMENT_MODE_RELATIVE" 0 2 2574, "FIXED";
P_0x7fb3bd02f080 .param/l "DIVF" 0 2 2581, C4<0000000>;
P_0x7fb3bd02f0c0 .param/l "DIVQ" 0 2 2582, C4<000>;
P_0x7fb3bd02f100 .param/l "DIVR" 0 2 2580, C4<0000>;
P_0x7fb3bd02f140 .param/l "ENABLE_ICEGATE_PORTA" 0 2 2584, C4<0>;
P_0x7fb3bd02f180 .param/l "ENABLE_ICEGATE_PORTB" 0 2 2585, C4<0>;
P_0x7fb3bd02f1c0 .param/l "EXTERNAL_DIVIDE_FACTOR" 0 2 2587, +C4<00000000000000000000000000000001>;
P_0x7fb3bd02f200 .param/l "FDA_FEEDBACK" 0 2 2576, C4<0000>;
P_0x7fb3bd02f240 .param/l "FDA_RELATIVE" 0 2 2577, C4<0000>;
P_0x7fb3bd02f280 .param/str "FEEDBACK_PATH" 0 2 2572, "SIMPLE";
P_0x7fb3bd02f2c0 .param/l "FILTER_RANGE" 0 2 2583, C4<000>;
P_0x7fb3bd02f300 .param/str "PLLOUT_SELECT_PORTA" 0 2 2578, "GENCLK";
P_0x7fb3bd02f340 .param/str "PLLOUT_SELECT_PORTB" 0 2 2579, "GENCLK";
P_0x7fb3bd02f380 .param/l "SHIFTREG_DIV_MODE" 0 2 2575, C4<00>;
P_0x7fb3bd02f3c0 .param/l "TEST_MODE" 0 2 2586, C4<0>;
o0x7fb3bc04d588 .functor BUFZ 1, C4<z>; HiZ drive
v0x7fb3bad64b20_0 .net "BYPASS", 0 0, o0x7fb3bc04d588;  0 drivers
o0x7fb3bc04d5b8 .functor BUFZ 8, C4<zzzzzzzz>; HiZ drive
v0x7fb3bad78a50_0 .net "DYNAMICDELAY", 7 0, o0x7fb3bc04d5b8;  0 drivers
o0x7fb3bc04d5e8 .functor BUFZ 1, C4<z>; HiZ drive
v0x7fb3bad624d0_0 .net "EXTFEEDBACK", 0 0, o0x7fb3bc04d5e8;  0 drivers
o0x7fb3bc04d618 .functor BUFZ 1, C4<z>; HiZ drive
v0x7fb3bad62560_0 .net "LATCHINPUTVALUE", 0 0, o0x7fb3bc04d618;  0 drivers
o0x7fb3bc04d648 .functor BUFZ 1, C4<z>; HiZ drive
v0x7fb3bad31630_0 .net "LOCK", 0 0, o0x7fb3bc04d648;  0 drivers
o0x7fb3bc04d678 .functor BUFZ 1, C4<z>; HiZ drive
v0x7fb3bad316c0_0 .net "PACKAGEPIN", 0 0, o0x7fb3bc04d678;  0 drivers
o0x7fb3bc04d6a8 .functor BUFZ 1, C4<z>; HiZ drive
v0x7fb3bad5cb80_0 .net "PLLOUTCOREA", 0 0, o0x7fb3bc04d6a8;  0 drivers
o0x7fb3bc04d6d8 .functor BUFZ 1, C4<z>; HiZ drive
v0x7fb3bad5cc10_0 .net "PLLOUTCOREB", 0 0, o0x7fb3bc04d6d8;  0 drivers
o0x7fb3bc04d708 .functor BUFZ 1, C4<z>; HiZ drive
v0x7fb3bad6bcb0_0 .net "PLLOUTGLOBALA", 0 0, o0x7fb3bc04d708;  0 drivers
o0x7fb3bc04d738 .functor BUFZ 1, C4<z>; HiZ drive
v0x7fb3bad6bd40_0 .net "PLLOUTGLOBALB", 0 0, o0x7fb3bc04d738;  0 drivers
o0x7fb3bc04d768 .functor BUFZ 1, C4<z>; HiZ drive
v0x7fb3bad66f30_0 .net "RESETB", 0 0, o0x7fb3bc04d768;  0 drivers
o0x7fb3bc04d798 .functor BUFZ 1, C4<z>; HiZ drive
v0x7fb3bad66fc0_0 .net "SCLK", 0 0, o0x7fb3bc04d798;  0 drivers
o0x7fb3bc04d7c8 .functor BUFZ 1, C4<z>; HiZ drive
v0x7fb3bad6ff50_0 .net "SDI", 0 0, o0x7fb3bc04d7c8;  0 drivers
o0x7fb3bc04d7f8 .functor BUFZ 1, C4<z>; HiZ drive
v0x7fb3bad6ffe0_0 .net "SDO", 0 0, o0x7fb3bc04d7f8;  0 drivers
S_0x7fb3baf9fe90 .scope module, "SB_PLL40_2_PAD" "SB_PLL40_2_PAD" 2 2487;
 .timescale -12 -12;
    .port_info 0 /INPUT 1 "PACKAGEPIN";
    .port_info 1 /OUTPUT 1 "PLLOUTCOREA";
    .port_info 2 /OUTPUT 1 "PLLOUTGLOBALA";
    .port_info 3 /OUTPUT 1 "PLLOUTCOREB";
    .port_info 4 /OUTPUT 1 "PLLOUTGLOBALB";
    .port_info 5 /INPUT 1 "EXTFEEDBACK";
    .port_info 6 /INPUT 8 "DYNAMICDELAY";
    .port_info 7 /OUTPUT 1 "LOCK";
    .port_info 8 /INPUT 1 "BYPASS";
    .port_info 9 /INPUT 1 "RESETB";
    .port_info 10 /INPUT 1 "LATCHINPUTVALUE";
    .port_info 11 /OUTPUT 1 "SDO";
    .port_info 12 /INPUT 1 "SDI";
    .port_info 13 /INPUT 1 "SCLK";
P_0x7fb3bafa0000 .param/str "DELAY_ADJUSTMENT_MODE_FEEDBACK" 0 2 2504, "FIXED";
P_0x7fb3bafa0040 .param/str "DELAY_ADJUSTMENT_MODE_RELATIVE" 0 2 2505, "FIXED";
P_0x7fb3bafa0080 .param/l "DIVF" 0 2 2511, C4<0000000>;
P_0x7fb3bafa00c0 .param/l "DIVQ" 0 2 2512, C4<000>;
P_0x7fb3bafa0100 .param/l "DIVR" 0 2 2510, C4<0000>;
P_0x7fb3bafa0140 .param/l "ENABLE_ICEGATE_PORTA" 0 2 2514, C4<0>;
P_0x7fb3bafa0180 .param/l "ENABLE_ICEGATE_PORTB" 0 2 2515, C4<0>;
P_0x7fb3bafa01c0 .param/l "EXTERNAL_DIVIDE_FACTOR" 0 2 2517, +C4<00000000000000000000000000000001>;
P_0x7fb3bafa0200 .param/l "FDA_FEEDBACK" 0 2 2507, C4<0000>;
P_0x7fb3bafa0240 .param/l "FDA_RELATIVE" 0 2 2508, C4<0000>;
P_0x7fb3bafa0280 .param/str "FEEDBACK_PATH" 0 2 2503, "SIMPLE";
P_0x7fb3bafa02c0 .param/l "FILTER_RANGE" 0 2 2513, C4<000>;
P_0x7fb3bafa0300 .param/str "PLLOUT_SELECT_PORTB" 0 2 2509, "GENCLK";
P_0x7fb3bafa0340 .param/l "SHIFTREG_DIV_MODE" 0 2 2506, C4<0>;
P_0x7fb3bafa0380 .param/l "TEST_MODE" 0 2 2516, C4<0>;
o0x7fb3bc04dac8 .functor BUFZ 1, C4<z>; HiZ drive
v0x7fb3bad5d3e0_0 .net "BYPASS", 0 0, o0x7fb3bc04dac8;  0 drivers
o0x7fb3bc04daf8 .functor BUFZ 8, C4<zzzzzzzz>; HiZ drive
v0x7fb3bad5d470_0 .net "DYNAMICDELAY", 7 0, o0x7fb3bc04daf8;  0 drivers
o0x7fb3bc04db28 .functor BUFZ 1, C4<z>; HiZ drive
v0x7fb3bad6b900_0 .net "EXTFEEDBACK", 0 0, o0x7fb3bc04db28;  0 drivers
o0x7fb3bc04db58 .functor BUFZ 1, C4<z>; HiZ drive
v0x7fb3bad6b990_0 .net "LATCHINPUTVALUE", 0 0, o0x7fb3bc04db58;  0 drivers
o0x7fb3bc04db88 .functor BUFZ 1, C4<z>; HiZ drive
v0x7fb3bad66980_0 .net "LOCK", 0 0, o0x7fb3bc04db88;  0 drivers
o0x7fb3bc04dbb8 .functor BUFZ 1, C4<z>; HiZ drive
v0x7fb3bad66a10_0 .net "PACKAGEPIN", 0 0, o0x7fb3bc04dbb8;  0 drivers
o0x7fb3bc04dbe8 .functor BUFZ 1, C4<z>; HiZ drive
v0x7fb3bad6aef0_0 .net "PLLOUTCOREA", 0 0, o0x7fb3bc04dbe8;  0 drivers
o0x7fb3bc04dc18 .functor BUFZ 1, C4<z>; HiZ drive
v0x7fb3bad6af80_0 .net "PLLOUTCOREB", 0 0, o0x7fb3bc04dc18;  0 drivers
o0x7fb3bc04dc48 .functor BUFZ 1, C4<z>; HiZ drive
v0x7fb3bad65f70_0 .net "PLLOUTGLOBALA", 0 0, o0x7fb3bc04dc48;  0 drivers
o0x7fb3bc04dc78 .functor BUFZ 1, C4<z>; HiZ drive
v0x7fb3bad66000_0 .net "PLLOUTGLOBALB", 0 0, o0x7fb3bc04dc78;  0 drivers
o0x7fb3bc04dca8 .functor BUFZ 1, C4<z>; HiZ drive
v0x7fb3bad61660_0 .net "RESETB", 0 0, o0x7fb3bc04dca8;  0 drivers
o0x7fb3bc04dcd8 .functor BUFZ 1, C4<z>; HiZ drive
v0x7fb3bad616f0_0 .net "SCLK", 0 0, o0x7fb3bc04dcd8;  0 drivers
o0x7fb3bc04dd08 .functor BUFZ 1, C4<z>; HiZ drive
v0x7fb3bad6b670_0 .net "SDI", 0 0, o0x7fb3bc04dd08;  0 drivers
o0x7fb3bc04dd38 .functor BUFZ 1, C4<z>; HiZ drive
v0x7fb3bad6b700_0 .net "SDO", 0 0, o0x7fb3bc04dd38;  0 drivers
S_0x7fb3bafa0580 .scope module, "SB_PLL40_CORE" "SB_PLL40_CORE" 2 2425;
 .timescale -12 -12;
    .port_info 0 /INPUT 1 "REFERENCECLK";
    .port_info 1 /OUTPUT 1 "PLLOUTCORE";
    .port_info 2 /OUTPUT 1 "PLLOUTGLOBAL";
    .port_info 3 /INPUT 1 "EXTFEEDBACK";
    .port_info 4 /INPUT 8 "DYNAMICDELAY";
    .port_info 5 /OUTPUT 1 "LOCK";
    .port_info 6 /INPUT 1 "BYPASS";
    .port_info 7 /INPUT 1 "RESETB";
    .port_info 8 /INPUT 1 "LATCHINPUTVALUE";
    .port_info 9 /OUTPUT 1 "SDO";
    .port_info 10 /INPUT 1 "SDI";
    .port_info 11 /INPUT 1 "SCLK";
P_0x7fb3bafa06f0 .param/str "DELAY_ADJUSTMENT_MODE_FEEDBACK" 0 2 2440, "FIXED";
P_0x7fb3bafa0730 .param/str "DELAY_ADJUSTMENT_MODE_RELATIVE" 0 2 2441, "FIXED";
P_0x7fb3bafa0770 .param/l "DIVF" 0 2 2447, C4<0000000>;
P_0x7fb3bafa07b0 .param/l "DIVQ" 0 2 2448, C4<000>;
P_0x7fb3bafa07f0 .param/l "DIVR" 0 2 2446, C4<0000>;
P_0x7fb3bafa0830 .param/l "ENABLE_ICEGATE" 0 2 2450, C4<0>;
P_0x7fb3bafa0870 .param/l "EXTERNAL_DIVIDE_FACTOR" 0 2 2452, +C4<00000000000000000000000000000001>;
P_0x7fb3bafa08b0 .param/l "FDA_FEEDBACK" 0 2 2443, C4<0000>;
P_0x7fb3bafa08f0 .param/l "FDA_RELATIVE" 0 2 2444, C4<0000>;
P_0x7fb3bafa0930 .param/str "FEEDBACK_PATH" 0 2 2439, "SIMPLE";
P_0x7fb3bafa0970 .param/l "FILTER_RANGE" 0 2 2449, C4<000>;
P_0x7fb3bafa09b0 .param/str "PLLOUT_SELECT" 0 2 2445, "GENCLK";
P_0x7fb3bafa09f0 .param/l "SHIFTREG_DIV_MODE" 0 2 2442, C4<0>;
P_0x7fb3bafa0a30 .param/l "TEST_MODE" 0 2 2451, C4<0>;
o0x7fb3bc04e008 .functor BUFZ 1, C4<z>; HiZ drive
v0x7fb3bad67220_0 .net "BYPASS", 0 0, o0x7fb3bc04e008;  0 drivers
o0x7fb3bc04e038 .functor BUFZ 8, C4<zzzzzzzz>; HiZ drive
v0x7fb3bad672b0_0 .net "DYNAMICDELAY", 7 0, o0x7fb3bc04e038;  0 drivers
o0x7fb3bc04e068 .functor BUFZ 1, C4<z>; HiZ drive
v0x7fb3bad666f0_0 .net "EXTFEEDBACK", 0 0, o0x7fb3bc04e068;  0 drivers
o0x7fb3bc04e098 .functor BUFZ 1, C4<z>; HiZ drive
v0x7fb3bad66780_0 .net "LATCHINPUTVALUE", 0 0, o0x7fb3bc04e098;  0 drivers
o0x7fb3bc04e0c8 .functor BUFZ 1, C4<z>; HiZ drive
v0x7fb3bad61af0_0 .net "LOCK", 0 0, o0x7fb3bc04e0c8;  0 drivers
o0x7fb3bc04e0f8 .functor BUFZ 1, C4<z>; HiZ drive
v0x7fb3bad61b80_0 .net "PLLOUTCORE", 0 0, o0x7fb3bc04e0f8;  0 drivers
o0x7fb3bc04e128 .functor BUFZ 1, C4<z>; HiZ drive
v0x7fb3bad129b0_0 .net "PLLOUTGLOBAL", 0 0, o0x7fb3bc04e128;  0 drivers
o0x7fb3bc04e158 .functor BUFZ 1, C4<z>; HiZ drive
v0x7fb3bad12a40_0 .net "REFERENCECLK", 0 0, o0x7fb3bc04e158;  0 drivers
o0x7fb3bc04e188 .functor BUFZ 1, C4<z>; HiZ drive
v0x7fb3bad6fc90_0 .net "RESETB", 0 0, o0x7fb3bc04e188;  0 drivers
o0x7fb3bc04e1b8 .functor BUFZ 1, C4<z>; HiZ drive
v0x7fb3bad6fd20_0 .net "SCLK", 0 0, o0x7fb3bc04e1b8;  0 drivers
o0x7fb3bc04e1e8 .functor BUFZ 1, C4<z>; HiZ drive
v0x7fb3bad621f0_0 .net "SDI", 0 0, o0x7fb3bc04e1e8;  0 drivers
o0x7fb3bc04e218 .functor BUFZ 1, C4<z>; HiZ drive
v0x7fb3bad62280_0 .net "SDO", 0 0, o0x7fb3bc04e218;  0 drivers
S_0x7fb3bafa0bf0 .scope module, "SB_PLL40_PAD" "SB_PLL40_PAD" 2 2456;
 .timescale -12 -12;
    .port_info 0 /INPUT 1 "PACKAGEPIN";
    .port_info 1 /OUTPUT 1 "PLLOUTCORE";
    .port_info 2 /OUTPUT 1 "PLLOUTGLOBAL";
    .port_info 3 /INPUT 1 "EXTFEEDBACK";
    .port_info 4 /INPUT 8 "DYNAMICDELAY";
    .port_info 5 /OUTPUT 1 "LOCK";
    .port_info 6 /INPUT 1 "BYPASS";
    .port_info 7 /INPUT 1 "RESETB";
    .port_info 8 /INPUT 1 "LATCHINPUTVALUE";
    .port_info 9 /OUTPUT 1 "SDO";
    .port_info 10 /INPUT 1 "SDI";
    .port_info 11 /INPUT 1 "SCLK";
P_0x7fb3bafa0d60 .param/str "DELAY_ADJUSTMENT_MODE_FEEDBACK" 0 2 2471, "FIXED";
P_0x7fb3bafa0da0 .param/str "DELAY_ADJUSTMENT_MODE_RELATIVE" 0 2 2472, "FIXED";
P_0x7fb3bafa0de0 .param/l "DIVF" 0 2 2478, C4<0000000>;
P_0x7fb3bafa0e20 .param/l "DIVQ" 0 2 2479, C4<000>;
P_0x7fb3bafa0e60 .param/l "DIVR" 0 2 2477, C4<0000>;
P_0x7fb3bafa0ea0 .param/l "ENABLE_ICEGATE" 0 2 2481, C4<0>;
P_0x7fb3bafa0ee0 .param/l "EXTERNAL_DIVIDE_FACTOR" 0 2 2483, +C4<00000000000000000000000000000001>;
P_0x7fb3bafa0f20 .param/l "FDA_FEEDBACK" 0 2 2474, C4<0000>;
P_0x7fb3bafa0f60 .param/l "FDA_RELATIVE" 0 2 2475, C4<0000>;
P_0x7fb3bafa0fa0 .param/str "FEEDBACK_PATH" 0 2 2470, "SIMPLE";
P_0x7fb3bafa0fe0 .param/l "FILTER_RANGE" 0 2 2480, C4<000>;
P_0x7fb3bafa1020 .param/str "PLLOUT_SELECT" 0 2 2476, "GENCLK";
P_0x7fb3bafa1060 .param/l "SHIFTREG_DIV_MODE" 0 2 2473, C4<0>;
P_0x7fb3bafa10a0 .param/l "TEST_MODE" 0 2 2482, C4<0>;
o0x7fb3bc04e488 .functor BUFZ 1, C4<z>; HiZ drive
v0x7fb3bac341f0_0 .net "BYPASS", 0 0, o0x7fb3bc04e488;  0 drivers
o0x7fb3bc04e4b8 .functor BUFZ 8, C4<zzzzzzzz>; HiZ drive
v0x7fb3bac342a0_0 .net "DYNAMICDELAY", 7 0, o0x7fb3bc04e4b8;  0 drivers
o0x7fb3bc04e4e8 .functor BUFZ 1, C4<z>; HiZ drive
v0x7fb3bac34340_0 .net "EXTFEEDBACK", 0 0, o0x7fb3bc04e4e8;  0 drivers
o0x7fb3bc04e518 .functor BUFZ 1, C4<z>; HiZ drive
v0x7fb3bac343f0_0 .net "LATCHINPUTVALUE", 0 0, o0x7fb3bc04e518;  0 drivers
o0x7fb3bc04e548 .functor BUFZ 1, C4<z>; HiZ drive
v0x7fb3bac34480_0 .net "LOCK", 0 0, o0x7fb3bc04e548;  0 drivers
o0x7fb3bc04e578 .functor BUFZ 1, C4<z>; HiZ drive
v0x7fb3bac34560_0 .net "PACKAGEPIN", 0 0, o0x7fb3bc04e578;  0 drivers
o0x7fb3bc04e5a8 .functor BUFZ 1, C4<z>; HiZ drive
v0x7fb3bac34600_0 .net "PLLOUTCORE", 0 0, o0x7fb3bc04e5a8;  0 drivers
o0x7fb3bc04e5d8 .functor BUFZ 1, C4<z>; HiZ drive
v0x7fb3bac346a0_0 .net "PLLOUTGLOBAL", 0 0, o0x7fb3bc04e5d8;  0 drivers
o0x7fb3bc04e608 .functor BUFZ 1, C4<z>; HiZ drive
v0x7fb3bac34740_0 .net "RESETB", 0 0, o0x7fb3bc04e608;  0 drivers
o0x7fb3bc04e638 .functor BUFZ 1, C4<z>; HiZ drive
v0x7fb3bac34850_0 .net "SCLK", 0 0, o0x7fb3bc04e638;  0 drivers
o0x7fb3bc04e668 .functor BUFZ 1, C4<z>; HiZ drive
v0x7fb3bac348e0_0 .net "SDI", 0 0, o0x7fb3bc04e668;  0 drivers
o0x7fb3bc04e698 .functor BUFZ 1, C4<z>; HiZ drive
v0x7fb3bac34980_0 .net "SDO", 0 0, o0x7fb3bc04e698;  0 drivers
S_0x7fb3bafa1260 .scope module, "SB_RAM40_4KNR" "SB_RAM40_4KNR" 2 1726;
 .timescale -12 -12;
    .port_info 0 /OUTPUT 16 "RDATA";
    .port_info 1 /INPUT 1 "RCLKN";
    .port_info 2 /INPUT 1 "RCLKE";
    .port_info 3 /INPUT 1 "RE";
    .port_info 4 /INPUT 11 "RADDR";
    .port_info 5 /INPUT 1 "WCLK";
    .port_info 6 /INPUT 1 "WCLKE";
    .port_info 7 /INPUT 1 "WE";
    .port_info 8 /INPUT 11 "WADDR";
    .port_info 9 /INPUT 16 "MASK";
    .port_info 10 /INPUT 16 "WDATA";
P_0x7fb3bd02f400 .param/l "INIT_0" 0 2 1742, C4<0000000000000000000000000000000000000000000000000000000000000000000000000000000000000000000000000000000000000000000000000000000000000000000000000000000000000000000000000000000000000000000000000000000000000000000000000000000000000000000000000000000000000000>;
P_0x7fb3bd02f440 .param/l "INIT_1" 0 2 1743, C4<0000000000000000000000000000000000000000000000000000000000000000000000000000000000000000000000000000000000000000000000000000000000000000000000000000000000000000000000000000000000000000000000000000000000000000000000000000000000000000000000000000000000000000>;
P_0x7fb3bd02f480 .param/l "INIT_2" 0 2 1744, C4<0000000000000000000000000000000000000000000000000000000000000000000000000000000000000000000000000000000000000000000000000000000000000000000000000000000000000000000000000000000000000000000000000000000000000000000000000000000000000000000000000000000000000000>;
P_0x7fb3bd02f4c0 .param/l "INIT_3" 0 2 1745, C4<0000000000000000000000000000000000000000000000000000000000000000000000000000000000000000000000000000000000000000000000000000000000000000000000000000000000000000000000000000000000000000000000000000000000000000000000000000000000000000000000000000000000000000>;
P_0x7fb3bd02f500 .param/l "INIT_4" 0 2 1746, C4<0000000000000000000000000000000000000000000000000000000000000000000000000000000000000000000000000000000000000000000000000000000000000000000000000000000000000000000000000000000000000000000000000000000000000000000000000000000000000000000000000000000000000000>;
P_0x7fb3bd02f540 .param/l "INIT_5" 0 2 1747, C4<0000000000000000000000000000000000000000000000000000000000000000000000000000000000000000000000000000000000000000000000000000000000000000000000000000000000000000000000000000000000000000000000000000000000000000000000000000000000000000000000000000000000000000>;
P_0x7fb3bd02f580 .param/l "INIT_6" 0 2 1748, C4<0000000000000000000000000000000000000000000000000000000000000000000000000000000000000000000000000000000000000000000000000000000000000000000000000000000000000000000000000000000000000000000000000000000000000000000000000000000000000000000000000000000000000000>;
P_0x7fb3bd02f5c0 .param/l "INIT_7" 0 2 1749, C4<0000000000000000000000000000000000000000000000000000000000000000000000000000000000000000000000000000000000000000000000000000000000000000000000000000000000000000000000000000000000000000000000000000000000000000000000000000000000000000000000000000000000000000>;
P_0x7fb3bd02f600 .param/l "INIT_8" 0 2 1750, C4<0000000000000000000000000000000000000000000000000000000000000000000000000000000000000000000000000000000000000000000000000000000000000000000000000000000000000000000000000000000000000000000000000000000000000000000000000000000000000000000000000000000000000000>;
P_0x7fb3bd02f640 .param/l "INIT_9" 0 2 1751, C4<0000000000000000000000000000000000000000000000000000000000000000000000000000000000000000000000000000000000000000000000000000000000000000000000000000000000000000000000000000000000000000000000000000000000000000000000000000000000000000000000000000000000000000>;
P_0x7fb3bd02f680 .param/l "INIT_A" 0 2 1752, C4<0000000000000000000000000000000000000000000000000000000000000000000000000000000000000000000000000000000000000000000000000000000000000000000000000000000000000000000000000000000000000000000000000000000000000000000000000000000000000000000000000000000000000000>;
P_0x7fb3bd02f6c0 .param/l "INIT_B" 0 2 1753, C4<0000000000000000000000000000000000000000000000000000000000000000000000000000000000000000000000000000000000000000000000000000000000000000000000000000000000000000000000000000000000000000000000000000000000000000000000000000000000000000000000000000000000000000>;
P_0x7fb3bd02f700 .param/l "INIT_C" 0 2 1754, C4<0000000000000000000000000000000000000000000000000000000000000000000000000000000000000000000000000000000000000000000000000000000000000000000000000000000000000000000000000000000000000000000000000000000000000000000000000000000000000000000000000000000000000000>;
P_0x7fb3bd02f740 .param/l "INIT_D" 0 2 1755, C4<0000000000000000000000000000000000000000000000000000000000000000000000000000000000000000000000000000000000000000000000000000000000000000000000000000000000000000000000000000000000000000000000000000000000000000000000000000000000000000000000000000000000000000>;
P_0x7fb3bd02f780 .param/l "INIT_E" 0 2 1756, C4<0000000000000000000000000000000000000000000000000000000000000000000000000000000000000000000000000000000000000000000000000000000000000000000000000000000000000000000000000000000000000000000000000000000000000000000000000000000000000000000000000000000000000000>;
P_0x7fb3bd02f7c0 .param/l "INIT_F" 0 2 1757, C4<0000000000000000000000000000000000000000000000000000000000000000000000000000000000000000000000000000000000000000000000000000000000000000000000000000000000000000000000000000000000000000000000000000000000000000000000000000000000000000000000000000000000000000>;
P_0x7fb3bd02f800 .param/str "INIT_FILE" 0 2 1759, "\000";
P_0x7fb3bd02f840 .param/l "READ_MODE" 0 2 1740, +C4<00000000000000000000000000000000>;
P_0x7fb3bd02f880 .param/l "WRITE_MODE" 0 2 1739, +C4<00000000000000000000000000000000>;
o0x7fb3bc04ee18 .functor BUFZ 1, C4<z>; HiZ drive
L_0x7fb3bad4a820 .functor NOT 1, o0x7fb3bc04ee18, C4<0>, C4<0>, C4<0>;
o0x7fb3bc04e908 .functor BUFZ 16, C4<zzzzzzzzzzzzzzzz>; HiZ drive
v0x7fb3bad12bd0_0 .net "MASK", 15 0, o0x7fb3bc04e908;  0 drivers
o0x7fb3bc04e938 .functor BUFZ 11, C4<zzzzzzzzzzz>; HiZ drive
v0x7fb3bad12c60_0 .net "RADDR", 10 0, o0x7fb3bc04e938;  0 drivers
o0x7fb3bc04e998 .functor BUFZ 1, C4<z>; HiZ drive
v0x7fb3bad12cf0_0 .net "RCLKE", 0 0, o0x7fb3bc04e998;  0 drivers
v0x7fb3bad12d80_0 .net "RCLKN", 0 0, o0x7fb3bc04ee18;  0 drivers
v0x7fb3bad12e10_0 .net "RDATA", 15 0, L_0x7fb3bad4a620;  1 drivers
o0x7fb3bc04ea28 .functor BUFZ 1, C4<z>; HiZ drive
v0x7fb3bad2dbe0_0 .net "RE", 0 0, o0x7fb3bc04ea28;  0 drivers
o0x7fb3bc04ea88 .functor BUFZ 11, C4<zzzzzzzzzzz>; HiZ drive
v0x7fb3bad2dc70_0 .net "WADDR", 10 0, o0x7fb3bc04ea88;  0 drivers
o0x7fb3bc04eab8 .functor BUFZ 1, C4<z>; HiZ drive
v0x7fb3bad2dd00_0 .net "WCLK", 0 0, o0x7fb3bc04eab8;  0 drivers
o0x7fb3bc04eae8 .functor BUFZ 1, C4<z>; HiZ drive
v0x7fb3bad2dd90_0 .net "WCLKE", 0 0, o0x7fb3bc04eae8;  0 drivers
o0x7fb3bc04eb18 .functor BUFZ 16, C4<zzzzzzzzzzzzzzzz>; HiZ drive
v0x7fb3bad2de20_0 .net "WDATA", 15 0, o0x7fb3bc04eb18;  0 drivers
o0x7fb3bc04eb78 .functor BUFZ 1, C4<z>; HiZ drive
v0x7fb3bad250e0_0 .net "WE", 0 0, o0x7fb3bc04eb78;  0 drivers
S_0x7fb3bac34b40 .scope module, "RAM" "SB_RAM40_4K" 2 1781, 2 1487 0, S_0x7fb3bafa1260;
 .timescale -12 -12;
    .port_info 0 /OUTPUT 16 "RDATA";
    .port_info 1 /INPUT 1 "RCLK";
    .port_info 2 /INPUT 1 "RCLKE";
    .port_info 3 /INPUT 1 "RE";
    .port_info 4 /INPUT 11 "RADDR";
    .port_info 5 /INPUT 1 "WCLK";
    .port_info 6 /INPUT 1 "WCLKE";
    .port_info 7 /INPUT 1 "WE";
    .port_info 8 /INPUT 11 "WADDR";
    .port_info 9 /INPUT 16 "MASK";
    .port_info 10 /INPUT 16 "WDATA";
P_0x7fb3bb015400 .param/l "INIT_0" 0 2 1507, C4<0000000000000000000000000000000000000000000000000000000000000000000000000000000000000000000000000000000000000000000000000000000000000000000000000000000000000000000000000000000000000000000000000000000000000000000000000000000000000000000000000000000000000000>;
P_0x7fb3bb015440 .param/l "INIT_1" 0 2 1508, C4<0000000000000000000000000000000000000000000000000000000000000000000000000000000000000000000000000000000000000000000000000000000000000000000000000000000000000000000000000000000000000000000000000000000000000000000000000000000000000000000000000000000000000000>;
P_0x7fb3bb015480 .param/l "INIT_2" 0 2 1509, C4<0000000000000000000000000000000000000000000000000000000000000000000000000000000000000000000000000000000000000000000000000000000000000000000000000000000000000000000000000000000000000000000000000000000000000000000000000000000000000000000000000000000000000000>;
P_0x7fb3bb0154c0 .param/l "INIT_3" 0 2 1510, C4<0000000000000000000000000000000000000000000000000000000000000000000000000000000000000000000000000000000000000000000000000000000000000000000000000000000000000000000000000000000000000000000000000000000000000000000000000000000000000000000000000000000000000000>;
P_0x7fb3bb015500 .param/l "INIT_4" 0 2 1511, C4<0000000000000000000000000000000000000000000000000000000000000000000000000000000000000000000000000000000000000000000000000000000000000000000000000000000000000000000000000000000000000000000000000000000000000000000000000000000000000000000000000000000000000000>;
P_0x7fb3bb015540 .param/l "INIT_5" 0 2 1512, C4<0000000000000000000000000000000000000000000000000000000000000000000000000000000000000000000000000000000000000000000000000000000000000000000000000000000000000000000000000000000000000000000000000000000000000000000000000000000000000000000000000000000000000000>;
P_0x7fb3bb015580 .param/l "INIT_6" 0 2 1513, C4<0000000000000000000000000000000000000000000000000000000000000000000000000000000000000000000000000000000000000000000000000000000000000000000000000000000000000000000000000000000000000000000000000000000000000000000000000000000000000000000000000000000000000000>;
P_0x7fb3bb0155c0 .param/l "INIT_7" 0 2 1514, C4<0000000000000000000000000000000000000000000000000000000000000000000000000000000000000000000000000000000000000000000000000000000000000000000000000000000000000000000000000000000000000000000000000000000000000000000000000000000000000000000000000000000000000000>;
P_0x7fb3bb015600 .param/l "INIT_8" 0 2 1515, C4<0000000000000000000000000000000000000000000000000000000000000000000000000000000000000000000000000000000000000000000000000000000000000000000000000000000000000000000000000000000000000000000000000000000000000000000000000000000000000000000000000000000000000000>;
P_0x7fb3bb015640 .param/l "INIT_9" 0 2 1516, C4<0000000000000000000000000000000000000000000000000000000000000000000000000000000000000000000000000000000000000000000000000000000000000000000000000000000000000000000000000000000000000000000000000000000000000000000000000000000000000000000000000000000000000000>;
P_0x7fb3bb015680 .param/l "INIT_A" 0 2 1517, C4<0000000000000000000000000000000000000000000000000000000000000000000000000000000000000000000000000000000000000000000000000000000000000000000000000000000000000000000000000000000000000000000000000000000000000000000000000000000000000000000000000000000000000000>;
P_0x7fb3bb0156c0 .param/l "INIT_B" 0 2 1518, C4<0000000000000000000000000000000000000000000000000000000000000000000000000000000000000000000000000000000000000000000000000000000000000000000000000000000000000000000000000000000000000000000000000000000000000000000000000000000000000000000000000000000000000000>;
P_0x7fb3bb015700 .param/l "INIT_C" 0 2 1519, C4<0000000000000000000000000000000000000000000000000000000000000000000000000000000000000000000000000000000000000000000000000000000000000000000000000000000000000000000000000000000000000000000000000000000000000000000000000000000000000000000000000000000000000000>;
P_0x7fb3bb015740 .param/l "INIT_D" 0 2 1520, C4<0000000000000000000000000000000000000000000000000000000000000000000000000000000000000000000000000000000000000000000000000000000000000000000000000000000000000000000000000000000000000000000000000000000000000000000000000000000000000000000000000000000000000000>;
P_0x7fb3bb015780 .param/l "INIT_E" 0 2 1521, C4<0000000000000000000000000000000000000000000000000000000000000000000000000000000000000000000000000000000000000000000000000000000000000000000000000000000000000000000000000000000000000000000000000000000000000000000000000000000000000000000000000000000000000000>;
P_0x7fb3bb0157c0 .param/l "INIT_F" 0 2 1522, C4<0000000000000000000000000000000000000000000000000000000000000000000000000000000000000000000000000000000000000000000000000000000000000000000000000000000000000000000000000000000000000000000000000000000000000000000000000000000000000000000000000000000000000000>;
P_0x7fb3bb015800 .param/str "INIT_FILE" 0 2 1524, "\000";
P_0x7fb3bb015840 .param/l "READ_MODE" 0 2 1505, +C4<00000000000000000000000000000000>;
P_0x7fb3bb015880 .param/l "WRITE_MODE" 0 2 1504, +C4<00000000000000000000000000000000>;
v0x7fb3bad66420_0 .net "MASK", 15 0, o0x7fb3bc04e908;  alias, 0 drivers
v0x7fb3bad664b0_0 .net "RADDR", 10 0, o0x7fb3bc04e938;  alias, 0 drivers
v0x7fb3bad66540_0 .net "RCLK", 0 0, L_0x7fb3bad4a820;  1 drivers
v0x7fb3bad6a0e0_0 .net "RCLKE", 0 0, o0x7fb3bc04e998;  alias, 0 drivers
v0x7fb3bad6a170_0 .net "RDATA", 15 0, L_0x7fb3bad4a620;  alias, 1 drivers
v0x7fb3bad6a200_0 .var "RDATA_I", 15 0;
v0x7fb3bad64da0_0 .net "RE", 0 0, o0x7fb3bc04ea28;  alias, 0 drivers
L_0x7fb3bc073b00 .functor BUFT 1, C4<0000000000000000>, C4<0>, C4<0>, C4<0>;
v0x7fb3bad64e30_0 .net "RMASK_I", 15 0, L_0x7fb3bc073b00;  1 drivers
v0x7fb3bad64ec0_0 .net "WADDR", 10 0, o0x7fb3bc04ea88;  alias, 0 drivers
v0x7fb3bad49190_0 .net "WCLK", 0 0, o0x7fb3bc04eab8;  alias, 0 drivers
v0x7fb3bad49220_0 .net "WCLKE", 0 0, o0x7fb3bc04eae8;  alias, 0 drivers
v0x7fb3bad492b0_0 .net "WDATA", 15 0, o0x7fb3bc04eb18;  alias, 0 drivers
v0x7fb3bad49340_0 .net "WDATA_I", 15 0, L_0x7fb3bad4a420;  1 drivers
v0x7fb3bad533a0_0 .net "WE", 0 0, o0x7fb3bc04eb78;  alias, 0 drivers
v0x7fb3bad53430_0 .net "WMASK_I", 15 0, L_0x7fb3bad4a020;  1 drivers
v0x7fb3bad534c0_0 .var/i "i", 31 0;
v0x7fb3bad53550 .array "memory", 255 0, 15 0;
E_0x7fb3bad6ba20 .event posedge, v0x7fb3bad66540_0;
E_0x7fb3bad66aa0 .event posedge, v0x7fb3bad49190_0;
S_0x7fb3bad706b0 .scope generate, "genblk1" "genblk1" 2 1534, 2 1534 0, S_0x7fb3bac34b40;
 .timescale -12 -12;
L_0x7fb3bad4a020 .functor BUFZ 16, o0x7fb3bc04e908, C4<0000000000000000>, C4<0000000000000000>, C4<0000000000000000>;
S_0x7fb3bad70340 .scope generate, "genblk2" "genblk2" 2 1555, 2 1555 0, S_0x7fb3bac34b40;
 .timescale -12 -12;
S_0x7fb3bad675c0 .scope generate, "genblk3" "genblk3" 2 1576, 2 1576 0, S_0x7fb3bac34b40;
 .timescale -12 -12;
L_0x7fb3bad4a420 .functor BUFZ 16, o0x7fb3bc04eb18, C4<0000000000000000>, C4<0000000000000000>, C4<0000000000000000>;
S_0x7fb3bad6b3a0 .scope generate, "genblk4" "genblk4" 2 1595, 2 1595 0, S_0x7fb3bac34b40;
 .timescale -12 -12;
L_0x7fb3bad4a620 .functor BUFZ 16, v0x7fb3bad6a200_0, C4<0000000000000000>, C4<0000000000000000>, C4<0000000000000000>;
S_0x7fb3bafa26d0 .scope module, "SB_RAM40_4KNRNW" "SB_RAM40_4KNRNW" 2 1998;
 .timescale -12 -12;
    .port_info 0 /OUTPUT 16 "RDATA";
    .port_info 1 /INPUT 1 "RCLKN";
    .port_info 2 /INPUT 1 "RCLKE";
    .port_info 3 /INPUT 1 "RE";
    .port_info 4 /INPUT 11 "RADDR";
    .port_info 5 /INPUT 1 "WCLKN";
    .port_info 6 /INPUT 1 "WCLKE";
    .port_info 7 /INPUT 1 "WE";
    .port_info 8 /INPUT 11 "WADDR";
    .port_info 9 /INPUT 16 "MASK";
    .port_info 10 /INPUT 16 "WDATA";
P_0x7fb3bd02fe00 .param/l "INIT_0" 0 2 2014, C4<0000000000000000000000000000000000000000000000000000000000000000000000000000000000000000000000000000000000000000000000000000000000000000000000000000000000000000000000000000000000000000000000000000000000000000000000000000000000000000000000000000000000000000>;
P_0x7fb3bd02fe40 .param/l "INIT_1" 0 2 2015, C4<0000000000000000000000000000000000000000000000000000000000000000000000000000000000000000000000000000000000000000000000000000000000000000000000000000000000000000000000000000000000000000000000000000000000000000000000000000000000000000000000000000000000000000>;
P_0x7fb3bd02fe80 .param/l "INIT_2" 0 2 2016, C4<0000000000000000000000000000000000000000000000000000000000000000000000000000000000000000000000000000000000000000000000000000000000000000000000000000000000000000000000000000000000000000000000000000000000000000000000000000000000000000000000000000000000000000>;
P_0x7fb3bd02fec0 .param/l "INIT_3" 0 2 2017, C4<0000000000000000000000000000000000000000000000000000000000000000000000000000000000000000000000000000000000000000000000000000000000000000000000000000000000000000000000000000000000000000000000000000000000000000000000000000000000000000000000000000000000000000>;
P_0x7fb3bd02ff00 .param/l "INIT_4" 0 2 2018, C4<0000000000000000000000000000000000000000000000000000000000000000000000000000000000000000000000000000000000000000000000000000000000000000000000000000000000000000000000000000000000000000000000000000000000000000000000000000000000000000000000000000000000000000>;
P_0x7fb3bd02ff40 .param/l "INIT_5" 0 2 2019, C4<0000000000000000000000000000000000000000000000000000000000000000000000000000000000000000000000000000000000000000000000000000000000000000000000000000000000000000000000000000000000000000000000000000000000000000000000000000000000000000000000000000000000000000>;
P_0x7fb3bd02ff80 .param/l "INIT_6" 0 2 2020, C4<0000000000000000000000000000000000000000000000000000000000000000000000000000000000000000000000000000000000000000000000000000000000000000000000000000000000000000000000000000000000000000000000000000000000000000000000000000000000000000000000000000000000000000>;
P_0x7fb3bd02ffc0 .param/l "INIT_7" 0 2 2021, C4<0000000000000000000000000000000000000000000000000000000000000000000000000000000000000000000000000000000000000000000000000000000000000000000000000000000000000000000000000000000000000000000000000000000000000000000000000000000000000000000000000000000000000000>;
P_0x7fb3bd030000 .param/l "INIT_8" 0 2 2022, C4<0000000000000000000000000000000000000000000000000000000000000000000000000000000000000000000000000000000000000000000000000000000000000000000000000000000000000000000000000000000000000000000000000000000000000000000000000000000000000000000000000000000000000000>;
P_0x7fb3bd030040 .param/l "INIT_9" 0 2 2023, C4<0000000000000000000000000000000000000000000000000000000000000000000000000000000000000000000000000000000000000000000000000000000000000000000000000000000000000000000000000000000000000000000000000000000000000000000000000000000000000000000000000000000000000000>;
P_0x7fb3bd030080 .param/l "INIT_A" 0 2 2024, C4<0000000000000000000000000000000000000000000000000000000000000000000000000000000000000000000000000000000000000000000000000000000000000000000000000000000000000000000000000000000000000000000000000000000000000000000000000000000000000000000000000000000000000000>;
P_0x7fb3bd0300c0 .param/l "INIT_B" 0 2 2025, C4<0000000000000000000000000000000000000000000000000000000000000000000000000000000000000000000000000000000000000000000000000000000000000000000000000000000000000000000000000000000000000000000000000000000000000000000000000000000000000000000000000000000000000000>;
P_0x7fb3bd030100 .param/l "INIT_C" 0 2 2026, C4<0000000000000000000000000000000000000000000000000000000000000000000000000000000000000000000000000000000000000000000000000000000000000000000000000000000000000000000000000000000000000000000000000000000000000000000000000000000000000000000000000000000000000000>;
P_0x7fb3bd030140 .param/l "INIT_D" 0 2 2027, C4<0000000000000000000000000000000000000000000000000000000000000000000000000000000000000000000000000000000000000000000000000000000000000000000000000000000000000000000000000000000000000000000000000000000000000000000000000000000000000000000000000000000000000000>;
P_0x7fb3bd030180 .param/l "INIT_E" 0 2 2028, C4<0000000000000000000000000000000000000000000000000000000000000000000000000000000000000000000000000000000000000000000000000000000000000000000000000000000000000000000000000000000000000000000000000000000000000000000000000000000000000000000000000000000000000000>;
P_0x7fb3bd0301c0 .param/l "INIT_F" 0 2 2029, C4<0000000000000000000000000000000000000000000000000000000000000000000000000000000000000000000000000000000000000000000000000000000000000000000000000000000000000000000000000000000000000000000000000000000000000000000000000000000000000000000000000000000000000000>;
P_0x7fb3bd030200 .param/str "INIT_FILE" 0 2 2031, "\000";
P_0x7fb3bd030240 .param/l "READ_MODE" 0 2 2012, +C4<00000000000000000000000000000000>;
P_0x7fb3bd030280 .param/l "WRITE_MODE" 0 2 2011, +C4<00000000000000000000000000000000>;
o0x7fb3bc04f568 .functor BUFZ 1, C4<z>; HiZ drive
L_0x7fb3bad4a320 .functor NOT 1, o0x7fb3bc04f568, C4<0>, C4<0>, C4<0>;
o0x7fb3bc04f598 .functor BUFZ 1, C4<z>; HiZ drive
L_0x7fb3bad4a120 .functor NOT 1, o0x7fb3bc04f598, C4<0>, C4<0>, C4<0>;
o0x7fb3bc04f058 .functor BUFZ 16, C4<zzzzzzzzzzzzzzzz>; HiZ drive
v0x7fb3bad1b970_0 .net "MASK", 15 0, o0x7fb3bc04f058;  0 drivers
o0x7fb3bc04f088 .functor BUFZ 11, C4<zzzzzzzzzzz>; HiZ drive
v0x7fb3bad1ba00_0 .net "RADDR", 10 0, o0x7fb3bc04f088;  0 drivers
o0x7fb3bc04f0e8 .functor BUFZ 1, C4<z>; HiZ drive
v0x7fb3bad1ba90_0 .net "RCLKE", 0 0, o0x7fb3bc04f0e8;  0 drivers
v0x7fb3bad78c50_0 .net "RCLKN", 0 0, o0x7fb3bc04f568;  0 drivers
v0x7fb3bad78ce0_0 .net "RDATA", 15 0, L_0x7fb3bad4a220;  1 drivers
o0x7fb3bc04f178 .functor BUFZ 1, C4<z>; HiZ drive
v0x7fb3bad78d70_0 .net "RE", 0 0, o0x7fb3bc04f178;  0 drivers
o0x7fb3bc04f1d8 .functor BUFZ 11, C4<zzzzzzzzzzz>; HiZ drive
v0x7fb3bad78e00_0 .net "WADDR", 10 0, o0x7fb3bc04f1d8;  0 drivers
o0x7fb3bc04f238 .functor BUFZ 1, C4<z>; HiZ drive
v0x7fb3bad78e90_0 .net "WCLKE", 0 0, o0x7fb3bc04f238;  0 drivers
v0x7fb3bad78f20_0 .net "WCLKN", 0 0, o0x7fb3bc04f598;  0 drivers
o0x7fb3bc04f268 .functor BUFZ 16, C4<zzzzzzzzzzzzzzzz>; HiZ drive
v0x7fb3bad78fb0_0 .net "WDATA", 15 0, o0x7fb3bc04f268;  0 drivers
o0x7fb3bc04f2c8 .functor BUFZ 1, C4<z>; HiZ drive
v0x7fb3bad79040_0 .net "WE", 0 0, o0x7fb3bc04f2c8;  0 drivers
S_0x7fb3bad25170 .scope module, "RAM" "SB_RAM40_4K" 2 2053, 2 1487 0, S_0x7fb3bafa26d0;
 .timescale -12 -12;
    .port_info 0 /OUTPUT 16 "RDATA";
    .port_info 1 /INPUT 1 "RCLK";
    .port_info 2 /INPUT 1 "RCLKE";
    .port_info 3 /INPUT 1 "RE";
    .port_info 4 /INPUT 11 "RADDR";
    .port_info 5 /INPUT 1 "WCLK";
    .port_info 6 /INPUT 1 "WCLKE";
    .port_info 7 /INPUT 1 "WE";
    .port_info 8 /INPUT 11 "WADDR";
    .port_info 9 /INPUT 16 "MASK";
    .port_info 10 /INPUT 16 "WDATA";
P_0x7fb3bc811600 .param/l "INIT_0" 0 2 1507, C4<0000000000000000000000000000000000000000000000000000000000000000000000000000000000000000000000000000000000000000000000000000000000000000000000000000000000000000000000000000000000000000000000000000000000000000000000000000000000000000000000000000000000000000>;
P_0x7fb3bc811640 .param/l "INIT_1" 0 2 1508, C4<0000000000000000000000000000000000000000000000000000000000000000000000000000000000000000000000000000000000000000000000000000000000000000000000000000000000000000000000000000000000000000000000000000000000000000000000000000000000000000000000000000000000000000>;
P_0x7fb3bc811680 .param/l "INIT_2" 0 2 1509, C4<0000000000000000000000000000000000000000000000000000000000000000000000000000000000000000000000000000000000000000000000000000000000000000000000000000000000000000000000000000000000000000000000000000000000000000000000000000000000000000000000000000000000000000>;
P_0x7fb3bc8116c0 .param/l "INIT_3" 0 2 1510, C4<0000000000000000000000000000000000000000000000000000000000000000000000000000000000000000000000000000000000000000000000000000000000000000000000000000000000000000000000000000000000000000000000000000000000000000000000000000000000000000000000000000000000000000>;
P_0x7fb3bc811700 .param/l "INIT_4" 0 2 1511, C4<0000000000000000000000000000000000000000000000000000000000000000000000000000000000000000000000000000000000000000000000000000000000000000000000000000000000000000000000000000000000000000000000000000000000000000000000000000000000000000000000000000000000000000>;
P_0x7fb3bc811740 .param/l "INIT_5" 0 2 1512, C4<0000000000000000000000000000000000000000000000000000000000000000000000000000000000000000000000000000000000000000000000000000000000000000000000000000000000000000000000000000000000000000000000000000000000000000000000000000000000000000000000000000000000000000>;
P_0x7fb3bc811780 .param/l "INIT_6" 0 2 1513, C4<0000000000000000000000000000000000000000000000000000000000000000000000000000000000000000000000000000000000000000000000000000000000000000000000000000000000000000000000000000000000000000000000000000000000000000000000000000000000000000000000000000000000000000>;
P_0x7fb3bc8117c0 .param/l "INIT_7" 0 2 1514, C4<0000000000000000000000000000000000000000000000000000000000000000000000000000000000000000000000000000000000000000000000000000000000000000000000000000000000000000000000000000000000000000000000000000000000000000000000000000000000000000000000000000000000000000>;
P_0x7fb3bc811800 .param/l "INIT_8" 0 2 1515, C4<0000000000000000000000000000000000000000000000000000000000000000000000000000000000000000000000000000000000000000000000000000000000000000000000000000000000000000000000000000000000000000000000000000000000000000000000000000000000000000000000000000000000000000>;
P_0x7fb3bc811840 .param/l "INIT_9" 0 2 1516, C4<0000000000000000000000000000000000000000000000000000000000000000000000000000000000000000000000000000000000000000000000000000000000000000000000000000000000000000000000000000000000000000000000000000000000000000000000000000000000000000000000000000000000000000>;
P_0x7fb3bc811880 .param/l "INIT_A" 0 2 1517, C4<0000000000000000000000000000000000000000000000000000000000000000000000000000000000000000000000000000000000000000000000000000000000000000000000000000000000000000000000000000000000000000000000000000000000000000000000000000000000000000000000000000000000000000>;
P_0x7fb3bc8118c0 .param/l "INIT_B" 0 2 1518, C4<0000000000000000000000000000000000000000000000000000000000000000000000000000000000000000000000000000000000000000000000000000000000000000000000000000000000000000000000000000000000000000000000000000000000000000000000000000000000000000000000000000000000000000>;
P_0x7fb3bc811900 .param/l "INIT_C" 0 2 1519, C4<0000000000000000000000000000000000000000000000000000000000000000000000000000000000000000000000000000000000000000000000000000000000000000000000000000000000000000000000000000000000000000000000000000000000000000000000000000000000000000000000000000000000000000>;
P_0x7fb3bc811940 .param/l "INIT_D" 0 2 1520, C4<0000000000000000000000000000000000000000000000000000000000000000000000000000000000000000000000000000000000000000000000000000000000000000000000000000000000000000000000000000000000000000000000000000000000000000000000000000000000000000000000000000000000000000>;
P_0x7fb3bc811980 .param/l "INIT_E" 0 2 1521, C4<0000000000000000000000000000000000000000000000000000000000000000000000000000000000000000000000000000000000000000000000000000000000000000000000000000000000000000000000000000000000000000000000000000000000000000000000000000000000000000000000000000000000000000>;
P_0x7fb3bc8119c0 .param/l "INIT_F" 0 2 1522, C4<0000000000000000000000000000000000000000000000000000000000000000000000000000000000000000000000000000000000000000000000000000000000000000000000000000000000000000000000000000000000000000000000000000000000000000000000000000000000000000000000000000000000000000>;
P_0x7fb3bc811a00 .param/str "INIT_FILE" 0 2 1524, "\000";
P_0x7fb3bc811a40 .param/l "READ_MODE" 0 2 1505, +C4<00000000000000000000000000000000>;
P_0x7fb3bc811a80 .param/l "WRITE_MODE" 0 2 1504, +C4<00000000000000000000000000000000>;
v0x7fb3bad0e450_0 .net "MASK", 15 0, o0x7fb3bc04f058;  alias, 0 drivers
v0x7fb3bad08630_0 .net "RADDR", 10 0, o0x7fb3bc04f088;  alias, 0 drivers
v0x7fb3bad0a4d0_0 .net "RCLK", 0 0, L_0x7fb3bad4a320;  1 drivers
v0x7fb3bad0c400_0 .net "RCLKE", 0 0, o0x7fb3bc04f0e8;  alias, 0 drivers
v0x7fb3bad0c490_0 .net "RDATA", 15 0, L_0x7fb3bad4a220;  alias, 1 drivers
v0x7fb3bad0c520_0 .var "RDATA_I", 15 0;
v0x7fb3bad18aa0_0 .net "RE", 0 0, o0x7fb3bc04f178;  alias, 0 drivers
L_0x7fb3bc073b48 .functor BUFT 1, C4<0000000000000000>, C4<0>, C4<0>, C4<0>;
v0x7fb3bad18b30_0 .net "RMASK_I", 15 0, L_0x7fb3bc073b48;  1 drivers
v0x7fb3bad18bc0_0 .net "WADDR", 10 0, o0x7fb3bc04f1d8;  alias, 0 drivers
v0x7fb3bad18c50_0 .net "WCLK", 0 0, L_0x7fb3bad4a120;  1 drivers
v0x7fb3bad18ce0_0 .net "WCLKE", 0 0, o0x7fb3bc04f238;  alias, 0 drivers
v0x7fb3bad18d70_0 .net "WDATA", 15 0, o0x7fb3bc04f268;  alias, 0 drivers
v0x7fb3bad18e00_0 .net "WDATA_I", 15 0, L_0x7fb3bad4a520;  1 drivers
v0x7fb3bad18e90_0 .net "WE", 0 0, o0x7fb3bc04f2c8;  alias, 0 drivers
v0x7fb3bad18f20_0 .net "WMASK_I", 15 0, L_0x7fb3bad4a720;  1 drivers
v0x7fb3bad1b750_0 .var/i "i", 31 0;
v0x7fb3bad1b7e0 .array "memory", 255 0, 15 0;
E_0x7fb3bad539e0 .event posedge, v0x7fb3bad0a4d0_0;
E_0x7fb3bad53da0 .event posedge, v0x7fb3bad18c50_0;
S_0x7fb3bad0a360 .scope generate, "genblk1" "genblk1" 2 1534, 2 1534 0, S_0x7fb3bad25170;
 .timescale -12 -12;
L_0x7fb3bad4a720 .functor BUFZ 16, o0x7fb3bc04f058, C4<0000000000000000>, C4<0000000000000000>, C4<0000000000000000>;
S_0x7fb3bad08350 .scope generate, "genblk2" "genblk2" 2 1555, 2 1555 0, S_0x7fb3bad25170;
 .timescale -12 -12;
S_0x7fb3bad084c0 .scope generate, "genblk3" "genblk3" 2 1576, 2 1576 0, S_0x7fb3bad25170;
 .timescale -12 -12;
L_0x7fb3bad4a520 .functor BUFZ 16, o0x7fb3bc04f268, C4<0000000000000000>, C4<0000000000000000>, C4<0000000000000000>;
S_0x7fb3bad0c290 .scope generate, "genblk4" "genblk4" 2 1595, 2 1595 0, S_0x7fb3bad25170;
 .timescale -12 -12;
L_0x7fb3bad4a220 .functor BUFZ 16, v0x7fb3bad0c520_0, C4<0000000000000000>, C4<0000000000000000>, C4<0000000000000000>;
S_0x7fb3bafa3ec0 .scope module, "SB_RAM40_4KNW" "SB_RAM40_4KNW" 2 1862;
 .timescale -12 -12;
    .port_info 0 /OUTPUT 16 "RDATA";
    .port_info 1 /INPUT 1 "RCLK";
    .port_info 2 /INPUT 1 "RCLKE";
    .port_info 3 /INPUT 1 "RE";
    .port_info 4 /INPUT 11 "RADDR";
    .port_info 5 /INPUT 1 "WCLKN";
    .port_info 6 /INPUT 1 "WCLKE";
    .port_info 7 /INPUT 1 "WE";
    .port_info 8 /INPUT 11 "WADDR";
    .port_info 9 /INPUT 16 "MASK";
    .port_info 10 /INPUT 16 "WDATA";
P_0x7fb3bd030400 .param/l "INIT_0" 0 2 1878, C4<0000000000000000000000000000000000000000000000000000000000000000000000000000000000000000000000000000000000000000000000000000000000000000000000000000000000000000000000000000000000000000000000000000000000000000000000000000000000000000000000000000000000000000>;
P_0x7fb3bd030440 .param/l "INIT_1" 0 2 1879, C4<0000000000000000000000000000000000000000000000000000000000000000000000000000000000000000000000000000000000000000000000000000000000000000000000000000000000000000000000000000000000000000000000000000000000000000000000000000000000000000000000000000000000000000>;
P_0x7fb3bd030480 .param/l "INIT_2" 0 2 1880, C4<0000000000000000000000000000000000000000000000000000000000000000000000000000000000000000000000000000000000000000000000000000000000000000000000000000000000000000000000000000000000000000000000000000000000000000000000000000000000000000000000000000000000000000>;
P_0x7fb3bd0304c0 .param/l "INIT_3" 0 2 1881, C4<0000000000000000000000000000000000000000000000000000000000000000000000000000000000000000000000000000000000000000000000000000000000000000000000000000000000000000000000000000000000000000000000000000000000000000000000000000000000000000000000000000000000000000>;
P_0x7fb3bd030500 .param/l "INIT_4" 0 2 1882, C4<0000000000000000000000000000000000000000000000000000000000000000000000000000000000000000000000000000000000000000000000000000000000000000000000000000000000000000000000000000000000000000000000000000000000000000000000000000000000000000000000000000000000000000>;
P_0x7fb3bd030540 .param/l "INIT_5" 0 2 1883, C4<0000000000000000000000000000000000000000000000000000000000000000000000000000000000000000000000000000000000000000000000000000000000000000000000000000000000000000000000000000000000000000000000000000000000000000000000000000000000000000000000000000000000000000>;
P_0x7fb3bd030580 .param/l "INIT_6" 0 2 1884, C4<0000000000000000000000000000000000000000000000000000000000000000000000000000000000000000000000000000000000000000000000000000000000000000000000000000000000000000000000000000000000000000000000000000000000000000000000000000000000000000000000000000000000000000>;
P_0x7fb3bd0305c0 .param/l "INIT_7" 0 2 1885, C4<0000000000000000000000000000000000000000000000000000000000000000000000000000000000000000000000000000000000000000000000000000000000000000000000000000000000000000000000000000000000000000000000000000000000000000000000000000000000000000000000000000000000000000>;
P_0x7fb3bd030600 .param/l "INIT_8" 0 2 1886, C4<0000000000000000000000000000000000000000000000000000000000000000000000000000000000000000000000000000000000000000000000000000000000000000000000000000000000000000000000000000000000000000000000000000000000000000000000000000000000000000000000000000000000000000>;
P_0x7fb3bd030640 .param/l "INIT_9" 0 2 1887, C4<0000000000000000000000000000000000000000000000000000000000000000000000000000000000000000000000000000000000000000000000000000000000000000000000000000000000000000000000000000000000000000000000000000000000000000000000000000000000000000000000000000000000000000>;
P_0x7fb3bd030680 .param/l "INIT_A" 0 2 1888, C4<0000000000000000000000000000000000000000000000000000000000000000000000000000000000000000000000000000000000000000000000000000000000000000000000000000000000000000000000000000000000000000000000000000000000000000000000000000000000000000000000000000000000000000>;
P_0x7fb3bd0306c0 .param/l "INIT_B" 0 2 1889, C4<0000000000000000000000000000000000000000000000000000000000000000000000000000000000000000000000000000000000000000000000000000000000000000000000000000000000000000000000000000000000000000000000000000000000000000000000000000000000000000000000000000000000000000>;
P_0x7fb3bd030700 .param/l "INIT_C" 0 2 1890, C4<0000000000000000000000000000000000000000000000000000000000000000000000000000000000000000000000000000000000000000000000000000000000000000000000000000000000000000000000000000000000000000000000000000000000000000000000000000000000000000000000000000000000000000>;
P_0x7fb3bd030740 .param/l "INIT_D" 0 2 1891, C4<0000000000000000000000000000000000000000000000000000000000000000000000000000000000000000000000000000000000000000000000000000000000000000000000000000000000000000000000000000000000000000000000000000000000000000000000000000000000000000000000000000000000000000>;
P_0x7fb3bd030780 .param/l "INIT_E" 0 2 1892, C4<0000000000000000000000000000000000000000000000000000000000000000000000000000000000000000000000000000000000000000000000000000000000000000000000000000000000000000000000000000000000000000000000000000000000000000000000000000000000000000000000000000000000000000>;
P_0x7fb3bd0307c0 .param/l "INIT_F" 0 2 1893, C4<0000000000000000000000000000000000000000000000000000000000000000000000000000000000000000000000000000000000000000000000000000000000000000000000000000000000000000000000000000000000000000000000000000000000000000000000000000000000000000000000000000000000000000>;
P_0x7fb3bd030800 .param/str "INIT_FILE" 0 2 1895, "\000";
P_0x7fb3bd030840 .param/l "READ_MODE" 0 2 1876, +C4<00000000000000000000000000000000>;
P_0x7fb3bd030880 .param/l "WRITE_MODE" 0 2 1875, +C4<00000000000000000000000000000000>;
o0x7fb3bc04fce8 .functor BUFZ 1, C4<z>; HiZ drive
L_0x7fb3bad49d20 .functor NOT 1, o0x7fb3bc04fce8, C4<0>, C4<0>, C4<0>;
o0x7fb3bc04f7d8 .functor BUFZ 16, C4<zzzzzzzzzzzzzzzz>; HiZ drive
v0x7fb3bad7b3f0_0 .net "MASK", 15 0, o0x7fb3bc04f7d8;  0 drivers
o0x7fb3bc04f808 .functor BUFZ 11, C4<zzzzzzzzzzz>; HiZ drive
v0x7fb3bad7b480_0 .net "RADDR", 10 0, o0x7fb3bc04f808;  0 drivers
o0x7fb3bc04f838 .functor BUFZ 1, C4<z>; HiZ drive
v0x7fb3bad7b510_0 .net "RCLK", 0 0, o0x7fb3bc04f838;  0 drivers
o0x7fb3bc04f868 .functor BUFZ 1, C4<z>; HiZ drive
v0x7fb3bad7b5a0_0 .net "RCLKE", 0 0, o0x7fb3bc04f868;  0 drivers
v0x7fb3bad7b630_0 .net "RDATA", 15 0, L_0x7fb3bad49f20;  1 drivers
o0x7fb3bc04f8f8 .functor BUFZ 1, C4<z>; HiZ drive
v0x7fb3bad7b6c0_0 .net "RE", 0 0, o0x7fb3bc04f8f8;  0 drivers
o0x7fb3bc04f958 .functor BUFZ 11, C4<zzzzzzzzzzz>; HiZ drive
v0x7fb3bad7b750_0 .net "WADDR", 10 0, o0x7fb3bc04f958;  0 drivers
o0x7fb3bc04f9b8 .functor BUFZ 1, C4<z>; HiZ drive
v0x7fb3bad7b7e0_0 .net "WCLKE", 0 0, o0x7fb3bc04f9b8;  0 drivers
v0x7fb3bad7b870_0 .net "WCLKN", 0 0, o0x7fb3bc04fce8;  0 drivers
o0x7fb3bc04f9e8 .functor BUFZ 16, C4<zzzzzzzzzzzzzzzz>; HiZ drive
v0x7fb3bad7b900_0 .net "WDATA", 15 0, o0x7fb3bc04f9e8;  0 drivers
o0x7fb3bc04fa48 .functor BUFZ 1, C4<z>; HiZ drive
v0x7fb3bad7b990_0 .net "WE", 0 0, o0x7fb3bc04fa48;  0 drivers
S_0x7fb3bad790d0 .scope module, "RAM" "SB_RAM40_4K" 2 1917, 2 1487 0, S_0x7fb3bafa3ec0;
 .timescale -12 -12;
    .port_info 0 /OUTPUT 16 "RDATA";
    .port_info 1 /INPUT 1 "RCLK";
    .port_info 2 /INPUT 1 "RCLKE";
    .port_info 3 /INPUT 1 "RE";
    .port_info 4 /INPUT 11 "RADDR";
    .port_info 5 /INPUT 1 "WCLK";
    .port_info 6 /INPUT 1 "WCLKE";
    .port_info 7 /INPUT 1 "WE";
    .port_info 8 /INPUT 11 "WADDR";
    .port_info 9 /INPUT 16 "MASK";
    .port_info 10 /INPUT 16 "WDATA";
P_0x7fb3bc812000 .param/l "INIT_0" 0 2 1507, C4<0000000000000000000000000000000000000000000000000000000000000000000000000000000000000000000000000000000000000000000000000000000000000000000000000000000000000000000000000000000000000000000000000000000000000000000000000000000000000000000000000000000000000000>;
P_0x7fb3bc812040 .param/l "INIT_1" 0 2 1508, C4<0000000000000000000000000000000000000000000000000000000000000000000000000000000000000000000000000000000000000000000000000000000000000000000000000000000000000000000000000000000000000000000000000000000000000000000000000000000000000000000000000000000000000000>;
P_0x7fb3bc812080 .param/l "INIT_2" 0 2 1509, C4<0000000000000000000000000000000000000000000000000000000000000000000000000000000000000000000000000000000000000000000000000000000000000000000000000000000000000000000000000000000000000000000000000000000000000000000000000000000000000000000000000000000000000000>;
P_0x7fb3bc8120c0 .param/l "INIT_3" 0 2 1510, C4<0000000000000000000000000000000000000000000000000000000000000000000000000000000000000000000000000000000000000000000000000000000000000000000000000000000000000000000000000000000000000000000000000000000000000000000000000000000000000000000000000000000000000000>;
P_0x7fb3bc812100 .param/l "INIT_4" 0 2 1511, C4<0000000000000000000000000000000000000000000000000000000000000000000000000000000000000000000000000000000000000000000000000000000000000000000000000000000000000000000000000000000000000000000000000000000000000000000000000000000000000000000000000000000000000000>;
P_0x7fb3bc812140 .param/l "INIT_5" 0 2 1512, C4<0000000000000000000000000000000000000000000000000000000000000000000000000000000000000000000000000000000000000000000000000000000000000000000000000000000000000000000000000000000000000000000000000000000000000000000000000000000000000000000000000000000000000000>;
P_0x7fb3bc812180 .param/l "INIT_6" 0 2 1513, C4<0000000000000000000000000000000000000000000000000000000000000000000000000000000000000000000000000000000000000000000000000000000000000000000000000000000000000000000000000000000000000000000000000000000000000000000000000000000000000000000000000000000000000000>;
P_0x7fb3bc8121c0 .param/l "INIT_7" 0 2 1514, C4<0000000000000000000000000000000000000000000000000000000000000000000000000000000000000000000000000000000000000000000000000000000000000000000000000000000000000000000000000000000000000000000000000000000000000000000000000000000000000000000000000000000000000000>;
P_0x7fb3bc812200 .param/l "INIT_8" 0 2 1515, C4<0000000000000000000000000000000000000000000000000000000000000000000000000000000000000000000000000000000000000000000000000000000000000000000000000000000000000000000000000000000000000000000000000000000000000000000000000000000000000000000000000000000000000000>;
P_0x7fb3bc812240 .param/l "INIT_9" 0 2 1516, C4<0000000000000000000000000000000000000000000000000000000000000000000000000000000000000000000000000000000000000000000000000000000000000000000000000000000000000000000000000000000000000000000000000000000000000000000000000000000000000000000000000000000000000000>;
P_0x7fb3bc812280 .param/l "INIT_A" 0 2 1517, C4<0000000000000000000000000000000000000000000000000000000000000000000000000000000000000000000000000000000000000000000000000000000000000000000000000000000000000000000000000000000000000000000000000000000000000000000000000000000000000000000000000000000000000000>;
P_0x7fb3bc8122c0 .param/l "INIT_B" 0 2 1518, C4<0000000000000000000000000000000000000000000000000000000000000000000000000000000000000000000000000000000000000000000000000000000000000000000000000000000000000000000000000000000000000000000000000000000000000000000000000000000000000000000000000000000000000000>;
P_0x7fb3bc812300 .param/l "INIT_C" 0 2 1519, C4<0000000000000000000000000000000000000000000000000000000000000000000000000000000000000000000000000000000000000000000000000000000000000000000000000000000000000000000000000000000000000000000000000000000000000000000000000000000000000000000000000000000000000000>;
P_0x7fb3bc812340 .param/l "INIT_D" 0 2 1520, C4<0000000000000000000000000000000000000000000000000000000000000000000000000000000000000000000000000000000000000000000000000000000000000000000000000000000000000000000000000000000000000000000000000000000000000000000000000000000000000000000000000000000000000000>;
P_0x7fb3bc812380 .param/l "INIT_E" 0 2 1521, C4<0000000000000000000000000000000000000000000000000000000000000000000000000000000000000000000000000000000000000000000000000000000000000000000000000000000000000000000000000000000000000000000000000000000000000000000000000000000000000000000000000000000000000000>;
P_0x7fb3bc8123c0 .param/l "INIT_F" 0 2 1522, C4<0000000000000000000000000000000000000000000000000000000000000000000000000000000000000000000000000000000000000000000000000000000000000000000000000000000000000000000000000000000000000000000000000000000000000000000000000000000000000000000000000000000000000000>;
P_0x7fb3bc812400 .param/str "INIT_FILE" 0 2 1524, "\000";
P_0x7fb3bc812440 .param/l "READ_MODE" 0 2 1505, +C4<00000000000000000000000000000000>;
P_0x7fb3bc812480 .param/l "WRITE_MODE" 0 2 1504, +C4<00000000000000000000000000000000>;
v0x7fb3bad7a960_0 .net "MASK", 15 0, o0x7fb3bc04f7d8;  alias, 0 drivers
v0x7fb3bad7a9f0_0 .net "RADDR", 10 0, o0x7fb3bc04f808;  alias, 0 drivers
v0x7fb3bad7aa80_0 .net "RCLK", 0 0, o0x7fb3bc04f838;  alias, 0 drivers
v0x7fb3bad7ab10_0 .net "RCLKE", 0 0, o0x7fb3bc04f868;  alias, 0 drivers
v0x7fb3bad7aba0_0 .net "RDATA", 15 0, L_0x7fb3bad49f20;  alias, 1 drivers
v0x7fb3bad7ac30_0 .var "RDATA_I", 15 0;
v0x7fb3bad7acc0_0 .net "RE", 0 0, o0x7fb3bc04f8f8;  alias, 0 drivers
L_0x7fb3bc073b90 .functor BUFT 1, C4<0000000000000000>, C4<0>, C4<0>, C4<0>;
v0x7fb3bad7ad50_0 .net "RMASK_I", 15 0, L_0x7fb3bc073b90;  1 drivers
v0x7fb3bad7ade0_0 .net "WADDR", 10 0, o0x7fb3bc04f958;  alias, 0 drivers
v0x7fb3bad7ae70_0 .net "WCLK", 0 0, L_0x7fb3bad49d20;  1 drivers
v0x7fb3bad7af00_0 .net "WCLKE", 0 0, o0x7fb3bc04f9b8;  alias, 0 drivers
v0x7fb3bad7af90_0 .net "WDATA", 15 0, o0x7fb3bc04f9e8;  alias, 0 drivers
v0x7fb3bad7b020_0 .net "WDATA_I", 15 0, L_0x7fb3bad49e20;  1 drivers
v0x7fb3bad7b0b0_0 .net "WE", 0 0, o0x7fb3bc04fa48;  alias, 0 drivers
v0x7fb3bad7b140_0 .net "WMASK_I", 15 0, L_0x7fb3bad49c20;  1 drivers
v0x7fb3bad7b1d0_0 .var/i "i", 31 0;
v0x7fb3bad7b260 .array "memory", 255 0, 15 0;
E_0x7fb3bad15ca0 .event posedge, v0x7fb3bad7aa80_0;
E_0x7fb3bad16060 .event posedge, v0x7fb3bad7ae70_0;
S_0x7fb3bad7a3a0 .scope generate, "genblk1" "genblk1" 2 1534, 2 1534 0, S_0x7fb3bad790d0;
 .timescale -12 -12;
L_0x7fb3bad49c20 .functor BUFZ 16, o0x7fb3bc04f7d8, C4<0000000000000000>, C4<0000000000000000>, C4<0000000000000000>;
S_0x7fb3bad7a510 .scope generate, "genblk2" "genblk2" 2 1555, 2 1555 0, S_0x7fb3bad790d0;
 .timescale -12 -12;
S_0x7fb3bad7a680 .scope generate, "genblk3" "genblk3" 2 1576, 2 1576 0, S_0x7fb3bad790d0;
 .timescale -12 -12;
L_0x7fb3bad49e20 .functor BUFZ 16, o0x7fb3bc04f9e8, C4<0000000000000000>, C4<0000000000000000>, C4<0000000000000000>;
S_0x7fb3bad7a7f0 .scope generate, "genblk4" "genblk4" 2 1595, 2 1595 0, S_0x7fb3bad790d0;
 .timescale -12 -12;
L_0x7fb3bad49f20 .functor BUFZ 16, v0x7fb3bad7ac30_0, C4<0000000000000000>, C4<0000000000000000>, C4<0000000000000000>;
S_0x7fb3bafa56b0 .scope module, "SB_RGBA_DRV" "SB_RGBA_DRV" 2 2692;
 .timescale -12 -12;
    .port_info 0 /INPUT 1 "CURREN";
    .port_info 1 /INPUT 1 "RGBLEDEN";
    .port_info 2 /INPUT 1 "RGB0PWM";
    .port_info 3 /INPUT 1 "RGB1PWM";
    .port_info 4 /INPUT 1 "RGB2PWM";
    .port_info 5 /OUTPUT 1 "RGB0";
    .port_info 6 /OUTPUT 1 "RGB1";
    .port_info 7 /OUTPUT 1 "RGB2";
P_0x7fb3bafa5820 .param/str "CURRENT_MODE" 0 2 2702, "0b0";
P_0x7fb3bafa5860 .param/str "RGB0_CURRENT" 0 2 2703, "0b000000";
P_0x7fb3bafa58a0 .param/str "RGB1_CURRENT" 0 2 2704, "0b000000";
P_0x7fb3bafa58e0 .param/str "RGB2_CURRENT" 0 2 2705, "0b000000";
o0x7fb3bc04ff28 .functor BUFZ 1, C4<z>; HiZ drive
v0x7fb3bad7ba20_0 .net "CURREN", 0 0, o0x7fb3bc04ff28;  0 drivers
o0x7fb3bc04ff58 .functor BUFZ 1, C4<z>; HiZ drive
v0x7fb3bad7bab0_0 .net "RGB0", 0 0, o0x7fb3bc04ff58;  0 drivers
o0x7fb3bc04ff88 .functor BUFZ 1, C4<z>; HiZ drive
v0x7fb3bad7bb40_0 .net "RGB0PWM", 0 0, o0x7fb3bc04ff88;  0 drivers
o0x7fb3bc04ffb8 .functor BUFZ 1, C4<z>; HiZ drive
v0x7fb3bad7bbd0_0 .net "RGB1", 0 0, o0x7fb3bc04ffb8;  0 drivers
o0x7fb3bc04ffe8 .functor BUFZ 1, C4<z>; HiZ drive
v0x7fb3bad7bc60_0 .net "RGB1PWM", 0 0, o0x7fb3bc04ffe8;  0 drivers
o0x7fb3bc050018 .functor BUFZ 1, C4<z>; HiZ drive
v0x7fb3bad7bcf0_0 .net "RGB2", 0 0, o0x7fb3bc050018;  0 drivers
o0x7fb3bc050048 .functor BUFZ 1, C4<z>; HiZ drive
v0x7fb3bad7bd80_0 .net "RGB2PWM", 0 0, o0x7fb3bc050048;  0 drivers
o0x7fb3bc050078 .functor BUFZ 1, C4<z>; HiZ drive
v0x7fb3bad7be10_0 .net "RGBLEDEN", 0 0, o0x7fb3bc050078;  0 drivers
S_0x7fb3bafa5b20 .scope module, "SB_RGB_DRV" "SB_RGB_DRV" 2 2716;
 .timescale -12 -12;
    .port_info 0 /INPUT 1 "RGBLEDEN";
    .port_info 1 /INPUT 1 "RGB0PWM";
    .port_info 2 /INPUT 1 "RGB1PWM";
    .port_info 3 /INPUT 1 "RGB2PWM";
    .port_info 4 /INPUT 1 "RGBPU";
    .port_info 5 /OUTPUT 1 "RGB0";
    .port_info 6 /OUTPUT 1 "RGB1";
    .port_info 7 /OUTPUT 1 "RGB2";
P_0x7fb3bafa5c90 .param/str "CURRENT_MODE" 0 2 2726, "0b0";
P_0x7fb3bafa5cd0 .param/str "RGB0_CURRENT" 0 2 2727, "0b000000";
P_0x7fb3bafa5d10 .param/str "RGB1_CURRENT" 0 2 2728, "0b000000";
P_0x7fb3bafa5d50 .param/str "RGB2_CURRENT" 0 2 2729, "0b000000";
o0x7fb3bc050228 .functor BUFZ 1, C4<z>; HiZ drive
v0x7fb3bad7bea0_0 .net "RGB0", 0 0, o0x7fb3bc050228;  0 drivers
o0x7fb3bc050258 .functor BUFZ 1, C4<z>; HiZ drive
v0x7fb3bad7bf30_0 .net "RGB0PWM", 0 0, o0x7fb3bc050258;  0 drivers
o0x7fb3bc050288 .functor BUFZ 1, C4<z>; HiZ drive
v0x7fb3bad7bfc0_0 .net "RGB1", 0 0, o0x7fb3bc050288;  0 drivers
o0x7fb3bc0502b8 .functor BUFZ 1, C4<z>; HiZ drive
v0x7fb3bad7c050_0 .net "RGB1PWM", 0 0, o0x7fb3bc0502b8;  0 drivers
o0x7fb3bc0502e8 .functor BUFZ 1, C4<z>; HiZ drive
v0x7fb3bad7c0e0_0 .net "RGB2", 0 0, o0x7fb3bc0502e8;  0 drivers
o0x7fb3bc050318 .functor BUFZ 1, C4<z>; HiZ drive
v0x7fb3bad7c170_0 .net "RGB2PWM", 0 0, o0x7fb3bc050318;  0 drivers
o0x7fb3bc050348 .functor BUFZ 1, C4<z>; HiZ drive
v0x7fb3bad7c200_0 .net "RGBLEDEN", 0 0, o0x7fb3bc050348;  0 drivers
o0x7fb3bc050378 .functor BUFZ 1, C4<z>; HiZ drive
v0x7fb3bad7c290_0 .net "RGBPU", 0 0, o0x7fb3bc050378;  0 drivers
S_0x7fb3bafa5f90 .scope module, "SB_SPI" "SB_SPI" 2 2776;
 .timescale -12 -12;
    .port_info 0 /INPUT 1 "SBCLKI";
    .port_info 1 /INPUT 1 "SBRWI";
    .port_info 2 /INPUT 1 "SBSTBI";
    .port_info 3 /INPUT 1 "SBADRI7";
    .port_info 4 /INPUT 1 "SBADRI6";
    .port_info 5 /INPUT 1 "SBADRI5";
    .port_info 6 /INPUT 1 "SBADRI4";
    .port_info 7 /INPUT 1 "SBADRI3";
    .port_info 8 /INPUT 1 "SBADRI2";
    .port_info 9 /INPUT 1 "SBADRI1";
    .port_info 10 /INPUT 1 "SBADRI0";
    .port_info 11 /INPUT 1 "SBDATI7";
    .port_info 12 /INPUT 1 "SBDATI6";
    .port_info 13 /INPUT 1 "SBDATI5";
    .port_info 14 /INPUT 1 "SBDATI4";
    .port_info 15 /INPUT 1 "SBDATI3";
    .port_info 16 /INPUT 1 "SBDATI2";
    .port_info 17 /INPUT 1 "SBDATI1";
    .port_info 18 /INPUT 1 "SBDATI0";
    .port_info 19 /INPUT 1 "MI";
    .port_info 20 /INPUT 1 "SI";
    .port_info 21 /INPUT 1 "SCKI";
    .port_info 22 /INPUT 1 "SCSNI";
    .port_info 23 /OUTPUT 1 "SBDATO7";
    .port_info 24 /OUTPUT 1 "SBDATO6";
    .port_info 25 /OUTPUT 1 "SBDATO5";
    .port_info 26 /OUTPUT 1 "SBDATO4";
    .port_info 27 /OUTPUT 1 "SBDATO3";
    .port_info 28 /OUTPUT 1 "SBDATO2";
    .port_info 29 /OUTPUT 1 "SBDATO1";
    .port_info 30 /OUTPUT 1 "SBDATO0";
    .port_info 31 /OUTPUT 1 "SBACKO";
    .port_info 32 /OUTPUT 1 "SPIIRQ";
    .port_info 33 /OUTPUT 1 "SPIWKUP";
    .port_info 34 /OUTPUT 1 "SO";
    .port_info 35 /OUTPUT 1 "SOE";
    .port_info 36 /OUTPUT 1 "MO";
    .port_info 37 /OUTPUT 1 "MOE";
    .port_info 38 /OUTPUT 1 "SCKO";
    .port_info 39 /OUTPUT 1 "SCKOE";
    .port_info 40 /OUTPUT 1 "MCSNO3";
    .port_info 41 /OUTPUT 1 "MCSNO2";
    .port_info 42 /OUTPUT 1 "MCSNO1";
    .port_info 43 /OUTPUT 1 "MCSNO0";
    .port_info 44 /OUTPUT 1 "MCSNOE3";
    .port_info 45 /OUTPUT 1 "MCSNOE2";
    .port_info 46 /OUTPUT 1 "MCSNOE1";
    .port_info 47 /OUTPUT 1 "MCSNOE0";
P_0x7fb3bafa6100 .param/str "BUS_ADDR74" 0 2 2826, "0b0000";
o0x7fb3bc050528 .functor BUFZ 1, C4<z>; HiZ drive
v0x7fb3bae9a7f0_0 .net "MCSNO0", 0 0, o0x7fb3bc050528;  0 drivers
o0x7fb3bc050558 .functor BUFZ 1, C4<z>; HiZ drive
v0x7fb3bae9a8a0_0 .net "MCSNO1", 0 0, o0x7fb3bc050558;  0 drivers
o0x7fb3bc050588 .functor BUFZ 1, C4<z>; HiZ drive
v0x7fb3bae9a940_0 .net "MCSNO2", 0 0, o0x7fb3bc050588;  0 drivers
o0x7fb3bc0505b8 .functor BUFZ 1, C4<z>; HiZ drive
v0x7fb3bae9a9f0_0 .net "MCSNO3", 0 0, o0x7fb3bc0505b8;  0 drivers
o0x7fb3bc0505e8 .functor BUFZ 1, C4<z>; HiZ drive
v0x7fb3bae9aa90_0 .net "MCSNOE0", 0 0, o0x7fb3bc0505e8;  0 drivers
o0x7fb3bc050618 .functor BUFZ 1, C4<z>; HiZ drive
v0x7fb3bae9ab70_0 .net "MCSNOE1", 0 0, o0x7fb3bc050618;  0 drivers
o0x7fb3bc050648 .functor BUFZ 1, C4<z>; HiZ drive
v0x7fb3bae9ac10_0 .net "MCSNOE2", 0 0, o0x7fb3bc050648;  0 drivers
o0x7fb3bc050678 .functor BUFZ 1, C4<z>; HiZ drive
v0x7fb3bae9acb0_0 .net "MCSNOE3", 0 0, o0x7fb3bc050678;  0 drivers
o0x7fb3bc0506a8 .functor BUFZ 1, C4<z>; HiZ drive
v0x7fb3bae9ad50_0 .net "MI", 0 0, o0x7fb3bc0506a8;  0 drivers
o0x7fb3bc0506d8 .functor BUFZ 1, C4<z>; HiZ drive
v0x7fb3bae9ae60_0 .net "MO", 0 0, o0x7fb3bc0506d8;  0 drivers
o0x7fb3bc050708 .functor BUFZ 1, C4<z>; HiZ drive
v0x7fb3bae9aef0_0 .net "MOE", 0 0, o0x7fb3bc050708;  0 drivers
o0x7fb3bc050738 .functor BUFZ 1, C4<z>; HiZ drive
v0x7fb3bae9af90_0 .net "SBACKO", 0 0, o0x7fb3bc050738;  0 drivers
o0x7fb3bc050768 .functor BUFZ 1, C4<z>; HiZ drive
v0x7fb3bae9b030_0 .net "SBADRI0", 0 0, o0x7fb3bc050768;  0 drivers
o0x7fb3bc050798 .functor BUFZ 1, C4<z>; HiZ drive
v0x7fb3bae9b0d0_0 .net "SBADRI1", 0 0, o0x7fb3bc050798;  0 drivers
o0x7fb3bc0507c8 .functor BUFZ 1, C4<z>; HiZ drive
v0x7fb3bae9b170_0 .net "SBADRI2", 0 0, o0x7fb3bc0507c8;  0 drivers
o0x7fb3bc0507f8 .functor BUFZ 1, C4<z>; HiZ drive
v0x7fb3bae9b210_0 .net "SBADRI3", 0 0, o0x7fb3bc0507f8;  0 drivers
o0x7fb3bc050828 .functor BUFZ 1, C4<z>; HiZ drive
v0x7fb3bae9b2b0_0 .net "SBADRI4", 0 0, o0x7fb3bc050828;  0 drivers
o0x7fb3bc050858 .functor BUFZ 1, C4<z>; HiZ drive
v0x7fb3bae9b440_0 .net "SBADRI5", 0 0, o0x7fb3bc050858;  0 drivers
o0x7fb3bc050888 .functor BUFZ 1, C4<z>; HiZ drive
v0x7fb3bae9b4d0_0 .net "SBADRI6", 0 0, o0x7fb3bc050888;  0 drivers
o0x7fb3bc0508b8 .functor BUFZ 1, C4<z>; HiZ drive
v0x7fb3bae9b560_0 .net "SBADRI7", 0 0, o0x7fb3bc0508b8;  0 drivers
o0x7fb3bc0508e8 .functor BUFZ 1, C4<z>; HiZ drive
v0x7fb3bae9b5f0_0 .net "SBCLKI", 0 0, o0x7fb3bc0508e8;  0 drivers
o0x7fb3bc050918 .functor BUFZ 1, C4<z>; HiZ drive
v0x7fb3bae9b690_0 .net "SBDATI0", 0 0, o0x7fb3bc050918;  0 drivers
o0x7fb3bc050948 .functor BUFZ 1, C4<z>; HiZ drive
v0x7fb3bae9b730_0 .net "SBDATI1", 0 0, o0x7fb3bc050948;  0 drivers
o0x7fb3bc050978 .functor BUFZ 1, C4<z>; HiZ drive
v0x7fb3bae9b7d0_0 .net "SBDATI2", 0 0, o0x7fb3bc050978;  0 drivers
o0x7fb3bc0509a8 .functor BUFZ 1, C4<z>; HiZ drive
v0x7fb3bae9b870_0 .net "SBDATI3", 0 0, o0x7fb3bc0509a8;  0 drivers
o0x7fb3bc0509d8 .functor BUFZ 1, C4<z>; HiZ drive
v0x7fb3bae9b910_0 .net "SBDATI4", 0 0, o0x7fb3bc0509d8;  0 drivers
o0x7fb3bc050a08 .functor BUFZ 1, C4<z>; HiZ drive
v0x7fb3bae9b9b0_0 .net "SBDATI5", 0 0, o0x7fb3bc050a08;  0 drivers
o0x7fb3bc050a38 .functor BUFZ 1, C4<z>; HiZ drive
v0x7fb3bae9ba50_0 .net "SBDATI6", 0 0, o0x7fb3bc050a38;  0 drivers
o0x7fb3bc050a68 .functor BUFZ 1, C4<z>; HiZ drive
v0x7fb3bae9baf0_0 .net "SBDATI7", 0 0, o0x7fb3bc050a68;  0 drivers
o0x7fb3bc050a98 .functor BUFZ 1, C4<z>; HiZ drive
v0x7fb3bae9bb90_0 .net "SBDATO0", 0 0, o0x7fb3bc050a98;  0 drivers
o0x7fb3bc050ac8 .functor BUFZ 1, C4<z>; HiZ drive
v0x7fb3bae9bc30_0 .net "SBDATO1", 0 0, o0x7fb3bc050ac8;  0 drivers
o0x7fb3bc050af8 .functor BUFZ 1, C4<z>; HiZ drive
v0x7fb3bae9bcd0_0 .net "SBDATO2", 0 0, o0x7fb3bc050af8;  0 drivers
o0x7fb3bc050b28 .functor BUFZ 1, C4<z>; HiZ drive
v0x7fb3bae9bd70_0 .net "SBDATO3", 0 0, o0x7fb3bc050b28;  0 drivers
o0x7fb3bc050b58 .functor BUFZ 1, C4<z>; HiZ drive
v0x7fb3bae9b350_0 .net "SBDATO4", 0 0, o0x7fb3bc050b58;  0 drivers
o0x7fb3bc050b88 .functor BUFZ 1, C4<z>; HiZ drive
v0x7fb3bae9c000_0 .net "SBDATO5", 0 0, o0x7fb3bc050b88;  0 drivers
o0x7fb3bc050bb8 .functor BUFZ 1, C4<z>; HiZ drive
v0x7fb3bae9c090_0 .net "SBDATO6", 0 0, o0x7fb3bc050bb8;  0 drivers
o0x7fb3bc050be8 .functor BUFZ 1, C4<z>; HiZ drive
v0x7fb3bae9c120_0 .net "SBDATO7", 0 0, o0x7fb3bc050be8;  0 drivers
o0x7fb3bc050c18 .functor BUFZ 1, C4<z>; HiZ drive
v0x7fb3bae9c1b0_0 .net "SBRWI", 0 0, o0x7fb3bc050c18;  0 drivers
o0x7fb3bc050c48 .functor BUFZ 1, C4<z>; HiZ drive
v0x7fb3bae9c240_0 .net "SBSTBI", 0 0, o0x7fb3bc050c48;  0 drivers
o0x7fb3bc050c78 .functor BUFZ 1, C4<z>; HiZ drive
v0x7fb3bae9c2d0_0 .net "SCKI", 0 0, o0x7fb3bc050c78;  0 drivers
o0x7fb3bc050ca8 .functor BUFZ 1, C4<z>; HiZ drive
v0x7fb3bae9c370_0 .net "SCKO", 0 0, o0x7fb3bc050ca8;  0 drivers
o0x7fb3bc050cd8 .functor BUFZ 1, C4<z>; HiZ drive
v0x7fb3bae9c410_0 .net "SCKOE", 0 0, o0x7fb3bc050cd8;  0 drivers
o0x7fb3bc050d08 .functor BUFZ 1, C4<z>; HiZ drive
v0x7fb3bae9c4b0_0 .net "SCSNI", 0 0, o0x7fb3bc050d08;  0 drivers
o0x7fb3bc050d38 .functor BUFZ 1, C4<z>; HiZ drive
v0x7fb3bae9c550_0 .net "SI", 0 0, o0x7fb3bc050d38;  0 drivers
o0x7fb3bc050d68 .functor BUFZ 1, C4<z>; HiZ drive
v0x7fb3bae9c5f0_0 .net "SO", 0 0, o0x7fb3bc050d68;  0 drivers
o0x7fb3bc050d98 .functor BUFZ 1, C4<z>; HiZ drive
v0x7fb3bae9c690_0 .net "SOE", 0 0, o0x7fb3bc050d98;  0 drivers
o0x7fb3bc050dc8 .functor BUFZ 1, C4<z>; HiZ drive
v0x7fb3bae9c730_0 .net "SPIIRQ", 0 0, o0x7fb3bc050dc8;  0 drivers
o0x7fb3bc050df8 .functor BUFZ 1, C4<z>; HiZ drive
v0x7fb3bae9c7d0_0 .net "SPIWKUP", 0 0, o0x7fb3bc050df8;  0 drivers
S_0x7fb3bafa6300 .scope module, "SB_SPRAM256KA" "SB_SPRAM256KA" 2 2600;
 .timescale -12 -12;
    .port_info 0 /INPUT 14 "ADDRESS";
    .port_info 1 /INPUT 16 "DATAIN";
    .port_info 2 /INPUT 4 "MASKWREN";
    .port_info 3 /INPUT 1 "WREN";
    .port_info 4 /INPUT 1 "CHIPSELECT";
    .port_info 5 /INPUT 1 "CLOCK";
    .port_info 6 /INPUT 1 "STANDBY";
    .port_info 7 /INPUT 1 "SLEEP";
    .port_info 8 /INPUT 1 "POWEROFF";
    .port_info 9 /OUTPUT 16 "DATAOUT";
o0x7fb3bc051878 .functor BUFZ 1, C4<z>; HiZ drive
L_0x7fb3bad49a20 .functor OR 1, o0x7fb3bc051878, L_0x7fb3bad7e200, C4<0>, C4<0>;
o0x7fb3bc051728 .functor BUFZ 14, C4<zzzzzzzzzzzzzz>; HiZ drive
v0x7fb3bae9cda0_0 .net "ADDRESS", 13 0, o0x7fb3bc051728;  0 drivers
o0x7fb3bc051758 .functor BUFZ 1, C4<z>; HiZ drive
v0x7fb3bae9ce60_0 .net "CHIPSELECT", 0 0, o0x7fb3bc051758;  0 drivers
o0x7fb3bc051788 .functor BUFZ 1, C4<z>; HiZ drive
v0x7fb3bae9cf00_0 .net "CLOCK", 0 0, o0x7fb3bc051788;  0 drivers
o0x7fb3bc0517b8 .functor BUFZ 16, C4<zzzzzzzzzzzzzzzz>; HiZ drive
v0x7fb3bae9cf90_0 .net "DATAIN", 15 0, o0x7fb3bc0517b8;  0 drivers
v0x7fb3bae9d020_0 .var "DATAOUT", 15 0;
o0x7fb3bc051818 .functor BUFZ 4, C4<zzzz>; HiZ drive
v0x7fb3bae9d0d0_0 .net "MASKWREN", 3 0, o0x7fb3bc051818;  0 drivers
o0x7fb3bc051848 .functor BUFZ 1, C4<z>; HiZ drive
v0x7fb3bae9d180_0 .net "POWEROFF", 0 0, o0x7fb3bc051848;  0 drivers
v0x7fb3bae9d220_0 .net "SLEEP", 0 0, o0x7fb3bc051878;  0 drivers
o0x7fb3bc0518a8 .functor BUFZ 1, C4<z>; HiZ drive
v0x7fb3bae9d2c0_0 .net "STANDBY", 0 0, o0x7fb3bc0518a8;  0 drivers
o0x7fb3bc0518d8 .functor BUFZ 1, C4<z>; HiZ drive
v0x7fb3bae9d3d0_0 .net "WREN", 0 0, o0x7fb3bc0518d8;  0 drivers
v0x7fb3bae9d460_0 .net *"_ivl_1", 0 0, L_0x7fb3bad7e200;  1 drivers
v0x7fb3bae9d500_0 .var/i "i", 31 0;
v0x7fb3bae9d5b0 .array "mem", 16383 0, 15 0;
v0x7fb3bae9d650_0 .net "off", 0 0, L_0x7fb3bad49a20;  1 drivers
E_0x7fb3bae9ccf0 .event posedge, v0x7fb3bae9d650_0, v0x7fb3bae9cf00_0;
E_0x7fb3bae9cd50 .event negedge, v0x7fb3bae9d180_0;
L_0x7fb3bad7e200 .reduce/nor o0x7fb3bc051848;
S_0x7fb3bafa6600 .scope module, "SB_WARMBOOT" "SB_WARMBOOT" 2 2593;
 .timescale -12 -12;
    .port_info 0 /INPUT 1 "BOOT";
    .port_info 1 /INPUT 1 "S1";
    .port_info 2 /INPUT 1 "S0";
o0x7fb3bc051b78 .functor BUFZ 1, C4<z>; HiZ drive
v0x7fb3bae9d7e0_0 .net "BOOT", 0 0, o0x7fb3bc051b78;  0 drivers
o0x7fb3bc051ba8 .functor BUFZ 1, C4<z>; HiZ drive
v0x7fb3bae9d890_0 .net "S0", 0 0, o0x7fb3bc051ba8;  0 drivers
o0x7fb3bc051bd8 .functor BUFZ 1, C4<z>; HiZ drive
v0x7fb3bae9d930_0 .net "S1", 0 0, o0x7fb3bc051bd8;  0 drivers
S_0x7fb3bafa67d0 .scope module, "button_debounce" "button_debounce" 3 1;
 .timescale -12 -12;
    .port_info 0 /OUTPUT 4 "led";
    .port_info 1 /INPUT 1 "pmod_1";
    .port_info 2 /INPUT 1 "pmod_2";
    .port_info 3 /INPUT 1 "pmod_3";
    .port_info 4 /INPUT 1 "clk";
P_0x7fb3bafa6940 .param/l "DELAY" 1 3 12, C4<000101101110001101100000>;
P_0x7fb3bafa6980 .param/l "LED_MAX" 1 3 13, C4<1111>;
P_0x7fb3bafa69c0 .param/l "STATE_COUNTING" 1 3 15, C4<10>;
P_0x7fb3bafa6a00 .param/l "STATE_IDLE" 1 3 14, C4<01>;
o0x7fb3bc051c98 .functor BUFZ 1, C4<z>; HiZ drive
v0x7fb3bae9daa0_0 .net "clk", 0 0, o0x7fb3bc051c98;  0 drivers
v0x7fb3bae9db50_0 .var "clk_count", 23 0;
v0x7fb3bae9dc00_0 .net "count", 0 0, L_0x7fb3bad7e5d0;  1 drivers
v0x7fb3bae9dcb0_0 .var "count_prev", 0 0;
v0x7fb3bae9dd50_0 .var "div_clk", 0 0;
v0x7fb3bae9de30_0 .net "go", 0 0, L_0x7fb3bad7e670;  1 drivers
v0x7fb3bae9ded0_0 .var "led", 3 0;
o0x7fb3bc051de8 .functor BUFZ 1, C4<z>; HiZ drive
v0x7fb3bae9df80_0 .net "pmod_1", 0 0, o0x7fb3bc051de8;  0 drivers
o0x7fb3bc051e18 .functor BUFZ 1, C4<z>; HiZ drive
v0x7fb3bae9e020_0 .net "pmod_2", 0 0, o0x7fb3bc051e18;  0 drivers
o0x7fb3bc051e48 .functor BUFZ 1, C4<z>; HiZ drive
v0x7fb3bae9e130_0 .net "pmod_3", 0 0, o0x7fb3bc051e48;  0 drivers
v0x7fb3bae9e1c0_0 .net "rst", 0 0, L_0x7fb3bad7e530;  1 drivers
v0x7fb3bae9e260_0 .var "state", 1 0;
E_0x7fb3bae9d9f0 .event posedge, v0x7fb3bae9e1c0_0, v0x7fb3bae9dd50_0;
E_0x7fb3bae9da50 .event posedge, v0x7fb3bae9e1c0_0, v0x7fb3bae9daa0_0;
L_0x7fb3bad7e530 .reduce/nor o0x7fb3bc051de8;
L_0x7fb3bad7e5d0 .reduce/nor o0x7fb3bc051e48;
L_0x7fb3bad7e670 .reduce/nor o0x7fb3bc051e18;
    .scope S_0x7fb3bae73d50;
T_2 ;
    %pushi/vec4 0, 0, 1;
    %store/vec4 v0x7fb3bae48550_0, 0, 1;
    %pushi/vec4 0, 0, 1;
    %store/vec4 v0x7fb3bae479c0_0, 0, 1;
    %end;
    .thread T_2;
    .scope S_0x7fb3bae73d50;
T_3 ;
    %wait E_0x7fb3bafa6c40;
    %load/vec4 v0x7fb3bac33ed0_0;
    %flag_set/vec4 8;
    %jmp/0xz  T_3.0, 8;
    %load/vec4 v0x7fb3bae45fd0_0;
    %flag_set/vec4 8;
    %jmp/0 T_3.2, 8;
    %pushi/vec4 0, 0, 1;
    %jmp/1 T_3.3, 8;
T_3.2 ; End of true expr.
    %load/vec4 v0x7fb3bae49b30_0;
    %jmp/0 T_3.3, 8;
 ; End of false expr.
    %blend;
T_3.3;
    %assign/vec4 v0x7fb3bae48550_0, 0;
T_3.0 ;
    %jmp T_3;
    .thread T_3;
    .scope S_0x7fb3bae73d50;
T_4 ;
    %wait E_0x7fb3bafa6c00;
    %load/vec4 v0x7fb3bae45fd0_0;
    %flag_set/vec4 8;
    %jmp/0xz  T_4.0, 8;
    %pushi/vec4 0, 0, 1;
    %assign/vec4 v0x7fb3bae479c0_0, 0;
    %jmp T_4.1;
T_4.0 ;
    %load/vec4 v0x7fb3bac33ed0_0;
    %flag_set/vec4 8;
    %jmp/0xz  T_4.2, 8;
    %load/vec4 v0x7fb3bae49b30_0;
    %assign/vec4 v0x7fb3bae479c0_0, 0;
T_4.2 ;
T_4.1 ;
    %jmp T_4;
    .thread T_4;
    .scope S_0x7fb3bae8f260;
T_5 ;
    %pushi/vec4 0, 0, 32;
    %store/vec4 v0x7fb3bae65b50_0, 0, 32;
T_5.0 ; Top of for-loop 
    %load/vec4 v0x7fb3bae65b50_0;
    %cmpi/s 16, 0, 32;
    %jmp/0xz T_5.1, 5;
    %pushi/vec4 0, 0, 256;
    %load/vec4 v0x7fb3bae65b50_0;
    %muli 16, 0, 32;
    %part/s 16;
    %pushi/vec4 0, 0, 32;
    %load/vec4 v0x7fb3bae65b50_0;
    %add;
    %ix/vec4/s 4;
    %store/vec4a v0x7fb3bae4c030, 4, 0;
    %pushi/vec4 0, 0, 256;
    %load/vec4 v0x7fb3bae65b50_0;
    %muli 16, 0, 32;
    %part/s 16;
    %pushi/vec4 16, 0, 32;
    %load/vec4 v0x7fb3bae65b50_0;
    %add;
    %ix/vec4/s 4;
    %store/vec4a v0x7fb3bae4c030, 4, 0;
    %pushi/vec4 0, 0, 256;
    %load/vec4 v0x7fb3bae65b50_0;
    %muli 16, 0, 32;
    %part/s 16;
    %pushi/vec4 32, 0, 32;
    %load/vec4 v0x7fb3bae65b50_0;
    %add;
    %ix/vec4/s 4;
    %store/vec4a v0x7fb3bae4c030, 4, 0;
    %pushi/vec4 0, 0, 256;
    %load/vec4 v0x7fb3bae65b50_0;
    %muli 16, 0, 32;
    %part/s 16;
    %pushi/vec4 48, 0, 32;
    %load/vec4 v0x7fb3bae65b50_0;
    %add;
    %ix/vec4/s 4;
    %store/vec4a v0x7fb3bae4c030, 4, 0;
    %pushi/vec4 0, 0, 256;
    %load/vec4 v0x7fb3bae65b50_0;
    %muli 16, 0, 32;
    %part/s 16;
    %pushi/vec4 64, 0, 32;
    %load/vec4 v0x7fb3bae65b50_0;
    %add;
    %ix/vec4/s 4;
    %store/vec4a v0x7fb3bae4c030, 4, 0;
    %pushi/vec4 0, 0, 256;
    %load/vec4 v0x7fb3bae65b50_0;
    %muli 16, 0, 32;
    %part/s 16;
    %pushi/vec4 80, 0, 32;
    %load/vec4 v0x7fb3bae65b50_0;
    %add;
    %ix/vec4/s 4;
    %store/vec4a v0x7fb3bae4c030, 4, 0;
    %pushi/vec4 0, 0, 256;
    %load/vec4 v0x7fb3bae65b50_0;
    %muli 16, 0, 32;
    %part/s 16;
    %pushi/vec4 96, 0, 32;
    %load/vec4 v0x7fb3bae65b50_0;
    %add;
    %ix/vec4/s 4;
    %store/vec4a v0x7fb3bae4c030, 4, 0;
    %pushi/vec4 0, 0, 256;
    %load/vec4 v0x7fb3bae65b50_0;
    %muli 16, 0, 32;
    %part/s 16;
    %pushi/vec4 112, 0, 32;
    %load/vec4 v0x7fb3bae65b50_0;
    %add;
    %ix/vec4/s 4;
    %store/vec4a v0x7fb3bae4c030, 4, 0;
    %pushi/vec4 0, 0, 256;
    %load/vec4 v0x7fb3bae65b50_0;
    %muli 16, 0, 32;
    %part/s 16;
    %pushi/vec4 128, 0, 32;
    %load/vec4 v0x7fb3bae65b50_0;
    %add;
    %ix/vec4/s 4;
    %store/vec4a v0x7fb3bae4c030, 4, 0;
    %pushi/vec4 0, 0, 256;
    %load/vec4 v0x7fb3bae65b50_0;
    %muli 16, 0, 32;
    %part/s 16;
    %pushi/vec4 144, 0, 32;
    %load/vec4 v0x7fb3bae65b50_0;
    %add;
    %ix/vec4/s 4;
    %store/vec4a v0x7fb3bae4c030, 4, 0;
    %pushi/vec4 0, 0, 256;
    %load/vec4 v0x7fb3bae65b50_0;
    %muli 16, 0, 32;
    %part/s 16;
    %pushi/vec4 160, 0, 32;
    %load/vec4 v0x7fb3bae65b50_0;
    %add;
    %ix/vec4/s 4;
    %store/vec4a v0x7fb3bae4c030, 4, 0;
    %pushi/vec4 0, 0, 256;
    %load/vec4 v0x7fb3bae65b50_0;
    %muli 16, 0, 32;
    %part/s 16;
    %pushi/vec4 176, 0, 32;
    %load/vec4 v0x7fb3bae65b50_0;
    %add;
    %ix/vec4/s 4;
    %store/vec4a v0x7fb3bae4c030, 4, 0;
    %pushi/vec4 0, 0, 256;
    %load/vec4 v0x7fb3bae65b50_0;
    %muli 16, 0, 32;
    %part/s 16;
    %pushi/vec4 192, 0, 32;
    %load/vec4 v0x7fb3bae65b50_0;
    %add;
    %ix/vec4/s 4;
    %store/vec4a v0x7fb3bae4c030, 4, 0;
    %pushi/vec4 0, 0, 256;
    %load/vec4 v0x7fb3bae65b50_0;
    %muli 16, 0, 32;
    %part/s 16;
    %pushi/vec4 208, 0, 32;
    %load/vec4 v0x7fb3bae65b50_0;
    %add;
    %ix/vec4/s 4;
    %store/vec4a v0x7fb3bae4c030, 4, 0;
    %pushi/vec4 0, 0, 256;
    %load/vec4 v0x7fb3bae65b50_0;
    %muli 16, 0, 32;
    %part/s 16;
    %pushi/vec4 224, 0, 32;
    %load/vec4 v0x7fb3bae65b50_0;
    %add;
    %ix/vec4/s 4;
    %store/vec4a v0x7fb3bae4c030, 4, 0;
    %pushi/vec4 0, 0, 256;
    %load/vec4 v0x7fb3bae65b50_0;
    %muli 16, 0, 32;
    %part/s 16;
    %pushi/vec4 240, 0, 32;
    %load/vec4 v0x7fb3bae65b50_0;
    %add;
    %ix/vec4/s 4;
    %store/vec4a v0x7fb3bae4c030, 4, 0;
T_5.2 ; for-loop step statement
    %load/vec4 v0x7fb3bae65b50_0;
    %addi 1, 0, 32;
    %store/vec4 v0x7fb3bae65b50_0, 0, 32;
    %jmp T_5.0;
T_5.1 ; for-loop exit label
    %end;
    .thread T_5;
    .scope S_0x7fb3bae8f260;
T_6 ;
    %wait E_0x7fb3bae496a0;
    %load/vec4 v0x7fb3bae65ec0_0;
    %flag_set/vec4 9;
    %flag_get/vec4 9;
    %jmp/0 T_6.2, 9;
    %load/vec4 v0x7fb3bae68a40_0;
    %and;
T_6.2;
    %flag_set/vec4 8;
    %jmp/0xz  T_6.0, 8;
    %load/vec4 v0x7fb3bae65ac0_0;
    %parti/s 1, 0, 2;
    %nor/r;
    %flag_set/vec4 8;
    %jmp/0xz  T_6.3, 8;
    %load/vec4 v0x7fb3bae65e30_0;
    %parti/s 1, 0, 2;
    %load/vec4 v0x7fb3bae68db0_0;
    %parti/s 8, 0, 2;
    %pad/u 10;
    %ix/vec4 3;
    %ix/load 4, 0, 0; Constant delay
    %assign/vec4/a/d v0x7fb3bae4c030, 0, 4;
T_6.3 ;
    %load/vec4 v0x7fb3bae65ac0_0;
    %parti/s 1, 1, 2;
    %nor/r;
    %flag_set/vec4 8;
    %jmp/0xz  T_6.5, 8;
    %load/vec4 v0x7fb3bae65e30_0;
    %parti/s 1, 1, 2;
    %load/vec4 v0x7fb3bae68db0_0;
    %parti/s 8, 0, 2;
    %pad/u 10;
    %ix/vec4 3;
    %ix/load 4, 1, 0; part off
    %ix/load 5, 0, 0; Constant delay
    %assign/vec4/a/d v0x7fb3bae4c030, 4, 5;
T_6.5 ;
    %load/vec4 v0x7fb3bae65ac0_0;
    %parti/s 1, 2, 3;
    %nor/r;
    %flag_set/vec4 8;
    %jmp/0xz  T_6.7, 8;
    %load/vec4 v0x7fb3bae65e30_0;
    %parti/s 1, 2, 3;
    %load/vec4 v0x7fb3bae68db0_0;
    %parti/s 8, 0, 2;
    %pad/u 10;
    %ix/vec4 3;
    %ix/load 4, 2, 0; part off
    %ix/load 5, 0, 0; Constant delay
    %assign/vec4/a/d v0x7fb3bae4c030, 4, 5;
T_6.7 ;
    %load/vec4 v0x7fb3bae65ac0_0;
    %parti/s 1, 3, 3;
    %nor/r;
    %flag_set/vec4 8;
    %jmp/0xz  T_6.9, 8;
    %load/vec4 v0x7fb3bae65e30_0;
    %parti/s 1, 3, 3;
    %load/vec4 v0x7fb3bae68db0_0;
    %parti/s 8, 0, 2;
    %pad/u 10;
    %ix/vec4 3;
    %ix/load 4, 3, 0; part off
    %ix/load 5, 0, 0; Constant delay
    %assign/vec4/a/d v0x7fb3bae4c030, 4, 5;
T_6.9 ;
    %load/vec4 v0x7fb3bae65ac0_0;
    %parti/s 1, 4, 4;
    %nor/r;
    %flag_set/vec4 8;
    %jmp/0xz  T_6.11, 8;
    %load/vec4 v0x7fb3bae65e30_0;
    %parti/s 1, 4, 4;
    %load/vec4 v0x7fb3bae68db0_0;
    %parti/s 8, 0, 2;
    %pad/u 10;
    %ix/vec4 3;
    %ix/load 4, 4, 0; part off
    %ix/load 5, 0, 0; Constant delay
    %assign/vec4/a/d v0x7fb3bae4c030, 4, 5;
T_6.11 ;
    %load/vec4 v0x7fb3bae65ac0_0;
    %parti/s 1, 5, 4;
    %nor/r;
    %flag_set/vec4 8;
    %jmp/0xz  T_6.13, 8;
    %load/vec4 v0x7fb3bae65e30_0;
    %parti/s 1, 5, 4;
    %load/vec4 v0x7fb3bae68db0_0;
    %parti/s 8, 0, 2;
    %pad/u 10;
    %ix/vec4 3;
    %ix/load 4, 5, 0; part off
    %ix/load 5, 0, 0; Constant delay
    %assign/vec4/a/d v0x7fb3bae4c030, 4, 5;
T_6.13 ;
    %load/vec4 v0x7fb3bae65ac0_0;
    %parti/s 1, 6, 4;
    %nor/r;
    %flag_set/vec4 8;
    %jmp/0xz  T_6.15, 8;
    %load/vec4 v0x7fb3bae65e30_0;
    %parti/s 1, 6, 4;
    %load/vec4 v0x7fb3bae68db0_0;
    %parti/s 8, 0, 2;
    %pad/u 10;
    %ix/vec4 3;
    %ix/load 4, 6, 0; part off
    %ix/load 5, 0, 0; Constant delay
    %assign/vec4/a/d v0x7fb3bae4c030, 4, 5;
T_6.15 ;
    %load/vec4 v0x7fb3bae65ac0_0;
    %parti/s 1, 7, 4;
    %nor/r;
    %flag_set/vec4 8;
    %jmp/0xz  T_6.17, 8;
    %load/vec4 v0x7fb3bae65e30_0;
    %parti/s 1, 7, 4;
    %load/vec4 v0x7fb3bae68db0_0;
    %parti/s 8, 0, 2;
    %pad/u 10;
    %ix/vec4 3;
    %ix/load 4, 7, 0; part off
    %ix/load 5, 0, 0; Constant delay
    %assign/vec4/a/d v0x7fb3bae4c030, 4, 5;
T_6.17 ;
    %load/vec4 v0x7fb3bae65ac0_0;
    %parti/s 1, 8, 5;
    %nor/r;
    %flag_set/vec4 8;
    %jmp/0xz  T_6.19, 8;
    %load/vec4 v0x7fb3bae65e30_0;
    %parti/s 1, 8, 5;
    %load/vec4 v0x7fb3bae68db0_0;
    %parti/s 8, 0, 2;
    %pad/u 10;
    %ix/vec4 3;
    %ix/load 4, 8, 0; part off
    %ix/load 5, 0, 0; Constant delay
    %assign/vec4/a/d v0x7fb3bae4c030, 4, 5;
T_6.19 ;
    %load/vec4 v0x7fb3bae65ac0_0;
    %parti/s 1, 9, 5;
    %nor/r;
    %flag_set/vec4 8;
    %jmp/0xz  T_6.21, 8;
    %load/vec4 v0x7fb3bae65e30_0;
    %parti/s 1, 9, 5;
    %load/vec4 v0x7fb3bae68db0_0;
    %parti/s 8, 0, 2;
    %pad/u 10;
    %ix/vec4 3;
    %ix/load 4, 9, 0; part off
    %ix/load 5, 0, 0; Constant delay
    %assign/vec4/a/d v0x7fb3bae4c030, 4, 5;
T_6.21 ;
    %load/vec4 v0x7fb3bae65ac0_0;
    %parti/s 1, 10, 5;
    %nor/r;
    %flag_set/vec4 8;
    %jmp/0xz  T_6.23, 8;
    %load/vec4 v0x7fb3bae65e30_0;
    %parti/s 1, 10, 5;
    %load/vec4 v0x7fb3bae68db0_0;
    %parti/s 8, 0, 2;
    %pad/u 10;
    %ix/vec4 3;
    %ix/load 4, 10, 0; part off
    %ix/load 5, 0, 0; Constant delay
    %assign/vec4/a/d v0x7fb3bae4c030, 4, 5;
T_6.23 ;
    %load/vec4 v0x7fb3bae65ac0_0;
    %parti/s 1, 11, 5;
    %nor/r;
    %flag_set/vec4 8;
    %jmp/0xz  T_6.25, 8;
    %load/vec4 v0x7fb3bae65e30_0;
    %parti/s 1, 11, 5;
    %load/vec4 v0x7fb3bae68db0_0;
    %parti/s 8, 0, 2;
    %pad/u 10;
    %ix/vec4 3;
    %ix/load 4, 11, 0; part off
    %ix/load 5, 0, 0; Constant delay
    %assign/vec4/a/d v0x7fb3bae4c030, 4, 5;
T_6.25 ;
    %load/vec4 v0x7fb3bae65ac0_0;
    %parti/s 1, 12, 5;
    %nor/r;
    %flag_set/vec4 8;
    %jmp/0xz  T_6.27, 8;
    %load/vec4 v0x7fb3bae65e30_0;
    %parti/s 1, 12, 5;
    %load/vec4 v0x7fb3bae68db0_0;
    %parti/s 8, 0, 2;
    %pad/u 10;
    %ix/vec4 3;
    %ix/load 4, 12, 0; part off
    %ix/load 5, 0, 0; Constant delay
    %assign/vec4/a/d v0x7fb3bae4c030, 4, 5;
T_6.27 ;
    %load/vec4 v0x7fb3bae65ac0_0;
    %parti/s 1, 13, 5;
    %nor/r;
    %flag_set/vec4 8;
    %jmp/0xz  T_6.29, 8;
    %load/vec4 v0x7fb3bae65e30_0;
    %parti/s 1, 13, 5;
    %load/vec4 v0x7fb3bae68db0_0;
    %parti/s 8, 0, 2;
    %pad/u 10;
    %ix/vec4 3;
    %ix/load 4, 13, 0; part off
    %ix/load 5, 0, 0; Constant delay
    %assign/vec4/a/d v0x7fb3bae4c030, 4, 5;
T_6.29 ;
    %load/vec4 v0x7fb3bae65ac0_0;
    %parti/s 1, 14, 5;
    %nor/r;
    %flag_set/vec4 8;
    %jmp/0xz  T_6.31, 8;
    %load/vec4 v0x7fb3bae65e30_0;
    %parti/s 1, 14, 5;
    %load/vec4 v0x7fb3bae68db0_0;
    %parti/s 8, 0, 2;
    %pad/u 10;
    %ix/vec4 3;
    %ix/load 4, 14, 0; part off
    %ix/load 5, 0, 0; Constant delay
    %assign/vec4/a/d v0x7fb3bae4c030, 4, 5;
T_6.31 ;
    %load/vec4 v0x7fb3bae65ac0_0;
    %parti/s 1, 15, 5;
    %nor/r;
    %flag_set/vec4 8;
    %jmp/0xz  T_6.33, 8;
    %load/vec4 v0x7fb3bae65e30_0;
    %parti/s 1, 15, 5;
    %load/vec4 v0x7fb3bae68db0_0;
    %parti/s 8, 0, 2;
    %pad/u 10;
    %ix/vec4 3;
    %ix/load 4, 15, 0; part off
    %ix/load 5, 0, 0; Constant delay
    %assign/vec4/a/d v0x7fb3bae4c030, 4, 5;
T_6.33 ;
T_6.0 ;
    %jmp T_6;
    .thread T_6;
    .scope S_0x7fb3bae8f260;
T_7 ;
    %wait E_0x7fb3bae76f40;
    %load/vec4 v0x7fb3bae7b8a0_0;
    %flag_set/vec4 9;
    %flag_get/vec4 9;
    %jmp/0 T_7.2, 9;
    %load/vec4 v0x7fb3bae70630_0;
    %and;
T_7.2;
    %flag_set/vec4 8;
    %jmp/0xz  T_7.0, 8;
    %load/vec4 v0x7fb3bae6b810_0;
    %parti/s 8, 0, 2;
    %pad/u 10;
    %ix/vec4 4;
    %load/vec4a v0x7fb3bae4c030, 4;
    %load/vec4 v0x7fb3bae7bc50_0;
    %inv;
    %and;
    %assign/vec4 v0x7fb3bae70cb0_0, 0;
T_7.0 ;
    %jmp T_7;
    .thread T_7;
    .scope S_0x7fb3baf893a0;
T_8 ;
    %pushi/vec4 0, 0, 1;
    %store/vec4 v0x7fb3bae936e0_0, 0, 1;
    %end;
    .thread T_8;
    .scope S_0x7fb3baf893a0;
T_9 ;
    %wait E_0x7fb3bae93530;
    %load/vec4 v0x7fb3bae93640_0;
    %assign/vec4 v0x7fb3bae936e0_0, 0;
    %jmp T_9;
    .thread T_9;
    .scope S_0x7fb3baf88640;
T_10 ;
    %pushi/vec4 0, 0, 1;
    %store/vec4 v0x7fb3bae93a40_0, 0, 1;
    %end;
    .thread T_10;
    .scope S_0x7fb3baf88640;
T_11 ;
    %wait E_0x7fb3bae937e0;
    %load/vec4 v0x7fb3bae93990_0;
    %flag_set/vec4 8;
    %jmp/0xz  T_11.0, 8;
    %load/vec4 v0x7fb3bae938f0_0;
    %assign/vec4 v0x7fb3bae93a40_0, 0;
T_11.0 ;
    %jmp T_11;
    .thread T_11;
    .scope S_0x7fb3baf878e0;
T_12 ;
    %pushi/vec4 0, 0, 1;
    %store/vec4 v0x7fb3bae93da0_0, 0, 1;
    %end;
    .thread T_12;
    .scope S_0x7fb3baf878e0;
T_13 ;
    %wait E_0x7fb3bae93b40;
    %load/vec4 v0x7fb3bae93e40_0;
    %flag_set/vec4 8;
    %jmp/0xz  T_13.0, 8;
    %pushi/vec4 0, 0, 1;
    %assign/vec4 v0x7fb3bae93da0_0, 0;
    %jmp T_13.1;
T_13.0 ;
    %load/vec4 v0x7fb3bae93cf0_0;
    %flag_set/vec4 8;
    %jmp/0xz  T_13.2, 8;
    %load/vec4 v0x7fb3bae93c50_0;
    %assign/vec4 v0x7fb3bae93da0_0, 0;
T_13.2 ;
T_13.1 ;
    %jmp T_13;
    .thread T_13;
    .scope S_0x7fb3baf86b80;
T_14 ;
    %pushi/vec4 0, 0, 1;
    %store/vec4 v0x7fb3bae941e0_0, 0, 1;
    %end;
    .thread T_14;
    .scope S_0x7fb3baf86b80;
T_15 ;
    %wait E_0x7fb3bae93fa0;
    %load/vec4 v0x7fb3bae94280_0;
    %flag_set/vec4 8;
    %jmp/0xz  T_15.0, 8;
    %pushi/vec4 1, 0, 1;
    %assign/vec4 v0x7fb3bae941e0_0, 0;
    %jmp T_15.1;
T_15.0 ;
    %load/vec4 v0x7fb3bae94150_0;
    %flag_set/vec4 8;
    %jmp/0xz  T_15.2, 8;
    %load/vec4 v0x7fb3bae940b0_0;
    %assign/vec4 v0x7fb3bae941e0_0, 0;
T_15.2 ;
T_15.1 ;
    %jmp T_15;
    .thread T_15;
    .scope S_0x7fb3baf9d050;
T_16 ;
    %pushi/vec4 0, 0, 1;
    %store/vec4 v0x7fb3bae94620_0, 0, 1;
    %end;
    .thread T_16;
    .scope S_0x7fb3baf9d050;
T_17 ;
    %wait E_0x7fb3bae943e0;
    %load/vec4 v0x7fb3bae94590_0;
    %flag_set/vec4 8;
    %jmp/0xz  T_17.0, 8;
    %load/vec4 v0x7fb3bae946c0_0;
    %flag_set/vec4 8;
    %jmp/0xz  T_17.2, 8;
    %pushi/vec4 0, 0, 1;
    %assign/vec4 v0x7fb3bae94620_0, 0;
    %jmp T_17.3;
T_17.2 ;
    %load/vec4 v0x7fb3bae944f0_0;
    %assign/vec4 v0x7fb3bae94620_0, 0;
T_17.3 ;
T_17.0 ;
    %jmp T_17;
    .thread T_17;
    .scope S_0x7fb3baf992a0;
T_18 ;
    %pushi/vec4 0, 0, 1;
    %store/vec4 v0x7fb3bae94a60_0, 0, 1;
    %end;
    .thread T_18;
    .scope S_0x7fb3baf992a0;
T_19 ;
    %wait E_0x7fb3bae94820;
    %load/vec4 v0x7fb3bae949d0_0;
    %flag_set/vec4 8;
    %jmp/0xz  T_19.0, 8;
    %load/vec4 v0x7fb3bae94b00_0;
    %flag_set/vec4 8;
    %jmp/0xz  T_19.2, 8;
    %pushi/vec4 1, 0, 1;
    %assign/vec4 v0x7fb3bae94a60_0, 0;
    %jmp T_19.3;
T_19.2 ;
    %load/vec4 v0x7fb3bae94930_0;
    %assign/vec4 v0x7fb3bae94a60_0, 0;
T_19.3 ;
T_19.0 ;
    %jmp T_19;
    .thread T_19;
    .scope S_0x7fb3baf99d50;
T_20 ;
    %pushi/vec4 0, 0, 1;
    %store/vec4 v0x7fb3bae94e10_0, 0, 1;
    %end;
    .thread T_20;
    .scope S_0x7fb3baf99d50;
T_21 ;
    %wait E_0x7fb3bae94c60;
    %load/vec4 v0x7fb3bae94d70_0;
    %assign/vec4 v0x7fb3bae94e10_0, 0;
    %jmp T_21;
    .thread T_21;
    .scope S_0x7fb3baf99990;
T_22 ;
    %pushi/vec4 0, 0, 1;
    %store/vec4 v0x7fb3bae95150_0, 0, 1;
    %end;
    .thread T_22;
    .scope S_0x7fb3baf99990;
T_23 ;
    %wait E_0x7fb3bae94ef0;
    %load/vec4 v0x7fb3bae950a0_0;
    %flag_set/vec4 8;
    %jmp/0xz  T_23.0, 8;
    %load/vec4 v0x7fb3bae95000_0;
    %assign/vec4 v0x7fb3bae95150_0, 0;
T_23.0 ;
    %jmp T_23;
    .thread T_23;
    .scope S_0x7fb3baf23750;
T_24 ;
    %pushi/vec4 0, 0, 1;
    %store/vec4 v0x7fb3bae954b0_0, 0, 1;
    %end;
    .thread T_24;
    .scope S_0x7fb3baf23750;
T_25 ;
    %wait E_0x7fb3bae95250;
    %load/vec4 v0x7fb3bae95550_0;
    %flag_set/vec4 8;
    %jmp/0xz  T_25.0, 8;
    %pushi/vec4 0, 0, 1;
    %assign/vec4 v0x7fb3bae954b0_0, 0;
    %jmp T_25.1;
T_25.0 ;
    %load/vec4 v0x7fb3bae95400_0;
    %flag_set/vec4 8;
    %jmp/0xz  T_25.2, 8;
    %load/vec4 v0x7fb3bae95360_0;
    %assign/vec4 v0x7fb3bae954b0_0, 0;
T_25.2 ;
T_25.1 ;
    %jmp T_25;
    .thread T_25;
    .scope S_0x7fb3baf089e0;
T_26 ;
    %pushi/vec4 0, 0, 1;
    %store/vec4 v0x7fb3bae958f0_0, 0, 1;
    %end;
    .thread T_26;
    .scope S_0x7fb3baf089e0;
T_27 ;
    %wait E_0x7fb3bae956b0;
    %load/vec4 v0x7fb3bae95990_0;
    %flag_set/vec4 8;
    %jmp/0xz  T_27.0, 8;
    %pushi/vec4 1, 0, 1;
    %assign/vec4 v0x7fb3bae958f0_0, 0;
    %jmp T_27.1;
T_27.0 ;
    %load/vec4 v0x7fb3bae95860_0;
    %flag_set/vec4 8;
    %jmp/0xz  T_27.2, 8;
    %load/vec4 v0x7fb3bae957c0_0;
    %assign/vec4 v0x7fb3bae958f0_0, 0;
T_27.2 ;
T_27.1 ;
    %jmp T_27;
    .thread T_27;
    .scope S_0x7fb3baf1d9b0;
T_28 ;
    %pushi/vec4 0, 0, 1;
    %store/vec4 v0x7fb3bae95d30_0, 0, 1;
    %end;
    .thread T_28;
    .scope S_0x7fb3baf1d9b0;
T_29 ;
    %wait E_0x7fb3bae95af0;
    %load/vec4 v0x7fb3bae95ca0_0;
    %flag_set/vec4 8;
    %jmp/0xz  T_29.0, 8;
    %load/vec4 v0x7fb3bae95dd0_0;
    %flag_set/vec4 8;
    %jmp/0xz  T_29.2, 8;
    %pushi/vec4 0, 0, 1;
    %assign/vec4 v0x7fb3bae95d30_0, 0;
    %jmp T_29.3;
T_29.2 ;
    %load/vec4 v0x7fb3bae95c00_0;
    %assign/vec4 v0x7fb3bae95d30_0, 0;
T_29.3 ;
T_29.0 ;
    %jmp T_29;
    .thread T_29;
    .scope S_0x7fb3baf1db20;
T_30 ;
    %pushi/vec4 0, 0, 1;
    %store/vec4 v0x7fb3bae96170_0, 0, 1;
    %end;
    .thread T_30;
    .scope S_0x7fb3baf1db20;
T_31 ;
    %wait E_0x7fb3bae95f30;
    %load/vec4 v0x7fb3bae960e0_0;
    %flag_set/vec4 8;
    %jmp/0xz  T_31.0, 8;
    %load/vec4 v0x7fb3bae96210_0;
    %flag_set/vec4 8;
    %jmp/0xz  T_31.2, 8;
    %pushi/vec4 1, 0, 1;
    %assign/vec4 v0x7fb3bae96170_0, 0;
    %jmp T_31.3;
T_31.2 ;
    %load/vec4 v0x7fb3bae96040_0;
    %assign/vec4 v0x7fb3bae96170_0, 0;
T_31.3 ;
T_31.0 ;
    %jmp T_31;
    .thread T_31;
    .scope S_0x7fb3baf09430;
T_32 ;
    %pushi/vec4 0, 0, 1;
    %store/vec4 v0x7fb3bae96520_0, 0, 1;
    %end;
    .thread T_32;
    .scope S_0x7fb3baf09430;
T_33 ;
    %wait E_0x7fb3bae96370;
    %load/vec4 v0x7fb3bae965b0_0;
    %flag_set/vec4 8;
    %jmp/0xz  T_33.0, 8;
    %pushi/vec4 0, 0, 1;
    %assign/vec4 v0x7fb3bae96520_0, 0;
    %jmp T_33.1;
T_33.0 ;
    %load/vec4 v0x7fb3bae96480_0;
    %assign/vec4 v0x7fb3bae96520_0, 0;
T_33.1 ;
    %jmp T_33;
    .thread T_33;
    .scope S_0x7fb3baf125e0;
T_34 ;
    %pushi/vec4 0, 0, 1;
    %store/vec4 v0x7fb3bae96860_0, 0, 1;
    %end;
    .thread T_34;
    .scope S_0x7fb3baf125e0;
T_35 ;
    %wait E_0x7fb3bae966b0;
    %load/vec4 v0x7fb3bae96910_0;
    %flag_set/vec4 8;
    %jmp/0xz  T_35.0, 8;
    %pushi/vec4 1, 0, 1;
    %assign/vec4 v0x7fb3bae96860_0, 0;
    %jmp T_35.1;
T_35.0 ;
    %load/vec4 v0x7fb3bae967c0_0;
    %assign/vec4 v0x7fb3bae96860_0, 0;
T_35.1 ;
    %jmp T_35;
    .thread T_35;
    .scope S_0x7fb3baf12750;
T_36 ;
    %pushi/vec4 0, 0, 1;
    %store/vec4 v0x7fb3bae96bc0_0, 0, 1;
    %end;
    .thread T_36;
    .scope S_0x7fb3baf12750;
T_37 ;
    %wait E_0x7fb3bae96a10;
    %load/vec4 v0x7fb3bae96c70_0;
    %flag_set/vec4 8;
    %jmp/0xz  T_37.0, 8;
    %pushi/vec4 0, 0, 1;
    %assign/vec4 v0x7fb3bae96bc0_0, 0;
    %jmp T_37.1;
T_37.0 ;
    %load/vec4 v0x7fb3bae96b20_0;
    %assign/vec4 v0x7fb3bae96bc0_0, 0;
T_37.1 ;
    %jmp T_37;
    .thread T_37;
    .scope S_0x7fb3baf10010;
T_38 ;
    %pushi/vec4 0, 0, 1;
    %store/vec4 v0x7fb3bae96f20_0, 0, 1;
    %end;
    .thread T_38;
    .scope S_0x7fb3baf10010;
T_39 ;
    %wait E_0x7fb3bae96d70;
    %load/vec4 v0x7fb3bae96fd0_0;
    %flag_set/vec4 8;
    %jmp/0xz  T_39.0, 8;
    %pushi/vec4 1, 0, 1;
    %assign/vec4 v0x7fb3bae96f20_0, 0;
    %jmp T_39.1;
T_39.0 ;
    %load/vec4 v0x7fb3bae96e80_0;
    %assign/vec4 v0x7fb3bae96f20_0, 0;
T_39.1 ;
    %jmp T_39;
    .thread T_39;
    .scope S_0x7fb3baf10180;
T_40 ;
    %pushi/vec4 0, 0, 1;
    %store/vec4 v0x7fb3bae97280_0, 0, 1;
    %end;
    .thread T_40;
    .scope S_0x7fb3baf10180;
T_41 ;
    %wait E_0x7fb3bae970d0;
    %load/vec4 v0x7fb3bae97330_0;
    %flag_set/vec4 8;
    %jmp/0xz  T_41.0, 8;
    %pushi/vec4 0, 0, 1;
    %assign/vec4 v0x7fb3bae97280_0, 0;
    %jmp T_41.1;
T_41.0 ;
    %load/vec4 v0x7fb3bae971e0_0;
    %assign/vec4 v0x7fb3bae97280_0, 0;
T_41.1 ;
    %jmp T_41;
    .thread T_41;
    .scope S_0x7fb3baf1c680;
T_42 ;
    %pushi/vec4 0, 0, 1;
    %store/vec4 v0x7fb3bae975e0_0, 0, 1;
    %end;
    .thread T_42;
    .scope S_0x7fb3baf1c680;
T_43 ;
    %wait E_0x7fb3bae97430;
    %load/vec4 v0x7fb3bae97690_0;
    %flag_set/vec4 8;
    %jmp/0xz  T_43.0, 8;
    %pushi/vec4 1, 0, 1;
    %assign/vec4 v0x7fb3bae975e0_0, 0;
    %jmp T_43.1;
T_43.0 ;
    %load/vec4 v0x7fb3bae97540_0;
    %assign/vec4 v0x7fb3bae975e0_0, 0;
T_43.1 ;
    %jmp T_43;
    .thread T_43;
    .scope S_0x7fb3baf1c7f0;
T_44 ;
    %pushi/vec4 0, 0, 1;
    %store/vec4 v0x7fb3bae97940_0, 0, 1;
    %end;
    .thread T_44;
    .scope S_0x7fb3baf1c7f0;
T_45 ;
    %wait E_0x7fb3bae97790;
    %load/vec4 v0x7fb3bae979f0_0;
    %flag_set/vec4 8;
    %jmp/0xz  T_45.0, 8;
    %pushi/vec4 0, 0, 1;
    %assign/vec4 v0x7fb3bae97940_0, 0;
    %jmp T_45.1;
T_45.0 ;
    %load/vec4 v0x7fb3bae978a0_0;
    %assign/vec4 v0x7fb3bae97940_0, 0;
T_45.1 ;
    %jmp T_45;
    .thread T_45;
    .scope S_0x7fb3baf0cdc0;
T_46 ;
    %pushi/vec4 0, 0, 1;
    %store/vec4 v0x7fb3bae97ca0_0, 0, 1;
    %end;
    .thread T_46;
    .scope S_0x7fb3baf0cdc0;
T_47 ;
    %wait E_0x7fb3bae97af0;
    %load/vec4 v0x7fb3bae97d50_0;
    %flag_set/vec4 8;
    %jmp/0xz  T_47.0, 8;
    %pushi/vec4 1, 0, 1;
    %assign/vec4 v0x7fb3bae97ca0_0, 0;
    %jmp T_47.1;
T_47.0 ;
    %load/vec4 v0x7fb3bae97c00_0;
    %assign/vec4 v0x7fb3bae97ca0_0, 0;
T_47.1 ;
    %jmp T_47;
    .thread T_47;
    .scope S_0x7fb3bae98860;
T_48 ;
    %wait E_0x7fb3bae98b40;
    %load/vec4 v0x7fb3bae993e0_0;
    %assign/vec4 v0x7fb3bae99480_0, 0;
    %jmp T_48;
    .thread T_48;
    .scope S_0x7fb3bae98860;
T_49 ;
    %wait E_0x7fb3bae98b40;
    %load/vec4 v0x7fb3bae993e0_0;
    %flag_set/vec4 8;
    %jmp/0xz  T_49.0, 8;
    %load/vec4 v0x7fb3bae99200_0;
    %assign/vec4 v0x7fb3bae997f0_0, 0;
T_49.0 ;
    %jmp T_49;
    .thread T_49;
    .scope S_0x7fb3bae98860;
T_50 ;
    %wait E_0x7fb3bae98ae0;
    %load/vec4 v0x7fb3bae99480_0;
    %flag_set/vec4 8;
    %jmp/0xz  T_50.0, 8;
    %load/vec4 v0x7fb3bae99200_0;
    %assign/vec4 v0x7fb3bae99880_0, 0;
T_50.0 ;
    %jmp T_50;
    .thread T_50;
    .scope S_0x7fb3bae98860;
T_51 ;
    %wait E_0x7fb3bae98a30;
    %load/vec4 v0x7fb3bae993e0_0;
    %assign/vec4 v0x7fb3bae99520_0, 0;
    %jmp T_51;
    .thread T_51;
    .scope S_0x7fb3bae98860;
T_52 ;
    %wait E_0x7fb3bae98a30;
    %load/vec4 v0x7fb3bae993e0_0;
    %flag_set/vec4 8;
    %jmp/0xz  T_52.0, 8;
    %load/vec4 v0x7fb3bae98d90_0;
    %assign/vec4 v0x7fb3bae999a0_0, 0;
T_52.0 ;
    %jmp T_52;
    .thread T_52;
    .scope S_0x7fb3bae98860;
T_53 ;
    %wait E_0x7fb3bae98a90;
    %load/vec4 v0x7fb3bae99520_0;
    %flag_set/vec4 8;
    %jmp/0xz  T_53.0, 8;
    %load/vec4 v0x7fb3bae98e30_0;
    %assign/vec4 v0x7fb3bae99a40_0, 0;
T_53.0 ;
    %jmp T_53;
    .thread T_53;
    .scope S_0x7fb3bae98860;
T_54 ;
    %wait E_0x7fb3bae98a30;
    %load/vec4 v0x7fb3bae993e0_0;
    %flag_set/vec4 8;
    %jmp/0xz  T_54.0, 8;
    %load/vec4 v0x7fb3bae990f0_0;
    %assign/vec4 v0x7fb3bae99c20_0, 0;
T_54.0 ;
    %jmp T_54;
    .thread T_54;
    .scope S_0x7fb3bae98150;
T_55 ;
    %wait E_0x7fb3bae98810;
    %load/vec4 v0x7fb3bae997f0_0;
    %store/vec4 v0x7fb3bae995c0_0, 0, 1;
    %load/vec4 v0x7fb3bae99880_0;
    %store/vec4 v0x7fb3bae99660_0, 0, 1;
    %jmp T_55;
    .thread T_55, $push;
    .scope S_0x7fb3bae98150;
T_56 ;
    %wait E_0x7fb3bae987b0;
    %load/vec4 v0x7fb3bae99050_0;
    %assign/vec4 v0x7fb3bae99ae0_0, 0;
    %jmp T_56;
    .thread T_56, $push;
    .scope S_0x7fb3bae98150;
T_57 ;
    %wait E_0x7fb3bae98760;
    %load/vec4 v0x7fb3bae99ae0_0;
    %assign/vec4 v0x7fb3bae99b80_0, 0;
    %jmp T_57;
    .thread T_57, $push;
    .scope S_0x7fb3bae98150;
T_58 ;
    %wait E_0x7fb3bae98720;
    %load/vec4 v0x7fb3bae99b80_0;
    %pushi/vec4 0, 0, 1;
    %xor;
    %flag_set/vec4 8;
    %jmp/1 T_58.2, 8;
    %pushi/vec4 0, 0, 1;
    %flag_set/vec4 9;
    %flag_or 8, 9;
T_58.2;
    %jmp/0 T_58.0, 8;
    %load/vec4 v0x7fb3bae999a0_0;
    %jmp/1 T_58.1, 8;
T_58.0 ; End of true expr.
    %load/vec4 v0x7fb3bae99a40_0;
    %jmp/0 T_58.1, 8;
 ; End of false expr.
    %blend;
T_58.1;
    %store/vec4 v0x7fb3bae99910_0, 0, 1;
    %jmp T_58;
    .thread T_58, $push;
    .scope S_0x7fb3bafaabe0;
T_59 ;
    %wait E_0x7fb3bafaae90;
    %load/vec4 v0x7fb3bafaaee0_0;
    %flag_set/vec4 8;
    %jmp/0xz  T_59.0, 8;
    %load/vec4 v0x7fb3bafab550_0;
    %assign/vec4 v0x7fb3bafab860_0, 0;
T_59.0 ;
    %jmp T_59;
    .thread T_59;
    .scope S_0x7fb3bafaabe0;
T_60 ;
    %wait E_0x7fb3bafaae30;
    %load/vec4 v0x7fb3bafaaee0_0;
    %flag_set/vec4 8;
    %jmp/0xz  T_60.0, 8;
    %load/vec4 v0x7fb3bafab550_0;
    %assign/vec4 v0x7fb3bafab900_0, 0;
T_60.0 ;
    %jmp T_60;
    .thread T_60;
    .scope S_0x7fb3bafaabe0;
T_61 ;
    %wait E_0x7fb3bafaada0;
    %load/vec4 v0x7fb3bafaaee0_0;
    %flag_set/vec4 8;
    %jmp/0xz  T_61.0, 8;
    %load/vec4 v0x7fb3bafab0e0_0;
    %assign/vec4 v0x7fb3bafabb30_0, 0;
T_61.0 ;
    %jmp T_61;
    .thread T_61;
    .scope S_0x7fb3bafaabe0;
T_62 ;
    %wait E_0x7fb3bafaade0;
    %load/vec4 v0x7fb3bafaaee0_0;
    %flag_set/vec4 8;
    %jmp/0xz  T_62.0, 8;
    %load/vec4 v0x7fb3bafab180_0;
    %assign/vec4 v0x7fb3bafabbc0_0, 0;
T_62.0 ;
    %jmp T_62;
    .thread T_62;
    .scope S_0x7fb3bafaabe0;
T_63 ;
    %wait E_0x7fb3bafaada0;
    %load/vec4 v0x7fb3bafaaee0_0;
    %flag_set/vec4 8;
    %jmp/0xz  T_63.0, 8;
    %load/vec4 v0x7fb3bafab440_0;
    %assign/vec4 v0x7fb3bafabd80_0, 0;
T_63.0 ;
    %jmp T_63;
    .thread T_63;
    .scope S_0x7fb3baf0dd90;
T_64 ;
    %wait E_0x7fb3bafa9770;
    %load/vec4 v0x7fb3bafab860_0;
    %store/vec4 v0x7fb3bafab720_0, 0, 1;
    %load/vec4 v0x7fb3bafab900_0;
    %store/vec4 v0x7fb3bafab7c0_0, 0, 1;
    %jmp T_64;
    .thread T_64, $push;
    .scope S_0x7fb3baf0dd90;
T_65 ;
    %wait E_0x7fb3baf11660;
    %load/vec4 v0x7fb3bafab3a0_0;
    %assign/vec4 v0x7fb3bafabc50_0, 0;
    %jmp T_65;
    .thread T_65, $push;
    .scope S_0x7fb3baf0dd90;
T_66 ;
    %wait E_0x7fb3baf11610;
    %load/vec4 v0x7fb3bafabc50_0;
    %assign/vec4 v0x7fb3bafabce0_0, 0;
    %jmp T_66;
    .thread T_66, $push;
    .scope S_0x7fb3baf0dd90;
T_67 ;
    %wait E_0x7fb3baf115a0;
    %load/vec4 v0x7fb3bafabce0_0;
    %pushi/vec4 0, 0, 1;
    %xor;
    %flag_set/vec4 8;
    %jmp/1 T_67.2, 8;
    %pushi/vec4 0, 0, 1;
    %flag_set/vec4 9;
    %flag_or 8, 9;
T_67.2;
    %jmp/0 T_67.0, 8;
    %load/vec4 v0x7fb3bafabb30_0;
    %jmp/1 T_67.1, 8;
T_67.0 ; End of true expr.
    %load/vec4 v0x7fb3bafabbc0_0;
    %jmp/0 T_67.1, 8;
 ; End of false expr.
    %blend;
T_67.1;
    %store/vec4 v0x7fb3bafab9a0_0, 0, 1;
    %jmp T_67;
    .thread T_67, $push;
    .scope S_0x7fb3bafabfe0;
T_68 ;
    %wait E_0x7fb3bafac2b0;
    %load/vec4 v0x7fb3bafac300_0;
    %flag_set/vec4 8;
    %jmp/0xz  T_68.0, 8;
    %load/vec4 v0x7fb3bafac970_0;
    %assign/vec4 v0x7fb3bafacb40_0, 0;
T_68.0 ;
    %jmp T_68;
    .thread T_68;
    .scope S_0x7fb3bafabfe0;
T_69 ;
    %wait E_0x7fb3bafac250;
    %load/vec4 v0x7fb3bafac300_0;
    %flag_set/vec4 8;
    %jmp/0xz  T_69.0, 8;
    %load/vec4 v0x7fb3bafac970_0;
    %assign/vec4 v0x7fb3bafacbe0_0, 0;
T_69.0 ;
    %jmp T_69;
    .thread T_69;
    .scope S_0x7fb3bafabfe0;
T_70 ;
    %wait E_0x7fb3bafac1a0;
    %load/vec4 v0x7fb3bafac300_0;
    %flag_set/vec4 8;
    %jmp/0xz  T_70.0, 8;
    %load/vec4 v0x7fb3bafac500_0;
    %assign/vec4 v0x7fb3bafacd20_0, 0;
T_70.0 ;
    %jmp T_70;
    .thread T_70;
    .scope S_0x7fb3bafabfe0;
T_71 ;
    %wait E_0x7fb3bafac200;
    %load/vec4 v0x7fb3bafac300_0;
    %flag_set/vec4 8;
    %jmp/0xz  T_71.0, 8;
    %load/vec4 v0x7fb3bafac5a0_0;
    %assign/vec4 v0x7fb3bafacdc0_0, 0;
T_71.0 ;
    %jmp T_71;
    .thread T_71;
    .scope S_0x7fb3bafabfe0;
T_72 ;
    %wait E_0x7fb3bafac1a0;
    %load/vec4 v0x7fb3bafac300_0;
    %flag_set/vec4 8;
    %jmp/0xz  T_72.0, 8;
    %load/vec4 v0x7fb3bafac860_0;
    %assign/vec4 v0x7fb3bafad070_0, 0;
T_72.0 ;
    %jmp T_72;
    .thread T_72;
    .scope S_0x7fb3baf1a290;
T_73 ;
    %wait E_0x7fb3baf09df0;
    %load/vec4 v0x7fb3bafacb40_0;
    %store/vec4 v0x7fb3bafaca00_0, 0, 1;
    %load/vec4 v0x7fb3bafacbe0_0;
    %store/vec4 v0x7fb3bafacaa0_0, 0, 1;
    %jmp T_73;
    .thread T_73, $push;
    .scope S_0x7fb3baf1a290;
T_74 ;
    %wait E_0x7fb3bafabf80;
    %load/vec4 v0x7fb3bafac7c0_0;
    %assign/vec4 v0x7fb3bafacf50_0, 0;
    %jmp T_74;
    .thread T_74, $push;
    .scope S_0x7fb3baf1a290;
T_75 ;
    %wait E_0x7fb3bafabf40;
    %load/vec4 v0x7fb3bafacf50_0;
    %assign/vec4 v0x7fb3bafacfe0_0, 0;
    %jmp T_75;
    .thread T_75, $push;
    .scope S_0x7fb3baf1a290;
T_76 ;
    %wait E_0x7fb3bafab4d0;
    %load/vec4 v0x7fb3bafacfe0_0;
    %pushi/vec4 0, 0, 1;
    %xor;
    %flag_set/vec4 8;
    %jmp/1 T_76.2, 8;
    %pushi/vec4 0, 0, 1;
    %flag_set/vec4 9;
    %flag_or 8, 9;
T_76.2;
    %jmp/0 T_76.0, 8;
    %load/vec4 v0x7fb3bafacd20_0;
    %jmp/1 T_76.1, 8;
T_76.0 ; End of true expr.
    %load/vec4 v0x7fb3bafacdc0_0;
    %jmp/0 T_76.1, 8;
 ; End of false expr.
    %blend;
T_76.1;
    %store/vec4 v0x7fb3bafacc80_0, 0, 1;
    %jmp T_76;
    .thread T_76, $push;
    .scope S_0x7fb3baf15200;
T_77 ;
    %wait E_0x7fb3bafaf0f0;
    %load/vec4 v0x7fb3bafb00d0_0;
    %flag_set/vec4 8;
    %jmp/0xz  T_77.0, 8;
    %pushi/vec4 0, 0, 16;
    %assign/vec4 v0x7fb3bafb4740_0, 0;
    %pushi/vec4 0, 0, 16;
    %assign/vec4 v0x7fb3bafb45e0_0, 0;
    %jmp T_77.1;
T_77.0 ;
    %load/vec4 v0x7fb3bafafa60_0;
    %flag_set/vec4 8;
    %jmp/0xz  T_77.2, 8;
    %load/vec4 v0x7fb3bafafb00_0;
    %nor/r;
    %flag_set/vec4 8;
    %jmp/0xz  T_77.4, 8;
    %load/vec4 v0x7fb3bafaf9b0_0;
    %assign/vec4 v0x7fb3bafb4740_0, 0;
T_77.4 ;
    %load/vec4 v0x7fb3bafaf4a0_0;
    %nor/r;
    %flag_set/vec4 8;
    %jmp/0xz  T_77.6, 8;
    %load/vec4 v0x7fb3bafaf130_0;
    %assign/vec4 v0x7fb3bafb45e0_0, 0;
T_77.6 ;
T_77.2 ;
T_77.1 ;
    %jmp T_77;
    .thread T_77;
    .scope S_0x7fb3baf15200;
T_78 ;
    %wait E_0x7fb3bafaf090;
    %load/vec4 v0x7fb3bafb0030_0;
    %flag_set/vec4 8;
    %jmp/0xz  T_78.0, 8;
    %pushi/vec4 0, 0, 16;
    %assign/vec4 v0x7fb3bafb4690_0, 0;
    %pushi/vec4 0, 0, 16;
    %assign/vec4 v0x7fb3bafb47f0_0, 0;
    %jmp T_78.1;
T_78.0 ;
    %load/vec4 v0x7fb3bafafa60_0;
    %flag_set/vec4 8;
    %jmp/0xz  T_78.2, 8;
    %load/vec4 v0x7fb3bafaf7b0_0;
    %nor/r;
    %flag_set/vec4 8;
    %jmp/0xz  T_78.4, 8;
    %load/vec4 v0x7fb3bafaf6a0_0;
    %assign/vec4 v0x7fb3bafb4690_0, 0;
T_78.4 ;
    %load/vec4 v0x7fb3bafafef0_0;
    %nor/r;
    %flag_set/vec4 8;
    %jmp/0xz  T_78.6, 8;
    %load/vec4 v0x7fb3bafafe60_0;
    %assign/vec4 v0x7fb3bafb47f0_0, 0;
T_78.6 ;
T_78.2 ;
T_78.1 ;
    %jmp T_78;
    .thread T_78;
    .scope S_0x7fb3baf15200;
T_79 ;
    %wait E_0x7fb3bafaf0f0;
    %load/vec4 v0x7fb3bafb00d0_0;
    %flag_set/vec4 8;
    %jmp/0xz  T_79.0, 8;
    %pushi/vec4 0, 0, 16;
    %assign/vec4 v0x7fb3bafb48a0_0, 0;
    %pushi/vec4 0, 0, 16;
    %assign/vec4 v0x7fb3bafb4ab0_0, 0;
    %jmp T_79.1;
T_79.0 ;
    %load/vec4 v0x7fb3bafafa60_0;
    %flag_set/vec4 8;
    %jmp/0xz  T_79.2, 8;
    %load/vec4 v0x7fb3bafb4320_0;
    %assign/vec4 v0x7fb3bafb48a0_0, 0;
    %load/vec4 v0x7fb3bafb4480_0;
    %assign/vec4 v0x7fb3bafb4ab0_0, 0;
T_79.2 ;
T_79.1 ;
    %jmp T_79;
    .thread T_79;
    .scope S_0x7fb3baf15200;
T_80 ;
    %wait E_0x7fb3bafaf090;
    %load/vec4 v0x7fb3bafb0030_0;
    %flag_set/vec4 8;
    %jmp/0xz  T_80.0, 8;
    %pushi/vec4 0, 0, 16;
    %assign/vec4 v0x7fb3bafb4b60_0, 0;
    %pushi/vec4 0, 0, 16;
    %assign/vec4 v0x7fb3bafb4950_0, 0;
    %jmp T_80.1;
T_80.0 ;
    %load/vec4 v0x7fb3bafafa60_0;
    %flag_set/vec4 8;
    %jmp/0xz  T_80.2, 8;
    %load/vec4 v0x7fb3bafb43d0_0;
    %assign/vec4 v0x7fb3bafb4b60_0, 0;
    %load/vec4 v0x7fb3bafb4530_0;
    %assign/vec4 v0x7fb3bafb4950_0, 0;
T_80.2 ;
T_80.1 ;
    %jmp T_80;
    .thread T_80;
    .scope S_0x7fb3baf15200;
T_81 ;
    %wait E_0x7fb3bafaf090;
    %load/vec4 v0x7fb3bafb0030_0;
    %flag_set/vec4 8;
    %jmp/0xz  T_81.0, 8;
    %pushi/vec4 0, 0, 32;
    %assign/vec4 v0x7fb3bafb4a00_0, 0;
    %jmp T_81.1;
T_81.0 ;
    %load/vec4 v0x7fb3bafafa60_0;
    %flag_set/vec4 8;
    %jmp/0xz  T_81.2, 8;
    %load/vec4 v0x7fb3bafb3cf0_0;
    %assign/vec4 v0x7fb3bafb4a00_0, 0;
T_81.2 ;
T_81.1 ;
    %jmp T_81;
    .thread T_81;
    .scope S_0x7fb3baf15200;
T_82 ;
    %wait E_0x7fb3bafaf040;
    %load/vec4 v0x7fb3bafb0680_0;
    %flag_set/vec4 8;
    %jmp/0xz  T_82.0, 8;
    %pushi/vec4 0, 0, 16;
    %assign/vec4 v0x7fb3bafb4c10_0, 0;
    %jmp T_82.1;
T_82.0 ;
    %load/vec4 v0x7fb3bafafa60_0;
    %flag_set/vec4 8;
    %jmp/0xz  T_82.2, 8;
    %load/vec4 v0x7fb3bafb0400_0;
    %nor/r;
    %flag_set/vec4 8;
    %jmp/0xz  T_82.4, 8;
    %load/vec4 v0x7fb3bafb3da0_0;
    %assign/vec4 v0x7fb3bafb4c10_0, 0;
T_82.4 ;
T_82.2 ;
T_82.1 ;
    %jmp T_82;
    .thread T_82;
    .scope S_0x7fb3baf15200;
T_83 ;
    %wait E_0x7fb3bafae760;
    %load/vec4 v0x7fb3bafb05e0_0;
    %flag_set/vec4 8;
    %jmp/0xz  T_83.0, 8;
    %pushi/vec4 0, 0, 16;
    %assign/vec4 v0x7fb3bafb4cc0_0, 0;
    %jmp T_83.1;
T_83.0 ;
    %load/vec4 v0x7fb3bafafa60_0;
    %flag_set/vec4 8;
    %jmp/0xz  T_83.2, 8;
    %load/vec4 v0x7fb3bafb0360_0;
    %nor/r;
    %flag_set/vec4 8;
    %jmp/0xz  T_83.4, 8;
    %load/vec4 v0x7fb3bafb3f00_0;
    %assign/vec4 v0x7fb3bafb4cc0_0, 0;
T_83.4 ;
T_83.2 ;
T_83.1 ;
    %jmp T_83;
    .thread T_83;
    .scope S_0x7fb3bac34b40;
T_84 ;
    %pushi/vec4 0, 0, 32;
    %store/vec4 v0x7fb3bad534c0_0, 0, 32;
T_84.0 ; Top of for-loop 
    %load/vec4 v0x7fb3bad534c0_0;
    %cmpi/s 16, 0, 32;
    %jmp/0xz T_84.1, 5;
    %pushi/vec4 0, 0, 256;
    %load/vec4 v0x7fb3bad534c0_0;
    %muli 16, 0, 32;
    %part/s 16;
    %pushi/vec4 0, 0, 32;
    %load/vec4 v0x7fb3bad534c0_0;
    %add;
    %ix/vec4/s 4;
    %store/vec4a v0x7fb3bad53550, 4, 0;
    %pushi/vec4 0, 0, 256;
    %load/vec4 v0x7fb3bad534c0_0;
    %muli 16, 0, 32;
    %part/s 16;
    %pushi/vec4 16, 0, 32;
    %load/vec4 v0x7fb3bad534c0_0;
    %add;
    %ix/vec4/s 4;
    %store/vec4a v0x7fb3bad53550, 4, 0;
    %pushi/vec4 0, 0, 256;
    %load/vec4 v0x7fb3bad534c0_0;
    %muli 16, 0, 32;
    %part/s 16;
    %pushi/vec4 32, 0, 32;
    %load/vec4 v0x7fb3bad534c0_0;
    %add;
    %ix/vec4/s 4;
    %store/vec4a v0x7fb3bad53550, 4, 0;
    %pushi/vec4 0, 0, 256;
    %load/vec4 v0x7fb3bad534c0_0;
    %muli 16, 0, 32;
    %part/s 16;
    %pushi/vec4 48, 0, 32;
    %load/vec4 v0x7fb3bad534c0_0;
    %add;
    %ix/vec4/s 4;
    %store/vec4a v0x7fb3bad53550, 4, 0;
    %pushi/vec4 0, 0, 256;
    %load/vec4 v0x7fb3bad534c0_0;
    %muli 16, 0, 32;
    %part/s 16;
    %pushi/vec4 64, 0, 32;
    %load/vec4 v0x7fb3bad534c0_0;
    %add;
    %ix/vec4/s 4;
    %store/vec4a v0x7fb3bad53550, 4, 0;
    %pushi/vec4 0, 0, 256;
    %load/vec4 v0x7fb3bad534c0_0;
    %muli 16, 0, 32;
    %part/s 16;
    %pushi/vec4 80, 0, 32;
    %load/vec4 v0x7fb3bad534c0_0;
    %add;
    %ix/vec4/s 4;
    %store/vec4a v0x7fb3bad53550, 4, 0;
    %pushi/vec4 0, 0, 256;
    %load/vec4 v0x7fb3bad534c0_0;
    %muli 16, 0, 32;
    %part/s 16;
    %pushi/vec4 96, 0, 32;
    %load/vec4 v0x7fb3bad534c0_0;
    %add;
    %ix/vec4/s 4;
    %store/vec4a v0x7fb3bad53550, 4, 0;
    %pushi/vec4 0, 0, 256;
    %load/vec4 v0x7fb3bad534c0_0;
    %muli 16, 0, 32;
    %part/s 16;
    %pushi/vec4 112, 0, 32;
    %load/vec4 v0x7fb3bad534c0_0;
    %add;
    %ix/vec4/s 4;
    %store/vec4a v0x7fb3bad53550, 4, 0;
    %pushi/vec4 0, 0, 256;
    %load/vec4 v0x7fb3bad534c0_0;
    %muli 16, 0, 32;
    %part/s 16;
    %pushi/vec4 128, 0, 32;
    %load/vec4 v0x7fb3bad534c0_0;
    %add;
    %ix/vec4/s 4;
    %store/vec4a v0x7fb3bad53550, 4, 0;
    %pushi/vec4 0, 0, 256;
    %load/vec4 v0x7fb3bad534c0_0;
    %muli 16, 0, 32;
    %part/s 16;
    %pushi/vec4 144, 0, 32;
    %load/vec4 v0x7fb3bad534c0_0;
    %add;
    %ix/vec4/s 4;
    %store/vec4a v0x7fb3bad53550, 4, 0;
    %pushi/vec4 0, 0, 256;
    %load/vec4 v0x7fb3bad534c0_0;
    %muli 16, 0, 32;
    %part/s 16;
    %pushi/vec4 160, 0, 32;
    %load/vec4 v0x7fb3bad534c0_0;
    %add;
    %ix/vec4/s 4;
    %store/vec4a v0x7fb3bad53550, 4, 0;
    %pushi/vec4 0, 0, 256;
    %load/vec4 v0x7fb3bad534c0_0;
    %muli 16, 0, 32;
    %part/s 16;
    %pushi/vec4 176, 0, 32;
    %load/vec4 v0x7fb3bad534c0_0;
    %add;
    %ix/vec4/s 4;
    %store/vec4a v0x7fb3bad53550, 4, 0;
    %pushi/vec4 0, 0, 256;
    %load/vec4 v0x7fb3bad534c0_0;
    %muli 16, 0, 32;
    %part/s 16;
    %pushi/vec4 192, 0, 32;
    %load/vec4 v0x7fb3bad534c0_0;
    %add;
    %ix/vec4/s 4;
    %store/vec4a v0x7fb3bad53550, 4, 0;
    %pushi/vec4 0, 0, 256;
    %load/vec4 v0x7fb3bad534c0_0;
    %muli 16, 0, 32;
    %part/s 16;
    %pushi/vec4 208, 0, 32;
    %load/vec4 v0x7fb3bad534c0_0;
    %add;
    %ix/vec4/s 4;
    %store/vec4a v0x7fb3bad53550, 4, 0;
    %pushi/vec4 0, 0, 256;
    %load/vec4 v0x7fb3bad534c0_0;
    %muli 16, 0, 32;
    %part/s 16;
    %pushi/vec4 224, 0, 32;
    %load/vec4 v0x7fb3bad534c0_0;
    %add;
    %ix/vec4/s 4;
    %store/vec4a v0x7fb3bad53550, 4, 0;
    %pushi/vec4 0, 0, 256;
    %load/vec4 v0x7fb3bad534c0_0;
    %muli 16, 0, 32;
    %part/s 16;
    %pushi/vec4 240, 0, 32;
    %load/vec4 v0x7fb3bad534c0_0;
    %add;
    %ix/vec4/s 4;
    %store/vec4a v0x7fb3bad53550, 4, 0;
T_84.2 ; for-loop step statement
    %load/vec4 v0x7fb3bad534c0_0;
    %addi 1, 0, 32;
    %store/vec4 v0x7fb3bad534c0_0, 0, 32;
    %jmp T_84.0;
T_84.1 ; for-loop exit label
    %end;
    .thread T_84;
    .scope S_0x7fb3bac34b40;
T_85 ;
    %wait E_0x7fb3bad66aa0;
    %load/vec4 v0x7fb3bad533a0_0;
    %flag_set/vec4 9;
    %flag_get/vec4 9;
    %jmp/0 T_85.2, 9;
    %load/vec4 v0x7fb3bad49220_0;
    %and;
T_85.2;
    %flag_set/vec4 8;
    %jmp/0xz  T_85.0, 8;
    %load/vec4 v0x7fb3bad53430_0;
    %parti/s 1, 0, 2;
    %nor/r;
    %flag_set/vec4 8;
    %jmp/0xz  T_85.3, 8;
    %load/vec4 v0x7fb3bad49340_0;
    %parti/s 1, 0, 2;
    %load/vec4 v0x7fb3bad64ec0_0;
    %parti/s 8, 0, 2;
    %pad/u 10;
    %ix/vec4 3;
    %ix/load 4, 0, 0; Constant delay
    %assign/vec4/a/d v0x7fb3bad53550, 0, 4;
T_85.3 ;
    %load/vec4 v0x7fb3bad53430_0;
    %parti/s 1, 1, 2;
    %nor/r;
    %flag_set/vec4 8;
    %jmp/0xz  T_85.5, 8;
    %load/vec4 v0x7fb3bad49340_0;
    %parti/s 1, 1, 2;
    %load/vec4 v0x7fb3bad64ec0_0;
    %parti/s 8, 0, 2;
    %pad/u 10;
    %ix/vec4 3;
    %ix/load 4, 1, 0; part off
    %ix/load 5, 0, 0; Constant delay
    %assign/vec4/a/d v0x7fb3bad53550, 4, 5;
T_85.5 ;
    %load/vec4 v0x7fb3bad53430_0;
    %parti/s 1, 2, 3;
    %nor/r;
    %flag_set/vec4 8;
    %jmp/0xz  T_85.7, 8;
    %load/vec4 v0x7fb3bad49340_0;
    %parti/s 1, 2, 3;
    %load/vec4 v0x7fb3bad64ec0_0;
    %parti/s 8, 0, 2;
    %pad/u 10;
    %ix/vec4 3;
    %ix/load 4, 2, 0; part off
    %ix/load 5, 0, 0; Constant delay
    %assign/vec4/a/d v0x7fb3bad53550, 4, 5;
T_85.7 ;
    %load/vec4 v0x7fb3bad53430_0;
    %parti/s 1, 3, 3;
    %nor/r;
    %flag_set/vec4 8;
    %jmp/0xz  T_85.9, 8;
    %load/vec4 v0x7fb3bad49340_0;
    %parti/s 1, 3, 3;
    %load/vec4 v0x7fb3bad64ec0_0;
    %parti/s 8, 0, 2;
    %pad/u 10;
    %ix/vec4 3;
    %ix/load 4, 3, 0; part off
    %ix/load 5, 0, 0; Constant delay
    %assign/vec4/a/d v0x7fb3bad53550, 4, 5;
T_85.9 ;
    %load/vec4 v0x7fb3bad53430_0;
    %parti/s 1, 4, 4;
    %nor/r;
    %flag_set/vec4 8;
    %jmp/0xz  T_85.11, 8;
    %load/vec4 v0x7fb3bad49340_0;
    %parti/s 1, 4, 4;
    %load/vec4 v0x7fb3bad64ec0_0;
    %parti/s 8, 0, 2;
    %pad/u 10;
    %ix/vec4 3;
    %ix/load 4, 4, 0; part off
    %ix/load 5, 0, 0; Constant delay
    %assign/vec4/a/d v0x7fb3bad53550, 4, 5;
T_85.11 ;
    %load/vec4 v0x7fb3bad53430_0;
    %parti/s 1, 5, 4;
    %nor/r;
    %flag_set/vec4 8;
    %jmp/0xz  T_85.13, 8;
    %load/vec4 v0x7fb3bad49340_0;
    %parti/s 1, 5, 4;
    %load/vec4 v0x7fb3bad64ec0_0;
    %parti/s 8, 0, 2;
    %pad/u 10;
    %ix/vec4 3;
    %ix/load 4, 5, 0; part off
    %ix/load 5, 0, 0; Constant delay
    %assign/vec4/a/d v0x7fb3bad53550, 4, 5;
T_85.13 ;
    %load/vec4 v0x7fb3bad53430_0;
    %parti/s 1, 6, 4;
    %nor/r;
    %flag_set/vec4 8;
    %jmp/0xz  T_85.15, 8;
    %load/vec4 v0x7fb3bad49340_0;
    %parti/s 1, 6, 4;
    %load/vec4 v0x7fb3bad64ec0_0;
    %parti/s 8, 0, 2;
    %pad/u 10;
    %ix/vec4 3;
    %ix/load 4, 6, 0; part off
    %ix/load 5, 0, 0; Constant delay
    %assign/vec4/a/d v0x7fb3bad53550, 4, 5;
T_85.15 ;
    %load/vec4 v0x7fb3bad53430_0;
    %parti/s 1, 7, 4;
    %nor/r;
    %flag_set/vec4 8;
    %jmp/0xz  T_85.17, 8;
    %load/vec4 v0x7fb3bad49340_0;
    %parti/s 1, 7, 4;
    %load/vec4 v0x7fb3bad64ec0_0;
    %parti/s 8, 0, 2;
    %pad/u 10;
    %ix/vec4 3;
    %ix/load 4, 7, 0; part off
    %ix/load 5, 0, 0; Constant delay
    %assign/vec4/a/d v0x7fb3bad53550, 4, 5;
T_85.17 ;
    %load/vec4 v0x7fb3bad53430_0;
    %parti/s 1, 8, 5;
    %nor/r;
    %flag_set/vec4 8;
    %jmp/0xz  T_85.19, 8;
    %load/vec4 v0x7fb3bad49340_0;
    %parti/s 1, 8, 5;
    %load/vec4 v0x7fb3bad64ec0_0;
    %parti/s 8, 0, 2;
    %pad/u 10;
    %ix/vec4 3;
    %ix/load 4, 8, 0; part off
    %ix/load 5, 0, 0; Constant delay
    %assign/vec4/a/d v0x7fb3bad53550, 4, 5;
T_85.19 ;
    %load/vec4 v0x7fb3bad53430_0;
    %parti/s 1, 9, 5;
    %nor/r;
    %flag_set/vec4 8;
    %jmp/0xz  T_85.21, 8;
    %load/vec4 v0x7fb3bad49340_0;
    %parti/s 1, 9, 5;
    %load/vec4 v0x7fb3bad64ec0_0;
    %parti/s 8, 0, 2;
    %pad/u 10;
    %ix/vec4 3;
    %ix/load 4, 9, 0; part off
    %ix/load 5, 0, 0; Constant delay
    %assign/vec4/a/d v0x7fb3bad53550, 4, 5;
T_85.21 ;
    %load/vec4 v0x7fb3bad53430_0;
    %parti/s 1, 10, 5;
    %nor/r;
    %flag_set/vec4 8;
    %jmp/0xz  T_85.23, 8;
    %load/vec4 v0x7fb3bad49340_0;
    %parti/s 1, 10, 5;
    %load/vec4 v0x7fb3bad64ec0_0;
    %parti/s 8, 0, 2;
    %pad/u 10;
    %ix/vec4 3;
    %ix/load 4, 10, 0; part off
    %ix/load 5, 0, 0; Constant delay
    %assign/vec4/a/d v0x7fb3bad53550, 4, 5;
T_85.23 ;
    %load/vec4 v0x7fb3bad53430_0;
    %parti/s 1, 11, 5;
    %nor/r;
    %flag_set/vec4 8;
    %jmp/0xz  T_85.25, 8;
    %load/vec4 v0x7fb3bad49340_0;
    %parti/s 1, 11, 5;
    %load/vec4 v0x7fb3bad64ec0_0;
    %parti/s 8, 0, 2;
    %pad/u 10;
    %ix/vec4 3;
    %ix/load 4, 11, 0; part off
    %ix/load 5, 0, 0; Constant delay
    %assign/vec4/a/d v0x7fb3bad53550, 4, 5;
T_85.25 ;
    %load/vec4 v0x7fb3bad53430_0;
    %parti/s 1, 12, 5;
    %nor/r;
    %flag_set/vec4 8;
    %jmp/0xz  T_85.27, 8;
    %load/vec4 v0x7fb3bad49340_0;
    %parti/s 1, 12, 5;
    %load/vec4 v0x7fb3bad64ec0_0;
    %parti/s 8, 0, 2;
    %pad/u 10;
    %ix/vec4 3;
    %ix/load 4, 12, 0; part off
    %ix/load 5, 0, 0; Constant delay
    %assign/vec4/a/d v0x7fb3bad53550, 4, 5;
T_85.27 ;
    %load/vec4 v0x7fb3bad53430_0;
    %parti/s 1, 13, 5;
    %nor/r;
    %flag_set/vec4 8;
    %jmp/0xz  T_85.29, 8;
    %load/vec4 v0x7fb3bad49340_0;
    %parti/s 1, 13, 5;
    %load/vec4 v0x7fb3bad64ec0_0;
    %parti/s 8, 0, 2;
    %pad/u 10;
    %ix/vec4 3;
    %ix/load 4, 13, 0; part off
    %ix/load 5, 0, 0; Constant delay
    %assign/vec4/a/d v0x7fb3bad53550, 4, 5;
T_85.29 ;
    %load/vec4 v0x7fb3bad53430_0;
    %parti/s 1, 14, 5;
    %nor/r;
    %flag_set/vec4 8;
    %jmp/0xz  T_85.31, 8;
    %load/vec4 v0x7fb3bad49340_0;
    %parti/s 1, 14, 5;
    %load/vec4 v0x7fb3bad64ec0_0;
    %parti/s 8, 0, 2;
    %pad/u 10;
    %ix/vec4 3;
    %ix/load 4, 14, 0; part off
    %ix/load 5, 0, 0; Constant delay
    %assign/vec4/a/d v0x7fb3bad53550, 4, 5;
T_85.31 ;
    %load/vec4 v0x7fb3bad53430_0;
    %parti/s 1, 15, 5;
    %nor/r;
    %flag_set/vec4 8;
    %jmp/0xz  T_85.33, 8;
    %load/vec4 v0x7fb3bad49340_0;
    %parti/s 1, 15, 5;
    %load/vec4 v0x7fb3bad64ec0_0;
    %parti/s 8, 0, 2;
    %pad/u 10;
    %ix/vec4 3;
    %ix/load 4, 15, 0; part off
    %ix/load 5, 0, 0; Constant delay
    %assign/vec4/a/d v0x7fb3bad53550, 4, 5;
T_85.33 ;
T_85.0 ;
    %jmp T_85;
    .thread T_85;
    .scope S_0x7fb3bac34b40;
T_86 ;
    %wait E_0x7fb3bad6ba20;
    %load/vec4 v0x7fb3bad64da0_0;
    %flag_set/vec4 9;
    %flag_get/vec4 9;
    %jmp/0 T_86.2, 9;
    %load/vec4 v0x7fb3bad6a0e0_0;
    %and;
T_86.2;
    %flag_set/vec4 8;
    %jmp/0xz  T_86.0, 8;
    %load/vec4 v0x7fb3bad664b0_0;
    %parti/s 8, 0, 2;
    %pad/u 10;
    %ix/vec4 4;
    %load/vec4a v0x7fb3bad53550, 4;
    %load/vec4 v0x7fb3bad64e30_0;
    %inv;
    %and;
    %assign/vec4 v0x7fb3bad6a200_0, 0;
T_86.0 ;
    %jmp T_86;
    .thread T_86;
    .scope S_0x7fb3bad25170;
T_87 ;
    %pushi/vec4 0, 0, 32;
    %store/vec4 v0x7fb3bad1b750_0, 0, 32;
T_87.0 ; Top of for-loop 
    %load/vec4 v0x7fb3bad1b750_0;
    %cmpi/s 16, 0, 32;
    %jmp/0xz T_87.1, 5;
    %pushi/vec4 0, 0, 256;
    %load/vec4 v0x7fb3bad1b750_0;
    %muli 16, 0, 32;
    %part/s 16;
    %pushi/vec4 0, 0, 32;
    %load/vec4 v0x7fb3bad1b750_0;
    %add;
    %ix/vec4/s 4;
    %store/vec4a v0x7fb3bad1b7e0, 4, 0;
    %pushi/vec4 0, 0, 256;
    %load/vec4 v0x7fb3bad1b750_0;
    %muli 16, 0, 32;
    %part/s 16;
    %pushi/vec4 16, 0, 32;
    %load/vec4 v0x7fb3bad1b750_0;
    %add;
    %ix/vec4/s 4;
    %store/vec4a v0x7fb3bad1b7e0, 4, 0;
    %pushi/vec4 0, 0, 256;
    %load/vec4 v0x7fb3bad1b750_0;
    %muli 16, 0, 32;
    %part/s 16;
    %pushi/vec4 32, 0, 32;
    %load/vec4 v0x7fb3bad1b750_0;
    %add;
    %ix/vec4/s 4;
    %store/vec4a v0x7fb3bad1b7e0, 4, 0;
    %pushi/vec4 0, 0, 256;
    %load/vec4 v0x7fb3bad1b750_0;
    %muli 16, 0, 32;
    %part/s 16;
    %pushi/vec4 48, 0, 32;
    %load/vec4 v0x7fb3bad1b750_0;
    %add;
    %ix/vec4/s 4;
    %store/vec4a v0x7fb3bad1b7e0, 4, 0;
    %pushi/vec4 0, 0, 256;
    %load/vec4 v0x7fb3bad1b750_0;
    %muli 16, 0, 32;
    %part/s 16;
    %pushi/vec4 64, 0, 32;
    %load/vec4 v0x7fb3bad1b750_0;
    %add;
    %ix/vec4/s 4;
    %store/vec4a v0x7fb3bad1b7e0, 4, 0;
    %pushi/vec4 0, 0, 256;
    %load/vec4 v0x7fb3bad1b750_0;
    %muli 16, 0, 32;
    %part/s 16;
    %pushi/vec4 80, 0, 32;
    %load/vec4 v0x7fb3bad1b750_0;
    %add;
    %ix/vec4/s 4;
    %store/vec4a v0x7fb3bad1b7e0, 4, 0;
    %pushi/vec4 0, 0, 256;
    %load/vec4 v0x7fb3bad1b750_0;
    %muli 16, 0, 32;
    %part/s 16;
    %pushi/vec4 96, 0, 32;
    %load/vec4 v0x7fb3bad1b750_0;
    %add;
    %ix/vec4/s 4;
    %store/vec4a v0x7fb3bad1b7e0, 4, 0;
    %pushi/vec4 0, 0, 256;
    %load/vec4 v0x7fb3bad1b750_0;
    %muli 16, 0, 32;
    %part/s 16;
    %pushi/vec4 112, 0, 32;
    %load/vec4 v0x7fb3bad1b750_0;
    %add;
    %ix/vec4/s 4;
    %store/vec4a v0x7fb3bad1b7e0, 4, 0;
    %pushi/vec4 0, 0, 256;
    %load/vec4 v0x7fb3bad1b750_0;
    %muli 16, 0, 32;
    %part/s 16;
    %pushi/vec4 128, 0, 32;
    %load/vec4 v0x7fb3bad1b750_0;
    %add;
    %ix/vec4/s 4;
    %store/vec4a v0x7fb3bad1b7e0, 4, 0;
    %pushi/vec4 0, 0, 256;
    %load/vec4 v0x7fb3bad1b750_0;
    %muli 16, 0, 32;
    %part/s 16;
    %pushi/vec4 144, 0, 32;
    %load/vec4 v0x7fb3bad1b750_0;
    %add;
    %ix/vec4/s 4;
    %store/vec4a v0x7fb3bad1b7e0, 4, 0;
    %pushi/vec4 0, 0, 256;
    %load/vec4 v0x7fb3bad1b750_0;
    %muli 16, 0, 32;
    %part/s 16;
    %pushi/vec4 160, 0, 32;
    %load/vec4 v0x7fb3bad1b750_0;
    %add;
    %ix/vec4/s 4;
    %store/vec4a v0x7fb3bad1b7e0, 4, 0;
    %pushi/vec4 0, 0, 256;
    %load/vec4 v0x7fb3bad1b750_0;
    %muli 16, 0, 32;
    %part/s 16;
    %pushi/vec4 176, 0, 32;
    %load/vec4 v0x7fb3bad1b750_0;
    %add;
    %ix/vec4/s 4;
    %store/vec4a v0x7fb3bad1b7e0, 4, 0;
    %pushi/vec4 0, 0, 256;
    %load/vec4 v0x7fb3bad1b750_0;
    %muli 16, 0, 32;
    %part/s 16;
    %pushi/vec4 192, 0, 32;
    %load/vec4 v0x7fb3bad1b750_0;
    %add;
    %ix/vec4/s 4;
    %store/vec4a v0x7fb3bad1b7e0, 4, 0;
    %pushi/vec4 0, 0, 256;
    %load/vec4 v0x7fb3bad1b750_0;
    %muli 16, 0, 32;
    %part/s 16;
    %pushi/vec4 208, 0, 32;
    %load/vec4 v0x7fb3bad1b750_0;
    %add;
    %ix/vec4/s 4;
    %store/vec4a v0x7fb3bad1b7e0, 4, 0;
    %pushi/vec4 0, 0, 256;
    %load/vec4 v0x7fb3bad1b750_0;
    %muli 16, 0, 32;
    %part/s 16;
    %pushi/vec4 224, 0, 32;
    %load/vec4 v0x7fb3bad1b750_0;
    %add;
    %ix/vec4/s 4;
    %store/vec4a v0x7fb3bad1b7e0, 4, 0;
    %pushi/vec4 0, 0, 256;
    %load/vec4 v0x7fb3bad1b750_0;
    %muli 16, 0, 32;
    %part/s 16;
    %pushi/vec4 240, 0, 32;
    %load/vec4 v0x7fb3bad1b750_0;
    %add;
    %ix/vec4/s 4;
    %store/vec4a v0x7fb3bad1b7e0, 4, 0;
T_87.2 ; for-loop step statement
    %load/vec4 v0x7fb3bad1b750_0;
    %addi 1, 0, 32;
    %store/vec4 v0x7fb3bad1b750_0, 0, 32;
    %jmp T_87.0;
T_87.1 ; for-loop exit label
    %end;
    .thread T_87;
    .scope S_0x7fb3bad25170;
T_88 ;
    %wait E_0x7fb3bad53da0;
    %load/vec4 v0x7fb3bad18e90_0;
    %flag_set/vec4 9;
    %flag_get/vec4 9;
    %jmp/0 T_88.2, 9;
    %load/vec4 v0x7fb3bad18ce0_0;
    %and;
T_88.2;
    %flag_set/vec4 8;
    %jmp/0xz  T_88.0, 8;
    %load/vec4 v0x7fb3bad18f20_0;
    %parti/s 1, 0, 2;
    %nor/r;
    %flag_set/vec4 8;
    %jmp/0xz  T_88.3, 8;
    %load/vec4 v0x7fb3bad18e00_0;
    %parti/s 1, 0, 2;
    %load/vec4 v0x7fb3bad18bc0_0;
    %parti/s 8, 0, 2;
    %pad/u 10;
    %ix/vec4 3;
    %ix/load 4, 0, 0; Constant delay
    %assign/vec4/a/d v0x7fb3bad1b7e0, 0, 4;
T_88.3 ;
    %load/vec4 v0x7fb3bad18f20_0;
    %parti/s 1, 1, 2;
    %nor/r;
    %flag_set/vec4 8;
    %jmp/0xz  T_88.5, 8;
    %load/vec4 v0x7fb3bad18e00_0;
    %parti/s 1, 1, 2;
    %load/vec4 v0x7fb3bad18bc0_0;
    %parti/s 8, 0, 2;
    %pad/u 10;
    %ix/vec4 3;
    %ix/load 4, 1, 0; part off
    %ix/load 5, 0, 0; Constant delay
    %assign/vec4/a/d v0x7fb3bad1b7e0, 4, 5;
T_88.5 ;
    %load/vec4 v0x7fb3bad18f20_0;
    %parti/s 1, 2, 3;
    %nor/r;
    %flag_set/vec4 8;
    %jmp/0xz  T_88.7, 8;
    %load/vec4 v0x7fb3bad18e00_0;
    %parti/s 1, 2, 3;
    %load/vec4 v0x7fb3bad18bc0_0;
    %parti/s 8, 0, 2;
    %pad/u 10;
    %ix/vec4 3;
    %ix/load 4, 2, 0; part off
    %ix/load 5, 0, 0; Constant delay
    %assign/vec4/a/d v0x7fb3bad1b7e0, 4, 5;
T_88.7 ;
    %load/vec4 v0x7fb3bad18f20_0;
    %parti/s 1, 3, 3;
    %nor/r;
    %flag_set/vec4 8;
    %jmp/0xz  T_88.9, 8;
    %load/vec4 v0x7fb3bad18e00_0;
    %parti/s 1, 3, 3;
    %load/vec4 v0x7fb3bad18bc0_0;
    %parti/s 8, 0, 2;
    %pad/u 10;
    %ix/vec4 3;
    %ix/load 4, 3, 0; part off
    %ix/load 5, 0, 0; Constant delay
    %assign/vec4/a/d v0x7fb3bad1b7e0, 4, 5;
T_88.9 ;
    %load/vec4 v0x7fb3bad18f20_0;
    %parti/s 1, 4, 4;
    %nor/r;
    %flag_set/vec4 8;
    %jmp/0xz  T_88.11, 8;
    %load/vec4 v0x7fb3bad18e00_0;
    %parti/s 1, 4, 4;
    %load/vec4 v0x7fb3bad18bc0_0;
    %parti/s 8, 0, 2;
    %pad/u 10;
    %ix/vec4 3;
    %ix/load 4, 4, 0; part off
    %ix/load 5, 0, 0; Constant delay
    %assign/vec4/a/d v0x7fb3bad1b7e0, 4, 5;
T_88.11 ;
    %load/vec4 v0x7fb3bad18f20_0;
    %parti/s 1, 5, 4;
    %nor/r;
    %flag_set/vec4 8;
    %jmp/0xz  T_88.13, 8;
    %load/vec4 v0x7fb3bad18e00_0;
    %parti/s 1, 5, 4;
    %load/vec4 v0x7fb3bad18bc0_0;
    %parti/s 8, 0, 2;
    %pad/u 10;
    %ix/vec4 3;
    %ix/load 4, 5, 0; part off
    %ix/load 5, 0, 0; Constant delay
    %assign/vec4/a/d v0x7fb3bad1b7e0, 4, 5;
T_88.13 ;
    %load/vec4 v0x7fb3bad18f20_0;
    %parti/s 1, 6, 4;
    %nor/r;
    %flag_set/vec4 8;
    %jmp/0xz  T_88.15, 8;
    %load/vec4 v0x7fb3bad18e00_0;
    %parti/s 1, 6, 4;
    %load/vec4 v0x7fb3bad18bc0_0;
    %parti/s 8, 0, 2;
    %pad/u 10;
    %ix/vec4 3;
    %ix/load 4, 6, 0; part off
    %ix/load 5, 0, 0; Constant delay
    %assign/vec4/a/d v0x7fb3bad1b7e0, 4, 5;
T_88.15 ;
    %load/vec4 v0x7fb3bad18f20_0;
    %parti/s 1, 7, 4;
    %nor/r;
    %flag_set/vec4 8;
    %jmp/0xz  T_88.17, 8;
    %load/vec4 v0x7fb3bad18e00_0;
    %parti/s 1, 7, 4;
    %load/vec4 v0x7fb3bad18bc0_0;
    %parti/s 8, 0, 2;
    %pad/u 10;
    %ix/vec4 3;
    %ix/load 4, 7, 0; part off
    %ix/load 5, 0, 0; Constant delay
    %assign/vec4/a/d v0x7fb3bad1b7e0, 4, 5;
T_88.17 ;
    %load/vec4 v0x7fb3bad18f20_0;
    %parti/s 1, 8, 5;
    %nor/r;
    %flag_set/vec4 8;
    %jmp/0xz  T_88.19, 8;
    %load/vec4 v0x7fb3bad18e00_0;
    %parti/s 1, 8, 5;
    %load/vec4 v0x7fb3bad18bc0_0;
    %parti/s 8, 0, 2;
    %pad/u 10;
    %ix/vec4 3;
    %ix/load 4, 8, 0; part off
    %ix/load 5, 0, 0; Constant delay
    %assign/vec4/a/d v0x7fb3bad1b7e0, 4, 5;
T_88.19 ;
    %load/vec4 v0x7fb3bad18f20_0;
    %parti/s 1, 9, 5;
    %nor/r;
    %flag_set/vec4 8;
    %jmp/0xz  T_88.21, 8;
    %load/vec4 v0x7fb3bad18e00_0;
    %parti/s 1, 9, 5;
    %load/vec4 v0x7fb3bad18bc0_0;
    %parti/s 8, 0, 2;
    %pad/u 10;
    %ix/vec4 3;
    %ix/load 4, 9, 0; part off
    %ix/load 5, 0, 0; Constant delay
    %assign/vec4/a/d v0x7fb3bad1b7e0, 4, 5;
T_88.21 ;
    %load/vec4 v0x7fb3bad18f20_0;
    %parti/s 1, 10, 5;
    %nor/r;
    %flag_set/vec4 8;
    %jmp/0xz  T_88.23, 8;
    %load/vec4 v0x7fb3bad18e00_0;
    %parti/s 1, 10, 5;
    %load/vec4 v0x7fb3bad18bc0_0;
    %parti/s 8, 0, 2;
    %pad/u 10;
    %ix/vec4 3;
    %ix/load 4, 10, 0; part off
    %ix/load 5, 0, 0; Constant delay
    %assign/vec4/a/d v0x7fb3bad1b7e0, 4, 5;
T_88.23 ;
    %load/vec4 v0x7fb3bad18f20_0;
    %parti/s 1, 11, 5;
    %nor/r;
    %flag_set/vec4 8;
    %jmp/0xz  T_88.25, 8;
    %load/vec4 v0x7fb3bad18e00_0;
    %parti/s 1, 11, 5;
    %load/vec4 v0x7fb3bad18bc0_0;
    %parti/s 8, 0, 2;
    %pad/u 10;
    %ix/vec4 3;
    %ix/load 4, 11, 0; part off
    %ix/load 5, 0, 0; Constant delay
    %assign/vec4/a/d v0x7fb3bad1b7e0, 4, 5;
T_88.25 ;
    %load/vec4 v0x7fb3bad18f20_0;
    %parti/s 1, 12, 5;
    %nor/r;
    %flag_set/vec4 8;
    %jmp/0xz  T_88.27, 8;
    %load/vec4 v0x7fb3bad18e00_0;
    %parti/s 1, 12, 5;
    %load/vec4 v0x7fb3bad18bc0_0;
    %parti/s 8, 0, 2;
    %pad/u 10;
    %ix/vec4 3;
    %ix/load 4, 12, 0; part off
    %ix/load 5, 0, 0; Constant delay
    %assign/vec4/a/d v0x7fb3bad1b7e0, 4, 5;
T_88.27 ;
    %load/vec4 v0x7fb3bad18f20_0;
    %parti/s 1, 13, 5;
    %nor/r;
    %flag_set/vec4 8;
    %jmp/0xz  T_88.29, 8;
    %load/vec4 v0x7fb3bad18e00_0;
    %parti/s 1, 13, 5;
    %load/vec4 v0x7fb3bad18bc0_0;
    %parti/s 8, 0, 2;
    %pad/u 10;
    %ix/vec4 3;
    %ix/load 4, 13, 0; part off
    %ix/load 5, 0, 0; Constant delay
    %assign/vec4/a/d v0x7fb3bad1b7e0, 4, 5;
T_88.29 ;
    %load/vec4 v0x7fb3bad18f20_0;
    %parti/s 1, 14, 5;
    %nor/r;
    %flag_set/vec4 8;
    %jmp/0xz  T_88.31, 8;
    %load/vec4 v0x7fb3bad18e00_0;
    %parti/s 1, 14, 5;
    %load/vec4 v0x7fb3bad18bc0_0;
    %parti/s 8, 0, 2;
    %pad/u 10;
    %ix/vec4 3;
    %ix/load 4, 14, 0; part off
    %ix/load 5, 0, 0; Constant delay
    %assign/vec4/a/d v0x7fb3bad1b7e0, 4, 5;
T_88.31 ;
    %load/vec4 v0x7fb3bad18f20_0;
    %parti/s 1, 15, 5;
    %nor/r;
    %flag_set/vec4 8;
    %jmp/0xz  T_88.33, 8;
    %load/vec4 v0x7fb3bad18e00_0;
    %parti/s 1, 15, 5;
    %load/vec4 v0x7fb3bad18bc0_0;
    %parti/s 8, 0, 2;
    %pad/u 10;
    %ix/vec4 3;
    %ix/load 4, 15, 0; part off
    %ix/load 5, 0, 0; Constant delay
    %assign/vec4/a/d v0x7fb3bad1b7e0, 4, 5;
T_88.33 ;
T_88.0 ;
    %jmp T_88;
    .thread T_88;
    .scope S_0x7fb3bad25170;
T_89 ;
    %wait E_0x7fb3bad539e0;
    %load/vec4 v0x7fb3bad18aa0_0;
    %flag_set/vec4 9;
    %flag_get/vec4 9;
    %jmp/0 T_89.2, 9;
    %load/vec4 v0x7fb3bad0c400_0;
    %and;
T_89.2;
    %flag_set/vec4 8;
    %jmp/0xz  T_89.0, 8;
    %load/vec4 v0x7fb3bad08630_0;
    %parti/s 8, 0, 2;
    %pad/u 10;
    %ix/vec4 4;
    %load/vec4a v0x7fb3bad1b7e0, 4;
    %load/vec4 v0x7fb3bad18b30_0;
    %inv;
    %and;
    %assign/vec4 v0x7fb3bad0c520_0, 0;
T_89.0 ;
    %jmp T_89;
    .thread T_89;
    .scope S_0x7fb3bad790d0;
T_90 ;
    %pushi/vec4 0, 0, 32;
    %store/vec4 v0x7fb3bad7b1d0_0, 0, 32;
T_90.0 ; Top of for-loop 
    %load/vec4 v0x7fb3bad7b1d0_0;
    %cmpi/s 16, 0, 32;
    %jmp/0xz T_90.1, 5;
    %pushi/vec4 0, 0, 256;
    %load/vec4 v0x7fb3bad7b1d0_0;
    %muli 16, 0, 32;
    %part/s 16;
    %pushi/vec4 0, 0, 32;
    %load/vec4 v0x7fb3bad7b1d0_0;
    %add;
    %ix/vec4/s 4;
    %store/vec4a v0x7fb3bad7b260, 4, 0;
    %pushi/vec4 0, 0, 256;
    %load/vec4 v0x7fb3bad7b1d0_0;
    %muli 16, 0, 32;
    %part/s 16;
    %pushi/vec4 16, 0, 32;
    %load/vec4 v0x7fb3bad7b1d0_0;
    %add;
    %ix/vec4/s 4;
    %store/vec4a v0x7fb3bad7b260, 4, 0;
    %pushi/vec4 0, 0, 256;
    %load/vec4 v0x7fb3bad7b1d0_0;
    %muli 16, 0, 32;
    %part/s 16;
    %pushi/vec4 32, 0, 32;
    %load/vec4 v0x7fb3bad7b1d0_0;
    %add;
    %ix/vec4/s 4;
    %store/vec4a v0x7fb3bad7b260, 4, 0;
    %pushi/vec4 0, 0, 256;
    %load/vec4 v0x7fb3bad7b1d0_0;
    %muli 16, 0, 32;
    %part/s 16;
    %pushi/vec4 48, 0, 32;
    %load/vec4 v0x7fb3bad7b1d0_0;
    %add;
    %ix/vec4/s 4;
    %store/vec4a v0x7fb3bad7b260, 4, 0;
    %pushi/vec4 0, 0, 256;
    %load/vec4 v0x7fb3bad7b1d0_0;
    %muli 16, 0, 32;
    %part/s 16;
    %pushi/vec4 64, 0, 32;
    %load/vec4 v0x7fb3bad7b1d0_0;
    %add;
    %ix/vec4/s 4;
    %store/vec4a v0x7fb3bad7b260, 4, 0;
    %pushi/vec4 0, 0, 256;
    %load/vec4 v0x7fb3bad7b1d0_0;
    %muli 16, 0, 32;
    %part/s 16;
    %pushi/vec4 80, 0, 32;
    %load/vec4 v0x7fb3bad7b1d0_0;
    %add;
    %ix/vec4/s 4;
    %store/vec4a v0x7fb3bad7b260, 4, 0;
    %pushi/vec4 0, 0, 256;
    %load/vec4 v0x7fb3bad7b1d0_0;
    %muli 16, 0, 32;
    %part/s 16;
    %pushi/vec4 96, 0, 32;
    %load/vec4 v0x7fb3bad7b1d0_0;
    %add;
    %ix/vec4/s 4;
    %store/vec4a v0x7fb3bad7b260, 4, 0;
    %pushi/vec4 0, 0, 256;
    %load/vec4 v0x7fb3bad7b1d0_0;
    %muli 16, 0, 32;
    %part/s 16;
    %pushi/vec4 112, 0, 32;
    %load/vec4 v0x7fb3bad7b1d0_0;
    %add;
    %ix/vec4/s 4;
    %store/vec4a v0x7fb3bad7b260, 4, 0;
    %pushi/vec4 0, 0, 256;
    %load/vec4 v0x7fb3bad7b1d0_0;
    %muli 16, 0, 32;
    %part/s 16;
    %pushi/vec4 128, 0, 32;
    %load/vec4 v0x7fb3bad7b1d0_0;
    %add;
    %ix/vec4/s 4;
    %store/vec4a v0x7fb3bad7b260, 4, 0;
    %pushi/vec4 0, 0, 256;
    %load/vec4 v0x7fb3bad7b1d0_0;
    %muli 16, 0, 32;
    %part/s 16;
    %pushi/vec4 144, 0, 32;
    %load/vec4 v0x7fb3bad7b1d0_0;
    %add;
    %ix/vec4/s 4;
    %store/vec4a v0x7fb3bad7b260, 4, 0;
    %pushi/vec4 0, 0, 256;
    %load/vec4 v0x7fb3bad7b1d0_0;
    %muli 16, 0, 32;
    %part/s 16;
    %pushi/vec4 160, 0, 32;
    %load/vec4 v0x7fb3bad7b1d0_0;
    %add;
    %ix/vec4/s 4;
    %store/vec4a v0x7fb3bad7b260, 4, 0;
    %pushi/vec4 0, 0, 256;
    %load/vec4 v0x7fb3bad7b1d0_0;
    %muli 16, 0, 32;
    %part/s 16;
    %pushi/vec4 176, 0, 32;
    %load/vec4 v0x7fb3bad7b1d0_0;
    %add;
    %ix/vec4/s 4;
    %store/vec4a v0x7fb3bad7b260, 4, 0;
    %pushi/vec4 0, 0, 256;
    %load/vec4 v0x7fb3bad7b1d0_0;
    %muli 16, 0, 32;
    %part/s 16;
    %pushi/vec4 192, 0, 32;
    %load/vec4 v0x7fb3bad7b1d0_0;
    %add;
    %ix/vec4/s 4;
    %store/vec4a v0x7fb3bad7b260, 4, 0;
    %pushi/vec4 0, 0, 256;
    %load/vec4 v0x7fb3bad7b1d0_0;
    %muli 16, 0, 32;
    %part/s 16;
    %pushi/vec4 208, 0, 32;
    %load/vec4 v0x7fb3bad7b1d0_0;
    %add;
    %ix/vec4/s 4;
    %store/vec4a v0x7fb3bad7b260, 4, 0;
    %pushi/vec4 0, 0, 256;
    %load/vec4 v0x7fb3bad7b1d0_0;
    %muli 16, 0, 32;
    %part/s 16;
    %pushi/vec4 224, 0, 32;
    %load/vec4 v0x7fb3bad7b1d0_0;
    %add;
    %ix/vec4/s 4;
    %store/vec4a v0x7fb3bad7b260, 4, 0;
    %pushi/vec4 0, 0, 256;
    %load/vec4 v0x7fb3bad7b1d0_0;
    %muli 16, 0, 32;
    %part/s 16;
    %pushi/vec4 240, 0, 32;
    %load/vec4 v0x7fb3bad7b1d0_0;
    %add;
    %ix/vec4/s 4;
    %store/vec4a v0x7fb3bad7b260, 4, 0;
T_90.2 ; for-loop step statement
    %load/vec4 v0x7fb3bad7b1d0_0;
    %addi 1, 0, 32;
    %store/vec4 v0x7fb3bad7b1d0_0, 0, 32;
    %jmp T_90.0;
T_90.1 ; for-loop exit label
    %end;
    .thread T_90;
    .scope S_0x7fb3bad790d0;
T_91 ;
    %wait E_0x7fb3bad16060;
    %load/vec4 v0x7fb3bad7b0b0_0;
    %flag_set/vec4 9;
    %flag_get/vec4 9;
    %jmp/0 T_91.2, 9;
    %load/vec4 v0x7fb3bad7af00_0;
    %and;
T_91.2;
    %flag_set/vec4 8;
    %jmp/0xz  T_91.0, 8;
    %load/vec4 v0x7fb3bad7b140_0;
    %parti/s 1, 0, 2;
    %nor/r;
    %flag_set/vec4 8;
    %jmp/0xz  T_91.3, 8;
    %load/vec4 v0x7fb3bad7b020_0;
    %parti/s 1, 0, 2;
    %load/vec4 v0x7fb3bad7ade0_0;
    %parti/s 8, 0, 2;
    %pad/u 10;
    %ix/vec4 3;
    %ix/load 4, 0, 0; Constant delay
    %assign/vec4/a/d v0x7fb3bad7b260, 0, 4;
T_91.3 ;
    %load/vec4 v0x7fb3bad7b140_0;
    %parti/s 1, 1, 2;
    %nor/r;
    %flag_set/vec4 8;
    %jmp/0xz  T_91.5, 8;
    %load/vec4 v0x7fb3bad7b020_0;
    %parti/s 1, 1, 2;
    %load/vec4 v0x7fb3bad7ade0_0;
    %parti/s 8, 0, 2;
    %pad/u 10;
    %ix/vec4 3;
    %ix/load 4, 1, 0; part off
    %ix/load 5, 0, 0; Constant delay
    %assign/vec4/a/d v0x7fb3bad7b260, 4, 5;
T_91.5 ;
    %load/vec4 v0x7fb3bad7b140_0;
    %parti/s 1, 2, 3;
    %nor/r;
    %flag_set/vec4 8;
    %jmp/0xz  T_91.7, 8;
    %load/vec4 v0x7fb3bad7b020_0;
    %parti/s 1, 2, 3;
    %load/vec4 v0x7fb3bad7ade0_0;
    %parti/s 8, 0, 2;
    %pad/u 10;
    %ix/vec4 3;
    %ix/load 4, 2, 0; part off
    %ix/load 5, 0, 0; Constant delay
    %assign/vec4/a/d v0x7fb3bad7b260, 4, 5;
T_91.7 ;
    %load/vec4 v0x7fb3bad7b140_0;
    %parti/s 1, 3, 3;
    %nor/r;
    %flag_set/vec4 8;
    %jmp/0xz  T_91.9, 8;
    %load/vec4 v0x7fb3bad7b020_0;
    %parti/s 1, 3, 3;
    %load/vec4 v0x7fb3bad7ade0_0;
    %parti/s 8, 0, 2;
    %pad/u 10;
    %ix/vec4 3;
    %ix/load 4, 3, 0; part off
    %ix/load 5, 0, 0; Constant delay
    %assign/vec4/a/d v0x7fb3bad7b260, 4, 5;
T_91.9 ;
    %load/vec4 v0x7fb3bad7b140_0;
    %parti/s 1, 4, 4;
    %nor/r;
    %flag_set/vec4 8;
    %jmp/0xz  T_91.11, 8;
    %load/vec4 v0x7fb3bad7b020_0;
    %parti/s 1, 4, 4;
    %load/vec4 v0x7fb3bad7ade0_0;
    %parti/s 8, 0, 2;
    %pad/u 10;
    %ix/vec4 3;
    %ix/load 4, 4, 0; part off
    %ix/load 5, 0, 0; Constant delay
    %assign/vec4/a/d v0x7fb3bad7b260, 4, 5;
T_91.11 ;
    %load/vec4 v0x7fb3bad7b140_0;
    %parti/s 1, 5, 4;
    %nor/r;
    %flag_set/vec4 8;
    %jmp/0xz  T_91.13, 8;
    %load/vec4 v0x7fb3bad7b020_0;
    %parti/s 1, 5, 4;
    %load/vec4 v0x7fb3bad7ade0_0;
    %parti/s 8, 0, 2;
    %pad/u 10;
    %ix/vec4 3;
    %ix/load 4, 5, 0; part off
    %ix/load 5, 0, 0; Constant delay
    %assign/vec4/a/d v0x7fb3bad7b260, 4, 5;
T_91.13 ;
    %load/vec4 v0x7fb3bad7b140_0;
    %parti/s 1, 6, 4;
    %nor/r;
    %flag_set/vec4 8;
    %jmp/0xz  T_91.15, 8;
    %load/vec4 v0x7fb3bad7b020_0;
    %parti/s 1, 6, 4;
    %load/vec4 v0x7fb3bad7ade0_0;
    %parti/s 8, 0, 2;
    %pad/u 10;
    %ix/vec4 3;
    %ix/load 4, 6, 0; part off
    %ix/load 5, 0, 0; Constant delay
    %assign/vec4/a/d v0x7fb3bad7b260, 4, 5;
T_91.15 ;
    %load/vec4 v0x7fb3bad7b140_0;
    %parti/s 1, 7, 4;
    %nor/r;
    %flag_set/vec4 8;
    %jmp/0xz  T_91.17, 8;
    %load/vec4 v0x7fb3bad7b020_0;
    %parti/s 1, 7, 4;
    %load/vec4 v0x7fb3bad7ade0_0;
    %parti/s 8, 0, 2;
    %pad/u 10;
    %ix/vec4 3;
    %ix/load 4, 7, 0; part off
    %ix/load 5, 0, 0; Constant delay
    %assign/vec4/a/d v0x7fb3bad7b260, 4, 5;
T_91.17 ;
    %load/vec4 v0x7fb3bad7b140_0;
    %parti/s 1, 8, 5;
    %nor/r;
    %flag_set/vec4 8;
    %jmp/0xz  T_91.19, 8;
    %load/vec4 v0x7fb3bad7b020_0;
    %parti/s 1, 8, 5;
    %load/vec4 v0x7fb3bad7ade0_0;
    %parti/s 8, 0, 2;
    %pad/u 10;
    %ix/vec4 3;
    %ix/load 4, 8, 0; part off
    %ix/load 5, 0, 0; Constant delay
    %assign/vec4/a/d v0x7fb3bad7b260, 4, 5;
T_91.19 ;
    %load/vec4 v0x7fb3bad7b140_0;
    %parti/s 1, 9, 5;
    %nor/r;
    %flag_set/vec4 8;
    %jmp/0xz  T_91.21, 8;
    %load/vec4 v0x7fb3bad7b020_0;
    %parti/s 1, 9, 5;
    %load/vec4 v0x7fb3bad7ade0_0;
    %parti/s 8, 0, 2;
    %pad/u 10;
    %ix/vec4 3;
    %ix/load 4, 9, 0; part off
    %ix/load 5, 0, 0; Constant delay
    %assign/vec4/a/d v0x7fb3bad7b260, 4, 5;
T_91.21 ;
    %load/vec4 v0x7fb3bad7b140_0;
    %parti/s 1, 10, 5;
    %nor/r;
    %flag_set/vec4 8;
    %jmp/0xz  T_91.23, 8;
    %load/vec4 v0x7fb3bad7b020_0;
    %parti/s 1, 10, 5;
    %load/vec4 v0x7fb3bad7ade0_0;
    %parti/s 8, 0, 2;
    %pad/u 10;
    %ix/vec4 3;
    %ix/load 4, 10, 0; part off
    %ix/load 5, 0, 0; Constant delay
    %assign/vec4/a/d v0x7fb3bad7b260, 4, 5;
T_91.23 ;
    %load/vec4 v0x7fb3bad7b140_0;
    %parti/s 1, 11, 5;
    %nor/r;
    %flag_set/vec4 8;
    %jmp/0xz  T_91.25, 8;
    %load/vec4 v0x7fb3bad7b020_0;
    %parti/s 1, 11, 5;
    %load/vec4 v0x7fb3bad7ade0_0;
    %parti/s 8, 0, 2;
    %pad/u 10;
    %ix/vec4 3;
    %ix/load 4, 11, 0; part off
    %ix/load 5, 0, 0; Constant delay
    %assign/vec4/a/d v0x7fb3bad7b260, 4, 5;
T_91.25 ;
    %load/vec4 v0x7fb3bad7b140_0;
    %parti/s 1, 12, 5;
    %nor/r;
    %flag_set/vec4 8;
    %jmp/0xz  T_91.27, 8;
    %load/vec4 v0x7fb3bad7b020_0;
    %parti/s 1, 12, 5;
    %load/vec4 v0x7fb3bad7ade0_0;
    %parti/s 8, 0, 2;
    %pad/u 10;
    %ix/vec4 3;
    %ix/load 4, 12, 0; part off
    %ix/load 5, 0, 0; Constant delay
    %assign/vec4/a/d v0x7fb3bad7b260, 4, 5;
T_91.27 ;
    %load/vec4 v0x7fb3bad7b140_0;
    %parti/s 1, 13, 5;
    %nor/r;
    %flag_set/vec4 8;
    %jmp/0xz  T_91.29, 8;
    %load/vec4 v0x7fb3bad7b020_0;
    %parti/s 1, 13, 5;
    %load/vec4 v0x7fb3bad7ade0_0;
    %parti/s 8, 0, 2;
    %pad/u 10;
    %ix/vec4 3;
    %ix/load 4, 13, 0; part off
    %ix/load 5, 0, 0; Constant delay
    %assign/vec4/a/d v0x7fb3bad7b260, 4, 5;
T_91.29 ;
    %load/vec4 v0x7fb3bad7b140_0;
    %parti/s 1, 14, 5;
    %nor/r;
    %flag_set/vec4 8;
    %jmp/0xz  T_91.31, 8;
    %load/vec4 v0x7fb3bad7b020_0;
    %parti/s 1, 14, 5;
    %load/vec4 v0x7fb3bad7ade0_0;
    %parti/s 8, 0, 2;
    %pad/u 10;
    %ix/vec4 3;
    %ix/load 4, 14, 0; part off
    %ix/load 5, 0, 0; Constant delay
    %assign/vec4/a/d v0x7fb3bad7b260, 4, 5;
T_91.31 ;
    %load/vec4 v0x7fb3bad7b140_0;
    %parti/s 1, 15, 5;
    %nor/r;
    %flag_set/vec4 8;
    %jmp/0xz  T_91.33, 8;
    %load/vec4 v0x7fb3bad7b020_0;
    %parti/s 1, 15, 5;
    %load/vec4 v0x7fb3bad7ade0_0;
    %parti/s 8, 0, 2;
    %pad/u 10;
    %ix/vec4 3;
    %ix/load 4, 15, 0; part off
    %ix/load 5, 0, 0; Constant delay
    %assign/vec4/a/d v0x7fb3bad7b260, 4, 5;
T_91.33 ;
T_91.0 ;
    %jmp T_91;
    .thread T_91;
    .scope S_0x7fb3bad790d0;
T_92 ;
    %wait E_0x7fb3bad15ca0;
    %load/vec4 v0x7fb3bad7acc0_0;
    %flag_set/vec4 9;
    %flag_get/vec4 9;
    %jmp/0 T_92.2, 9;
    %load/vec4 v0x7fb3bad7ab10_0;
    %and;
T_92.2;
    %flag_set/vec4 8;
    %jmp/0xz  T_92.0, 8;
    %load/vec4 v0x7fb3bad7a9f0_0;
    %parti/s 8, 0, 2;
    %pad/u 10;
    %ix/vec4 4;
    %load/vec4a v0x7fb3bad7b260, 4;
    %load/vec4 v0x7fb3bad7ad50_0;
    %inv;
    %and;
    %assign/vec4 v0x7fb3bad7ac30_0, 0;
T_92.0 ;
    %jmp T_92;
    .thread T_92;
    .scope S_0x7fb3bafa6300;
T_93 ;
    %wait E_0x7fb3bae9cd50;
    %pushi/vec4 0, 0, 32;
    %store/vec4 v0x7fb3bae9d500_0, 0, 32;
T_93.0 ; Top of for-loop 
    %load/vec4 v0x7fb3bae9d500_0;
    %cmpi/s 16383, 0, 32;
    %flag_or 5, 4;
    %jmp/0xz T_93.1, 5;
    %pushi/vec4 65535, 65535, 16;
    %ix/getv/s 4, v0x7fb3bae9d500_0;
    %store/vec4a v0x7fb3bae9d5b0, 4, 0;
T_93.2 ; for-loop step statement
    %load/vec4 v0x7fb3bae9d500_0;
    %addi 1, 0, 32;
    %store/vec4 v0x7fb3bae9d500_0, 0, 32;
    %jmp T_93.0;
T_93.1 ; for-loop exit label
    %jmp T_93;
    .thread T_93;
    .scope S_0x7fb3bafa6300;
T_94 ;
    %wait E_0x7fb3bae9ccf0;
    %load/vec4 v0x7fb3bae9d650_0;
    %flag_set/vec4 8;
    %jmp/0xz  T_94.0, 8;
    %pushi/vec4 0, 0, 16;
    %assign/vec4 v0x7fb3bae9d020_0, 0;
    %jmp T_94.1;
T_94.0 ;
    %load/vec4 v0x7fb3bae9d2c0_0;
    %flag_set/vec4 8;
    %jmp/0xz  T_94.2, 8;
    %pushi/vec4 65535, 65535, 16;
    %assign/vec4 v0x7fb3bae9d020_0, 0;
    %jmp T_94.3;
T_94.2 ;
    %load/vec4 v0x7fb3bae9ce60_0;
    %flag_set/vec4 8;
    %jmp/0xz  T_94.4, 8;
    %load/vec4 v0x7fb3bae9d3d0_0;
    %nor/r;
    %flag_set/vec4 8;
    %jmp/0xz  T_94.6, 8;
    %load/vec4 v0x7fb3bae9cda0_0;
    %pad/u 16;
    %ix/vec4 4;
    %load/vec4a v0x7fb3bae9d5b0, 4;
    %assign/vec4 v0x7fb3bae9d020_0, 0;
    %jmp T_94.7;
T_94.6 ;
    %load/vec4 v0x7fb3bae9d0d0_0;
    %parti/s 1, 0, 2;
    %flag_set/vec4 8;
    %jmp/0xz  T_94.8, 8;
    %load/vec4 v0x7fb3bae9cf90_0;
    %parti/s 4, 0, 2;
    %load/vec4 v0x7fb3bae9cda0_0;
    %pad/u 16;
    %ix/vec4 3;
    %ix/load 4, 0, 0; Constant delay
    %assign/vec4/a/d v0x7fb3bae9d5b0, 0, 4;
T_94.8 ;
    %load/vec4 v0x7fb3bae9d0d0_0;
    %parti/s 1, 1, 2;
    %flag_set/vec4 8;
    %jmp/0xz  T_94.10, 8;
    %load/vec4 v0x7fb3bae9cf90_0;
    %parti/s 4, 4, 4;
    %load/vec4 v0x7fb3bae9cda0_0;
    %pad/u 16;
    %ix/vec4 3;
    %ix/load 4, 4, 0; part off
    %ix/load 5, 0, 0; Constant delay
    %assign/vec4/a/d v0x7fb3bae9d5b0, 4, 5;
T_94.10 ;
    %load/vec4 v0x7fb3bae9d0d0_0;
    %parti/s 1, 2, 3;
    %flag_set/vec4 8;
    %jmp/0xz  T_94.12, 8;
    %load/vec4 v0x7fb3bae9cf90_0;
    %parti/s 4, 8, 5;
    %load/vec4 v0x7fb3bae9cda0_0;
    %pad/u 16;
    %ix/vec4 3;
    %ix/load 4, 8, 0; part off
    %ix/load 5, 0, 0; Constant delay
    %assign/vec4/a/d v0x7fb3bae9d5b0, 4, 5;
T_94.12 ;
    %load/vec4 v0x7fb3bae9d0d0_0;
    %parti/s 1, 3, 3;
    %flag_set/vec4 8;
    %jmp/0xz  T_94.14, 8;
    %load/vec4 v0x7fb3bae9cf90_0;
    %parti/s 4, 12, 5;
    %load/vec4 v0x7fb3bae9cda0_0;
    %pad/u 16;
    %ix/vec4 3;
    %ix/load 4, 12, 0; part off
    %ix/load 5, 0, 0; Constant delay
    %assign/vec4/a/d v0x7fb3bae9d5b0, 4, 5;
T_94.14 ;
    %pushi/vec4 65535, 65535, 16;
    %assign/vec4 v0x7fb3bae9d020_0, 0;
T_94.7 ;
T_94.4 ;
T_94.3 ;
T_94.1 ;
    %jmp T_94;
    .thread T_94;
    .scope S_0x7fb3bafa67d0;
T_95 ;
    %wait E_0x7fb3bae9da50;
    %load/vec4 v0x7fb3bae9e1c0_0;
    %cmpi/e 1, 0, 1;
    %jmp/0xz  T_95.0, 4;
    %pushi/vec4 0, 0, 24;
    %assign/vec4 v0x7fb3bae9db50_0, 0;
    %pushi/vec4 0, 0, 1;
    %assign/vec4 v0x7fb3bae9dd50_0, 0;
    %jmp T_95.1;
T_95.0 ;
    %load/vec4 v0x7fb3bae9db50_0;
    %cmpi/e 1500000, 0, 24;
    %jmp/0xz  T_95.2, 4;
    %load/vec4 v0x7fb3bae9dd50_0;
    %nor/r;
    %assign/vec4 v0x7fb3bae9dd50_0, 0;
    %pushi/vec4 0, 0, 24;
    %assign/vec4 v0x7fb3bae9db50_0, 0;
    %jmp T_95.3;
T_95.2 ;
    %load/vec4 v0x7fb3bae9db50_0;
    %addi 1, 0, 24;
    %assign/vec4 v0x7fb3bae9db50_0, 0;
T_95.3 ;
T_95.1 ;
    %jmp T_95;
    .thread T_95;
    .scope S_0x7fb3bafa67d0;
T_96 ;
    %wait E_0x7fb3bae9d9f0;
    %load/vec4 v0x7fb3bae9e1c0_0;
    %cmpi/e 1, 0, 1;
    %jmp/0xz  T_96.0, 4;
    %pushi/vec4 1, 0, 2;
    %assign/vec4 v0x7fb3bae9e260_0, 0;
    %pushi/vec4 0, 0, 4;
    %assign/vec4 v0x7fb3bae9ded0_0, 0;
    %pushi/vec4 0, 0, 1;
    %assign/vec4 v0x7fb3bae9dcb0_0, 0;
    %jmp T_96.1;
T_96.0 ;
    %load/vec4 v0x7fb3bae9dc00_0;
    %assign/vec4 v0x7fb3bae9dcb0_0, 0;
    %load/vec4 v0x7fb3bae9e260_0;
    %dup/vec4;
    %pushi/vec4 1, 0, 2;
    %cmp/u;
    %jmp/1 T_96.2, 6;
    %dup/vec4;
    %pushi/vec4 2, 0, 2;
    %cmp/u;
    %jmp/1 T_96.3, 6;
    %pushi/vec4 1, 0, 2;
    %assign/vec4 v0x7fb3bae9e260_0, 0;
    %jmp T_96.5;
T_96.2 ;
    %load/vec4 v0x7fb3bae9de30_0;
    %cmpi/e 1, 0, 1;
    %jmp/0xz  T_96.6, 4;
    %pushi/vec4 0, 0, 4;
    %assign/vec4 v0x7fb3bae9ded0_0, 0;
    %pushi/vec4 2, 0, 2;
    %assign/vec4 v0x7fb3bae9e260_0, 0;
T_96.6 ;
    %jmp T_96.5;
T_96.3 ;
    %load/vec4 v0x7fb3bae9dcb0_0;
    %cmpi/e 0, 0, 1;
    %flag_get/vec4 4;
    %jmp/0 T_96.10, 4;
    %load/vec4 v0x7fb3bae9dc00_0;
    %pushi/vec4 1, 0, 1;
    %cmp/e;
    %flag_get/vec4 4;
    %and;
T_96.10;
    %flag_set/vec4 8;
    %jmp/0xz  T_96.8, 8;
    %load/vec4 v0x7fb3bae9ded0_0;
    %cmpi/e 15, 0, 4;
    %jmp/0xz  T_96.11, 4;
    %pushi/vec4 1, 0, 2;
    %assign/vec4 v0x7fb3bae9e260_0, 0;
    %jmp T_96.12;
T_96.11 ;
    %load/vec4 v0x7fb3bae9ded0_0;
    %addi 1, 0, 4;
    %assign/vec4 v0x7fb3bae9ded0_0, 0;
T_96.12 ;
T_96.8 ;
    %jmp T_96.5;
T_96.5 ;
    %pop/vec4 1;
T_96.1 ;
    %jmp T_96;
    .thread T_96;
# The file index is used to find the file name in the following table.
:file_names 4;
    "N/A";
    "<interactive>";
    "/Users/chimdileeze/.apio/packages/tools-oss-cad-suite/share/yosys/ice40/cells_sim.v";
    "button_debounce.v";
