#! /Users/chimdileeze/.apio/packages/tools-oss-cad-suite/bin/vvp
:ivl_version "13.0 (devel)" "(s20221226-321-gd22bb3d25)";
:ivl_delay_selection "TYPICAL";
:vpi_time_precision - 12;
:vpi_module "/Users/chimdileeze/.apio/packages/tools-oss-cad-suite/lib/ivl/system.vpi";
:vpi_module "/Users/chimdileeze/.apio/packages/tools-oss-cad-suite/lib/ivl/vhdl_sys.vpi";
:vpi_module "/Users/chimdileeze/.apio/packages/tools-oss-cad-suite/lib/ivl/vhdl_textio.vpi";
:vpi_module "/Users/chimdileeze/.apio/packages/tools-oss-cad-suite/lib/ivl/v2005_math.vpi";
:vpi_module "/Users/chimdileeze/.apio/packages/tools-oss-cad-suite/lib/ivl/va_math.vpi";
S_0x7f89094aac80 .scope module, "ICESTORM_LC" "ICESTORM_LC" 2 2136;
 .timescale -12 -12;
    .port_info 0 /INPUT 1 "I0";
    .port_info 1 /INPUT 1 "I1";
    .port_info 2 /INPUT 1 "I2";
    .port_info 3 /INPUT 1 "I3";
    .port_info 4 /INPUT 1 "CIN";
    .port_info 5 /INPUT 1 "CLK";
    .port_info 6 /INPUT 1 "CEN";
    .port_info 7 /INPUT 1 "SR";
    .port_info 8 /OUTPUT 1 "LO";
    .port_info 9 /OUTPUT 1 "O";
    .port_info 10 /OUTPUT 1 "COUT";
P_0x7f8909430b40 .param/l "ASYNC_SR" 0 2 2148, C4<0>;
P_0x7f8909430b80 .param/l "CARRY_ENABLE" 0 2 2145, C4<0>;
P_0x7f8909430bc0 .param/l "CIN_CONST" 0 2 2150, C4<0>;
P_0x7f8909430c00 .param/l "CIN_SET" 0 2 2151, C4<0>;
P_0x7f8909430c40 .param/l "DFF_ENABLE" 0 2 2146, C4<0>;
P_0x7f8909430c80 .param/l "LUT_INIT" 0 2 2142, C4<0000000000000000>;
P_0x7f8909430cc0 .param/l "NEG_CLK" 0 2 2144, C4<0>;
P_0x7f8909430d00 .param/l "SET_NORESET" 0 2 2147, C4<0>;
o0x7f890a842068 .functor BUFZ 1, C4<z>; HiZ drive
L_0x7f890a932090 .functor BUFZ 1, o0x7f890a842068, C4<0>, C4<0>, C4<0>;
L_0x7f890a932c10 .functor BUFZ 1, L_0x7f890a9328c0, C4<0>, C4<0>, C4<0>;
o0x7f890a842098 .functor BUFZ 1, C4<z>; HiZ drive
L_0x7f890a873290 .functor BUFT 1, C4<0>, C4<0>, C4<0>, C4<0>;
L_0x7f890a932cc0 .functor XOR 1, o0x7f890a842098, L_0x7f890a873290, C4<0>, C4<0>;
L_0x7f890a932d70 .functor BUFZ 1, L_0x7f890a9328c0, C4<0>, C4<0>, C4<0>;
o0x7f890a842008 .functor BUFZ 1, C4<z>; HiZ drive
v0x7f89094eadb0_0 .net "CEN", 0 0, o0x7f890a842008;  0 drivers
v0x7f89094f9090_0 .net "CEN_pu", 0 0, L_0x7f890a931f30;  1 drivers
v0x7f89094f9130_0 .net "CIN", 0 0, o0x7f890a842068;  0 drivers
v0x7f89094f91c0_0 .net "CLK", 0 0, o0x7f890a842098;  0 drivers
L_0x7f890a8731b8 .functor BUFT 1, C4<x>, C4<0>, C4<0>, C4<0>;
v0x7f89094f9260_0 .net "COUT", 0 0, L_0x7f890a8731b8;  1 drivers
o0x7f890a8420f8 .functor BUFZ 1, C4<z>; HiZ drive
v0x7f89094f9340_0 .net "I0", 0 0, o0x7f890a8420f8;  0 drivers
v0x7f89094f93e0_0 .net "I0_pd", 0 0, L_0x7f890a931310;  1 drivers
o0x7f890a842158 .functor BUFZ 1, C4<z>; HiZ drive
v0x7f89094f9480_0 .net "I1", 0 0, o0x7f890a842158;  0 drivers
v0x7f89094f9520_0 .net "I1_pd", 0 0, L_0x7f890a931550;  1 drivers
o0x7f890a8421b8 .functor BUFZ 1, C4<z>; HiZ drive
v0x7f89094f9630_0 .net "I2", 0 0, o0x7f890a8421b8;  0 drivers
v0x7f89094f96c0_0 .net "I2_pd", 0 0, L_0x7f890a9317c0;  1 drivers
o0x7f890a842218 .functor BUFZ 1, C4<z>; HiZ drive
v0x7f89094f9760_0 .net "I3", 0 0, o0x7f890a842218;  0 drivers
v0x7f89094f9800_0 .net "I3_pd", 0 0, L_0x7f890a931a40;  1 drivers
v0x7f89094f98a0_0 .net "LO", 0 0, L_0x7f890a932c10;  1 drivers
v0x7f89094f9940_0 .net "O", 0 0, L_0x7f890a932d70;  1 drivers
o0x7f890a8422d8 .functor BUFZ 1, C4<z>; HiZ drive
v0x7f89094f99e0_0 .net "SR", 0 0, o0x7f890a8422d8;  0 drivers
v0x7f89094f9a80_0 .net "SR_pd", 0 0, L_0x7f890a931cb0;  1 drivers
o0x7f890a842338 .functor BUFZ 1, C4<z>; HiZ drive
; Elide local net with no drivers, v0x7f89094f9c10_0 name=_ivl_0
v0x7f89094f9ca0_0 .net *"_ivl_10", 0 0, L_0x7f890a931490;  1 drivers
L_0x7f890a873050 .functor BUFT 1, C4<0>, C4<0>, C4<0>, C4<0>;
v0x7f89094f9d30_0 .net/2u *"_ivl_12", 0 0, L_0x7f890a873050;  1 drivers
o0x7f890a8423c8 .functor BUFZ 1, C4<z>; HiZ drive
; Elide local net with no drivers, v0x7f89094f9de0_0 name=_ivl_16
v0x7f89094f9e90_0 .net *"_ivl_18", 0 0, L_0x7f890a9316d0;  1 drivers
v0x7f89094f9f30_0 .net *"_ivl_2", 0 0, L_0x7f890a931210;  1 drivers
L_0x7f890a873098 .functor BUFT 1, C4<0>, C4<0>, C4<0>, C4<0>;
v0x7f89094f9fd0_0 .net/2u *"_ivl_20", 0 0, L_0x7f890a873098;  1 drivers
o0x7f890a842488 .functor BUFZ 1, C4<z>; HiZ drive
; Elide local net with no drivers, v0x7f89094fa080_0 name=_ivl_24
v0x7f89094fa130_0 .net *"_ivl_26", 0 0, L_0x7f890a931940;  1 drivers
L_0x7f890a8730e0 .functor BUFT 1, C4<0>, C4<0>, C4<0>, C4<0>;
v0x7f89094fa1d0_0 .net/2u *"_ivl_28", 0 0, L_0x7f890a8730e0;  1 drivers
o0x7f890a842518 .functor BUFZ 1, C4<z>; HiZ drive
; Elide local net with no drivers, v0x7f89094fa280_0 name=_ivl_32
v0x7f89094fa330_0 .net *"_ivl_34", 0 0, L_0x7f890a931ba0;  1 drivers
L_0x7f890a873128 .functor BUFT 1, C4<0>, C4<0>, C4<0>, C4<0>;
v0x7f89094fa3d0_0 .net/2u *"_ivl_36", 0 0, L_0x7f890a873128;  1 drivers
L_0x7f890a873008 .functor BUFT 1, C4<0>, C4<0>, C4<0>, C4<0>;
v0x7f89094fa480_0 .net/2u *"_ivl_4", 0 0, L_0x7f890a873008;  1 drivers
o0x7f890a8425d8 .functor BUFZ 1, C4<z>; HiZ drive
; Elide local net with no drivers, v0x7f89094fa530_0 name=_ivl_40
v0x7f89094fa5e0_0 .net *"_ivl_42", 0 0, L_0x7f890a931e10;  1 drivers
L_0x7f890a873170 .functor BUFT 1, C4<1>, C4<0>, C4<0>, C4<0>;
v0x7f89094f9b20_0 .net/2u *"_ivl_44", 0 0, L_0x7f890a873170;  1 drivers
L_0x7f890a873200 .functor BUFT 1, C4<00000000>, C4<0>, C4<0>, C4<0>;
v0x7f89094fa870_0 .net/2u *"_ivl_52", 7 0, L_0x7f890a873200;  1 drivers
L_0x7f890a873248 .functor BUFT 1, C4<00000000>, C4<0>, C4<0>, C4<0>;
v0x7f89094fa900_0 .net/2u *"_ivl_54", 7 0, L_0x7f890a873248;  1 drivers
v0x7f89094fa990_0 .net *"_ivl_59", 3 0, L_0x7f890a932330;  1 drivers
v0x7f89094faa40_0 .net *"_ivl_61", 3 0, L_0x7f890a932410;  1 drivers
v0x7f89094faaf0_0 .net *"_ivl_65", 1 0, L_0x7f890a932650;  1 drivers
v0x7f89094faba0_0 .net *"_ivl_67", 1 0, L_0x7f890a932780;  1 drivers
v0x7f89094fac50_0 .net *"_ivl_71", 0 0, L_0x7f890a932960;  1 drivers
v0x7f89094fad00_0 .net *"_ivl_73", 0 0, L_0x7f890a932a00;  1 drivers
v0x7f89094fadb0_0 .net/2u *"_ivl_78", 0 0, L_0x7f890a873290;  1 drivers
o0x7f890a842818 .functor BUFZ 1, C4<z>; HiZ drive
; Elide local net with no drivers, v0x7f89094fae60_0 name=_ivl_8
v0x7f89094faf10_0 .net "lut_o", 0 0, L_0x7f890a9328c0;  1 drivers
v0x7f89094fafb0_0 .net "lut_s1", 1 0, L_0x7f890a932820;  1 drivers
v0x7f89094fb060_0 .net "lut_s2", 3 0, L_0x7f890a932530;  1 drivers
v0x7f89094fb110_0 .net "lut_s3", 7 0, L_0x7f890a9321a0;  1 drivers
v0x7f89094fb1c0_0 .net "mux_cin", 0 0, L_0x7f890a932090;  1 drivers
v0x7f89094fb260_0 .var "o_reg", 0 0;
v0x7f89094fb300_0 .var "o_reg_async", 0 0;
v0x7f89094fb3a0_0 .net "polarized_clk", 0 0, L_0x7f890a932cc0;  1 drivers
E_0x7f89094ead30 .event posedge, v0x7f89094f9a80_0, v0x7f89094fb3a0_0;
E_0x7f89094ead70 .event posedge, v0x7f89094fb3a0_0;
L_0x7f890a931210 .cmp/eeq 1, o0x7f890a8420f8, o0x7f890a842338;
L_0x7f890a931310 .functor MUXZ 1, o0x7f890a8420f8, L_0x7f890a873008, L_0x7f890a931210, C4<>;
L_0x7f890a931490 .cmp/eeq 1, o0x7f890a842158, o0x7f890a842818;
L_0x7f890a931550 .functor MUXZ 1, o0x7f890a842158, L_0x7f890a873050, L_0x7f890a931490, C4<>;
L_0x7f890a9316d0 .cmp/eeq 1, o0x7f890a8421b8, o0x7f890a8423c8;
L_0x7f890a9317c0 .functor MUXZ 1, o0x7f890a8421b8, L_0x7f890a873098, L_0x7f890a9316d0, C4<>;
L_0x7f890a931940 .cmp/eeq 1, o0x7f890a842218, o0x7f890a842488;
L_0x7f890a931a40 .functor MUXZ 1, o0x7f890a842218, L_0x7f890a8730e0, L_0x7f890a931940, C4<>;
L_0x7f890a931ba0 .cmp/eeq 1, o0x7f890a8422d8, o0x7f890a842518;
L_0x7f890a931cb0 .functor MUXZ 1, o0x7f890a8422d8, L_0x7f890a873128, L_0x7f890a931ba0, C4<>;
L_0x7f890a931e10 .cmp/eeq 1, o0x7f890a842008, o0x7f890a8425d8;
L_0x7f890a931f30 .functor MUXZ 1, o0x7f890a842008, L_0x7f890a873170, L_0x7f890a931e10, C4<>;
L_0x7f890a9321a0 .functor MUXZ 8, L_0x7f890a873248, L_0x7f890a873200, L_0x7f890a931a40, C4<>;
L_0x7f890a932330 .part L_0x7f890a9321a0, 4, 4;
L_0x7f890a932410 .part L_0x7f890a9321a0, 0, 4;
L_0x7f890a932530 .functor MUXZ 4, L_0x7f890a932410, L_0x7f890a932330, L_0x7f890a9317c0, C4<>;
L_0x7f890a932650 .part L_0x7f890a932530, 2, 2;
L_0x7f890a932780 .part L_0x7f890a932530, 0, 2;
L_0x7f890a932820 .functor MUXZ 2, L_0x7f890a932780, L_0x7f890a932650, L_0x7f890a931550, C4<>;
L_0x7f890a932960 .part L_0x7f890a932820, 1, 1;
L_0x7f890a932a00 .part L_0x7f890a932820, 0, 1;
L_0x7f890a9328c0 .functor MUXZ 1, L_0x7f890a932a00, L_0x7f890a932960, L_0x7f890a931310, C4<>;
S_0x7f89094a4ab0 .scope module, "ICESTORM_RAM" "ICESTORM_RAM" 2 3167;
 .timescale -12 -12;
    .port_info 0 /OUTPUT 1 "RDATA_15";
    .port_info 1 /OUTPUT 1 "RDATA_14";
    .port_info 2 /OUTPUT 1 "RDATA_13";
    .port_info 3 /OUTPUT 1 "RDATA_12";
    .port_info 4 /OUTPUT 1 "RDATA_11";
    .port_info 5 /OUTPUT 1 "RDATA_10";
    .port_info 6 /OUTPUT 1 "RDATA_9";
    .port_info 7 /OUTPUT 1 "RDATA_8";
    .port_info 8 /OUTPUT 1 "RDATA_7";
    .port_info 9 /OUTPUT 1 "RDATA_6";
    .port_info 10 /OUTPUT 1 "RDATA_5";
    .port_info 11 /OUTPUT 1 "RDATA_4";
    .port_info 12 /OUTPUT 1 "RDATA_3";
    .port_info 13 /OUTPUT 1 "RDATA_2";
    .port_info 14 /OUTPUT 1 "RDATA_1";
    .port_info 15 /OUTPUT 1 "RDATA_0";
    .port_info 16 /INPUT 1 "RCLK";
    .port_info 17 /INPUT 1 "RCLKE";
    .port_info 18 /INPUT 1 "RE";
    .port_info 19 /INPUT 1 "RADDR_10";
    .port_info 20 /INPUT 1 "RADDR_9";
    .port_info 21 /INPUT 1 "RADDR_8";
    .port_info 22 /INPUT 1 "RADDR_7";
    .port_info 23 /INPUT 1 "RADDR_6";
    .port_info 24 /INPUT 1 "RADDR_5";
    .port_info 25 /INPUT 1 "RADDR_4";
    .port_info 26 /INPUT 1 "RADDR_3";
    .port_info 27 /INPUT 1 "RADDR_2";
    .port_info 28 /INPUT 1 "RADDR_1";
    .port_info 29 /INPUT 1 "RADDR_0";
    .port_info 30 /INPUT 1 "WCLK";
    .port_info 31 /INPUT 1 "WCLKE";
    .port_info 32 /INPUT 1 "WE";
    .port_info 33 /INPUT 1 "WADDR_10";
    .port_info 34 /INPUT 1 "WADDR_9";
    .port_info 35 /INPUT 1 "WADDR_8";
    .port_info 36 /INPUT 1 "WADDR_7";
    .port_info 37 /INPUT 1 "WADDR_6";
    .port_info 38 /INPUT 1 "WADDR_5";
    .port_info 39 /INPUT 1 "WADDR_4";
    .port_info 40 /INPUT 1 "WADDR_3";
    .port_info 41 /INPUT 1 "WADDR_2";
    .port_info 42 /INPUT 1 "WADDR_1";
    .port_info 43 /INPUT 1 "WADDR_0";
    .port_info 44 /INPUT 1 "MASK_15";
    .port_info 45 /INPUT 1 "MASK_14";
    .port_info 46 /INPUT 1 "MASK_13";
    .port_info 47 /INPUT 1 "MASK_12";
    .port_info 48 /INPUT 1 "MASK_11";
    .port_info 49 /INPUT 1 "MASK_10";
    .port_info 50 /INPUT 1 "MASK_9";
    .port_info 51 /INPUT 1 "MASK_8";
    .port_info 52 /INPUT 1 "MASK_7";
    .port_info 53 /INPUT 1 "MASK_6";
    .port_info 54 /INPUT 1 "MASK_5";
    .port_info 55 /INPUT 1 "MASK_4";
    .port_info 56 /INPUT 1 "MASK_3";
    .port_info 57 /INPUT 1 "MASK_2";
    .port_info 58 /INPUT 1 "MASK_1";
    .port_info 59 /INPUT 1 "MASK_0";
    .port_info 60 /INPUT 1 "WDATA_15";
    .port_info 61 /INPUT 1 "WDATA_14";
    .port_info 62 /INPUT 1 "WDATA_13";
    .port_info 63 /INPUT 1 "WDATA_12";
    .port_info 64 /INPUT 1 "WDATA_11";
    .port_info 65 /INPUT 1 "WDATA_10";
    .port_info 66 /INPUT 1 "WDATA_9";
    .port_info 67 /INPUT 1 "WDATA_8";
    .port_info 68 /INPUT 1 "WDATA_7";
    .port_info 69 /INPUT 1 "WDATA_6";
    .port_info 70 /INPUT 1 "WDATA_5";
    .port_info 71 /INPUT 1 "WDATA_4";
    .port_info 72 /INPUT 1 "WDATA_3";
    .port_info 73 /INPUT 1 "WDATA_2";
    .port_info 74 /INPUT 1 "WDATA_1";
    .port_info 75 /INPUT 1 "WDATA_0";
P_0x7f890981fa00 .param/l "INIT_0" 0 2 3182, C4<0000000000000000000000000000000000000000000000000000000000000000000000000000000000000000000000000000000000000000000000000000000000000000000000000000000000000000000000000000000000000000000000000000000000000000000000000000000000000000000000000000000000000000>;
P_0x7f890981fa40 .param/l "INIT_1" 0 2 3183, C4<0000000000000000000000000000000000000000000000000000000000000000000000000000000000000000000000000000000000000000000000000000000000000000000000000000000000000000000000000000000000000000000000000000000000000000000000000000000000000000000000000000000000000000>;
P_0x7f890981fa80 .param/l "INIT_2" 0 2 3184, C4<0000000000000000000000000000000000000000000000000000000000000000000000000000000000000000000000000000000000000000000000000000000000000000000000000000000000000000000000000000000000000000000000000000000000000000000000000000000000000000000000000000000000000000>;
P_0x7f890981fac0 .param/l "INIT_3" 0 2 3185, C4<0000000000000000000000000000000000000000000000000000000000000000000000000000000000000000000000000000000000000000000000000000000000000000000000000000000000000000000000000000000000000000000000000000000000000000000000000000000000000000000000000000000000000000>;
P_0x7f890981fb00 .param/l "INIT_4" 0 2 3186, C4<0000000000000000000000000000000000000000000000000000000000000000000000000000000000000000000000000000000000000000000000000000000000000000000000000000000000000000000000000000000000000000000000000000000000000000000000000000000000000000000000000000000000000000>;
P_0x7f890981fb40 .param/l "INIT_5" 0 2 3187, C4<0000000000000000000000000000000000000000000000000000000000000000000000000000000000000000000000000000000000000000000000000000000000000000000000000000000000000000000000000000000000000000000000000000000000000000000000000000000000000000000000000000000000000000>;
P_0x7f890981fb80 .param/l "INIT_6" 0 2 3188, C4<0000000000000000000000000000000000000000000000000000000000000000000000000000000000000000000000000000000000000000000000000000000000000000000000000000000000000000000000000000000000000000000000000000000000000000000000000000000000000000000000000000000000000000>;
P_0x7f890981fbc0 .param/l "INIT_7" 0 2 3189, C4<0000000000000000000000000000000000000000000000000000000000000000000000000000000000000000000000000000000000000000000000000000000000000000000000000000000000000000000000000000000000000000000000000000000000000000000000000000000000000000000000000000000000000000>;
P_0x7f890981fc00 .param/l "INIT_8" 0 2 3190, C4<0000000000000000000000000000000000000000000000000000000000000000000000000000000000000000000000000000000000000000000000000000000000000000000000000000000000000000000000000000000000000000000000000000000000000000000000000000000000000000000000000000000000000000>;
P_0x7f890981fc40 .param/l "INIT_9" 0 2 3191, C4<0000000000000000000000000000000000000000000000000000000000000000000000000000000000000000000000000000000000000000000000000000000000000000000000000000000000000000000000000000000000000000000000000000000000000000000000000000000000000000000000000000000000000000>;
P_0x7f890981fc80 .param/l "INIT_A" 0 2 3192, C4<0000000000000000000000000000000000000000000000000000000000000000000000000000000000000000000000000000000000000000000000000000000000000000000000000000000000000000000000000000000000000000000000000000000000000000000000000000000000000000000000000000000000000000>;
P_0x7f890981fcc0 .param/l "INIT_B" 0 2 3193, C4<0000000000000000000000000000000000000000000000000000000000000000000000000000000000000000000000000000000000000000000000000000000000000000000000000000000000000000000000000000000000000000000000000000000000000000000000000000000000000000000000000000000000000000>;
P_0x7f890981fd00 .param/l "INIT_C" 0 2 3194, C4<0000000000000000000000000000000000000000000000000000000000000000000000000000000000000000000000000000000000000000000000000000000000000000000000000000000000000000000000000000000000000000000000000000000000000000000000000000000000000000000000000000000000000000>;
P_0x7f890981fd40 .param/l "INIT_D" 0 2 3195, C4<0000000000000000000000000000000000000000000000000000000000000000000000000000000000000000000000000000000000000000000000000000000000000000000000000000000000000000000000000000000000000000000000000000000000000000000000000000000000000000000000000000000000000000>;
P_0x7f890981fd80 .param/l "INIT_E" 0 2 3196, C4<0000000000000000000000000000000000000000000000000000000000000000000000000000000000000000000000000000000000000000000000000000000000000000000000000000000000000000000000000000000000000000000000000000000000000000000000000000000000000000000000000000000000000000>;
P_0x7f890981fdc0 .param/l "INIT_F" 0 2 3197, C4<0000000000000000000000000000000000000000000000000000000000000000000000000000000000000000000000000000000000000000000000000000000000000000000000000000000000000000000000000000000000000000000000000000000000000000000000000000000000000000000000000000000000000000>;
P_0x7f890981fe00 .param/l "NEG_CLK_R" 0 2 3179, C4<0>;
P_0x7f890981fe40 .param/l "NEG_CLK_W" 0 2 3180, C4<0>;
P_0x7f890981fe80 .param/l "READ_MODE" 0 2 3177, +C4<00000000000000000000000000000000>;
P_0x7f890981fec0 .param/l "WRITE_MODE" 0 2 3176, +C4<00000000000000000000000000000000>;
L_0x7f890a873320 .functor BUFT 1, C4<0>, C4<0>, C4<0>, C4<0>;
L_0x7f890a933a90 .functor XOR 1, L_0x7f890a933ee0, L_0x7f890a873320, C4<0>, C4<0>;
L_0x7f890a873368 .functor BUFT 1, C4<0>, C4<0>, C4<0>, C4<0>;
L_0x7f890a934ac0 .functor XOR 1, L_0x7f890a935050, L_0x7f890a873368, C4<0>, C4<0>;
o0x7f890a8431a8 .functor BUFZ 1, C4<z>; HiZ drive
v0x7f89094fe800_0 .net "MASK_0", 0 0, o0x7f890a8431a8;  0 drivers
o0x7f890a8431d8 .functor BUFZ 1, C4<z>; HiZ drive
v0x7f89094fe8b0_0 .net "MASK_1", 0 0, o0x7f890a8431d8;  0 drivers
o0x7f890a843208 .functor BUFZ 1, C4<z>; HiZ drive
v0x7f89094fe950_0 .net "MASK_10", 0 0, o0x7f890a843208;  0 drivers
o0x7f890a843238 .functor BUFZ 1, C4<z>; HiZ drive
v0x7f89094fea00_0 .net "MASK_11", 0 0, o0x7f890a843238;  0 drivers
o0x7f890a843268 .functor BUFZ 1, C4<z>; HiZ drive
v0x7f89094feaa0_0 .net "MASK_12", 0 0, o0x7f890a843268;  0 drivers
o0x7f890a843298 .functor BUFZ 1, C4<z>; HiZ drive
v0x7f89094feb80_0 .net "MASK_13", 0 0, o0x7f890a843298;  0 drivers
o0x7f890a8432c8 .functor BUFZ 1, C4<z>; HiZ drive
v0x7f89094fec20_0 .net "MASK_14", 0 0, o0x7f890a8432c8;  0 drivers
o0x7f890a8432f8 .functor BUFZ 1, C4<z>; HiZ drive
v0x7f89094fecc0_0 .net "MASK_15", 0 0, o0x7f890a8432f8;  0 drivers
o0x7f890a843328 .functor BUFZ 1, C4<z>; HiZ drive
v0x7f89094fed60_0 .net "MASK_2", 0 0, o0x7f890a843328;  0 drivers
o0x7f890a843358 .functor BUFZ 1, C4<z>; HiZ drive
v0x7f89094fee70_0 .net "MASK_3", 0 0, o0x7f890a843358;  0 drivers
o0x7f890a843388 .functor BUFZ 1, C4<z>; HiZ drive
v0x7f89094fef00_0 .net "MASK_4", 0 0, o0x7f890a843388;  0 drivers
o0x7f890a8433b8 .functor BUFZ 1, C4<z>; HiZ drive
v0x7f89094fefa0_0 .net "MASK_5", 0 0, o0x7f890a8433b8;  0 drivers
o0x7f890a8433e8 .functor BUFZ 1, C4<z>; HiZ drive
v0x7f89094ff040_0 .net "MASK_6", 0 0, o0x7f890a8433e8;  0 drivers
o0x7f890a843418 .functor BUFZ 1, C4<z>; HiZ drive
v0x7f89094ff0e0_0 .net "MASK_7", 0 0, o0x7f890a843418;  0 drivers
o0x7f890a843448 .functor BUFZ 1, C4<z>; HiZ drive
v0x7f89094ff180_0 .net "MASK_8", 0 0, o0x7f890a843448;  0 drivers
o0x7f890a843478 .functor BUFZ 1, C4<z>; HiZ drive
v0x7f89094ff220_0 .net "MASK_9", 0 0, o0x7f890a843478;  0 drivers
o0x7f890a8434a8 .functor BUFZ 1, C4<z>; HiZ drive
v0x7f89094ff2c0_0 .net "RADDR_0", 0 0, o0x7f890a8434a8;  0 drivers
o0x7f890a8434d8 .functor BUFZ 1, C4<z>; HiZ drive
v0x7f89094ff450_0 .net "RADDR_1", 0 0, o0x7f890a8434d8;  0 drivers
o0x7f890a843508 .functor BUFZ 1, C4<z>; HiZ drive
v0x7f89094ff4e0_0 .net "RADDR_10", 0 0, o0x7f890a843508;  0 drivers
o0x7f890a843538 .functor BUFZ 1, C4<z>; HiZ drive
v0x7f89094ff570_0 .net "RADDR_2", 0 0, o0x7f890a843538;  0 drivers
o0x7f890a843568 .functor BUFZ 1, C4<z>; HiZ drive
v0x7f89094ff600_0 .net "RADDR_3", 0 0, o0x7f890a843568;  0 drivers
o0x7f890a843598 .functor BUFZ 1, C4<z>; HiZ drive
v0x7f89094ff6a0_0 .net "RADDR_4", 0 0, o0x7f890a843598;  0 drivers
o0x7f890a8435c8 .functor BUFZ 1, C4<z>; HiZ drive
v0x7f89094ff740_0 .net "RADDR_5", 0 0, o0x7f890a8435c8;  0 drivers
o0x7f890a8435f8 .functor BUFZ 1, C4<z>; HiZ drive
v0x7f89094ff7e0_0 .net "RADDR_6", 0 0, o0x7f890a8435f8;  0 drivers
o0x7f890a843628 .functor BUFZ 1, C4<z>; HiZ drive
v0x7f89094ff880_0 .net "RADDR_7", 0 0, o0x7f890a843628;  0 drivers
o0x7f890a843658 .functor BUFZ 1, C4<z>; HiZ drive
v0x7f89094ff920_0 .net "RADDR_8", 0 0, o0x7f890a843658;  0 drivers
o0x7f890a843688 .functor BUFZ 1, C4<z>; HiZ drive
v0x7f89094ff9c0_0 .net "RADDR_9", 0 0, o0x7f890a843688;  0 drivers
o0x7f890a8436b8 .functor BUFZ 1, C4<z>; HiZ drive
v0x7f89094ffa60_0 .net "RCLK", 0 0, o0x7f890a8436b8;  0 drivers
o0x7f890a8436e8 .functor BUFZ 1, C4<z>; HiZ drive
v0x7f89094ffb00_0 .net "RCLKE", 0 0, o0x7f890a8436e8;  0 drivers
v0x7f89094ffba0_0 .net "RDATA_0", 0 0, L_0x7f890a933e40;  1 drivers
v0x7f89094ffc40_0 .net "RDATA_1", 0 0, L_0x7f890a933ba0;  1 drivers
v0x7f89094ffce0_0 .net "RDATA_10", 0 0, L_0x7f890a933410;  1 drivers
v0x7f89094ffd80_0 .net "RDATA_11", 0 0, L_0x7f890a933370;  1 drivers
v0x7f89094ff360_0 .net "RDATA_12", 0 0, L_0x7f890a9332d0;  1 drivers
v0x7f89094ffe10_0 .net "RDATA_13", 0 0, L_0x7f890a933190;  1 drivers
v0x7f89094ffea0_0 .net "RDATA_14", 0 0, L_0x7f890a9330f0;  1 drivers
v0x7f89094fff30_0 .net "RDATA_15", 0 0, L_0x7f890a932ff0;  1 drivers
v0x7f890a904280_0 .net "RDATA_2", 0 0, L_0x7f890a933b00;  1 drivers
v0x7f890a904310_0 .net "RDATA_3", 0 0, L_0x7f890a9339f0;  1 drivers
v0x7f890a9043a0_0 .net "RDATA_4", 0 0, L_0x7f890a933950;  1 drivers
v0x7f890a904430_0 .net "RDATA_5", 0 0, L_0x7f890a9338b0;  1 drivers
v0x7f890a9044c0_0 .net "RDATA_6", 0 0, L_0x7f890a933810;  1 drivers
v0x7f890a904550_0 .net "RDATA_7", 0 0, L_0x7f890a933770;  1 drivers
v0x7f890a9045e0_0 .net "RDATA_8", 0 0, L_0x7f890a9336d0;  1 drivers
v0x7f890a904680_0 .net "RDATA_9", 0 0, L_0x7f890a9334d0;  1 drivers
o0x7f890a843a18 .functor BUFZ 1, C4<z>; HiZ drive
v0x7f890a904720_0 .net "RE", 0 0, o0x7f890a843a18;  0 drivers
o0x7f890a843a48 .functor BUFZ 1, C4<z>; HiZ drive
v0x7f890a9047c0_0 .net "WADDR_0", 0 0, o0x7f890a843a48;  0 drivers
o0x7f890a843a78 .functor BUFZ 1, C4<z>; HiZ drive
v0x7f890a904860_0 .net "WADDR_1", 0 0, o0x7f890a843a78;  0 drivers
o0x7f890a843aa8 .functor BUFZ 1, C4<z>; HiZ drive
v0x7f890a904900_0 .net "WADDR_10", 0 0, o0x7f890a843aa8;  0 drivers
o0x7f890a843ad8 .functor BUFZ 1, C4<z>; HiZ drive
v0x7f890a9049a0_0 .net "WADDR_2", 0 0, o0x7f890a843ad8;  0 drivers
o0x7f890a843b08 .functor BUFZ 1, C4<z>; HiZ drive
v0x7f890a904a40_0 .net "WADDR_3", 0 0, o0x7f890a843b08;  0 drivers
o0x7f890a843b38 .functor BUFZ 1, C4<z>; HiZ drive
v0x7f890a904ae0_0 .net "WADDR_4", 0 0, o0x7f890a843b38;  0 drivers
o0x7f890a843b68 .functor BUFZ 1, C4<z>; HiZ drive
v0x7f890a904b80_0 .net "WADDR_5", 0 0, o0x7f890a843b68;  0 drivers
o0x7f890a843b98 .functor BUFZ 1, C4<z>; HiZ drive
v0x7f890a904c20_0 .net "WADDR_6", 0 0, o0x7f890a843b98;  0 drivers
o0x7f890a843bc8 .functor BUFZ 1, C4<z>; HiZ drive
v0x7f890a904cc0_0 .net "WADDR_7", 0 0, o0x7f890a843bc8;  0 drivers
o0x7f890a843bf8 .functor BUFZ 1, C4<z>; HiZ drive
v0x7f890a904d60_0 .net "WADDR_8", 0 0, o0x7f890a843bf8;  0 drivers
o0x7f890a843c28 .functor BUFZ 1, C4<z>; HiZ drive
v0x7f890a904e00_0 .net "WADDR_9", 0 0, o0x7f890a843c28;  0 drivers
o0x7f890a843c58 .functor BUFZ 1, C4<z>; HiZ drive
v0x7f890a904ea0_0 .net "WCLK", 0 0, o0x7f890a843c58;  0 drivers
o0x7f890a843c88 .functor BUFZ 1, C4<z>; HiZ drive
v0x7f890a904f40_0 .net "WCLKE", 0 0, o0x7f890a843c88;  0 drivers
o0x7f890a843cb8 .functor BUFZ 1, C4<z>; HiZ drive
v0x7f890a904fe0_0 .net "WDATA_0", 0 0, o0x7f890a843cb8;  0 drivers
o0x7f890a843ce8 .functor BUFZ 1, C4<z>; HiZ drive
v0x7f890a905080_0 .net "WDATA_1", 0 0, o0x7f890a843ce8;  0 drivers
o0x7f890a843d18 .functor BUFZ 1, C4<z>; HiZ drive
v0x7f890a905120_0 .net "WDATA_10", 0 0, o0x7f890a843d18;  0 drivers
o0x7f890a843d48 .functor BUFZ 1, C4<z>; HiZ drive
v0x7f890a9051c0_0 .net "WDATA_11", 0 0, o0x7f890a843d48;  0 drivers
o0x7f890a843d78 .functor BUFZ 1, C4<z>; HiZ drive
v0x7f890a905260_0 .net "WDATA_12", 0 0, o0x7f890a843d78;  0 drivers
o0x7f890a843da8 .functor BUFZ 1, C4<z>; HiZ drive
v0x7f890a905300_0 .net "WDATA_13", 0 0, o0x7f890a843da8;  0 drivers
o0x7f890a843dd8 .functor BUFZ 1, C4<z>; HiZ drive
v0x7f890a904090_0 .net "WDATA_14", 0 0, o0x7f890a843dd8;  0 drivers
o0x7f890a843e08 .functor BUFZ 1, C4<z>; HiZ drive
v0x7f890a904130_0 .net "WDATA_15", 0 0, o0x7f890a843e08;  0 drivers
o0x7f890a843e38 .functor BUFZ 1, C4<z>; HiZ drive
v0x7f890a9041d0_0 .net "WDATA_2", 0 0, o0x7f890a843e38;  0 drivers
o0x7f890a843e68 .functor BUFZ 1, C4<z>; HiZ drive
v0x7f890a905390_0 .net "WDATA_3", 0 0, o0x7f890a843e68;  0 drivers
o0x7f890a843e98 .functor BUFZ 1, C4<z>; HiZ drive
v0x7f890a905420_0 .net "WDATA_4", 0 0, o0x7f890a843e98;  0 drivers
o0x7f890a843ec8 .functor BUFZ 1, C4<z>; HiZ drive
v0x7f890a9054c0_0 .net "WDATA_5", 0 0, o0x7f890a843ec8;  0 drivers
o0x7f890a843ef8 .functor BUFZ 1, C4<z>; HiZ drive
v0x7f890a905560_0 .net "WDATA_6", 0 0, o0x7f890a843ef8;  0 drivers
o0x7f890a843f28 .functor BUFZ 1, C4<z>; HiZ drive
v0x7f890a905600_0 .net "WDATA_7", 0 0, o0x7f890a843f28;  0 drivers
o0x7f890a843f58 .functor BUFZ 1, C4<z>; HiZ drive
v0x7f890a9056a0_0 .net "WDATA_8", 0 0, o0x7f890a843f58;  0 drivers
o0x7f890a843f88 .functor BUFZ 1, C4<z>; HiZ drive
v0x7f890a905740_0 .net "WDATA_9", 0 0, o0x7f890a843f88;  0 drivers
o0x7f890a843fb8 .functor BUFZ 1, C4<z>; HiZ drive
v0x7f890a9057e0_0 .net "WE", 0 0, o0x7f890a843fb8;  0 drivers
v0x7f890a905880_0 .net *"_ivl_100", 0 0, L_0x7f890a936550;  1 drivers
v0x7f890a905930_0 .net *"_ivl_102", 0 0, L_0x7f890a936610;  1 drivers
v0x7f890a9059e0_0 .net *"_ivl_104", 0 0, L_0x7f890a9363a0;  1 drivers
v0x7f890a905a90_0 .net *"_ivl_106", 0 0, L_0x7f890a936480;  1 drivers
v0x7f890a905b40_0 .net *"_ivl_108", 0 0, L_0x7f890a9366f0;  1 drivers
v0x7f890a905bf0_0 .net *"_ivl_110", 0 0, L_0x7f890a9367d0;  1 drivers
v0x7f890a905ca0_0 .net *"_ivl_112", 0 0, L_0x7f890a936ab0;  1 drivers
v0x7f890a905d50_0 .net *"_ivl_114", 0 0, L_0x7f890a936b90;  1 drivers
v0x7f890a905e00_0 .net *"_ivl_116", 0 0, L_0x7f890a9368d0;  1 drivers
v0x7f890a905eb0_0 .net *"_ivl_120", 0 0, L_0x7f890a936c70;  1 drivers
v0x7f890a905f60_0 .net *"_ivl_122", 0 0, L_0x7f890a936d10;  1 drivers
v0x7f890a906010_0 .net *"_ivl_124", 0 0, L_0x7f890a936db0;  1 drivers
v0x7f890a9060c0_0 .net *"_ivl_126", 0 0, L_0x7f890a937500;  1 drivers
v0x7f890a906170_0 .net *"_ivl_128", 0 0, L_0x7f890a9372f0;  1 drivers
v0x7f890a906220_0 .net *"_ivl_130", 0 0, L_0x7f890a937390;  1 drivers
v0x7f890a9062d0_0 .net *"_ivl_132", 0 0, L_0x7f890a937430;  1 drivers
v0x7f890a906380_0 .net *"_ivl_134", 0 0, L_0x7f890a9377d0;  1 drivers
v0x7f890a906430_0 .net *"_ivl_136", 0 0, L_0x7f890a9375a0;  1 drivers
v0x7f890a9064e0_0 .net *"_ivl_138", 0 0, L_0x7f890a937640;  1 drivers
v0x7f890a906590_0 .net *"_ivl_140", 0 0, L_0x7f890a937700;  1 drivers
v0x7f890a906640_0 .net *"_ivl_142", 0 0, L_0x7f890a937ae0;  1 drivers
v0x7f890a9066f0_0 .net *"_ivl_144", 0 0, L_0x7f890a937870;  1 drivers
v0x7f890a9067a0_0 .net *"_ivl_146", 0 0, L_0x7f890a937950;  1 drivers
v0x7f890a906850_0 .net *"_ivl_148", 0 0, L_0x7f890a937e30;  1 drivers
v0x7f890a906900_0 .net *"_ivl_150", 0 0, L_0x7f890a937ed0;  1 drivers
v0x7f890a9069b0_0 .net *"_ivl_18", 0 0, L_0x7f890a933ee0;  1 drivers
v0x7f890a906a60_0 .net/2u *"_ivl_19", 0 0, L_0x7f890a873320;  1 drivers
v0x7f890a906b10_0 .net *"_ivl_28", 0 0, L_0x7f890a934220;  1 drivers
v0x7f890a906bc0_0 .net *"_ivl_30", 0 0, L_0x7f890a9342e0;  1 drivers
v0x7f890a906c70_0 .net *"_ivl_32", 0 0, L_0x7f890a934180;  1 drivers
v0x7f890a906d20_0 .net *"_ivl_34", 0 0, L_0x7f890a934450;  1 drivers
v0x7f890a906dd0_0 .net *"_ivl_36", 0 0, L_0x7f890a9345f0;  1 drivers
v0x7f890a906e80_0 .net *"_ivl_38", 0 0, L_0x7f890a9346b0;  1 drivers
v0x7f890a906f30_0 .net *"_ivl_40", 0 0, L_0x7f890a934820;  1 drivers
v0x7f890a906fe0_0 .net *"_ivl_42", 0 0, L_0x7f890a934530;  1 drivers
v0x7f890a907090_0 .net *"_ivl_44", 0 0, L_0x7f890a9349c0;  1 drivers
v0x7f890a907140_0 .net *"_ivl_46", 0 0, L_0x7f890a934770;  1 drivers
v0x7f890a9071f0_0 .net *"_ivl_48", 0 0, L_0x7f890a934bb0;  1 drivers
v0x7f890a9072a0_0 .net *"_ivl_52", 0 0, L_0x7f890a935050;  1 drivers
v0x7f890a907350_0 .net/2u *"_ivl_53", 0 0, L_0x7f890a873368;  1 drivers
v0x7f890a907400_0 .net *"_ivl_62", 0 0, L_0x7f890a9352a0;  1 drivers
v0x7f890a9074b0_0 .net *"_ivl_64", 0 0, L_0x7f890a935190;  1 drivers
v0x7f890a907560_0 .net *"_ivl_66", 0 0, L_0x7f890a935460;  1 drivers
v0x7f890a907610_0 .net *"_ivl_68", 0 0, L_0x7f890a935340;  1 drivers
v0x7f890a9076c0_0 .net *"_ivl_70", 0 0, L_0x7f890a935630;  1 drivers
v0x7f890a907770_0 .net *"_ivl_72", 0 0, L_0x7f890a935500;  1 drivers
v0x7f890a907820_0 .net *"_ivl_74", 0 0, L_0x7f890a935810;  1 drivers
v0x7f890a9078d0_0 .net *"_ivl_76", 0 0, L_0x7f890a9356d0;  1 drivers
v0x7f890a907980_0 .net *"_ivl_78", 0 0, L_0x7f890a935770;  1 drivers
v0x7f890a907a30_0 .net *"_ivl_80", 0 0, L_0x7f890a9358b0;  1 drivers
v0x7f890a907ae0_0 .net *"_ivl_82", 0 0, L_0x7f890a935ba0;  1 drivers
v0x7f890a907b90_0 .net *"_ivl_86", 0 0, L_0x7f890a936030;  1 drivers
v0x7f890a907c40_0 .net *"_ivl_88", 0 0, L_0x7f890a935c40;  1 drivers
v0x7f890a907cf0_0 .net *"_ivl_90", 0 0, L_0x7f890a935ce0;  1 drivers
v0x7f890a907da0_0 .net *"_ivl_92", 0 0, L_0x7f890a936260;  1 drivers
v0x7f890a907e50_0 .net *"_ivl_94", 0 0, L_0x7f890a936300;  1 drivers
v0x7f890a907f00_0 .net *"_ivl_96", 0 0, L_0x7f890a9360d0;  1 drivers
v0x7f890a907fb0_0 .net *"_ivl_98", 0 0, L_0x7f890a936170;  1 drivers
L_0x7f890a932ff0 .part v0x7f89094fd890_0, 15, 1;
L_0x7f890a9330f0 .part v0x7f89094fd890_0, 14, 1;
L_0x7f890a933190 .part v0x7f89094fd890_0, 13, 1;
L_0x7f890a9332d0 .part v0x7f89094fd890_0, 12, 1;
L_0x7f890a933370 .part v0x7f89094fd890_0, 11, 1;
L_0x7f890a933410 .part v0x7f89094fd890_0, 10, 1;
L_0x7f890a9334d0 .part v0x7f89094fd890_0, 9, 1;
L_0x7f890a9336d0 .part v0x7f89094fd890_0, 8, 1;
L_0x7f890a933770 .part v0x7f89094fd890_0, 7, 1;
L_0x7f890a933810 .part v0x7f89094fd890_0, 6, 1;
L_0x7f890a9338b0 .part v0x7f89094fd890_0, 5, 1;
L_0x7f890a933950 .part v0x7f89094fd890_0, 4, 1;
L_0x7f890a9339f0 .part v0x7f89094fd890_0, 3, 1;
L_0x7f890a933b00 .part v0x7f89094fd890_0, 2, 1;
L_0x7f890a933ba0 .part v0x7f89094fd890_0, 1, 1;
L_0x7f890a933e40 .part v0x7f89094fd890_0, 0, 1;
L_0x7f890a933ee0 .ufunc/vec4 TD_ICESTORM_RAM.pd, 1, o0x7f890a8436b8 (v0x7f89094fe4b0_0) S_0x7f89094fe2b0;
L_0x7f890a934000 .ufunc/vec4 TD_ICESTORM_RAM.pu, 1, o0x7f890a8436e8 (v0x7f89094fe760_0) S_0x7f89094fe540;
L_0x7f890a9340a0 .ufunc/vec4 TD_ICESTORM_RAM.pd, 1, o0x7f890a843a18 (v0x7f89094fe4b0_0) S_0x7f89094fe2b0;
L_0x7f890a934220 .ufunc/vec4 TD_ICESTORM_RAM.pd, 1, o0x7f890a843508 (v0x7f89094fe4b0_0) S_0x7f89094fe2b0;
L_0x7f890a9342e0 .ufunc/vec4 TD_ICESTORM_RAM.pd, 1, o0x7f890a843688 (v0x7f89094fe4b0_0) S_0x7f89094fe2b0;
L_0x7f890a934180 .ufunc/vec4 TD_ICESTORM_RAM.pd, 1, o0x7f890a843658 (v0x7f89094fe4b0_0) S_0x7f89094fe2b0;
L_0x7f890a934450 .ufunc/vec4 TD_ICESTORM_RAM.pd, 1, o0x7f890a843628 (v0x7f89094fe4b0_0) S_0x7f89094fe2b0;
L_0x7f890a9345f0 .ufunc/vec4 TD_ICESTORM_RAM.pd, 1, o0x7f890a8435f8 (v0x7f89094fe4b0_0) S_0x7f89094fe2b0;
L_0x7f890a9346b0 .ufunc/vec4 TD_ICESTORM_RAM.pd, 1, o0x7f890a8435c8 (v0x7f89094fe4b0_0) S_0x7f89094fe2b0;
L_0x7f890a934820 .ufunc/vec4 TD_ICESTORM_RAM.pd, 1, o0x7f890a843598 (v0x7f89094fe4b0_0) S_0x7f89094fe2b0;
L_0x7f890a934530 .ufunc/vec4 TD_ICESTORM_RAM.pd, 1, o0x7f890a843568 (v0x7f89094fe4b0_0) S_0x7f89094fe2b0;
L_0x7f890a9349c0 .ufunc/vec4 TD_ICESTORM_RAM.pd, 1, o0x7f890a843538 (v0x7f89094fe4b0_0) S_0x7f89094fe2b0;
L_0x7f890a934770 .ufunc/vec4 TD_ICESTORM_RAM.pd, 1, o0x7f890a8434d8 (v0x7f89094fe4b0_0) S_0x7f89094fe2b0;
L_0x7f890a934bb0 .ufunc/vec4 TD_ICESTORM_RAM.pd, 1, o0x7f890a8434a8 (v0x7f89094fe4b0_0) S_0x7f89094fe2b0;
LS_0x7f890a934900_0_0 .concat [ 1 1 1 1], L_0x7f890a934bb0, L_0x7f890a934770, L_0x7f890a9349c0, L_0x7f890a934530;
LS_0x7f890a934900_0_4 .concat [ 1 1 1 1], L_0x7f890a934820, L_0x7f890a9346b0, L_0x7f890a9345f0, L_0x7f890a934450;
LS_0x7f890a934900_0_8 .concat [ 1 1 1 0], L_0x7f890a934180, L_0x7f890a9342e0, L_0x7f890a934220;
L_0x7f890a934900 .concat [ 4 4 3 0], LS_0x7f890a934900_0_0, LS_0x7f890a934900_0_4, LS_0x7f890a934900_0_8;
L_0x7f890a935050 .ufunc/vec4 TD_ICESTORM_RAM.pd, 1, o0x7f890a843c58 (v0x7f89094fe4b0_0) S_0x7f89094fe2b0;
L_0x7f890a9350f0 .ufunc/vec4 TD_ICESTORM_RAM.pu, 1, o0x7f890a843c88 (v0x7f89094fe760_0) S_0x7f89094fe540;
L_0x7f890a934f50 .ufunc/vec4 TD_ICESTORM_RAM.pd, 1, o0x7f890a843fb8 (v0x7f89094fe4b0_0) S_0x7f89094fe2b0;
L_0x7f890a9352a0 .ufunc/vec4 TD_ICESTORM_RAM.pd, 1, o0x7f890a843aa8 (v0x7f89094fe4b0_0) S_0x7f89094fe2b0;
L_0x7f890a935190 .ufunc/vec4 TD_ICESTORM_RAM.pd, 1, o0x7f890a843c28 (v0x7f89094fe4b0_0) S_0x7f89094fe2b0;
L_0x7f890a935460 .ufunc/vec4 TD_ICESTORM_RAM.pd, 1, o0x7f890a843bf8 (v0x7f89094fe4b0_0) S_0x7f89094fe2b0;
L_0x7f890a935340 .ufunc/vec4 TD_ICESTORM_RAM.pd, 1, o0x7f890a843bc8 (v0x7f89094fe4b0_0) S_0x7f89094fe2b0;
L_0x7f890a935630 .ufunc/vec4 TD_ICESTORM_RAM.pd, 1, o0x7f890a843b98 (v0x7f89094fe4b0_0) S_0x7f89094fe2b0;
L_0x7f890a935500 .ufunc/vec4 TD_ICESTORM_RAM.pd, 1, o0x7f890a843b68 (v0x7f89094fe4b0_0) S_0x7f89094fe2b0;
L_0x7f890a935810 .ufunc/vec4 TD_ICESTORM_RAM.pd, 1, o0x7f890a843b38 (v0x7f89094fe4b0_0) S_0x7f89094fe2b0;
L_0x7f890a9356d0 .ufunc/vec4 TD_ICESTORM_RAM.pd, 1, o0x7f890a843b08 (v0x7f89094fe4b0_0) S_0x7f89094fe2b0;
L_0x7f890a935770 .ufunc/vec4 TD_ICESTORM_RAM.pd, 1, o0x7f890a843ad8 (v0x7f89094fe4b0_0) S_0x7f89094fe2b0;
L_0x7f890a9358b0 .ufunc/vec4 TD_ICESTORM_RAM.pd, 1, o0x7f890a843a78 (v0x7f89094fe4b0_0) S_0x7f89094fe2b0;
L_0x7f890a935ba0 .ufunc/vec4 TD_ICESTORM_RAM.pd, 1, o0x7f890a843a48 (v0x7f89094fe4b0_0) S_0x7f89094fe2b0;
LS_0x7f890a935a40_0_0 .concat [ 1 1 1 1], L_0x7f890a935ba0, L_0x7f890a9358b0, L_0x7f890a935770, L_0x7f890a9356d0;
LS_0x7f890a935a40_0_4 .concat [ 1 1 1 1], L_0x7f890a935810, L_0x7f890a935500, L_0x7f890a935630, L_0x7f890a935340;
LS_0x7f890a935a40_0_8 .concat [ 1 1 1 0], L_0x7f890a935460, L_0x7f890a935190, L_0x7f890a9352a0;
L_0x7f890a935a40 .concat [ 4 4 3 0], LS_0x7f890a935a40_0_0, LS_0x7f890a935a40_0_4, LS_0x7f890a935a40_0_8;
L_0x7f890a936030 .ufunc/vec4 TD_ICESTORM_RAM.pd, 1, o0x7f890a8432f8 (v0x7f89094fe4b0_0) S_0x7f89094fe2b0;
L_0x7f890a935c40 .ufunc/vec4 TD_ICESTORM_RAM.pd, 1, o0x7f890a8432c8 (v0x7f89094fe4b0_0) S_0x7f89094fe2b0;
L_0x7f890a935ce0 .ufunc/vec4 TD_ICESTORM_RAM.pd, 1, o0x7f890a843298 (v0x7f89094fe4b0_0) S_0x7f89094fe2b0;
L_0x7f890a936260 .ufunc/vec4 TD_ICESTORM_RAM.pd, 1, o0x7f890a843268 (v0x7f89094fe4b0_0) S_0x7f89094fe2b0;
L_0x7f890a936300 .ufunc/vec4 TD_ICESTORM_RAM.pd, 1, o0x7f890a843238 (v0x7f89094fe4b0_0) S_0x7f89094fe2b0;
L_0x7f890a9360d0 .ufunc/vec4 TD_ICESTORM_RAM.pd, 1, o0x7f890a843208 (v0x7f89094fe4b0_0) S_0x7f89094fe2b0;
L_0x7f890a936170 .ufunc/vec4 TD_ICESTORM_RAM.pd, 1, o0x7f890a843478 (v0x7f89094fe4b0_0) S_0x7f89094fe2b0;
L_0x7f890a936550 .ufunc/vec4 TD_ICESTORM_RAM.pd, 1, o0x7f890a843448 (v0x7f89094fe4b0_0) S_0x7f89094fe2b0;
L_0x7f890a936610 .ufunc/vec4 TD_ICESTORM_RAM.pd, 1, o0x7f890a843418 (v0x7f89094fe4b0_0) S_0x7f89094fe2b0;
L_0x7f890a9363a0 .ufunc/vec4 TD_ICESTORM_RAM.pd, 1, o0x7f890a8433e8 (v0x7f89094fe4b0_0) S_0x7f89094fe2b0;
L_0x7f890a936480 .ufunc/vec4 TD_ICESTORM_RAM.pd, 1, o0x7f890a8433b8 (v0x7f89094fe4b0_0) S_0x7f89094fe2b0;
L_0x7f890a9366f0 .ufunc/vec4 TD_ICESTORM_RAM.pd, 1, o0x7f890a843388 (v0x7f89094fe4b0_0) S_0x7f89094fe2b0;
L_0x7f890a9367d0 .ufunc/vec4 TD_ICESTORM_RAM.pd, 1, o0x7f890a843358 (v0x7f89094fe4b0_0) S_0x7f89094fe2b0;
L_0x7f890a936ab0 .ufunc/vec4 TD_ICESTORM_RAM.pd, 1, o0x7f890a843328 (v0x7f89094fe4b0_0) S_0x7f89094fe2b0;
L_0x7f890a936b90 .ufunc/vec4 TD_ICESTORM_RAM.pd, 1, o0x7f890a8431d8 (v0x7f89094fe4b0_0) S_0x7f89094fe2b0;
L_0x7f890a9368d0 .ufunc/vec4 TD_ICESTORM_RAM.pd, 1, o0x7f890a8431a8 (v0x7f89094fe4b0_0) S_0x7f89094fe2b0;
LS_0x7f890a9369b0_0_0 .concat [ 1 1 1 1], L_0x7f890a9368d0, L_0x7f890a936b90, L_0x7f890a936ab0, L_0x7f890a9367d0;
LS_0x7f890a9369b0_0_4 .concat [ 1 1 1 1], L_0x7f890a9366f0, L_0x7f890a936480, L_0x7f890a9363a0, L_0x7f890a936610;
LS_0x7f890a9369b0_0_8 .concat [ 1 1 1 1], L_0x7f890a936550, L_0x7f890a936170, L_0x7f890a9360d0, L_0x7f890a936300;
LS_0x7f890a9369b0_0_12 .concat [ 1 1 1 1], L_0x7f890a936260, L_0x7f890a935ce0, L_0x7f890a935c40, L_0x7f890a936030;
L_0x7f890a9369b0 .concat [ 4 4 4 4], LS_0x7f890a9369b0_0_0, LS_0x7f890a9369b0_0_4, LS_0x7f890a9369b0_0_8, LS_0x7f890a9369b0_0_12;
L_0x7f890a936c70 .ufunc/vec4 TD_ICESTORM_RAM.pd, 1, o0x7f890a843e08 (v0x7f89094fe4b0_0) S_0x7f89094fe2b0;
L_0x7f890a936d10 .ufunc/vec4 TD_ICESTORM_RAM.pd, 1, o0x7f890a843dd8 (v0x7f89094fe4b0_0) S_0x7f89094fe2b0;
L_0x7f890a936db0 .ufunc/vec4 TD_ICESTORM_RAM.pd, 1, o0x7f890a843da8 (v0x7f89094fe4b0_0) S_0x7f89094fe2b0;
L_0x7f890a937500 .ufunc/vec4 TD_ICESTORM_RAM.pd, 1, o0x7f890a843d78 (v0x7f89094fe4b0_0) S_0x7f89094fe2b0;
L_0x7f890a9372f0 .ufunc/vec4 TD_ICESTORM_RAM.pd, 1, o0x7f890a843d48 (v0x7f89094fe4b0_0) S_0x7f89094fe2b0;
L_0x7f890a937390 .ufunc/vec4 TD_ICESTORM_RAM.pd, 1, o0x7f890a843d18 (v0x7f89094fe4b0_0) S_0x7f89094fe2b0;
L_0x7f890a937430 .ufunc/vec4 TD_ICESTORM_RAM.pd, 1, o0x7f890a843f88 (v0x7f89094fe4b0_0) S_0x7f89094fe2b0;
L_0x7f890a9377d0 .ufunc/vec4 TD_ICESTORM_RAM.pd, 1, o0x7f890a843f58 (v0x7f89094fe4b0_0) S_0x7f89094fe2b0;
L_0x7f890a9375a0 .ufunc/vec4 TD_ICESTORM_RAM.pd, 1, o0x7f890a843f28 (v0x7f89094fe4b0_0) S_0x7f89094fe2b0;
L_0x7f890a937640 .ufunc/vec4 TD_ICESTORM_RAM.pd, 1, o0x7f890a843ef8 (v0x7f89094fe4b0_0) S_0x7f89094fe2b0;
L_0x7f890a937700 .ufunc/vec4 TD_ICESTORM_RAM.pd, 1, o0x7f890a843ec8 (v0x7f89094fe4b0_0) S_0x7f89094fe2b0;
L_0x7f890a937ae0 .ufunc/vec4 TD_ICESTORM_RAM.pd, 1, o0x7f890a843e98 (v0x7f89094fe4b0_0) S_0x7f89094fe2b0;
L_0x7f890a937870 .ufunc/vec4 TD_ICESTORM_RAM.pd, 1, o0x7f890a843e68 (v0x7f89094fe4b0_0) S_0x7f89094fe2b0;
L_0x7f890a937950 .ufunc/vec4 TD_ICESTORM_RAM.pd, 1, o0x7f890a843e38 (v0x7f89094fe4b0_0) S_0x7f89094fe2b0;
L_0x7f890a937e30 .ufunc/vec4 TD_ICESTORM_RAM.pd, 1, o0x7f890a843ce8 (v0x7f89094fe4b0_0) S_0x7f89094fe2b0;
L_0x7f890a937ed0 .ufunc/vec4 TD_ICESTORM_RAM.pd, 1, o0x7f890a843cb8 (v0x7f89094fe4b0_0) S_0x7f89094fe2b0;
LS_0x7f890a937bc0_0_0 .concat [ 1 1 1 1], L_0x7f890a937ed0, L_0x7f890a937e30, L_0x7f890a937950, L_0x7f890a937870;
LS_0x7f890a937bc0_0_4 .concat [ 1 1 1 1], L_0x7f890a937ae0, L_0x7f890a937700, L_0x7f890a937640, L_0x7f890a9375a0;
LS_0x7f890a937bc0_0_8 .concat [ 1 1 1 1], L_0x7f890a9377d0, L_0x7f890a937430, L_0x7f890a937390, L_0x7f890a9372f0;
LS_0x7f890a937bc0_0_12 .concat [ 1 1 1 1], L_0x7f890a937500, L_0x7f890a936db0, L_0x7f890a936d10, L_0x7f890a936c70;
L_0x7f890a937bc0 .concat [ 4 4 4 4], LS_0x7f890a937bc0_0_0, LS_0x7f890a937bc0_0_4, LS_0x7f890a937bc0_0_8, LS_0x7f890a937bc0_0_12;
S_0x7f89094fb550 .scope module, "RAM" "SB_RAM40_4K" 2 3233, 2 1487 0, S_0x7f89094a4ab0;
 .timescale -12 -12;
    .port_info 0 /OUTPUT 16 "RDATA";
    .port_info 1 /INPUT 1 "RCLK";
    .port_info 2 /INPUT 1 "RCLKE";
    .port_info 3 /INPUT 1 "RE";
    .port_info 4 /INPUT 11 "RADDR";
    .port_info 5 /INPUT 1 "WCLK";
    .port_info 6 /INPUT 1 "WCLKE";
    .port_info 7 /INPUT 1 "WE";
    .port_info 8 /INPUT 11 "WADDR";
    .port_info 9 /INPUT 16 "MASK";
    .port_info 10 /INPUT 16 "WDATA";
P_0x7f890980de00 .param/l "INIT_0" 0 2 1507, C4<0000000000000000000000000000000000000000000000000000000000000000000000000000000000000000000000000000000000000000000000000000000000000000000000000000000000000000000000000000000000000000000000000000000000000000000000000000000000000000000000000000000000000000>;
P_0x7f890980de40 .param/l "INIT_1" 0 2 1508, C4<0000000000000000000000000000000000000000000000000000000000000000000000000000000000000000000000000000000000000000000000000000000000000000000000000000000000000000000000000000000000000000000000000000000000000000000000000000000000000000000000000000000000000000>;
P_0x7f890980de80 .param/l "INIT_2" 0 2 1509, C4<0000000000000000000000000000000000000000000000000000000000000000000000000000000000000000000000000000000000000000000000000000000000000000000000000000000000000000000000000000000000000000000000000000000000000000000000000000000000000000000000000000000000000000>;
P_0x7f890980dec0 .param/l "INIT_3" 0 2 1510, C4<0000000000000000000000000000000000000000000000000000000000000000000000000000000000000000000000000000000000000000000000000000000000000000000000000000000000000000000000000000000000000000000000000000000000000000000000000000000000000000000000000000000000000000>;
P_0x7f890980df00 .param/l "INIT_4" 0 2 1511, C4<0000000000000000000000000000000000000000000000000000000000000000000000000000000000000000000000000000000000000000000000000000000000000000000000000000000000000000000000000000000000000000000000000000000000000000000000000000000000000000000000000000000000000000>;
P_0x7f890980df40 .param/l "INIT_5" 0 2 1512, C4<0000000000000000000000000000000000000000000000000000000000000000000000000000000000000000000000000000000000000000000000000000000000000000000000000000000000000000000000000000000000000000000000000000000000000000000000000000000000000000000000000000000000000000>;
P_0x7f890980df80 .param/l "INIT_6" 0 2 1513, C4<0000000000000000000000000000000000000000000000000000000000000000000000000000000000000000000000000000000000000000000000000000000000000000000000000000000000000000000000000000000000000000000000000000000000000000000000000000000000000000000000000000000000000000>;
P_0x7f890980dfc0 .param/l "INIT_7" 0 2 1514, C4<0000000000000000000000000000000000000000000000000000000000000000000000000000000000000000000000000000000000000000000000000000000000000000000000000000000000000000000000000000000000000000000000000000000000000000000000000000000000000000000000000000000000000000>;
P_0x7f890980e000 .param/l "INIT_8" 0 2 1515, C4<0000000000000000000000000000000000000000000000000000000000000000000000000000000000000000000000000000000000000000000000000000000000000000000000000000000000000000000000000000000000000000000000000000000000000000000000000000000000000000000000000000000000000000>;
P_0x7f890980e040 .param/l "INIT_9" 0 2 1516, C4<0000000000000000000000000000000000000000000000000000000000000000000000000000000000000000000000000000000000000000000000000000000000000000000000000000000000000000000000000000000000000000000000000000000000000000000000000000000000000000000000000000000000000000>;
P_0x7f890980e080 .param/l "INIT_A" 0 2 1517, C4<0000000000000000000000000000000000000000000000000000000000000000000000000000000000000000000000000000000000000000000000000000000000000000000000000000000000000000000000000000000000000000000000000000000000000000000000000000000000000000000000000000000000000000>;
P_0x7f890980e0c0 .param/l "INIT_B" 0 2 1518, C4<0000000000000000000000000000000000000000000000000000000000000000000000000000000000000000000000000000000000000000000000000000000000000000000000000000000000000000000000000000000000000000000000000000000000000000000000000000000000000000000000000000000000000000>;
P_0x7f890980e100 .param/l "INIT_C" 0 2 1519, C4<0000000000000000000000000000000000000000000000000000000000000000000000000000000000000000000000000000000000000000000000000000000000000000000000000000000000000000000000000000000000000000000000000000000000000000000000000000000000000000000000000000000000000000>;
P_0x7f890980e140 .param/l "INIT_D" 0 2 1520, C4<0000000000000000000000000000000000000000000000000000000000000000000000000000000000000000000000000000000000000000000000000000000000000000000000000000000000000000000000000000000000000000000000000000000000000000000000000000000000000000000000000000000000000000>;
P_0x7f890980e180 .param/l "INIT_E" 0 2 1521, C4<0000000000000000000000000000000000000000000000000000000000000000000000000000000000000000000000000000000000000000000000000000000000000000000000000000000000000000000000000000000000000000000000000000000000000000000000000000000000000000000000000000000000000000>;
P_0x7f890980e1c0 .param/l "INIT_F" 0 2 1522, C4<0000000000000000000000000000000000000000000000000000000000000000000000000000000000000000000000000000000000000000000000000000000000000000000000000000000000000000000000000000000000000000000000000000000000000000000000000000000000000000000000000000000000000000>;
P_0x7f890980e200 .param/str "INIT_FILE" 0 2 1524, "\000";
P_0x7f890980e240 .param/l "READ_MODE" 0 2 1505, +C4<00000000000000000000000000000000>;
P_0x7f890980e280 .param/l "WRITE_MODE" 0 2 1504, +C4<00000000000000000000000000000000>;
v0x7f89094fd510_0 .net "MASK", 15 0, L_0x7f890a9369b0;  1 drivers
v0x7f89094fd5a0_0 .net "RADDR", 10 0, L_0x7f890a934900;  1 drivers
v0x7f89094fd650_0 .net "RCLK", 0 0, L_0x7f890a933a90;  1 drivers
v0x7f89094fd700_0 .net "RCLKE", 0 0, L_0x7f890a934000;  1 drivers
v0x7f89094fd7a0_0 .net "RDATA", 15 0, v0x7f89094fd890_0;  1 drivers
v0x7f89094fd890_0 .var "RDATA_I", 15 0;
v0x7f89094fd940_0 .net "RE", 0 0, L_0x7f890a9340a0;  1 drivers
L_0x7f890a8732d8 .functor BUFT 1, C4<0000000000000000>, C4<0>, C4<0>, C4<0>;
v0x7f89094fd9e0_0 .net "RMASK_I", 15 0, L_0x7f890a8732d8;  1 drivers
v0x7f89094fda90_0 .net "WADDR", 10 0, L_0x7f890a935a40;  1 drivers
v0x7f89094fdba0_0 .net "WCLK", 0 0, L_0x7f890a934ac0;  1 drivers
v0x7f89094fdc40_0 .net "WCLKE", 0 0, L_0x7f890a9350f0;  1 drivers
v0x7f89094fdce0_0 .net "WDATA", 15 0, L_0x7f890a937bc0;  1 drivers
v0x7f89094fdd90_0 .net "WDATA_I", 15 0, L_0x7f890a932e90;  1 drivers
v0x7f89094fde40_0 .net "WE", 0 0, L_0x7f890a934f50;  1 drivers
v0x7f89094fdee0_0 .net "WMASK_I", 15 0, L_0x7f890a932de0;  1 drivers
v0x7f89094fdf90_0 .var/i "i", 31 0;
v0x7f89094fe040 .array "memory", 255 0, 15 0;
E_0x7f89094fcda0 .event posedge, v0x7f89094fd650_0;
E_0x7f89094fcdf0 .event posedge, v0x7f89094fdba0_0;
S_0x7f89094fce40 .scope generate, "genblk1" "genblk1" 2 1534, 2 1534 0, S_0x7f89094fb550;
 .timescale -12 -12;
L_0x7f890a932de0 .functor BUFZ 16, L_0x7f890a9369b0, C4<0000000000000000>, C4<0000000000000000>, C4<0000000000000000>;
S_0x7f89094fd010 .scope generate, "genblk2" "genblk2" 2 1555, 2 1555 0, S_0x7f89094fb550;
 .timescale -12 -12;
S_0x7f89094fd1e0 .scope generate, "genblk3" "genblk3" 2 1576, 2 1576 0, S_0x7f89094fb550;
 .timescale -12 -12;
L_0x7f890a932e90 .functor BUFZ 16, L_0x7f890a937bc0, C4<0000000000000000>, C4<0000000000000000>, C4<0000000000000000>;
S_0x7f89094fd350 .scope generate, "genblk4" "genblk4" 2 1595, 2 1595 0, S_0x7f89094fb550;
 .timescale -12 -12;
S_0x7f89094fe2b0 .scope function.vec4.s1, "pd" "pd" 2 3200, 2 3200 0, S_0x7f89094a4ab0;
 .timescale -12 -12;
; Variable pd is vec4 return value of scope S_0x7f89094fe2b0
v0x7f89094fe4b0_0 .var "x", 0 0;
TD_ICESTORM_RAM.pd ;
    %load/vec4 v0x7f89094fe4b0_0;
    %cmpi/e 0, 1, 1;
    %flag_mov 8, 6;
    %jmp/0 T_0.0, 8;
    %pushi/vec4 0, 0, 1;
    %jmp/1 T_0.1, 8;
T_0.0 ; End of true expr.
    %load/vec4 v0x7f89094fe4b0_0;
    %jmp/0 T_0.1, 8;
 ; End of false expr.
    %blend;
T_0.1;
    %ret/vec4 0, 0, 1;  Assign to pd (store_vec4_to_lval)
    %end;
S_0x7f89094fe540 .scope function.vec4.s1, "pu" "pu" 2 3207, 2 3207 0, S_0x7f89094a4ab0;
 .timescale -12 -12;
; Variable pu is vec4 return value of scope S_0x7f89094fe540
v0x7f89094fe760_0 .var "x", 0 0;
TD_ICESTORM_RAM.pu ;
    %load/vec4 v0x7f89094fe760_0;
    %cmpi/e 0, 1, 1;
    %flag_mov 8, 6;
    %jmp/0 T_1.2, 8;
    %pushi/vec4 1, 0, 1;
    %jmp/1 T_1.3, 8;
T_1.2 ; End of true expr.
    %load/vec4 v0x7f89094fe760_0;
    %jmp/0 T_1.3, 8;
 ; End of false expr.
    %blend;
T_1.3;
    %ret/vec4 0, 0, 1;  Assign to pu (store_vec4_to_lval)
    %end;
S_0x7f89094a40c0 .scope module, "SB_CARRY" "SB_CARRY" 2 228;
 .timescale -12 -12;
    .port_info 0 /OUTPUT 1 "CO";
    .port_info 1 /INPUT 1 "I0";
    .port_info 2 /INPUT 1 "I1";
    .port_info 3 /INPUT 1 "CI";
o0x7f890a845968 .functor BUFZ 1, C4<z>; HiZ drive
o0x7f890a845998 .functor BUFZ 1, C4<z>; HiZ drive
L_0x7f890a9384f0 .functor AND 1, o0x7f890a845968, o0x7f890a845998, C4<1>, C4<1>;
L_0x7f890a938560 .functor OR 1, o0x7f890a845968, o0x7f890a845998, C4<0>, C4<0>;
o0x7f890a845908 .functor BUFZ 1, C4<z>; HiZ drive
L_0x7f890a938650 .functor AND 1, L_0x7f890a938560, o0x7f890a845908, C4<1>, C4<1>;
L_0x7f890a938700 .functor OR 1, L_0x7f890a9384f0, L_0x7f890a938650, C4<0>, C4<0>;
v0x7f8909406b70_0 .net "CI", 0 0, o0x7f890a845908;  0 drivers
v0x7f8909406c20_0 .net "CO", 0 0, L_0x7f890a938700;  1 drivers
v0x7f8909406cc0_0 .net "I0", 0 0, o0x7f890a845968;  0 drivers
v0x7f890a908780_0 .net "I1", 0 0, o0x7f890a845998;  0 drivers
v0x7f890a908810_0 .net *"_ivl_1", 0 0, L_0x7f890a9384f0;  1 drivers
v0x7f890a9088a0_0 .net *"_ivl_3", 0 0, L_0x7f890a938560;  1 drivers
v0x7f890a908930_0 .net *"_ivl_5", 0 0, L_0x7f890a938650;  1 drivers
S_0x7f89094a3440 .scope module, "SB_DFF" "SB_DFF" 2 265;
 .timescale -12 -12;
    .port_info 0 /OUTPUT 1 "Q";
    .port_info 1 /INPUT 1 "C";
    .port_info 2 /INPUT 1 "D";
o0x7f890a845b18 .functor BUFZ 1, C4<z>; HiZ drive
v0x7f890a908a00_0 .net "C", 0 0, o0x7f890a845b18;  0 drivers
o0x7f890a845b48 .functor BUFZ 1, C4<z>; HiZ drive
v0x7f890a908ab0_0 .net "D", 0 0, o0x7f890a845b48;  0 drivers
v0x7f890a908b50_0 .var "Q", 0 0;
E_0x7f890a9089c0 .event posedge, v0x7f890a908a00_0;
S_0x7f89094a2940 .scope module, "SB_DFFE" "SB_DFFE" 2 303;
 .timescale -12 -12;
    .port_info 0 /OUTPUT 1 "Q";
    .port_info 1 /INPUT 1 "C";
    .port_info 2 /INPUT 1 "E";
    .port_info 3 /INPUT 1 "D";
o0x7f890a845c38 .functor BUFZ 1, C4<z>; HiZ drive
v0x7f890a908c90_0 .net "C", 0 0, o0x7f890a845c38;  0 drivers
o0x7f890a845c68 .functor BUFZ 1, C4<z>; HiZ drive
v0x7f890a908d40_0 .net "D", 0 0, o0x7f890a845c68;  0 drivers
o0x7f890a845c98 .functor BUFZ 1, C4<z>; HiZ drive
v0x7f890a908de0_0 .net "E", 0 0, o0x7f890a845c98;  0 drivers
v0x7f890a908e70_0 .var "Q", 0 0;
E_0x7f890a908c30 .event posedge, v0x7f890a908c90_0;
S_0x7f890949cae0 .scope module, "SB_DFFER" "SB_DFFER" 2 653;
 .timescale -12 -12;
    .port_info 0 /OUTPUT 1 "Q";
    .port_info 1 /INPUT 1 "C";
    .port_info 2 /INPUT 1 "E";
    .port_info 3 /INPUT 1 "R";
    .port_info 4 /INPUT 1 "D";
o0x7f890a845db8 .functor BUFZ 1, C4<z>; HiZ drive
v0x7f890a908fd0_0 .net "C", 0 0, o0x7f890a845db8;  0 drivers
o0x7f890a845de8 .functor BUFZ 1, C4<z>; HiZ drive
v0x7f890a909080_0 .net "D", 0 0, o0x7f890a845de8;  0 drivers
o0x7f890a845e18 .functor BUFZ 1, C4<z>; HiZ drive
v0x7f890a909120_0 .net "E", 0 0, o0x7f890a845e18;  0 drivers
v0x7f890a9091b0_0 .var "Q", 0 0;
o0x7f890a845e78 .functor BUFZ 1, C4<z>; HiZ drive
v0x7f890a909250_0 .net "R", 0 0, o0x7f890a845e78;  0 drivers
E_0x7f890a908f70 .event posedge, v0x7f890a909250_0, v0x7f890a908fd0_0;
S_0x7f89094a1e40 .scope module, "SB_DFFES" "SB_DFFES" 2 794;
 .timescale -12 -12;
    .port_info 0 /OUTPUT 1 "Q";
    .port_info 1 /INPUT 1 "C";
    .port_info 2 /INPUT 1 "E";
    .port_info 3 /INPUT 1 "S";
    .port_info 4 /INPUT 1 "D";
o0x7f890a845f98 .functor BUFZ 1, C4<z>; HiZ drive
v0x7f890a9093f0_0 .net "C", 0 0, o0x7f890a845f98;  0 drivers
o0x7f890a845fc8 .functor BUFZ 1, C4<z>; HiZ drive
v0x7f890a9094a0_0 .net "D", 0 0, o0x7f890a845fc8;  0 drivers
o0x7f890a845ff8 .functor BUFZ 1, C4<z>; HiZ drive
v0x7f890a909540_0 .net "E", 0 0, o0x7f890a845ff8;  0 drivers
v0x7f890a9095d0_0 .var "Q", 0 0;
o0x7f890a846058 .functor BUFZ 1, C4<z>; HiZ drive
v0x7f890a909660_0 .net "S", 0 0, o0x7f890a846058;  0 drivers
E_0x7f890a9093b0 .event posedge, v0x7f890a909660_0, v0x7f890a9093f0_0;
S_0x7f89094a0dc0 .scope module, "SB_DFFESR" "SB_DFFESR" 2 592;
 .timescale -12 -12;
    .port_info 0 /OUTPUT 1 "Q";
    .port_info 1 /INPUT 1 "C";
    .port_info 2 /INPUT 1 "E";
    .port_info 3 /INPUT 1 "R";
    .port_info 4 /INPUT 1 "D";
o0x7f890a846178 .functor BUFZ 1, C4<z>; HiZ drive
v0x7f890a909800_0 .net "C", 0 0, o0x7f890a846178;  0 drivers
o0x7f890a8461a8 .functor BUFZ 1, C4<z>; HiZ drive
v0x7f890a9098b0_0 .net "D", 0 0, o0x7f890a8461a8;  0 drivers
o0x7f890a8461d8 .functor BUFZ 1, C4<z>; HiZ drive
v0x7f890a909950_0 .net "E", 0 0, o0x7f890a8461d8;  0 drivers
v0x7f890a9099e0_0 .var "Q", 0 0;
o0x7f890a846238 .functor BUFZ 1, C4<z>; HiZ drive
v0x7f890a909a70_0 .net "R", 0 0, o0x7f890a846238;  0 drivers
E_0x7f890a9097c0 .event posedge, v0x7f890a909800_0;
S_0x7f89094a0060 .scope module, "SB_DFFESS" "SB_DFFESS" 2 733;
 .timescale -12 -12;
    .port_info 0 /OUTPUT 1 "Q";
    .port_info 1 /INPUT 1 "C";
    .port_info 2 /INPUT 1 "E";
    .port_info 3 /INPUT 1 "S";
    .port_info 4 /INPUT 1 "D";
o0x7f890a846358 .functor BUFZ 1, C4<z>; HiZ drive
v0x7f890a909c10_0 .net "C", 0 0, o0x7f890a846358;  0 drivers
o0x7f890a846388 .functor BUFZ 1, C4<z>; HiZ drive
v0x7f890a909cc0_0 .net "D", 0 0, o0x7f890a846388;  0 drivers
o0x7f890a8463b8 .functor BUFZ 1, C4<z>; HiZ drive
v0x7f890a909d60_0 .net "E", 0 0, o0x7f890a8463b8;  0 drivers
v0x7f890a909df0_0 .var "Q", 0 0;
o0x7f890a846418 .functor BUFZ 1, C4<z>; HiZ drive
v0x7f890a909e80_0 .net "S", 0 0, o0x7f890a846418;  0 drivers
E_0x7f890a909bd0 .event posedge, v0x7f890a909c10_0;
S_0x7f890949f300 .scope module, "SB_DFFN" "SB_DFFN" 2 876;
 .timescale -12 -12;
    .port_info 0 /OUTPUT 1 "Q";
    .port_info 1 /INPUT 1 "C";
    .port_info 2 /INPUT 1 "D";
o0x7f890a846538 .functor BUFZ 1, C4<z>; HiZ drive
v0x7f890a90a020_0 .net "C", 0 0, o0x7f890a846538;  0 drivers
o0x7f890a846568 .functor BUFZ 1, C4<z>; HiZ drive
v0x7f890a90a0d0_0 .net "D", 0 0, o0x7f890a846568;  0 drivers
v0x7f890a90a170_0 .var "Q", 0 0;
E_0x7f890a909fe0 .event negedge, v0x7f890a90a020_0;
S_0x7f890949e5a0 .scope module, "SB_DFFNE" "SB_DFFNE" 2 914;
 .timescale -12 -12;
    .port_info 0 /OUTPUT 1 "Q";
    .port_info 1 /INPUT 1 "C";
    .port_info 2 /INPUT 1 "E";
    .port_info 3 /INPUT 1 "D";
o0x7f890a846658 .functor BUFZ 1, C4<z>; HiZ drive
v0x7f890a90a2a0_0 .net "C", 0 0, o0x7f890a846658;  0 drivers
o0x7f890a846688 .functor BUFZ 1, C4<z>; HiZ drive
v0x7f890a90a350_0 .net "D", 0 0, o0x7f890a846688;  0 drivers
o0x7f890a8466b8 .functor BUFZ 1, C4<z>; HiZ drive
v0x7f890a90a3f0_0 .net "E", 0 0, o0x7f890a8466b8;  0 drivers
v0x7f890a90a480_0 .var "Q", 0 0;
E_0x7f890a90a240 .event negedge, v0x7f890a90a2a0_0;
S_0x7f890949d840 .scope module, "SB_DFFNER" "SB_DFFNER" 2 1264;
 .timescale -12 -12;
    .port_info 0 /OUTPUT 1 "Q";
    .port_info 1 /INPUT 1 "C";
    .port_info 2 /INPUT 1 "E";
    .port_info 3 /INPUT 1 "R";
    .port_info 4 /INPUT 1 "D";
o0x7f890a8467d8 .functor BUFZ 1, C4<z>; HiZ drive
v0x7f890a90a5e0_0 .net "C", 0 0, o0x7f890a8467d8;  0 drivers
o0x7f890a846808 .functor BUFZ 1, C4<z>; HiZ drive
v0x7f890a90a690_0 .net "D", 0 0, o0x7f890a846808;  0 drivers
o0x7f890a846838 .functor BUFZ 1, C4<z>; HiZ drive
v0x7f890a90a730_0 .net "E", 0 0, o0x7f890a846838;  0 drivers
v0x7f890a90a7c0_0 .var "Q", 0 0;
o0x7f890a846898 .functor BUFZ 1, C4<z>; HiZ drive
v0x7f890a90a860_0 .net "R", 0 0, o0x7f890a846898;  0 drivers
E_0x7f890a90a580/0 .event negedge, v0x7f890a90a5e0_0;
E_0x7f890a90a580/1 .event posedge, v0x7f890a90a860_0;
E_0x7f890a90a580 .event/or E_0x7f890a90a580/0, E_0x7f890a90a580/1;
S_0x7f89094d55a0 .scope module, "SB_DFFNES" "SB_DFFNES" 2 1405;
 .timescale -12 -12;
    .port_info 0 /OUTPUT 1 "Q";
    .port_info 1 /INPUT 1 "C";
    .port_info 2 /INPUT 1 "E";
    .port_info 3 /INPUT 1 "S";
    .port_info 4 /INPUT 1 "D";
o0x7f890a8469b8 .functor BUFZ 1, C4<z>; HiZ drive
v0x7f890a90aa00_0 .net "C", 0 0, o0x7f890a8469b8;  0 drivers
o0x7f890a8469e8 .functor BUFZ 1, C4<z>; HiZ drive
v0x7f890a90aab0_0 .net "D", 0 0, o0x7f890a8469e8;  0 drivers
o0x7f890a846a18 .functor BUFZ 1, C4<z>; HiZ drive
v0x7f890a90ab50_0 .net "E", 0 0, o0x7f890a846a18;  0 drivers
v0x7f890a90abe0_0 .var "Q", 0 0;
o0x7f890a846a78 .functor BUFZ 1, C4<z>; HiZ drive
v0x7f890a90ac70_0 .net "S", 0 0, o0x7f890a846a78;  0 drivers
E_0x7f890a90a9c0/0 .event negedge, v0x7f890a90aa00_0;
E_0x7f890a90a9c0/1 .event posedge, v0x7f890a90ac70_0;
E_0x7f890a90a9c0 .event/or E_0x7f890a90a9c0/0, E_0x7f890a90a9c0/1;
S_0x7f89094c9680 .scope module, "SB_DFFNESR" "SB_DFFNESR" 2 1203;
 .timescale -12 -12;
    .port_info 0 /OUTPUT 1 "Q";
    .port_info 1 /INPUT 1 "C";
    .port_info 2 /INPUT 1 "E";
    .port_info 3 /INPUT 1 "R";
    .port_info 4 /INPUT 1 "D";
o0x7f890a846b98 .functor BUFZ 1, C4<z>; HiZ drive
v0x7f890a90ae10_0 .net "C", 0 0, o0x7f890a846b98;  0 drivers
o0x7f890a846bc8 .functor BUFZ 1, C4<z>; HiZ drive
v0x7f890a90aec0_0 .net "D", 0 0, o0x7f890a846bc8;  0 drivers
o0x7f890a846bf8 .functor BUFZ 1, C4<z>; HiZ drive
v0x7f890a90af60_0 .net "E", 0 0, o0x7f890a846bf8;  0 drivers
v0x7f890a90aff0_0 .var "Q", 0 0;
o0x7f890a846c58 .functor BUFZ 1, C4<z>; HiZ drive
v0x7f890a90b080_0 .net "R", 0 0, o0x7f890a846c58;  0 drivers
E_0x7f890a90add0 .event negedge, v0x7f890a90ae10_0;
S_0x7f89094c92e0 .scope module, "SB_DFFNESS" "SB_DFFNESS" 2 1344;
 .timescale -12 -12;
    .port_info 0 /OUTPUT 1 "Q";
    .port_info 1 /INPUT 1 "C";
    .port_info 2 /INPUT 1 "E";
    .port_info 3 /INPUT 1 "S";
    .port_info 4 /INPUT 1 "D";
o0x7f890a846d78 .functor BUFZ 1, C4<z>; HiZ drive
v0x7f890a90b220_0 .net "C", 0 0, o0x7f890a846d78;  0 drivers
o0x7f890a846da8 .functor BUFZ 1, C4<z>; HiZ drive
v0x7f890a90b2d0_0 .net "D", 0 0, o0x7f890a846da8;  0 drivers
o0x7f890a846dd8 .functor BUFZ 1, C4<z>; HiZ drive
v0x7f890a90b370_0 .net "E", 0 0, o0x7f890a846dd8;  0 drivers
v0x7f890a90b400_0 .var "Q", 0 0;
o0x7f890a846e38 .functor BUFZ 1, C4<z>; HiZ drive
v0x7f890a90b490_0 .net "S", 0 0, o0x7f890a846e38;  0 drivers
E_0x7f890a90b1e0 .event negedge, v0x7f890a90b220_0;
S_0x7f89094c8bf0 .scope module, "SB_DFFNR" "SB_DFFNR" 2 1011;
 .timescale -12 -12;
    .port_info 0 /OUTPUT 1 "Q";
    .port_info 1 /INPUT 1 "C";
    .port_info 2 /INPUT 1 "R";
    .port_info 3 /INPUT 1 "D";
o0x7f890a846f58 .functor BUFZ 1, C4<z>; HiZ drive
v0x7f890a90b630_0 .net "C", 0 0, o0x7f890a846f58;  0 drivers
o0x7f890a846f88 .functor BUFZ 1, C4<z>; HiZ drive
v0x7f890a90b6e0_0 .net "D", 0 0, o0x7f890a846f88;  0 drivers
v0x7f890a90b780_0 .var "Q", 0 0;
o0x7f890a846fe8 .functor BUFZ 1, C4<z>; HiZ drive
v0x7f890a90b810_0 .net "R", 0 0, o0x7f890a846fe8;  0 drivers
E_0x7f890a90b5f0/0 .event negedge, v0x7f890a90b630_0;
E_0x7f890a90b5f0/1 .event posedge, v0x7f890a90b810_0;
E_0x7f890a90b5f0 .event/or E_0x7f890a90b5f0/0, E_0x7f890a90b5f0/1;
S_0x7f89094bcc90 .scope module, "SB_DFFNS" "SB_DFFNS" 2 1132;
 .timescale -12 -12;
    .port_info 0 /OUTPUT 1 "Q";
    .port_info 1 /INPUT 1 "C";
    .port_info 2 /INPUT 1 "S";
    .port_info 3 /INPUT 1 "D";
o0x7f890a8470d8 .functor BUFZ 1, C4<z>; HiZ drive
v0x7f890a90b960_0 .net "C", 0 0, o0x7f890a8470d8;  0 drivers
o0x7f890a847108 .functor BUFZ 1, C4<z>; HiZ drive
v0x7f890a90ba10_0 .net "D", 0 0, o0x7f890a847108;  0 drivers
v0x7f890a90bab0_0 .var "Q", 0 0;
o0x7f890a847168 .functor BUFZ 1, C4<z>; HiZ drive
v0x7f890a90bb40_0 .net "S", 0 0, o0x7f890a847168;  0 drivers
E_0x7f890a90b900/0 .event negedge, v0x7f890a90b960_0;
E_0x7f890a90b900/1 .event posedge, v0x7f890a90bb40_0;
E_0x7f890a90b900 .event/or E_0x7f890a90b900/0, E_0x7f890a90b900/1;
S_0x7f89094ab400 .scope module, "SB_DFFNSR" "SB_DFFNSR" 2 961;
 .timescale -12 -12;
    .port_info 0 /OUTPUT 1 "Q";
    .port_info 1 /INPUT 1 "C";
    .port_info 2 /INPUT 1 "R";
    .port_info 3 /INPUT 1 "D";
o0x7f890a847258 .functor BUFZ 1, C4<z>; HiZ drive
v0x7f890a90bca0_0 .net "C", 0 0, o0x7f890a847258;  0 drivers
o0x7f890a847288 .functor BUFZ 1, C4<z>; HiZ drive
v0x7f890a90bd50_0 .net "D", 0 0, o0x7f890a847288;  0 drivers
v0x7f890a90bdf0_0 .var "Q", 0 0;
o0x7f890a8472e8 .functor BUFZ 1, C4<z>; HiZ drive
v0x7f890a90be80_0 .net "R", 0 0, o0x7f890a8472e8;  0 drivers
E_0x7f890a90bc40 .event negedge, v0x7f890a90bca0_0;
S_0x7f89094a7380 .scope module, "SB_DFFNSS" "SB_DFFNSS" 2 1082;
 .timescale -12 -12;
    .port_info 0 /OUTPUT 1 "Q";
    .port_info 1 /INPUT 1 "C";
    .port_info 2 /INPUT 1 "S";
    .port_info 3 /INPUT 1 "D";
o0x7f890a8473d8 .functor BUFZ 1, C4<z>; HiZ drive
v0x7f890a90bfe0_0 .net "C", 0 0, o0x7f890a8473d8;  0 drivers
o0x7f890a847408 .functor BUFZ 1, C4<z>; HiZ drive
v0x7f890a90c090_0 .net "D", 0 0, o0x7f890a847408;  0 drivers
v0x7f890a90c130_0 .var "Q", 0 0;
o0x7f890a847468 .functor BUFZ 1, C4<z>; HiZ drive
v0x7f890a90c1c0_0 .net "S", 0 0, o0x7f890a847468;  0 drivers
E_0x7f890a90bf80 .event negedge, v0x7f890a90bfe0_0;
S_0x7f89094a4520 .scope module, "SB_DFFR" "SB_DFFR" 2 400;
 .timescale -12 -12;
    .port_info 0 /OUTPUT 1 "Q";
    .port_info 1 /INPUT 1 "C";
    .port_info 2 /INPUT 1 "R";
    .port_info 3 /INPUT 1 "D";
o0x7f890a847558 .functor BUFZ 1, C4<z>; HiZ drive
v0x7f890a90c320_0 .net "C", 0 0, o0x7f890a847558;  0 drivers
o0x7f890a847588 .functor BUFZ 1, C4<z>; HiZ drive
v0x7f890a90c3d0_0 .net "D", 0 0, o0x7f890a847588;  0 drivers
v0x7f890a90c470_0 .var "Q", 0 0;
o0x7f890a8475e8 .functor BUFZ 1, C4<z>; HiZ drive
v0x7f890a90c500_0 .net "R", 0 0, o0x7f890a8475e8;  0 drivers
E_0x7f890a90c2c0 .event posedge, v0x7f890a90c500_0, v0x7f890a90c320_0;
S_0x7f89094e2ec0 .scope module, "SB_DFFS" "SB_DFFS" 2 521;
 .timescale -12 -12;
    .port_info 0 /OUTPUT 1 "Q";
    .port_info 1 /INPUT 1 "C";
    .port_info 2 /INPUT 1 "S";
    .port_info 3 /INPUT 1 "D";
o0x7f890a8476d8 .functor BUFZ 1, C4<z>; HiZ drive
v0x7f890a90c660_0 .net "C", 0 0, o0x7f890a8476d8;  0 drivers
o0x7f890a847708 .functor BUFZ 1, C4<z>; HiZ drive
v0x7f890a90c710_0 .net "D", 0 0, o0x7f890a847708;  0 drivers
v0x7f890a90c7b0_0 .var "Q", 0 0;
o0x7f890a847768 .functor BUFZ 1, C4<z>; HiZ drive
v0x7f890a90c840_0 .net "S", 0 0, o0x7f890a847768;  0 drivers
E_0x7f890a90c600 .event posedge, v0x7f890a90c840_0, v0x7f890a90c660_0;
S_0x7f89094e1690 .scope module, "SB_DFFSR" "SB_DFFSR" 2 350;
 .timescale -12 -12;
    .port_info 0 /OUTPUT 1 "Q";
    .port_info 1 /INPUT 1 "C";
    .port_info 2 /INPUT 1 "R";
    .port_info 3 /INPUT 1 "D";
o0x7f890a847858 .functor BUFZ 1, C4<z>; HiZ drive
v0x7f890a90c9a0_0 .net "C", 0 0, o0x7f890a847858;  0 drivers
o0x7f890a847888 .functor BUFZ 1, C4<z>; HiZ drive
v0x7f890a90ca50_0 .net "D", 0 0, o0x7f890a847888;  0 drivers
v0x7f890a90caf0_0 .var "Q", 0 0;
o0x7f890a8478e8 .functor BUFZ 1, C4<z>; HiZ drive
v0x7f890a90cb80_0 .net "R", 0 0, o0x7f890a8478e8;  0 drivers
E_0x7f890a90c940 .event posedge, v0x7f890a90c9a0_0;
S_0x7f89094dad60 .scope module, "SB_DFFSS" "SB_DFFSS" 2 471;
 .timescale -12 -12;
    .port_info 0 /OUTPUT 1 "Q";
    .port_info 1 /INPUT 1 "C";
    .port_info 2 /INPUT 1 "S";
    .port_info 3 /INPUT 1 "D";
o0x7f890a8479d8 .functor BUFZ 1, C4<z>; HiZ drive
v0x7f890a90cce0_0 .net "C", 0 0, o0x7f890a8479d8;  0 drivers
o0x7f890a847a08 .functor BUFZ 1, C4<z>; HiZ drive
v0x7f890a90cd90_0 .net "D", 0 0, o0x7f890a847a08;  0 drivers
v0x7f890a90ce30_0 .var "Q", 0 0;
o0x7f890a847a68 .functor BUFZ 1, C4<z>; HiZ drive
v0x7f890a90cec0_0 .net "S", 0 0, o0x7f890a847a68;  0 drivers
E_0x7f890a90cc80 .event posedge, v0x7f890a90cce0_0;
S_0x7f89094d9530 .scope module, "SB_FILTER_50NS" "SB_FILTER_50NS" 2 2856;
 .timescale -12 -12;
    .port_info 0 /INPUT 1 "FILTERIN";
    .port_info 1 /OUTPUT 1 "FILTEROUT";
o0x7f890a847b58 .functor BUFZ 1, C4<z>; HiZ drive
v0x7f890a90cfc0_0 .net "FILTERIN", 0 0, o0x7f890a847b58;  0 drivers
o0x7f890a847b88 .functor BUFZ 1, C4<z>; HiZ drive
v0x7f890a90d070_0 .net "FILTEROUT", 0 0, o0x7f890a847b88;  0 drivers
S_0x7f89094afa70 .scope module, "SB_GB" "SB_GB" 2 162;
 .timescale -12 -12;
    .port_info 0 /INPUT 1 "USER_SIGNAL_TO_GLOBAL_BUFFER";
    .port_info 1 /OUTPUT 1 "GLOBAL_BUFFER_OUTPUT";
o0x7f890a847c48 .functor BUFZ 1, C4<z>; HiZ drive
L_0x7f890a9387f0 .functor BUFZ 1, o0x7f890a847c48, C4<0>, C4<0>, C4<0>;
v0x7f890a90d120_0 .net "GLOBAL_BUFFER_OUTPUT", 0 0, L_0x7f890a9387f0;  1 drivers
v0x7f890a90d1c0_0 .net "USER_SIGNAL_TO_GLOBAL_BUFFER", 0 0, o0x7f890a847c48;  0 drivers
S_0x7f89094a1230 .scope module, "SB_GB_IO" "SB_GB_IO" 2 123;
 .timescale -12 -12;
    .port_info 0 /INOUT 1 "PACKAGE_PIN";
    .port_info 1 /OUTPUT 1 "GLOBAL_BUFFER_OUTPUT";
    .port_info 2 /INPUT 1 "LATCH_INPUT_VALUE";
    .port_info 3 /INPUT 1 "CLOCK_ENABLE";
    .port_info 4 /INPUT 1 "INPUT_CLK";
    .port_info 5 /INPUT 1 "OUTPUT_CLK";
    .port_info 6 /INPUT 1 "OUTPUT_ENABLE";
    .port_info 7 /INPUT 1 "D_OUT_0";
    .port_info 8 /INPUT 1 "D_OUT_1";
    .port_info 9 /OUTPUT 1 "D_IN_0";
    .port_info 10 /OUTPUT 1 "D_IN_1";
P_0x7f89094b0580 .param/str "IO_STANDARD" 0 2 139, "SB_LVCMOS";
P_0x7f89094b05c0 .param/l "NEG_TRIGGER" 0 2 138, C4<0>;
P_0x7f89094b0600 .param/l "PIN_TYPE" 0 2 136, C4<000000>;
P_0x7f89094b0640 .param/l "PULLUP" 0 2 137, C4<0>;
o0x7f890a847e88 .functor BUFZ 1, C4<z>; HiZ drive
L_0x7f890a938860 .functor BUFZ 1, o0x7f890a847e88, C4<0>, C4<0>, C4<0>;
o0x7f890a847cd8 .functor BUFZ 1, C4<z>; HiZ drive
v0x7f890a90eee0_0 .net "CLOCK_ENABLE", 0 0, o0x7f890a847cd8;  0 drivers
v0x7f890a90ef70_0 .net "D_IN_0", 0 0, L_0x7f890a938aa0;  1 drivers
v0x7f890a90f000_0 .net "D_IN_1", 0 0, L_0x7f890a938b50;  1 drivers
o0x7f890a847d68 .functor BUFZ 1, C4<z>; HiZ drive
v0x7f890a90f090_0 .net "D_OUT_0", 0 0, o0x7f890a847d68;  0 drivers
o0x7f890a847d98 .functor BUFZ 1, C4<z>; HiZ drive
v0x7f890a90f120_0 .net "D_OUT_1", 0 0, o0x7f890a847d98;  0 drivers
v0x7f890a90f1f0_0 .net "GLOBAL_BUFFER_OUTPUT", 0 0, L_0x7f890a938860;  1 drivers
o0x7f890a847dc8 .functor BUFZ 1, C4<z>; HiZ drive
v0x7f890a90f280_0 .net "INPUT_CLK", 0 0, o0x7f890a847dc8;  0 drivers
o0x7f890a847df8 .functor BUFZ 1, C4<z>; HiZ drive
v0x7f890a90f310_0 .net "LATCH_INPUT_VALUE", 0 0, o0x7f890a847df8;  0 drivers
o0x7f890a847e28 .functor BUFZ 1, C4<z>; HiZ drive
v0x7f890a90f3c0_0 .net "OUTPUT_CLK", 0 0, o0x7f890a847e28;  0 drivers
o0x7f890a847e58 .functor BUFZ 1, C4<z>; HiZ drive
v0x7f890a90f4f0_0 .net "OUTPUT_ENABLE", 0 0, o0x7f890a847e58;  0 drivers
v0x7f890a90f580_0 .net "PACKAGE_PIN", 0 0, o0x7f890a847e88;  0 drivers
S_0x7f890a90d290 .scope module, "IO" "SB_IO" 2 148, 2 17 0, S_0x7f89094a1230;
 .timescale -12 -12;
    .port_info 0 /INOUT 1 "PACKAGE_PIN";
    .port_info 1 /INPUT 1 "LATCH_INPUT_VALUE";
    .port_info 2 /INPUT 1 "CLOCK_ENABLE";
    .port_info 3 /INPUT 1 "INPUT_CLK";
    .port_info 4 /INPUT 1 "OUTPUT_CLK";
    .port_info 5 /INPUT 1 "OUTPUT_ENABLE";
    .port_info 6 /INPUT 1 "D_OUT_0";
    .port_info 7 /INPUT 1 "D_OUT_1";
    .port_info 8 /OUTPUT 1 "D_IN_0";
    .port_info 9 /OUTPUT 1 "D_IN_1";
P_0x7f890a90d450 .param/str "IO_STANDARD" 0 2 32, "SB_LVCMOS";
P_0x7f890a90d490 .param/l "NEG_TRIGGER" 0 2 31, C4<0>;
P_0x7f890a90d4d0 .param/l "PIN_TYPE" 0 2 29, C4<000000>;
P_0x7f890a90d510 .param/l "PULLUP" 0 2 30, C4<0>;
L_0x7f890a9389f0 .functor OR 1, o0x7f890a847cd8, L_0x7f890a938910, C4<0>, C4<0>;
L_0x7f890a938aa0 .functor BUFZ 1, v0x7f890a90e6f0_0, C4<0>, C4<0>, C4<0>;
L_0x7f890a938b50 .functor BUFZ 1, v0x7f890a90e790_0, C4<0>, C4<0>, C4<0>;
v0x7f890a90dcc0_0 .net "CLOCK_ENABLE", 0 0, o0x7f890a847cd8;  alias, 0 drivers
v0x7f890a90dd70_0 .net "D_IN_0", 0 0, L_0x7f890a938aa0;  alias, 1 drivers
v0x7f890a90de10_0 .net "D_IN_1", 0 0, L_0x7f890a938b50;  alias, 1 drivers
v0x7f890a90dec0_0 .net "D_OUT_0", 0 0, o0x7f890a847d68;  alias, 0 drivers
v0x7f890a90df60_0 .net "D_OUT_1", 0 0, o0x7f890a847d98;  alias, 0 drivers
v0x7f890a90e040_0 .net "INPUT_CLK", 0 0, o0x7f890a847dc8;  alias, 0 drivers
v0x7f890a90e0e0_0 .net "LATCH_INPUT_VALUE", 0 0, o0x7f890a847df8;  alias, 0 drivers
v0x7f890a90e180_0 .net "OUTPUT_CLK", 0 0, o0x7f890a847e28;  alias, 0 drivers
v0x7f890a90e220_0 .net "OUTPUT_ENABLE", 0 0, o0x7f890a847e58;  alias, 0 drivers
v0x7f890a90e330_0 .net "PACKAGE_PIN", 0 0, o0x7f890a847e88;  alias, 0 drivers
o0x7f890a847eb8 .functor BUFZ 1, C4<z>; HiZ drive
; Elide local net with no drivers, v0x7f890a90e3c0_0 name=_ivl_0
v0x7f890a90e470_0 .net *"_ivl_2", 0 0, L_0x7f890a938910;  1 drivers
v0x7f890a90e510_0 .net "clken_pulled", 0 0, L_0x7f890a9389f0;  1 drivers
v0x7f890a90e5b0_0 .var "clken_pulled_ri", 0 0;
v0x7f890a90e650_0 .var "clken_pulled_ro", 0 0;
v0x7f890a90e6f0_0 .var "din_0", 0 0;
v0x7f890a90e790_0 .var "din_1", 0 0;
v0x7f890a90e920_0 .var "din_q_0", 0 0;
v0x7f890a90e9b0_0 .var "din_q_1", 0 0;
v0x7f890a90ea40_0 .var "dout", 0 0;
v0x7f890a90ead0_0 .var "dout_q_0", 0 0;
v0x7f890a90eb70_0 .var "dout_q_1", 0 0;
v0x7f890a90ec10_0 .var "outclk_delayed_1", 0 0;
v0x7f890a90ecb0_0 .var "outclk_delayed_2", 0 0;
v0x7f890a90ed50_0 .var "outena_q", 0 0;
E_0x7f890a90d850 .event anyedge, v0x7f890a90ecb0_0, v0x7f890a90ead0_0, v0x7f890a90eb70_0;
E_0x7f890a90d890 .event anyedge, v0x7f890a90ec10_0;
E_0x7f890a90d8e0 .event anyedge, v0x7f890a90e180_0;
E_0x7f890a90d940 .event anyedge, v0x7f890a90e920_0, v0x7f890a90e9b0_0;
L_0x7f890a938910 .cmp/eeq 1, o0x7f890a847cd8, o0x7f890a847eb8;
S_0x7f890a90d990 .scope generate, "genblk1" "genblk1" 2 45, 2 45 0, S_0x7f890a90d290;
 .timescale -12 -12;
E_0x7f890a90db60 .event posedge, v0x7f890a90e180_0;
E_0x7f890a90dbc0 .event negedge, v0x7f890a90e180_0;
E_0x7f890a90dc10 .event negedge, v0x7f890a90e040_0;
E_0x7f890a90dc70 .event posedge, v0x7f890a90e040_0;
S_0x7f89094a6fb0 .scope module, "SB_HFOSC" "SB_HFOSC" 2 2664;
 .timescale -12 -12;
    .port_info 0 /INPUT 1 "TRIM0";
    .port_info 1 /INPUT 1 "TRIM1";
    .port_info 2 /INPUT 1 "TRIM2";
    .port_info 3 /INPUT 1 "TRIM3";
    .port_info 4 /INPUT 1 "TRIM4";
    .port_info 5 /INPUT 1 "TRIM5";
    .port_info 6 /INPUT 1 "TRIM6";
    .port_info 7 /INPUT 1 "TRIM7";
    .port_info 8 /INPUT 1 "TRIM8";
    .port_info 9 /INPUT 1 "TRIM9";
    .port_info 10 /INPUT 1 "CLKHFPU";
    .port_info 11 /INPUT 1 "CLKHFEN";
    .port_info 12 /OUTPUT 1 "CLKHF";
P_0x7f89094330f0 .param/str "CLKHF_DIV" 0 2 2680, "0b00";
P_0x7f8909433130 .param/str "TRIM_EN" 0 2 2679, "0b0";
o0x7f890a8485a8 .functor BUFZ 1, C4<z>; HiZ drive
v0x7f890a90f680_0 .net "CLKHF", 0 0, o0x7f890a8485a8;  0 drivers
o0x7f890a8485d8 .functor BUFZ 1, C4<z>; HiZ drive
v0x7f890a90f730_0 .net "CLKHFEN", 0 0, o0x7f890a8485d8;  0 drivers
o0x7f890a848608 .functor BUFZ 1, C4<z>; HiZ drive
v0x7f890a90f7d0_0 .net "CLKHFPU", 0 0, o0x7f890a848608;  0 drivers
o0x7f890a848638 .functor BUFZ 1, C4<z>; HiZ drive
v0x7f890a90f860_0 .net "TRIM0", 0 0, o0x7f890a848638;  0 drivers
o0x7f890a848668 .functor BUFZ 1, C4<z>; HiZ drive
v0x7f890a90f8f0_0 .net "TRIM1", 0 0, o0x7f890a848668;  0 drivers
o0x7f890a848698 .functor BUFZ 1, C4<z>; HiZ drive
v0x7f890a90f9c0_0 .net "TRIM2", 0 0, o0x7f890a848698;  0 drivers
o0x7f890a8486c8 .functor BUFZ 1, C4<z>; HiZ drive
v0x7f890a90fa50_0 .net "TRIM3", 0 0, o0x7f890a8486c8;  0 drivers
o0x7f890a8486f8 .functor BUFZ 1, C4<z>; HiZ drive
v0x7f890a90fae0_0 .net "TRIM4", 0 0, o0x7f890a8486f8;  0 drivers
o0x7f890a848728 .functor BUFZ 1, C4<z>; HiZ drive
v0x7f890a90fb80_0 .net "TRIM5", 0 0, o0x7f890a848728;  0 drivers
o0x7f890a848758 .functor BUFZ 1, C4<z>; HiZ drive
v0x7f890a90fc90_0 .net "TRIM6", 0 0, o0x7f890a848758;  0 drivers
o0x7f890a848788 .functor BUFZ 1, C4<z>; HiZ drive
v0x7f890a90fd20_0 .net "TRIM7", 0 0, o0x7f890a848788;  0 drivers
o0x7f890a8487b8 .functor BUFZ 1, C4<z>; HiZ drive
v0x7f890a90fdc0_0 .net "TRIM8", 0 0, o0x7f890a8487b8;  0 drivers
o0x7f890a8487e8 .functor BUFZ 1, C4<z>; HiZ drive
v0x7f890a90fe60_0 .net "TRIM9", 0 0, o0x7f890a8487e8;  0 drivers
S_0x7f89094a6490 .scope module, "SB_I2C" "SB_I2C" 2 2733;
 .timescale -12 -12;
    .port_info 0 /INPUT 1 "SBCLKI";
    .port_info 1 /INPUT 1 "SBRWI";
    .port_info 2 /INPUT 1 "SBSTBI";
    .port_info 3 /INPUT 1 "SBADRI7";
    .port_info 4 /INPUT 1 "SBADRI6";
    .port_info 5 /INPUT 1 "SBADRI5";
    .port_info 6 /INPUT 1 "SBADRI4";
    .port_info 7 /INPUT 1 "SBADRI3";
    .port_info 8 /INPUT 1 "SBADRI2";
    .port_info 9 /INPUT 1 "SBADRI1";
    .port_info 10 /INPUT 1 "SBADRI0";
    .port_info 11 /INPUT 1 "SBDATI7";
    .port_info 12 /INPUT 1 "SBDATI6";
    .port_info 13 /INPUT 1 "SBDATI5";
    .port_info 14 /INPUT 1 "SBDATI4";
    .port_info 15 /INPUT 1 "SBDATI3";
    .port_info 16 /INPUT 1 "SBDATI2";
    .port_info 17 /INPUT 1 "SBDATI1";
    .port_info 18 /INPUT 1 "SBDATI0";
    .port_info 19 /INPUT 1 "SCLI";
    .port_info 20 /INPUT 1 "SDAI";
    .port_info 21 /OUTPUT 1 "SBDATO7";
    .port_info 22 /OUTPUT 1 "SBDATO6";
    .port_info 23 /OUTPUT 1 "SBDATO5";
    .port_info 24 /OUTPUT 1 "SBDATO4";
    .port_info 25 /OUTPUT 1 "SBDATO3";
    .port_info 26 /OUTPUT 1 "SBDATO2";
    .port_info 27 /OUTPUT 1 "SBDATO1";
    .port_info 28 /OUTPUT 1 "SBDATO0";
    .port_info 29 /OUTPUT 1 "SBACKO";
    .port_info 30 /OUTPUT 1 "I2CIRQ";
    .port_info 31 /OUTPUT 1 "I2CWKUP";
    .port_info 32 /OUTPUT 1 "SCLO";
    .port_info 33 /OUTPUT 1 "SCLOE";
    .port_info 34 /OUTPUT 1 "SDAO";
    .port_info 35 /OUTPUT 1 "SDAOE";
P_0x7f89094332f0 .param/str "BUS_ADDR74" 0 2 2772, "0b0001";
P_0x7f8909433330 .param/str "I2C_SLAVE_INIT_ADDR" 0 2 2771, "0b1111100001";
o0x7f890a848a88 .functor BUFZ 1, C4<z>; HiZ drive
v0x7f890a910040_0 .net "I2CIRQ", 0 0, o0x7f890a848a88;  0 drivers
o0x7f890a848ab8 .functor BUFZ 1, C4<z>; HiZ drive
v0x7f890a9100d0_0 .net "I2CWKUP", 0 0, o0x7f890a848ab8;  0 drivers
o0x7f890a848ae8 .functor BUFZ 1, C4<z>; HiZ drive
v0x7f890a910160_0 .net "SBACKO", 0 0, o0x7f890a848ae8;  0 drivers
o0x7f890a848b18 .functor BUFZ 1, C4<z>; HiZ drive
v0x7f890a9101f0_0 .net "SBADRI0", 0 0, o0x7f890a848b18;  0 drivers
o0x7f890a848b48 .functor BUFZ 1, C4<z>; HiZ drive
v0x7f890a910280_0 .net "SBADRI1", 0 0, o0x7f890a848b48;  0 drivers
o0x7f890a848b78 .functor BUFZ 1, C4<z>; HiZ drive
v0x7f890a910310_0 .net "SBADRI2", 0 0, o0x7f890a848b78;  0 drivers
o0x7f890a848ba8 .functor BUFZ 1, C4<z>; HiZ drive
v0x7f890a9103b0_0 .net "SBADRI3", 0 0, o0x7f890a848ba8;  0 drivers
o0x7f890a848bd8 .functor BUFZ 1, C4<z>; HiZ drive
v0x7f890a910450_0 .net "SBADRI4", 0 0, o0x7f890a848bd8;  0 drivers
o0x7f890a848c08 .functor BUFZ 1, C4<z>; HiZ drive
v0x7f890a9104f0_0 .net "SBADRI5", 0 0, o0x7f890a848c08;  0 drivers
o0x7f890a848c38 .functor BUFZ 1, C4<z>; HiZ drive
v0x7f890a910600_0 .net "SBADRI6", 0 0, o0x7f890a848c38;  0 drivers
o0x7f890a848c68 .functor BUFZ 1, C4<z>; HiZ drive
v0x7f890a910690_0 .net "SBADRI7", 0 0, o0x7f890a848c68;  0 drivers
o0x7f890a848c98 .functor BUFZ 1, C4<z>; HiZ drive
v0x7f890a910730_0 .net "SBCLKI", 0 0, o0x7f890a848c98;  0 drivers
o0x7f890a848cc8 .functor BUFZ 1, C4<z>; HiZ drive
v0x7f890a9107d0_0 .net "SBDATI0", 0 0, o0x7f890a848cc8;  0 drivers
o0x7f890a848cf8 .functor BUFZ 1, C4<z>; HiZ drive
v0x7f890a910870_0 .net "SBDATI1", 0 0, o0x7f890a848cf8;  0 drivers
o0x7f890a848d28 .functor BUFZ 1, C4<z>; HiZ drive
v0x7f890a910910_0 .net "SBDATI2", 0 0, o0x7f890a848d28;  0 drivers
o0x7f890a848d58 .functor BUFZ 1, C4<z>; HiZ drive
v0x7f890a9109b0_0 .net "SBDATI3", 0 0, o0x7f890a848d58;  0 drivers
o0x7f890a848d88 .functor BUFZ 1, C4<z>; HiZ drive
v0x7f890a910a50_0 .net "SBDATI4", 0 0, o0x7f890a848d88;  0 drivers
o0x7f890a848db8 .functor BUFZ 1, C4<z>; HiZ drive
v0x7f890a910be0_0 .net "SBDATI5", 0 0, o0x7f890a848db8;  0 drivers
o0x7f890a848de8 .functor BUFZ 1, C4<z>; HiZ drive
v0x7f890a910c70_0 .net "SBDATI6", 0 0, o0x7f890a848de8;  0 drivers
o0x7f890a848e18 .functor BUFZ 1, C4<z>; HiZ drive
v0x7f890a910d00_0 .net "SBDATI7", 0 0, o0x7f890a848e18;  0 drivers
o0x7f890a848e48 .functor BUFZ 1, C4<z>; HiZ drive
v0x7f890a910d90_0 .net "SBDATO0", 0 0, o0x7f890a848e48;  0 drivers
o0x7f890a848e78 .functor BUFZ 1, C4<z>; HiZ drive
v0x7f890a910e30_0 .net "SBDATO1", 0 0, o0x7f890a848e78;  0 drivers
o0x7f890a848ea8 .functor BUFZ 1, C4<z>; HiZ drive
v0x7f890a910ed0_0 .net "SBDATO2", 0 0, o0x7f890a848ea8;  0 drivers
o0x7f890a848ed8 .functor BUFZ 1, C4<z>; HiZ drive
v0x7f890a910f70_0 .net "SBDATO3", 0 0, o0x7f890a848ed8;  0 drivers
o0x7f890a848f08 .functor BUFZ 1, C4<z>; HiZ drive
v0x7f890a911010_0 .net "SBDATO4", 0 0, o0x7f890a848f08;  0 drivers
o0x7f890a848f38 .functor BUFZ 1, C4<z>; HiZ drive
v0x7f890a9110b0_0 .net "SBDATO5", 0 0, o0x7f890a848f38;  0 drivers
o0x7f890a848f68 .functor BUFZ 1, C4<z>; HiZ drive
v0x7f890a911150_0 .net "SBDATO6", 0 0, o0x7f890a848f68;  0 drivers
o0x7f890a848f98 .functor BUFZ 1, C4<z>; HiZ drive
v0x7f890a9111f0_0 .net "SBDATO7", 0 0, o0x7f890a848f98;  0 drivers
o0x7f890a848fc8 .functor BUFZ 1, C4<z>; HiZ drive
v0x7f890a911290_0 .net "SBRWI", 0 0, o0x7f890a848fc8;  0 drivers
o0x7f890a848ff8 .functor BUFZ 1, C4<z>; HiZ drive
v0x7f890a911330_0 .net "SBSTBI", 0 0, o0x7f890a848ff8;  0 drivers
o0x7f890a849028 .functor BUFZ 1, C4<z>; HiZ drive
v0x7f890a9113d0_0 .net "SCLI", 0 0, o0x7f890a849028;  0 drivers
o0x7f890a849058 .functor BUFZ 1, C4<z>; HiZ drive
v0x7f890a911470_0 .net "SCLO", 0 0, o0x7f890a849058;  0 drivers
o0x7f890a849088 .functor BUFZ 1, C4<z>; HiZ drive
v0x7f890a911510_0 .net "SCLOE", 0 0, o0x7f890a849088;  0 drivers
o0x7f890a8490b8 .functor BUFZ 1, C4<z>; HiZ drive
v0x7f890a910af0_0 .net "SDAI", 0 0, o0x7f890a8490b8;  0 drivers
o0x7f890a8490e8 .functor BUFZ 1, C4<z>; HiZ drive
v0x7f890a9117a0_0 .net "SDAO", 0 0, o0x7f890a8490e8;  0 drivers
o0x7f890a849118 .functor BUFZ 1, C4<z>; HiZ drive
v0x7f890a911830_0 .net "SDAOE", 0 0, o0x7f890a849118;  0 drivers
S_0x7f89094a9e70 .scope module, "SB_IO_I3C" "SB_IO_I3C" 2 2862;
 .timescale -12 -12;
    .port_info 0 /INOUT 1 "PACKAGE_PIN";
    .port_info 1 /INPUT 1 "LATCH_INPUT_VALUE";
    .port_info 2 /INPUT 1 "CLOCK_ENABLE";
    .port_info 3 /INPUT 1 "INPUT_CLK";
    .port_info 4 /INPUT 1 "OUTPUT_CLK";
    .port_info 5 /INPUT 1 "OUTPUT_ENABLE";
    .port_info 6 /INPUT 1 "D_OUT_0";
    .port_info 7 /INPUT 1 "D_OUT_1";
    .port_info 8 /OUTPUT 1 "D_IN_0";
    .port_info 9 /OUTPUT 1 "D_IN_1";
    .port_info 10 /INPUT 1 "PU_ENB";
    .port_info 11 /INPUT 1 "WEAK_PU_ENB";
P_0x7f8909410a30 .param/str "IO_STANDARD" 0 2 2880, "SB_LVCMOS";
P_0x7f8909410a70 .param/l "NEG_TRIGGER" 0 2 2879, C4<0>;
P_0x7f8909410ab0 .param/l "PIN_TYPE" 0 2 2876, C4<000000>;
P_0x7f8909410af0 .param/l "PULLUP" 0 2 2877, C4<0>;
P_0x7f8909410b30 .param/l "WEAK_PULLUP" 0 2 2878, C4<0>;
L_0x7f890a938c00 .functor BUFZ 1, v0x7f890a912730_0, C4<0>, C4<0>, C4<0>;
L_0x7f890a938c70 .functor BUFZ 1, v0x7f890a9127d0_0, C4<0>, C4<0>, C4<0>;
o0x7f890a849808 .functor BUFZ 1, C4<z>; HiZ drive
v0x7f890a911ef0_0 .net "CLOCK_ENABLE", 0 0, o0x7f890a849808;  0 drivers
v0x7f890a911fa0_0 .net "D_IN_0", 0 0, L_0x7f890a938c00;  1 drivers
v0x7f890a912040_0 .net "D_IN_1", 0 0, L_0x7f890a938c70;  1 drivers
o0x7f890a849898 .functor BUFZ 1, C4<z>; HiZ drive
v0x7f890a9120f0_0 .net "D_OUT_0", 0 0, o0x7f890a849898;  0 drivers
o0x7f890a8498c8 .functor BUFZ 1, C4<z>; HiZ drive
v0x7f890a912190_0 .net "D_OUT_1", 0 0, o0x7f890a8498c8;  0 drivers
o0x7f890a8498f8 .functor BUFZ 1, C4<z>; HiZ drive
v0x7f890a912270_0 .net "INPUT_CLK", 0 0, o0x7f890a8498f8;  0 drivers
o0x7f890a849928 .functor BUFZ 1, C4<z>; HiZ drive
v0x7f890a912310_0 .net "LATCH_INPUT_VALUE", 0 0, o0x7f890a849928;  0 drivers
o0x7f890a849958 .functor BUFZ 1, C4<z>; HiZ drive
v0x7f890a9123b0_0 .net "OUTPUT_CLK", 0 0, o0x7f890a849958;  0 drivers
o0x7f890a849988 .functor BUFZ 1, C4<z>; HiZ drive
v0x7f890a912450_0 .net "OUTPUT_ENABLE", 0 0, o0x7f890a849988;  0 drivers
o0x7f890a8499b8 .functor BUFZ 1, C4<z>; HiZ drive
v0x7f890a912560_0 .net "PACKAGE_PIN", 0 0, o0x7f890a8499b8;  0 drivers
o0x7f890a8499e8 .functor BUFZ 1, C4<z>; HiZ drive
v0x7f890a9125f0_0 .net "PU_ENB", 0 0, o0x7f890a8499e8;  0 drivers
o0x7f890a849a18 .functor BUFZ 1, C4<z>; HiZ drive
v0x7f890a912690_0 .net "WEAK_PU_ENB", 0 0, o0x7f890a849a18;  0 drivers
v0x7f890a912730_0 .var "din_0", 0 0;
v0x7f890a9127d0_0 .var "din_1", 0 0;
v0x7f890a912870_0 .var "din_q_0", 0 0;
v0x7f890a912910_0 .var "din_q_1", 0 0;
v0x7f890a9129b0_0 .var "dout", 0 0;
v0x7f890a912b40_0 .var "dout_q_0", 0 0;
v0x7f890a912bd0_0 .var "dout_q_1", 0 0;
v0x7f890a912c60_0 .var "outclk_delayed_1", 0 0;
v0x7f890a912cf0_0 .var "outclk_delayed_2", 0 0;
v0x7f890a912d90_0 .var "outena_q", 0 0;
E_0x7f89094ab130 .event anyedge, v0x7f890a912cf0_0, v0x7f890a912b40_0, v0x7f890a912bd0_0;
E_0x7f89094ab1a0 .event anyedge, v0x7f890a912c60_0;
E_0x7f89094ab1f0 .event anyedge, v0x7f890a9123b0_0;
E_0x7f890a910580 .event anyedge, v0x7f890a912870_0, v0x7f890a912910_0;
S_0x7f890a911bf0 .scope generate, "genblk1" "genblk1" 2 2888, 2 2888 0, S_0x7f89094a9e70;
 .timescale -12 -12;
E_0x7f890a911db0 .event posedge, v0x7f890a9123b0_0;
E_0x7f890a911df0 .event negedge, v0x7f890a9123b0_0;
E_0x7f890a911e40 .event negedge, v0x7f890a912270_0;
E_0x7f890a911ea0 .event posedge, v0x7f890a912270_0;
S_0x7f8909413b70 .scope module, "SB_IO_OD" "SB_IO_OD" 2 2931;
 .timescale -12 -12;
    .port_info 0 /INOUT 1 "PACKAGEPIN";
    .port_info 1 /INPUT 1 "LATCHINPUTVALUE";
    .port_info 2 /INPUT 1 "CLOCKENABLE";
    .port_info 3 /INPUT 1 "INPUTCLK";
    .port_info 4 /INPUT 1 "OUTPUTCLK";
    .port_info 5 /INPUT 1 "OUTPUTENABLE";
    .port_info 6 /INPUT 1 "DOUT1";
    .port_info 7 /INPUT 1 "DOUT0";
    .port_info 8 /OUTPUT 1 "DIN1";
    .port_info 9 /OUTPUT 1 "DIN0";
P_0x7f8909410cf0 .param/l "NEG_TRIGGER" 0 2 2944, C4<0>;
P_0x7f8909410d30 .param/l "PIN_TYPE" 0 2 2943, C4<000000>;
L_0x7f890a938ce0 .functor BUFZ 1, v0x7f890a913a10_0, C4<0>, C4<0>, C4<0>;
L_0x7f890a938d50 .functor BUFZ 1, v0x7f890a913ab0_0, C4<0>, C4<0>, C4<0>;
o0x7f890a849e68 .functor BUFZ 1, C4<z>; HiZ drive
v0x7f890a913310_0 .net "CLOCKENABLE", 0 0, o0x7f890a849e68;  0 drivers
v0x7f890a9133c0_0 .net "DIN0", 0 0, L_0x7f890a938ce0;  1 drivers
v0x7f890a913460_0 .net "DIN1", 0 0, L_0x7f890a938d50;  1 drivers
o0x7f890a849ef8 .functor BUFZ 1, C4<z>; HiZ drive
v0x7f890a913510_0 .net "DOUT0", 0 0, o0x7f890a849ef8;  0 drivers
o0x7f890a849f28 .functor BUFZ 1, C4<z>; HiZ drive
v0x7f890a9135b0_0 .net "DOUT1", 0 0, o0x7f890a849f28;  0 drivers
o0x7f890a849f58 .functor BUFZ 1, C4<z>; HiZ drive
v0x7f890a913690_0 .net "INPUTCLK", 0 0, o0x7f890a849f58;  0 drivers
o0x7f890a849f88 .functor BUFZ 1, C4<z>; HiZ drive
v0x7f890a913730_0 .net "LATCHINPUTVALUE", 0 0, o0x7f890a849f88;  0 drivers
o0x7f890a849fb8 .functor BUFZ 1, C4<z>; HiZ drive
v0x7f890a9137d0_0 .net "OUTPUTCLK", 0 0, o0x7f890a849fb8;  0 drivers
o0x7f890a849fe8 .functor BUFZ 1, C4<z>; HiZ drive
v0x7f890a913870_0 .net "OUTPUTENABLE", 0 0, o0x7f890a849fe8;  0 drivers
o0x7f890a84a018 .functor BUFZ 1, C4<z>; HiZ drive
v0x7f890a913980_0 .net "PACKAGEPIN", 0 0, o0x7f890a84a018;  0 drivers
v0x7f890a913a10_0 .var "din_0", 0 0;
v0x7f890a913ab0_0 .var "din_1", 0 0;
v0x7f890a913b50_0 .var "din_q_0", 0 0;
v0x7f890a913bf0_0 .var "din_q_1", 0 0;
v0x7f890a913c90_0 .var "dout", 0 0;
v0x7f890a913d30_0 .var "dout_q_0", 0 0;
v0x7f890a913dd0_0 .var "dout_q_1", 0 0;
v0x7f890a913f60_0 .var "outclk_delayed_1", 0 0;
v0x7f890a913ff0_0 .var "outclk_delayed_2", 0 0;
v0x7f890a914080_0 .var "outena_q", 0 0;
E_0x7f890a9124e0 .event anyedge, v0x7f890a913ff0_0, v0x7f890a913d30_0, v0x7f890a913dd0_0;
E_0x7f890a912f50 .event anyedge, v0x7f890a913f60_0;
E_0x7f890a912f90 .event anyedge, v0x7f890a9137d0_0;
E_0x7f890940dec0 .event anyedge, v0x7f890a913b50_0, v0x7f890a913bf0_0;
S_0x7f890a912ff0 .scope generate, "genblk1" "genblk1" 2 2952, 2 2952 0, S_0x7f8909413b70;
 .timescale -12 -12;
E_0x7f890a9131b0 .event posedge, v0x7f890a9137d0_0;
E_0x7f890a913210 .event negedge, v0x7f890a9137d0_0;
E_0x7f890a913260 .event negedge, v0x7f890a913690_0;
E_0x7f890a9132c0 .event posedge, v0x7f890a913690_0;
S_0x7f890942f600 .scope module, "SB_LEDDA_IP" "SB_LEDDA_IP" 2 2830;
 .timescale -12 -12;
    .port_info 0 /INPUT 1 "LEDDCS";
    .port_info 1 /INPUT 1 "LEDDCLK";
    .port_info 2 /INPUT 1 "LEDDDAT7";
    .port_info 3 /INPUT 1 "LEDDDAT6";
    .port_info 4 /INPUT 1 "LEDDDAT5";
    .port_info 5 /INPUT 1 "LEDDDAT4";
    .port_info 6 /INPUT 1 "LEDDDAT3";
    .port_info 7 /INPUT 1 "LEDDDAT2";
    .port_info 8 /INPUT 1 "LEDDDAT1";
    .port_info 9 /INPUT 1 "LEDDDAT0";
    .port_info 10 /INPUT 1 "LEDDADDR3";
    .port_info 11 /INPUT 1 "LEDDADDR2";
    .port_info 12 /INPUT 1 "LEDDADDR1";
    .port_info 13 /INPUT 1 "LEDDADDR0";
    .port_info 14 /INPUT 1 "LEDDDEN";
    .port_info 15 /INPUT 1 "LEDDEXE";
    .port_info 16 /INPUT 1 "LEDDRST";
    .port_info 17 /OUTPUT 1 "PWMOUT0";
    .port_info 18 /OUTPUT 1 "PWMOUT1";
    .port_info 19 /OUTPUT 1 "PWMOUT2";
    .port_info 20 /OUTPUT 1 "LEDDON";
o0x7f890a84a408 .functor BUFZ 1, C4<z>; HiZ drive
v0x7f890a914200_0 .net "LEDDADDR0", 0 0, o0x7f890a84a408;  0 drivers
o0x7f890a84a438 .functor BUFZ 1, C4<z>; HiZ drive
v0x7f890a914290_0 .net "LEDDADDR1", 0 0, o0x7f890a84a438;  0 drivers
o0x7f890a84a468 .functor BUFZ 1, C4<z>; HiZ drive
v0x7f890a914320_0 .net "LEDDADDR2", 0 0, o0x7f890a84a468;  0 drivers
o0x7f890a84a498 .functor BUFZ 1, C4<z>; HiZ drive
v0x7f890a9143b0_0 .net "LEDDADDR3", 0 0, o0x7f890a84a498;  0 drivers
o0x7f890a84a4c8 .functor BUFZ 1, C4<z>; HiZ drive
v0x7f890a914440_0 .net "LEDDCLK", 0 0, o0x7f890a84a4c8;  0 drivers
o0x7f890a84a4f8 .functor BUFZ 1, C4<z>; HiZ drive
v0x7f890a9144d0_0 .net "LEDDCS", 0 0, o0x7f890a84a4f8;  0 drivers
o0x7f890a84a528 .functor BUFZ 1, C4<z>; HiZ drive
v0x7f890a914560_0 .net "LEDDDAT0", 0 0, o0x7f890a84a528;  0 drivers
o0x7f890a84a558 .functor BUFZ 1, C4<z>; HiZ drive
v0x7f890a9145f0_0 .net "LEDDDAT1", 0 0, o0x7f890a84a558;  0 drivers
o0x7f890a84a588 .functor BUFZ 1, C4<z>; HiZ drive
v0x7f890a914690_0 .net "LEDDDAT2", 0 0, o0x7f890a84a588;  0 drivers
o0x7f890a84a5b8 .functor BUFZ 1, C4<z>; HiZ drive
v0x7f890a9147a0_0 .net "LEDDDAT3", 0 0, o0x7f890a84a5b8;  0 drivers
o0x7f890a84a5e8 .functor BUFZ 1, C4<z>; HiZ drive
v0x7f890a914830_0 .net "LEDDDAT4", 0 0, o0x7f890a84a5e8;  0 drivers
o0x7f890a84a618 .functor BUFZ 1, C4<z>; HiZ drive
v0x7f890a9148d0_0 .net "LEDDDAT5", 0 0, o0x7f890a84a618;  0 drivers
o0x7f890a84a648 .functor BUFZ 1, C4<z>; HiZ drive
v0x7f890a914970_0 .net "LEDDDAT6", 0 0, o0x7f890a84a648;  0 drivers
o0x7f890a84a678 .functor BUFZ 1, C4<z>; HiZ drive
v0x7f890a914a10_0 .net "LEDDDAT7", 0 0, o0x7f890a84a678;  0 drivers
o0x7f890a84a6a8 .functor BUFZ 1, C4<z>; HiZ drive
v0x7f890a914ab0_0 .net "LEDDDEN", 0 0, o0x7f890a84a6a8;  0 drivers
o0x7f890a84a6d8 .functor BUFZ 1, C4<z>; HiZ drive
v0x7f890a914b50_0 .net "LEDDEXE", 0 0, o0x7f890a84a6d8;  0 drivers
o0x7f890a84a708 .functor BUFZ 1, C4<z>; HiZ drive
v0x7f890a914bf0_0 .net "LEDDON", 0 0, o0x7f890a84a708;  0 drivers
o0x7f890a84a738 .functor BUFZ 1, C4<z>; HiZ drive
v0x7f890a914d80_0 .net "LEDDRST", 0 0, o0x7f890a84a738;  0 drivers
o0x7f890a84a768 .functor BUFZ 1, C4<z>; HiZ drive
v0x7f890a914e10_0 .net "PWMOUT0", 0 0, o0x7f890a84a768;  0 drivers
o0x7f890a84a798 .functor BUFZ 1, C4<z>; HiZ drive
v0x7f890a914ea0_0 .net "PWMOUT1", 0 0, o0x7f890a84a798;  0 drivers
o0x7f890a84a7c8 .functor BUFZ 1, C4<z>; HiZ drive
v0x7f890a914f30_0 .net "PWMOUT2", 0 0, o0x7f890a84a7c8;  0 drivers
S_0x7f890942f770 .scope module, "SB_LED_DRV_CUR" "SB_LED_DRV_CUR" 2 2709;
 .timescale -12 -12;
    .port_info 0 /INPUT 1 "EN";
    .port_info 1 /OUTPUT 1 "LEDPU";
o0x7f890a84abe8 .functor BUFZ 1, C4<z>; HiZ drive
v0x7f890a9151d0_0 .net "EN", 0 0, o0x7f890a84abe8;  0 drivers
o0x7f890a84ac18 .functor BUFZ 1, C4<z>; HiZ drive
v0x7f890a915260_0 .net "LEDPU", 0 0, o0x7f890a84ac18;  0 drivers
S_0x7f890941d770 .scope module, "SB_LFOSC" "SB_LFOSC" 2 2684;
 .timescale -12 -12;
    .port_info 0 /INPUT 1 "CLKLFPU";
    .port_info 1 /INPUT 1 "CLKLFEN";
    .port_info 2 /OUTPUT 1 "CLKLF";
o0x7f890a84aca8 .functor BUFZ 1, C4<z>; HiZ drive
v0x7f890949ebd0_0 .net "CLKLF", 0 0, o0x7f890a84aca8;  0 drivers
o0x7f890a84acd8 .functor BUFZ 1, C4<z>; HiZ drive
v0x7f890a9152f0_0 .net "CLKLFEN", 0 0, o0x7f890a84acd8;  0 drivers
o0x7f890a84ad08 .functor BUFZ 1, C4<z>; HiZ drive
v0x7f890a915380_0 .net "CLKLFPU", 0 0, o0x7f890a84ad08;  0 drivers
S_0x7f890941b1a0 .scope module, "SB_LUT4" "SB_LUT4" 2 177;
 .timescale -12 -12;
    .port_info 0 /OUTPUT 1 "O";
    .port_info 1 /INPUT 1 "I0";
    .port_info 2 /INPUT 1 "I1";
    .port_info 3 /INPUT 1 "I2";
    .port_info 4 /INPUT 1 "I3";
P_0x7f8909409790 .param/l "LUT_INIT" 0 2 184, C4<0000000000000000>;
o0x7f890a84adc8 .functor BUFZ 1, C4<z>; HiZ drive
v0x7f890a915460_0 .net "I0", 0 0, o0x7f890a84adc8;  0 drivers
o0x7f890a84adf8 .functor BUFZ 1, C4<z>; HiZ drive
v0x7f890a915510_0 .net "I1", 0 0, o0x7f890a84adf8;  0 drivers
o0x7f890a84ae28 .functor BUFZ 1, C4<z>; HiZ drive
v0x7f890a9155b0_0 .net "I2", 0 0, o0x7f890a84ae28;  0 drivers
o0x7f890a84ae58 .functor BUFZ 1, C4<z>; HiZ drive
v0x7f890a915640_0 .net "I3", 0 0, o0x7f890a84ae58;  0 drivers
v0x7f890a9156e0_0 .net "O", 0 0, L_0x7f890a939740;  1 drivers
L_0x7f890a8733b0 .functor BUFT 1, C4<00000000>, C4<0>, C4<0>, C4<0>;
v0x7f890a9157c0_0 .net/2u *"_ivl_0", 7 0, L_0x7f890a8733b0;  1 drivers
v0x7f890a915870_0 .net *"_ivl_13", 1 0, L_0x7f890a939260;  1 drivers
v0x7f890a915920_0 .net *"_ivl_15", 1 0, L_0x7f890a939370;  1 drivers
v0x7f890a9159d0_0 .net *"_ivl_19", 0 0, L_0x7f890a939570;  1 drivers
L_0x7f890a8733f8 .functor BUFT 1, C4<00000000>, C4<0>, C4<0>, C4<0>;
v0x7f890a915ae0_0 .net/2u *"_ivl_2", 7 0, L_0x7f890a8733f8;  1 drivers
v0x7f890a915b90_0 .net *"_ivl_21", 0 0, L_0x7f890a939650;  1 drivers
v0x7f890a915c40_0 .net *"_ivl_7", 3 0, L_0x7f890a938f80;  1 drivers
v0x7f890a915cf0_0 .net *"_ivl_9", 3 0, L_0x7f890a939060;  1 drivers
v0x7f890a915da0_0 .net "s1", 1 0, L_0x7f890a939410;  1 drivers
v0x7f890a915e50_0 .net "s2", 3 0, L_0x7f890a939100;  1 drivers
v0x7f890a915f00_0 .net "s3", 7 0, L_0x7f890a938e20;  1 drivers
L_0x7f890a938e20 .functor MUXZ 8, L_0x7f890a8733f8, L_0x7f890a8733b0, o0x7f890a84ae58, C4<>;
L_0x7f890a938f80 .part L_0x7f890a938e20, 4, 4;
L_0x7f890a939060 .part L_0x7f890a938e20, 0, 4;
L_0x7f890a939100 .functor MUXZ 4, L_0x7f890a939060, L_0x7f890a938f80, o0x7f890a84ae28, C4<>;
L_0x7f890a939260 .part L_0x7f890a939100, 2, 2;
L_0x7f890a939370 .part L_0x7f890a939100, 0, 2;
L_0x7f890a939410 .functor MUXZ 2, L_0x7f890a939370, L_0x7f890a939260, o0x7f890a84adf8, C4<>;
L_0x7f890a939570 .part L_0x7f890a939410, 1, 1;
L_0x7f890a939650 .part L_0x7f890a939410, 0, 1;
L_0x7f890a939740 .functor MUXZ 1, L_0x7f890a939650, L_0x7f890a939570, o0x7f890a84adc8, C4<>;
S_0x7f890941b310 .scope module, "SB_MAC16" "SB_MAC16" 2 2996;
 .timescale -12 -12;
    .port_info 0 /INPUT 1 "CLK";
    .port_info 1 /INPUT 1 "CE";
    .port_info 2 /INPUT 16 "C";
    .port_info 3 /INPUT 16 "A";
    .port_info 4 /INPUT 16 "B";
    .port_info 5 /INPUT 16 "D";
    .port_info 6 /INPUT 1 "AHOLD";
    .port_info 7 /INPUT 1 "BHOLD";
    .port_info 8 /INPUT 1 "CHOLD";
    .port_info 9 /INPUT 1 "DHOLD";
    .port_info 10 /INPUT 1 "IRSTTOP";
    .port_info 11 /INPUT 1 "IRSTBOT";
    .port_info 12 /INPUT 1 "ORSTTOP";
    .port_info 13 /INPUT 1 "ORSTBOT";
    .port_info 14 /INPUT 1 "OLOADTOP";
    .port_info 15 /INPUT 1 "OLOADBOT";
    .port_info 16 /INPUT 1 "ADDSUBTOP";
    .port_info 17 /INPUT 1 "ADDSUBBOT";
    .port_info 18 /INPUT 1 "OHOLDTOP";
    .port_info 19 /INPUT 1 "OHOLDBOT";
    .port_info 20 /INPUT 1 "CI";
    .port_info 21 /INPUT 1 "ACCUMCI";
    .port_info 22 /INPUT 1 "SIGNEXTIN";
    .port_info 23 /OUTPUT 32 "O";
    .port_info 24 /OUTPUT 1 "CO";
    .port_info 25 /OUTPUT 1 "ACCUMCO";
    .port_info 26 /OUTPUT 1 "SIGNEXTOUT";
P_0x7f890980b800 .param/l "A_REG" 0 2 3011, C4<0>;
P_0x7f890980b840 .param/l "A_SIGNED" 0 2 3027, C4<0>;
P_0x7f890980b880 .param/l "BOTADDSUB_CARRYSELECT" 0 2 3025, C4<00>;
P_0x7f890980b8c0 .param/l "BOTADDSUB_LOWERINPUT" 0 2 3023, C4<00>;
P_0x7f890980b900 .param/l "BOTADDSUB_UPPERINPUT" 0 2 3024, C4<0>;
P_0x7f890980b940 .param/l "BOTOUTPUT_SELECT" 0 2 3022, C4<00>;
P_0x7f890980b980 .param/l "BOT_8x8_MULT_REG" 0 2 3015, C4<0>;
P_0x7f890980b9c0 .param/l "B_REG" 0 2 3012, C4<0>;
P_0x7f890980ba00 .param/l "B_SIGNED" 0 2 3028, C4<0>;
P_0x7f890980ba40 .param/l "C_REG" 0 2 3010, C4<0>;
P_0x7f890980ba80 .param/l "D_REG" 0 2 3013, C4<0>;
P_0x7f890980bac0 .param/l "MODE_8x8" 0 2 3026, C4<0>;
P_0x7f890980bb00 .param/l "NEG_TRIGGER" 0 2 3009, C4<0>;
P_0x7f890980bb40 .param/l "PIPELINE_16x16_MULT_REG1" 0 2 3016, C4<0>;
P_0x7f890980bb80 .param/l "PIPELINE_16x16_MULT_REG2" 0 2 3017, C4<0>;
P_0x7f890980bbc0 .param/l "TOPADDSUB_CARRYSELECT" 0 2 3021, C4<00>;
P_0x7f890980bc00 .param/l "TOPADDSUB_LOWERINPUT" 0 2 3019, C4<00>;
P_0x7f890980bc40 .param/l "TOPADDSUB_UPPERINPUT" 0 2 3020, C4<0>;
P_0x7f890980bc80 .param/l "TOPOUTPUT_SELECT" 0 2 3018, C4<00>;
P_0x7f890980bcc0 .param/l "TOP_8x8_MULT_REG" 0 2 3014, C4<0>;
o0x7f890a84b4b8 .functor BUFZ 1, C4<z>; HiZ drive
L_0x7f890a873440 .functor BUFT 1, C4<0>, C4<0>, C4<0>, C4<0>;
L_0x7f890a939820 .functor XOR 1, o0x7f890a84b4b8, L_0x7f890a873440, C4<0>, C4<0>;
o0x7f890a84b3f8 .functor BUFZ 16, C4<zzzzzzzzzzzzzzzz>; HiZ drive
L_0x7f890a939910 .functor BUFZ 16, o0x7f890a84b3f8, C4<0000000000000000>, C4<0000000000000000>, C4<0000000000000000>;
o0x7f890a84b1b8 .functor BUFZ 16, C4<zzzzzzzzzzzzzzzz>; HiZ drive
L_0x7f890a9399a0 .functor BUFZ 16, o0x7f890a84b1b8, C4<0000000000000000>, C4<0000000000000000>, C4<0000000000000000>;
o0x7f890a84b338 .functor BUFZ 16, C4<zzzzzzzzzzzzzzzz>; HiZ drive
L_0x7f890a939a70 .functor BUFZ 16, o0x7f890a84b338, C4<0000000000000000>, C4<0000000000000000>, C4<0000000000000000>;
o0x7f890a84b518 .functor BUFZ 16, C4<zzzzzzzzzzzzzzzz>; HiZ drive
L_0x7f890a939b20 .functor BUFZ 16, o0x7f890a84b518, C4<0000000000000000>, C4<0000000000000000>, C4<0000000000000000>;
L_0x7f890a93aa60 .functor BUFZ 16, L_0x7f890a93a550, C4<0000000000000000>, C4<0000000000000000>, C4<0000000000000000>;
L_0x7f890a93adf0 .functor BUFZ 16, L_0x7f890a93a8e0, C4<0000000000000000>, C4<0000000000000000>, C4<0000000000000000>;
L_0x7f890a93aee0 .functor BUFZ 16, L_0x7f890a93abb0, C4<0000000000000000>, C4<0000000000000000>, C4<0000000000000000>;
L_0x7f890a93af90 .functor BUFZ 16, L_0x7f890a93ad10, C4<0000000000000000>, C4<0000000000000000>, C4<0000000000000000>;
L_0x7f890a93c330 .functor BUFZ 32, L_0x7f890a93c0f0, C4<00000000000000000000000000000000>, C4<00000000000000000000000000000000>, C4<00000000000000000000000000000000>;
L_0x7f890a93c000 .functor BUFZ 16, v0x7f890a91bc20_0, C4<0000000000000000>, C4<0000000000000000>, C4<0000000000000000>;
L_0x7f890a93c400 .functor BUFZ 16, L_0x7f890a9399a0, C4<0000000000000000>, C4<0000000000000000>, C4<0000000000000000>;
L_0x7f890a939c80 .functor XOR 17, L_0x7f890a93c740, L_0x7f890a93cbc0, C4<00000000000000000>, C4<00000000000000000>;
o0x7f890a84b278 .functor BUFZ 1, C4<z>; HiZ drive
L_0x7f890a93cec0 .functor XOR 1, L_0x7f890a93c4f0, o0x7f890a84b278, C4<0>, C4<0>;
L_0x7f890a93ccc0 .functor XOR 16, L_0x7f890a93c590, L_0x7f890a93cf30, C4<0000000000000000>, C4<0000000000000000>;
L_0x7f890a93d240 .functor BUFZ 16, L_0x7f890a93d3a0, C4<0000000000000000>, C4<0000000000000000>, C4<0000000000000000>;
L_0x7f890a93cdb0 .functor BUFZ 16, v0x7f890a91bcd0_0, C4<0000000000000000>, C4<0000000000000000>, C4<0000000000000000>;
L_0x7f890a93d6c0 .functor BUFZ 16, L_0x7f890a939a70, C4<0000000000000000>, C4<0000000000000000>, C4<0000000000000000>;
L_0x7f890a93da30 .functor XOR 17, L_0x7f890a93d440, L_0x7f890a93dd90, C4<00000000000000000>, C4<00000000000000000>;
L_0x7f890a93e2b0 .functor XOR 16, L_0x7f890a93d8f0, L_0x7f890a93e440, C4<0000000000000000>, C4<0000000000000000>;
L_0x7f890a93e620 .functor BUFZ 16, L_0x7f890a93d7b0, C4<0000000000000000>, C4<0000000000000000>, C4<0000000000000000>;
v0x7f890a916140_0 .net "A", 15 0, o0x7f890a84b1b8;  0 drivers
o0x7f890a84b1e8 .functor BUFZ 1, C4<z>; HiZ drive
v0x7f890a9161e0_0 .net "ACCUMCI", 0 0, o0x7f890a84b1e8;  0 drivers
v0x7f890a916280_0 .net "ACCUMCO", 0 0, L_0x7f890a93c4f0;  1 drivers
o0x7f890a84b248 .functor BUFZ 1, C4<z>; HiZ drive
v0x7f890a916330_0 .net "ADDSUBBOT", 0 0, o0x7f890a84b248;  0 drivers
v0x7f890a9163d0_0 .net "ADDSUBTOP", 0 0, o0x7f890a84b278;  0 drivers
o0x7f890a84b2a8 .functor BUFZ 1, C4<z>; HiZ drive
v0x7f890a9164b0_0 .net "AHOLD", 0 0, o0x7f890a84b2a8;  0 drivers
v0x7f890a916550_0 .net "Ah", 15 0, L_0x7f890a939dc0;  1 drivers
v0x7f890a916600_0 .net "Al", 15 0, L_0x7f890a939f80;  1 drivers
v0x7f890a9166b0_0 .net "B", 15 0, o0x7f890a84b338;  0 drivers
o0x7f890a84b368 .functor BUFZ 1, C4<z>; HiZ drive
v0x7f890a9167c0_0 .net "BHOLD", 0 0, o0x7f890a84b368;  0 drivers
v0x7f890a916860_0 .net "Bh", 15 0, L_0x7f890a93a1f0;  1 drivers
v0x7f890a916910_0 .net "Bl", 15 0, L_0x7f890a93a3f0;  1 drivers
v0x7f890a9169c0_0 .net "C", 15 0, o0x7f890a84b3f8;  0 drivers
o0x7f890a84b428 .functor BUFZ 1, C4<z>; HiZ drive
v0x7f890a916a70_0 .net "CE", 0 0, o0x7f890a84b428;  0 drivers
o0x7f890a84b458 .functor BUFZ 1, C4<z>; HiZ drive
v0x7f890a916b10_0 .net "CHOLD", 0 0, o0x7f890a84b458;  0 drivers
o0x7f890a84b488 .functor BUFZ 1, C4<z>; HiZ drive
v0x7f890a916bb0_0 .net "CI", 0 0, o0x7f890a84b488;  0 drivers
v0x7f890a916c50_0 .net "CLK", 0 0, o0x7f890a84b4b8;  0 drivers
v0x7f890a916de0_0 .net "CO", 0 0, L_0x7f890a93cec0;  1 drivers
v0x7f890a916e70_0 .net "D", 15 0, o0x7f890a84b518;  0 drivers
o0x7f890a84b548 .functor BUFZ 1, C4<z>; HiZ drive
v0x7f890a916f00_0 .net "DHOLD", 0 0, o0x7f890a84b548;  0 drivers
L_0x7f890a873998 .functor BUFT 1, C4<0>, C4<0>, C4<0>, C4<0>;
v0x7f890a916fa0_0 .net "HCI", 0 0, L_0x7f890a873998;  1 drivers
o0x7f890a84b5a8 .functor BUFZ 1, C4<z>; HiZ drive
v0x7f890a917040_0 .net "IRSTBOT", 0 0, o0x7f890a84b5a8;  0 drivers
o0x7f890a84b5d8 .functor BUFZ 1, C4<z>; HiZ drive
v0x7f890a9170e0_0 .net "IRSTTOP", 0 0, o0x7f890a84b5d8;  0 drivers
L_0x7f890a873ab8 .functor BUFT 1, C4<0>, C4<0>, C4<0>, C4<0>;
v0x7f890a917180_0 .net "LCI", 0 0, L_0x7f890a873ab8;  1 drivers
v0x7f890a917220_0 .net "LCO", 0 0, L_0x7f890a93d850;  1 drivers
v0x7f890a9172c0_0 .net "O", 31 0, L_0x7f890a93e320;  1 drivers
o0x7f890a84b698 .functor BUFZ 1, C4<z>; HiZ drive
v0x7f890a917370_0 .net "OHOLDBOT", 0 0, o0x7f890a84b698;  0 drivers
o0x7f890a84b6c8 .functor BUFZ 1, C4<z>; HiZ drive
v0x7f890a917410_0 .net "OHOLDTOP", 0 0, o0x7f890a84b6c8;  0 drivers
o0x7f890a84b6f8 .functor BUFZ 1, C4<z>; HiZ drive
v0x7f890a9174b0_0 .net "OLOADBOT", 0 0, o0x7f890a84b6f8;  0 drivers
o0x7f890a84b728 .functor BUFZ 1, C4<z>; HiZ drive
v0x7f890a917550_0 .net "OLOADTOP", 0 0, o0x7f890a84b728;  0 drivers
o0x7f890a84b758 .functor BUFZ 1, C4<z>; HiZ drive
v0x7f890a9175f0_0 .net "ORSTBOT", 0 0, o0x7f890a84b758;  0 drivers
o0x7f890a84b788 .functor BUFZ 1, C4<z>; HiZ drive
v0x7f890a917690_0 .net "ORSTTOP", 0 0, o0x7f890a84b788;  0 drivers
v0x7f890a917730_0 .net "Oh", 15 0, L_0x7f890a93d240;  1 drivers
v0x7f890a916d00_0 .net "Ol", 15 0, L_0x7f890a93e620;  1 drivers
o0x7f890a84b818 .functor BUFZ 1, C4<z>; HiZ drive
v0x7f890a9179c0_0 .net "SIGNEXTIN", 0 0, o0x7f890a84b818;  0 drivers
v0x7f890a917a50_0 .net "SIGNEXTOUT", 0 0, L_0x7f890a93d620;  1 drivers
v0x7f890a917ae0_0 .net "XW", 15 0, L_0x7f890a93c590;  1 drivers
v0x7f890a917b80_0 .net "YZ", 15 0, L_0x7f890a93d8f0;  1 drivers
v0x7f890a917c30_0 .net/2u *"_ivl_0", 0 0, L_0x7f890a873440;  1 drivers
v0x7f890a917ce0_0 .net *"_ivl_100", 31 0, L_0x7f890a93be80;  1 drivers
L_0x7f890a873830 .functor BUFT 1, C4<0000000000000000>, C4<0>, C4<0>, C4<0>;
v0x7f890a917d90_0 .net *"_ivl_103", 15 0, L_0x7f890a873830;  1 drivers
v0x7f890a917e40_0 .net *"_ivl_104", 31 0, L_0x7f890a93bda0;  1 drivers
v0x7f890a917ef0_0 .net *"_ivl_106", 15 0, L_0x7f890a93bf20;  1 drivers
L_0x7f890a873878 .functor BUFT 1, C4<0000000000000000>, C4<0>, C4<0>, C4<0>;
v0x7f890a917fa0_0 .net *"_ivl_108", 15 0, L_0x7f890a873878;  1 drivers
L_0x7f890a873488 .functor BUFT 1, C4<00000000>, C4<0>, C4<0>, C4<0>;
v0x7f890a918050_0 .net/2u *"_ivl_12", 7 0, L_0x7f890a873488;  1 drivers
v0x7f890a918100_0 .net *"_ivl_121", 16 0, L_0x7f890a93c230;  1 drivers
L_0x7f890a8738c0 .functor BUFT 1, C4<0>, C4<0>, C4<0>, C4<0>;
v0x7f890a9181b0_0 .net *"_ivl_124", 0 0, L_0x7f890a8738c0;  1 drivers
v0x7f890a918260_0 .net *"_ivl_125", 16 0, L_0x7f890a93c740;  1 drivers
L_0x7f890a873908 .functor BUFT 1, C4<0>, C4<0>, C4<0>, C4<0>;
v0x7f890a918310_0 .net *"_ivl_128", 0 0, L_0x7f890a873908;  1 drivers
v0x7f890a9183c0_0 .net *"_ivl_129", 15 0, L_0x7f890a93c670;  1 drivers
v0x7f890a918470_0 .net *"_ivl_131", 16 0, L_0x7f890a93cbc0;  1 drivers
L_0x7f890a873950 .functor BUFT 1, C4<0>, C4<0>, C4<0>, C4<0>;
v0x7f890a918520_0 .net *"_ivl_134", 0 0, L_0x7f890a873950;  1 drivers
v0x7f890a9185d0_0 .net *"_ivl_135", 16 0, L_0x7f890a939c80;  1 drivers
v0x7f890a918680_0 .net *"_ivl_137", 16 0, L_0x7f890a93cff0;  1 drivers
L_0x7f890a873f38 .functor BUFT 1, C4<00000000000000000>, C4<0>, C4<0>, C4<0>;
v0x7f890a918730_0 .net *"_ivl_139", 16 0, L_0x7f890a873f38;  1 drivers
v0x7f890a9187e0_0 .net *"_ivl_143", 16 0, L_0x7f890a93d090;  1 drivers
v0x7f890a918890_0 .net *"_ivl_147", 15 0, L_0x7f890a93cf30;  1 drivers
v0x7f890a918940_0 .net *"_ivl_149", 15 0, L_0x7f890a93ccc0;  1 drivers
v0x7f890a9189f0_0 .net *"_ivl_15", 7 0, L_0x7f890a939d00;  1 drivers
v0x7f890a918aa0_0 .net *"_ivl_168", 16 0, L_0x7f890a93d990;  1 drivers
L_0x7f890a8739e0 .functor BUFT 1, C4<0>, C4<0>, C4<0>, C4<0>;
v0x7f890a918b50_0 .net *"_ivl_171", 0 0, L_0x7f890a8739e0;  1 drivers
v0x7f890a918c00_0 .net *"_ivl_172", 16 0, L_0x7f890a93d440;  1 drivers
L_0x7f890a873a28 .functor BUFT 1, C4<0>, C4<0>, C4<0>, C4<0>;
v0x7f890a918cb0_0 .net *"_ivl_175", 0 0, L_0x7f890a873a28;  1 drivers
v0x7f890a918d60_0 .net *"_ivl_176", 15 0, L_0x7f890a93dba0;  1 drivers
v0x7f890a918e10_0 .net *"_ivl_178", 16 0, L_0x7f890a93dd90;  1 drivers
L_0x7f890a8734d0 .functor BUFT 1, C4<00000000>, C4<0>, C4<0>, C4<0>;
v0x7f890a9177e0_0 .net/2u *"_ivl_18", 7 0, L_0x7f890a8734d0;  1 drivers
L_0x7f890a873a70 .functor BUFT 1, C4<0>, C4<0>, C4<0>, C4<0>;
v0x7f890a917890_0 .net *"_ivl_181", 0 0, L_0x7f890a873a70;  1 drivers
v0x7f890a918ea0_0 .net *"_ivl_182", 16 0, L_0x7f890a93da30;  1 drivers
v0x7f890a918f30_0 .net *"_ivl_184", 16 0, L_0x7f890a93dae0;  1 drivers
L_0x7f890a873f80 .functor BUFT 1, C4<00000000000000000>, C4<0>, C4<0>, C4<0>;
v0x7f890a918fc0_0 .net *"_ivl_186", 16 0, L_0x7f890a873f80;  1 drivers
v0x7f890a919050_0 .net *"_ivl_190", 16 0, L_0x7f890a93e090;  1 drivers
v0x7f890a9190e0_0 .net *"_ivl_192", 15 0, L_0x7f890a93e440;  1 drivers
v0x7f890a919190_0 .net *"_ivl_194", 15 0, L_0x7f890a93e2b0;  1 drivers
v0x7f890a919240_0 .net *"_ivl_21", 7 0, L_0x7f890a939ee0;  1 drivers
L_0x7f890a873518 .functor BUFT 1, C4<00000000>, C4<0>, C4<0>, C4<0>;
v0x7f890a9192f0_0 .net/2u *"_ivl_24", 7 0, L_0x7f890a873518;  1 drivers
v0x7f890a9193a0_0 .net *"_ivl_27", 7 0, L_0x7f890a93a0e0;  1 drivers
L_0x7f890a873560 .functor BUFT 1, C4<00000000>, C4<0>, C4<0>, C4<0>;
v0x7f890a919450_0 .net/2u *"_ivl_30", 7 0, L_0x7f890a873560;  1 drivers
v0x7f890a919500_0 .net *"_ivl_33", 7 0, L_0x7f890a93a310;  1 drivers
L_0x7f890a8735a8 .functor BUFT 1, C4<00000000>, C4<0>, C4<0>, C4<0>;
v0x7f890a9195b0_0 .net/2u *"_ivl_38", 7 0, L_0x7f890a8735a8;  1 drivers
v0x7f890a919660_0 .net *"_ivl_41", 7 0, L_0x7f890a93a6c0;  1 drivers
v0x7f890a919710_0 .net *"_ivl_42", 15 0, L_0x7f890a93a760;  1 drivers
L_0x7f890a8735f0 .functor BUFT 1, C4<00000000>, C4<0>, C4<0>, C4<0>;
v0x7f890a9197c0_0 .net/2u *"_ivl_46", 7 0, L_0x7f890a8735f0;  1 drivers
v0x7f890a919870_0 .net *"_ivl_49", 7 0, L_0x7f890a93a980;  1 drivers
v0x7f890a919920_0 .net *"_ivl_50", 15 0, L_0x7f890a93aad0;  1 drivers
L_0x7f890a873638 .functor BUFT 1, C4<00000000>, C4<0>, C4<0>, C4<0>;
v0x7f890a9199d0_0 .net/2u *"_ivl_64", 7 0, L_0x7f890a873638;  1 drivers
L_0x7f890a873680 .functor BUFT 1, C4<00000000>, C4<0>, C4<0>, C4<0>;
v0x7f890a919a80_0 .net/2u *"_ivl_68", 7 0, L_0x7f890a873680;  1 drivers
v0x7f890a919b30_0 .net *"_ivl_72", 31 0, L_0x7f890a93b2e0;  1 drivers
L_0x7f890a8736c8 .functor BUFT 1, C4<0000000000000000>, C4<0>, C4<0>, C4<0>;
v0x7f890a919be0_0 .net *"_ivl_75", 15 0, L_0x7f890a8736c8;  1 drivers
v0x7f890a919c90_0 .net *"_ivl_76", 31 0, L_0x7f890a93b4a0;  1 drivers
L_0x7f890a873710 .functor BUFT 1, C4<00000000>, C4<0>, C4<0>, C4<0>;
v0x7f890a919d40_0 .net *"_ivl_79", 7 0, L_0x7f890a873710;  1 drivers
v0x7f890a919df0_0 .net *"_ivl_80", 31 0, L_0x7f890a93b3c0;  1 drivers
v0x7f890a919ea0_0 .net *"_ivl_82", 23 0, L_0x7f890a93b540;  1 drivers
L_0x7f890a873758 .functor BUFT 1, C4<00000000>, C4<0>, C4<0>, C4<0>;
v0x7f890a919f50_0 .net *"_ivl_84", 7 0, L_0x7f890a873758;  1 drivers
v0x7f890a91a000_0 .net *"_ivl_86", 31 0, L_0x7f890a93b790;  1 drivers
v0x7f890a91a0b0_0 .net *"_ivl_88", 31 0, L_0x7f890a93b990;  1 drivers
L_0x7f890a8737a0 .functor BUFT 1, C4<00000000>, C4<0>, C4<0>, C4<0>;
v0x7f890a91a160_0 .net *"_ivl_91", 7 0, L_0x7f890a8737a0;  1 drivers
v0x7f890a91a210_0 .net *"_ivl_92", 31 0, L_0x7f890a93b8d0;  1 drivers
v0x7f890a91a2c0_0 .net *"_ivl_94", 23 0, L_0x7f890a93ba30;  1 drivers
L_0x7f890a8737e8 .functor BUFT 1, C4<00000000>, C4<0>, C4<0>, C4<0>;
v0x7f890a91a370_0 .net *"_ivl_96", 7 0, L_0x7f890a8737e8;  1 drivers
v0x7f890a91a420_0 .net *"_ivl_98", 31 0, L_0x7f890a93bc60;  1 drivers
v0x7f890a91a4d0_0 .net "clock", 0 0, L_0x7f890a939820;  1 drivers
v0x7f890a91a570_0 .net "iA", 15 0, L_0x7f890a9399a0;  1 drivers
v0x7f890a91a620_0 .net "iB", 15 0, L_0x7f890a939a70;  1 drivers
v0x7f890a91a6d0_0 .net "iC", 15 0, L_0x7f890a939910;  1 drivers
v0x7f890a91a780_0 .net "iD", 15 0, L_0x7f890a939b20;  1 drivers
v0x7f890a91a830_0 .net "iF", 15 0, L_0x7f890a93aa60;  1 drivers
v0x7f890a91a8e0_0 .net "iG", 15 0, L_0x7f890a93af90;  1 drivers
v0x7f890a91a990_0 .net "iH", 31 0, L_0x7f890a93c330;  1 drivers
v0x7f890a91aa40_0 .net "iJ", 15 0, L_0x7f890a93adf0;  1 drivers
v0x7f890a91aaf0_0 .net "iJ_e", 23 0, L_0x7f890a93b200;  1 drivers
v0x7f890a91aba0_0 .net "iK", 15 0, L_0x7f890a93aee0;  1 drivers
v0x7f890a91ac50_0 .net "iK_e", 23 0, L_0x7f890a93b090;  1 drivers
v0x7f890a91ad00_0 .net "iL", 31 0, L_0x7f890a93c0f0;  1 drivers
v0x7f890a91adb0_0 .net "iP", 15 0, L_0x7f890a93d3a0;  1 drivers
v0x7f890a91ae60_0 .net "iQ", 15 0, v0x7f890a91bc20_0;  1 drivers
v0x7f890a91af10_0 .net "iR", 15 0, L_0x7f890a93d7b0;  1 drivers
v0x7f890a91afc0_0 .net "iS", 15 0, v0x7f890a91bcd0_0;  1 drivers
v0x7f890a91b070_0 .net "iW", 15 0, L_0x7f890a93c000;  1 drivers
v0x7f890a91b120_0 .net "iX", 15 0, L_0x7f890a93c400;  1 drivers
v0x7f890a91b1d0_0 .net "iY", 15 0, L_0x7f890a93cdb0;  1 drivers
v0x7f890a91b280_0 .net "iZ", 15 0, L_0x7f890a93d6c0;  1 drivers
v0x7f890a91b330_0 .net "p_Ah_Bh", 15 0, L_0x7f890a93a550;  1 drivers
v0x7f890a91b3e0_0 .net "p_Ah_Bl", 15 0, L_0x7f890a93abb0;  1 drivers
v0x7f890a91b490_0 .net "p_Al_Bh", 15 0, L_0x7f890a93a8e0;  1 drivers
v0x7f890a91b540_0 .net "p_Al_Bl", 15 0, L_0x7f890a93ad10;  1 drivers
v0x7f890a91b5f0_0 .var "rA", 15 0;
v0x7f890a91b6a0_0 .var "rB", 15 0;
v0x7f890a91b750_0 .var "rC", 15 0;
v0x7f890a91b800_0 .var "rD", 15 0;
v0x7f890a91b8b0_0 .var "rF", 15 0;
v0x7f890a91b960_0 .var "rG", 15 0;
v0x7f890a91ba10_0 .var "rH", 31 0;
v0x7f890a91bac0_0 .var "rJ", 15 0;
v0x7f890a91bb70_0 .var "rK", 15 0;
v0x7f890a91bc20_0 .var "rQ", 15 0;
v0x7f890a91bcd0_0 .var "rS", 15 0;
E_0x7f890a915770 .event posedge, v0x7f890a9175f0_0, v0x7f890a91a4d0_0;
E_0x7f890a916050 .event posedge, v0x7f890a917690_0, v0x7f890a91a4d0_0;
E_0x7f890a9160a0 .event posedge, v0x7f890a917040_0, v0x7f890a91a4d0_0;
E_0x7f890a916100 .event posedge, v0x7f890a9170e0_0, v0x7f890a91a4d0_0;
L_0x7f890a939d00 .part L_0x7f890a9399a0, 8, 8;
L_0x7f890a939dc0 .concat [ 8 8 0 0], L_0x7f890a939d00, L_0x7f890a873488;
L_0x7f890a939ee0 .part L_0x7f890a9399a0, 0, 8;
L_0x7f890a939f80 .concat [ 8 8 0 0], L_0x7f890a939ee0, L_0x7f890a8734d0;
L_0x7f890a93a0e0 .part L_0x7f890a939a70, 8, 8;
L_0x7f890a93a1f0 .concat [ 8 8 0 0], L_0x7f890a93a0e0, L_0x7f890a873518;
L_0x7f890a93a310 .part L_0x7f890a939a70, 0, 8;
L_0x7f890a93a3f0 .concat [ 8 8 0 0], L_0x7f890a93a310, L_0x7f890a873560;
L_0x7f890a93a550 .arith/mult 16, L_0x7f890a939dc0, L_0x7f890a93a1f0;
L_0x7f890a93a6c0 .part L_0x7f890a939f80, 0, 8;
L_0x7f890a93a760 .concat [ 8 8 0 0], L_0x7f890a93a6c0, L_0x7f890a8735a8;
L_0x7f890a93a8e0 .arith/mult 16, L_0x7f890a93a760, L_0x7f890a93a1f0;
L_0x7f890a93a980 .part L_0x7f890a93a3f0, 0, 8;
L_0x7f890a93aad0 .concat [ 8 8 0 0], L_0x7f890a93a980, L_0x7f890a8735f0;
L_0x7f890a93abb0 .arith/mult 16, L_0x7f890a939dc0, L_0x7f890a93aad0;
L_0x7f890a93ad10 .arith/mult 16, L_0x7f890a939f80, L_0x7f890a93a3f0;
L_0x7f890a93b090 .concat [ 16 8 0 0], L_0x7f890a93aee0, L_0x7f890a873638;
L_0x7f890a93b200 .concat [ 16 8 0 0], L_0x7f890a93adf0, L_0x7f890a873680;
L_0x7f890a93b2e0 .concat [ 16 16 0 0], L_0x7f890a93af90, L_0x7f890a8736c8;
L_0x7f890a93b4a0 .concat [ 24 8 0 0], L_0x7f890a93b090, L_0x7f890a873710;
L_0x7f890a93b540 .part L_0x7f890a93b4a0, 0, 24;
L_0x7f890a93b3c0 .concat [ 8 24 0 0], L_0x7f890a873758, L_0x7f890a93b540;
L_0x7f890a93b790 .arith/sum 32, L_0x7f890a93b2e0, L_0x7f890a93b3c0;
L_0x7f890a93b990 .concat [ 24 8 0 0], L_0x7f890a93b200, L_0x7f890a8737a0;
L_0x7f890a93ba30 .part L_0x7f890a93b990, 0, 24;
L_0x7f890a93b8d0 .concat [ 8 24 0 0], L_0x7f890a8737e8, L_0x7f890a93ba30;
L_0x7f890a93bc60 .arith/sum 32, L_0x7f890a93b790, L_0x7f890a93b8d0;
L_0x7f890a93be80 .concat [ 16 16 0 0], L_0x7f890a93aa60, L_0x7f890a873830;
L_0x7f890a93bf20 .part L_0x7f890a93be80, 0, 16;
L_0x7f890a93bda0 .concat [ 16 16 0 0], L_0x7f890a873878, L_0x7f890a93bf20;
L_0x7f890a93c0f0 .arith/sum 32, L_0x7f890a93bc60, L_0x7f890a93bda0;
L_0x7f890a93c4f0 .part L_0x7f890a93d090, 16, 1;
L_0x7f890a93c590 .part L_0x7f890a93d090, 0, 16;
L_0x7f890a93c230 .concat [ 16 1 0 0], L_0x7f890a93c400, L_0x7f890a8738c0;
L_0x7f890a93c740 .concat [ 16 1 0 0], L_0x7f890a93c000, L_0x7f890a873908;
LS_0x7f890a93c670_0_0 .concat [ 1 1 1 1], o0x7f890a84b278, o0x7f890a84b278, o0x7f890a84b278, o0x7f890a84b278;
LS_0x7f890a93c670_0_4 .concat [ 1 1 1 1], o0x7f890a84b278, o0x7f890a84b278, o0x7f890a84b278, o0x7f890a84b278;
LS_0x7f890a93c670_0_8 .concat [ 1 1 1 1], o0x7f890a84b278, o0x7f890a84b278, o0x7f890a84b278, o0x7f890a84b278;
LS_0x7f890a93c670_0_12 .concat [ 1 1 1 1], o0x7f890a84b278, o0x7f890a84b278, o0x7f890a84b278, o0x7f890a84b278;
L_0x7f890a93c670 .concat [ 4 4 4 4], LS_0x7f890a93c670_0_0, LS_0x7f890a93c670_0_4, LS_0x7f890a93c670_0_8, LS_0x7f890a93c670_0_12;
L_0x7f890a93cbc0 .concat [ 16 1 0 0], L_0x7f890a93c670, L_0x7f890a873950;
L_0x7f890a93cff0 .arith/sum 17, L_0x7f890a93c230, L_0x7f890a939c80;
L_0x7f890a93d090 .arith/sum 17, L_0x7f890a93cff0, L_0x7f890a873f38;
LS_0x7f890a93cf30_0_0 .concat [ 1 1 1 1], o0x7f890a84b278, o0x7f890a84b278, o0x7f890a84b278, o0x7f890a84b278;
LS_0x7f890a93cf30_0_4 .concat [ 1 1 1 1], o0x7f890a84b278, o0x7f890a84b278, o0x7f890a84b278, o0x7f890a84b278;
LS_0x7f890a93cf30_0_8 .concat [ 1 1 1 1], o0x7f890a84b278, o0x7f890a84b278, o0x7f890a84b278, o0x7f890a84b278;
LS_0x7f890a93cf30_0_12 .concat [ 1 1 1 1], o0x7f890a84b278, o0x7f890a84b278, o0x7f890a84b278, o0x7f890a84b278;
L_0x7f890a93cf30 .concat [ 4 4 4 4], LS_0x7f890a93cf30_0_0, LS_0x7f890a93cf30_0_4, LS_0x7f890a93cf30_0_8, LS_0x7f890a93cf30_0_12;
L_0x7f890a93d3a0 .functor MUXZ 16, L_0x7f890a93ccc0, L_0x7f890a939910, o0x7f890a84b728, C4<>;
L_0x7f890a93d620 .part L_0x7f890a93c400, 15, 1;
L_0x7f890a93d850 .part L_0x7f890a93e090, 16, 1;
L_0x7f890a93d8f0 .part L_0x7f890a93e090, 0, 16;
L_0x7f890a93d990 .concat [ 16 1 0 0], L_0x7f890a93d6c0, L_0x7f890a8739e0;
L_0x7f890a93d440 .concat [ 16 1 0 0], L_0x7f890a93cdb0, L_0x7f890a873a28;
LS_0x7f890a93dba0_0_0 .concat [ 1 1 1 1], o0x7f890a84b248, o0x7f890a84b248, o0x7f890a84b248, o0x7f890a84b248;
LS_0x7f890a93dba0_0_4 .concat [ 1 1 1 1], o0x7f890a84b248, o0x7f890a84b248, o0x7f890a84b248, o0x7f890a84b248;
LS_0x7f890a93dba0_0_8 .concat [ 1 1 1 1], o0x7f890a84b248, o0x7f890a84b248, o0x7f890a84b248, o0x7f890a84b248;
LS_0x7f890a93dba0_0_12 .concat [ 1 1 1 1], o0x7f890a84b248, o0x7f890a84b248, o0x7f890a84b248, o0x7f890a84b248;
L_0x7f890a93dba0 .concat [ 4 4 4 4], LS_0x7f890a93dba0_0_0, LS_0x7f890a93dba0_0_4, LS_0x7f890a93dba0_0_8, LS_0x7f890a93dba0_0_12;
L_0x7f890a93dd90 .concat [ 16 1 0 0], L_0x7f890a93dba0, L_0x7f890a873a70;
L_0x7f890a93dae0 .arith/sum 17, L_0x7f890a93d990, L_0x7f890a93da30;
L_0x7f890a93e090 .arith/sum 17, L_0x7f890a93dae0, L_0x7f890a873f80;
LS_0x7f890a93e440_0_0 .concat [ 1 1 1 1], o0x7f890a84b248, o0x7f890a84b248, o0x7f890a84b248, o0x7f890a84b248;
LS_0x7f890a93e440_0_4 .concat [ 1 1 1 1], o0x7f890a84b248, o0x7f890a84b248, o0x7f890a84b248, o0x7f890a84b248;
LS_0x7f890a93e440_0_8 .concat [ 1 1 1 1], o0x7f890a84b248, o0x7f890a84b248, o0x7f890a84b248, o0x7f890a84b248;
LS_0x7f890a93e440_0_12 .concat [ 1 1 1 1], o0x7f890a84b248, o0x7f890a84b248, o0x7f890a84b248, o0x7f890a84b248;
L_0x7f890a93e440 .concat [ 4 4 4 4], LS_0x7f890a93e440_0_0, LS_0x7f890a93e440_0_4, LS_0x7f890a93e440_0_8, LS_0x7f890a93e440_0_12;
L_0x7f890a93d7b0 .functor MUXZ 16, L_0x7f890a93e2b0, L_0x7f890a939b20, o0x7f890a84b6f8, C4<>;
L_0x7f890a93e320 .concat [ 16 16 0 0], L_0x7f890a93e620, L_0x7f890a93d240;
S_0x7f8909427810 .scope module, "SB_PLL40_2F_CORE" "SB_PLL40_2F_CORE" 2 2521;
 .timescale -12 -12;
    .port_info 0 /INPUT 1 "REFERENCECLK";
    .port_info 1 /OUTPUT 1 "PLLOUTCOREA";
    .port_info 2 /OUTPUT 1 "PLLOUTGLOBALA";
    .port_info 3 /OUTPUT 1 "PLLOUTCOREB";
    .port_info 4 /OUTPUT 1 "PLLOUTGLOBALB";
    .port_info 5 /INPUT 1 "EXTFEEDBACK";
    .port_info 6 /INPUT 8 "DYNAMICDELAY";
    .port_info 7 /OUTPUT 1 "LOCK";
    .port_info 8 /INPUT 1 "BYPASS";
    .port_info 9 /INPUT 1 "RESETB";
    .port_info 10 /INPUT 1 "LATCHINPUTVALUE";
    .port_info 11 /OUTPUT 1 "SDO";
    .port_info 12 /INPUT 1 "SDI";
    .port_info 13 /INPUT 1 "SCLK";
P_0x7f8909820000 .param/str "DELAY_ADJUSTMENT_MODE_FEEDBACK" 0 2 2538, "FIXED";
P_0x7f8909820040 .param/str "DELAY_ADJUSTMENT_MODE_RELATIVE" 0 2 2539, "FIXED";
P_0x7f8909820080 .param/l "DIVF" 0 2 2546, C4<0000000>;
P_0x7f89098200c0 .param/l "DIVQ" 0 2 2547, C4<000>;
P_0x7f8909820100 .param/l "DIVR" 0 2 2545, C4<0000>;
P_0x7f8909820140 .param/l "ENABLE_ICEGATE_PORTA" 0 2 2549, C4<0>;
P_0x7f8909820180 .param/l "ENABLE_ICEGATE_PORTB" 0 2 2550, C4<0>;
P_0x7f89098201c0 .param/l "EXTERNAL_DIVIDE_FACTOR" 0 2 2552, +C4<00000000000000000000000000000001>;
P_0x7f8909820200 .param/l "FDA_FEEDBACK" 0 2 2541, C4<0000>;
P_0x7f8909820240 .param/l "FDA_RELATIVE" 0 2 2542, C4<0000>;
P_0x7f8909820280 .param/str "FEEDBACK_PATH" 0 2 2537, "SIMPLE";
P_0x7f89098202c0 .param/l "FILTER_RANGE" 0 2 2548, C4<000>;
P_0x7f8909820300 .param/str "PLLOUT_SELECT_PORTA" 0 2 2543, "GENCLK";
P_0x7f8909820340 .param/str "PLLOUT_SELECT_PORTB" 0 2 2544, "GENCLK";
P_0x7f8909820380 .param/l "SHIFTREG_DIV_MODE" 0 2 2540, C4<0>;
P_0x7f89098203c0 .param/l "TEST_MODE" 0 2 2551, C4<0>;
o0x7f890a84d048 .functor BUFZ 1, C4<z>; HiZ drive
v0x7f890a91c010_0 .net "BYPASS", 0 0, o0x7f890a84d048;  0 drivers
o0x7f890a84d078 .functor BUFZ 8, C4<zzzzzzzz>; HiZ drive
v0x7f890a91c0a0_0 .net "DYNAMICDELAY", 7 0, o0x7f890a84d078;  0 drivers
o0x7f890a84d0a8 .functor BUFZ 1, C4<z>; HiZ drive
v0x7f8909406dd0_0 .net "EXTFEEDBACK", 0 0, o0x7f890a84d0a8;  0 drivers
o0x7f890a84d0d8 .functor BUFZ 1, C4<z>; HiZ drive
v0x7f890a91c130_0 .net "LATCHINPUTVALUE", 0 0, o0x7f890a84d0d8;  0 drivers
o0x7f890a84d108 .functor BUFZ 1, C4<z>; HiZ drive
v0x7f890a91c1c0_0 .net "LOCK", 0 0, o0x7f890a84d108;  0 drivers
o0x7f890a84d138 .functor BUFZ 1, C4<z>; HiZ drive
v0x7f890a91c250_0 .net "PLLOUTCOREA", 0 0, o0x7f890a84d138;  0 drivers
o0x7f890a84d168 .functor BUFZ 1, C4<z>; HiZ drive
v0x7f890a91c2e0_0 .net "PLLOUTCOREB", 0 0, o0x7f890a84d168;  0 drivers
o0x7f890a84d198 .functor BUFZ 1, C4<z>; HiZ drive
v0x7f890a91c380_0 .net "PLLOUTGLOBALA", 0 0, o0x7f890a84d198;  0 drivers
o0x7f890a84d1c8 .functor BUFZ 1, C4<z>; HiZ drive
v0x7f890a91c420_0 .net "PLLOUTGLOBALB", 0 0, o0x7f890a84d1c8;  0 drivers
o0x7f890a84d1f8 .functor BUFZ 1, C4<z>; HiZ drive
v0x7f890a91c530_0 .net "REFERENCECLK", 0 0, o0x7f890a84d1f8;  0 drivers
o0x7f890a84d228 .functor BUFZ 1, C4<z>; HiZ drive
v0x7f890a91c5c0_0 .net "RESETB", 0 0, o0x7f890a84d228;  0 drivers
o0x7f890a84d258 .functor BUFZ 1, C4<z>; HiZ drive
v0x7f890a91c660_0 .net "SCLK", 0 0, o0x7f890a84d258;  0 drivers
o0x7f890a84d288 .functor BUFZ 1, C4<z>; HiZ drive
v0x7f890a91c700_0 .net "SDI", 0 0, o0x7f890a84d288;  0 drivers
o0x7f890a84d2b8 .functor BUFZ 1, C4<z>; HiZ drive
v0x7f890a91c7a0_0 .net "SDO", 0 0, o0x7f890a84d2b8;  0 drivers
S_0x7f8909417f50 .scope module, "SB_PLL40_2F_PAD" "SB_PLL40_2F_PAD" 2 2556;
 .timescale -12 -12;
    .port_info 0 /INPUT 1 "PACKAGEPIN";
    .port_info 1 /OUTPUT 1 "PLLOUTCOREA";
    .port_info 2 /OUTPUT 1 "PLLOUTGLOBALA";
    .port_info 3 /OUTPUT 1 "PLLOUTCOREB";
    .port_info 4 /OUTPUT 1 "PLLOUTGLOBALB";
    .port_info 5 /INPUT 1 "EXTFEEDBACK";
    .port_info 6 /INPUT 8 "DYNAMICDELAY";
    .port_info 7 /OUTPUT 1 "LOCK";
    .port_info 8 /INPUT 1 "BYPASS";
    .port_info 9 /INPUT 1 "RESETB";
    .port_info 10 /INPUT 1 "LATCHINPUTVALUE";
    .port_info 11 /OUTPUT 1 "SDO";
    .port_info 12 /INPUT 1 "SDI";
    .port_info 13 /INPUT 1 "SCLK";
P_0x7f890980be00 .param/str "DELAY_ADJUSTMENT_MODE_FEEDBACK" 0 2 2573, "FIXED";
P_0x7f890980be40 .param/str "DELAY_ADJUSTMENT_MODE_RELATIVE" 0 2 2574, "FIXED";
P_0x7f890980be80 .param/l "DIVF" 0 2 2581, C4<0000000>;
P_0x7f890980bec0 .param/l "DIVQ" 0 2 2582, C4<000>;
P_0x7f890980bf00 .param/l "DIVR" 0 2 2580, C4<0000>;
P_0x7f890980bf40 .param/l "ENABLE_ICEGATE_PORTA" 0 2 2584, C4<0>;
P_0x7f890980bf80 .param/l "ENABLE_ICEGATE_PORTB" 0 2 2585, C4<0>;
P_0x7f890980bfc0 .param/l "EXTERNAL_DIVIDE_FACTOR" 0 2 2587, +C4<00000000000000000000000000000001>;
P_0x7f890980c000 .param/l "FDA_FEEDBACK" 0 2 2576, C4<0000>;
P_0x7f890980c040 .param/l "FDA_RELATIVE" 0 2 2577, C4<0000>;
P_0x7f890980c080 .param/str "FEEDBACK_PATH" 0 2 2572, "SIMPLE";
P_0x7f890980c0c0 .param/l "FILTER_RANGE" 0 2 2583, C4<000>;
P_0x7f890980c100 .param/str "PLLOUT_SELECT_PORTA" 0 2 2578, "GENCLK";
P_0x7f890980c140 .param/str "PLLOUT_SELECT_PORTB" 0 2 2579, "GENCLK";
P_0x7f890980c180 .param/l "SHIFTREG_DIV_MODE" 0 2 2575, C4<00>;
P_0x7f890980c1c0 .param/l "TEST_MODE" 0 2 2586, C4<0>;
o0x7f890a84d588 .functor BUFZ 1, C4<z>; HiZ drive
v0x7f890a91c990_0 .net "BYPASS", 0 0, o0x7f890a84d588;  0 drivers
o0x7f890a84d5b8 .functor BUFZ 8, C4<zzzzzzzz>; HiZ drive
v0x7f890a91ca20_0 .net "DYNAMICDELAY", 7 0, o0x7f890a84d5b8;  0 drivers
o0x7f890a84d5e8 .functor BUFZ 1, C4<z>; HiZ drive
v0x7f890a91cab0_0 .net "EXTFEEDBACK", 0 0, o0x7f890a84d5e8;  0 drivers
o0x7f890a84d618 .functor BUFZ 1, C4<z>; HiZ drive
v0x7f890a91cb40_0 .net "LATCHINPUTVALUE", 0 0, o0x7f890a84d618;  0 drivers
o0x7f890a84d648 .functor BUFZ 1, C4<z>; HiZ drive
v0x7f890a91cbd0_0 .net "LOCK", 0 0, o0x7f890a84d648;  0 drivers
o0x7f890a84d678 .functor BUFZ 1, C4<z>; HiZ drive
v0x7f890a91cc70_0 .net "PACKAGEPIN", 0 0, o0x7f890a84d678;  0 drivers
o0x7f890a84d6a8 .functor BUFZ 1, C4<z>; HiZ drive
v0x7f890a91cd10_0 .net "PLLOUTCOREA", 0 0, o0x7f890a84d6a8;  0 drivers
o0x7f890a84d6d8 .functor BUFZ 1, C4<z>; HiZ drive
v0x7f890a91cdb0_0 .net "PLLOUTCOREB", 0 0, o0x7f890a84d6d8;  0 drivers
o0x7f890a84d708 .functor BUFZ 1, C4<z>; HiZ drive
v0x7f890a91ce50_0 .net "PLLOUTGLOBALA", 0 0, o0x7f890a84d708;  0 drivers
o0x7f890a84d738 .functor BUFZ 1, C4<z>; HiZ drive
v0x7f890a91cf60_0 .net "PLLOUTGLOBALB", 0 0, o0x7f890a84d738;  0 drivers
o0x7f890a84d768 .functor BUFZ 1, C4<z>; HiZ drive
v0x7f890a91cff0_0 .net "RESETB", 0 0, o0x7f890a84d768;  0 drivers
o0x7f890a84d798 .functor BUFZ 1, C4<z>; HiZ drive
v0x7f890a91d090_0 .net "SCLK", 0 0, o0x7f890a84d798;  0 drivers
o0x7f890a84d7c8 .functor BUFZ 1, C4<z>; HiZ drive
v0x7f890a91d130_0 .net "SDI", 0 0, o0x7f890a84d7c8;  0 drivers
o0x7f890a84d7f8 .functor BUFZ 1, C4<z>; HiZ drive
v0x7f890a91d1d0_0 .net "SDO", 0 0, o0x7f890a84d7f8;  0 drivers
S_0x7f8909416ed0 .scope module, "SB_PLL40_2_PAD" "SB_PLL40_2_PAD" 2 2487;
 .timescale -12 -12;
    .port_info 0 /INPUT 1 "PACKAGEPIN";
    .port_info 1 /OUTPUT 1 "PLLOUTCOREA";
    .port_info 2 /OUTPUT 1 "PLLOUTGLOBALA";
    .port_info 3 /OUTPUT 1 "PLLOUTCOREB";
    .port_info 4 /OUTPUT 1 "PLLOUTGLOBALB";
    .port_info 5 /INPUT 1 "EXTFEEDBACK";
    .port_info 6 /INPUT 8 "DYNAMICDELAY";
    .port_info 7 /OUTPUT 1 "LOCK";
    .port_info 8 /INPUT 1 "BYPASS";
    .port_info 9 /INPUT 1 "RESETB";
    .port_info 10 /INPUT 1 "LATCHINPUTVALUE";
    .port_info 11 /OUTPUT 1 "SDO";
    .port_info 12 /INPUT 1 "SDI";
    .port_info 13 /INPUT 1 "SCLK";
P_0x7f89094e7e70 .param/str "DELAY_ADJUSTMENT_MODE_FEEDBACK" 0 2 2504, "FIXED";
P_0x7f89094e7eb0 .param/str "DELAY_ADJUSTMENT_MODE_RELATIVE" 0 2 2505, "FIXED";
P_0x7f89094e7ef0 .param/l "DIVF" 0 2 2511, C4<0000000>;
P_0x7f89094e7f30 .param/l "DIVQ" 0 2 2512, C4<000>;
P_0x7f89094e7f70 .param/l "DIVR" 0 2 2510, C4<0000>;
P_0x7f89094e7fb0 .param/l "ENABLE_ICEGATE_PORTA" 0 2 2514, C4<0>;
P_0x7f89094e7ff0 .param/l "ENABLE_ICEGATE_PORTB" 0 2 2515, C4<0>;
P_0x7f89094e8030 .param/l "EXTERNAL_DIVIDE_FACTOR" 0 2 2517, +C4<00000000000000000000000000000001>;
P_0x7f89094e8070 .param/l "FDA_FEEDBACK" 0 2 2507, C4<0000>;
P_0x7f89094e80b0 .param/l "FDA_RELATIVE" 0 2 2508, C4<0000>;
P_0x7f89094e80f0 .param/str "FEEDBACK_PATH" 0 2 2503, "SIMPLE";
P_0x7f89094e8130 .param/l "FILTER_RANGE" 0 2 2513, C4<000>;
P_0x7f89094e8170 .param/str "PLLOUT_SELECT_PORTB" 0 2 2509, "GENCLK";
P_0x7f89094e81b0 .param/l "SHIFTREG_DIV_MODE" 0 2 2506, C4<0>;
P_0x7f89094e81f0 .param/l "TEST_MODE" 0 2 2516, C4<0>;
o0x7f890a84dac8 .functor BUFZ 1, C4<z>; HiZ drive
v0x7f890a91d3c0_0 .net "BYPASS", 0 0, o0x7f890a84dac8;  0 drivers
o0x7f890a84daf8 .functor BUFZ 8, C4<zzzzzzzz>; HiZ drive
v0x7f890a91d450_0 .net "DYNAMICDELAY", 7 0, o0x7f890a84daf8;  0 drivers
o0x7f890a84db28 .functor BUFZ 1, C4<z>; HiZ drive
v0x7f890a91d4e0_0 .net "EXTFEEDBACK", 0 0, o0x7f890a84db28;  0 drivers
o0x7f890a84db58 .functor BUFZ 1, C4<z>; HiZ drive
v0x7f890a91d570_0 .net "LATCHINPUTVALUE", 0 0, o0x7f890a84db58;  0 drivers
o0x7f890a84db88 .functor BUFZ 1, C4<z>; HiZ drive
v0x7f890a91d600_0 .net "LOCK", 0 0, o0x7f890a84db88;  0 drivers
o0x7f890a84dbb8 .functor BUFZ 1, C4<z>; HiZ drive
v0x7f890a91d6a0_0 .net "PACKAGEPIN", 0 0, o0x7f890a84dbb8;  0 drivers
o0x7f890a84dbe8 .functor BUFZ 1, C4<z>; HiZ drive
v0x7f890a91d740_0 .net "PLLOUTCOREA", 0 0, o0x7f890a84dbe8;  0 drivers
o0x7f890a84dc18 .functor BUFZ 1, C4<z>; HiZ drive
v0x7f890a91d7e0_0 .net "PLLOUTCOREB", 0 0, o0x7f890a84dc18;  0 drivers
o0x7f890a84dc48 .functor BUFZ 1, C4<z>; HiZ drive
v0x7f890a91d880_0 .net "PLLOUTGLOBALA", 0 0, o0x7f890a84dc48;  0 drivers
o0x7f890a84dc78 .functor BUFZ 1, C4<z>; HiZ drive
v0x7f890a91d990_0 .net "PLLOUTGLOBALB", 0 0, o0x7f890a84dc78;  0 drivers
o0x7f890a84dca8 .functor BUFZ 1, C4<z>; HiZ drive
v0x7f890a91da20_0 .net "RESETB", 0 0, o0x7f890a84dca8;  0 drivers
o0x7f890a84dcd8 .functor BUFZ 1, C4<z>; HiZ drive
v0x7f890a91dac0_0 .net "SCLK", 0 0, o0x7f890a84dcd8;  0 drivers
o0x7f890a84dd08 .functor BUFZ 1, C4<z>; HiZ drive
v0x7f890a91db60_0 .net "SDI", 0 0, o0x7f890a84dd08;  0 drivers
o0x7f890a84dd38 .functor BUFZ 1, C4<z>; HiZ drive
v0x7f890a91dc00_0 .net "SDO", 0 0, o0x7f890a84dd38;  0 drivers
S_0x7f890941c4d0 .scope module, "SB_PLL40_CORE" "SB_PLL40_CORE" 2 2425;
 .timescale -12 -12;
    .port_info 0 /INPUT 1 "REFERENCECLK";
    .port_info 1 /OUTPUT 1 "PLLOUTCORE";
    .port_info 2 /OUTPUT 1 "PLLOUTGLOBAL";
    .port_info 3 /INPUT 1 "EXTFEEDBACK";
    .port_info 4 /INPUT 8 "DYNAMICDELAY";
    .port_info 5 /OUTPUT 1 "LOCK";
    .port_info 6 /INPUT 1 "BYPASS";
    .port_info 7 /INPUT 1 "RESETB";
    .port_info 8 /INPUT 1 "LATCHINPUTVALUE";
    .port_info 9 /OUTPUT 1 "SDO";
    .port_info 10 /INPUT 1 "SDI";
    .port_info 11 /INPUT 1 "SCLK";
P_0x7f8909419f00 .param/str "DELAY_ADJUSTMENT_MODE_FEEDBACK" 0 2 2440, "FIXED";
P_0x7f8909419f40 .param/str "DELAY_ADJUSTMENT_MODE_RELATIVE" 0 2 2441, "FIXED";
P_0x7f8909419f80 .param/l "DIVF" 0 2 2447, C4<0000000>;
P_0x7f8909419fc0 .param/l "DIVQ" 0 2 2448, C4<000>;
P_0x7f890941a000 .param/l "DIVR" 0 2 2446, C4<0000>;
P_0x7f890941a040 .param/l "ENABLE_ICEGATE" 0 2 2450, C4<0>;
P_0x7f890941a080 .param/l "EXTERNAL_DIVIDE_FACTOR" 0 2 2452, +C4<00000000000000000000000000000001>;
P_0x7f890941a0c0 .param/l "FDA_FEEDBACK" 0 2 2443, C4<0000>;
P_0x7f890941a100 .param/l "FDA_RELATIVE" 0 2 2444, C4<0000>;
P_0x7f890941a140 .param/str "FEEDBACK_PATH" 0 2 2439, "SIMPLE";
P_0x7f890941a180 .param/l "FILTER_RANGE" 0 2 2449, C4<000>;
P_0x7f890941a1c0 .param/str "PLLOUT_SELECT" 0 2 2445, "GENCLK";
P_0x7f890941a200 .param/l "SHIFTREG_DIV_MODE" 0 2 2442, C4<0>;
P_0x7f890941a240 .param/l "TEST_MODE" 0 2 2451, C4<0>;
o0x7f890a84e008 .functor BUFZ 1, C4<z>; HiZ drive
v0x7f890a91ddf0_0 .net "BYPASS", 0 0, o0x7f890a84e008;  0 drivers
o0x7f890a84e038 .functor BUFZ 8, C4<zzzzzzzz>; HiZ drive
v0x7f890a91de80_0 .net "DYNAMICDELAY", 7 0, o0x7f890a84e038;  0 drivers
o0x7f890a84e068 .functor BUFZ 1, C4<z>; HiZ drive
v0x7f890a91df10_0 .net "EXTFEEDBACK", 0 0, o0x7f890a84e068;  0 drivers
o0x7f890a84e098 .functor BUFZ 1, C4<z>; HiZ drive
v0x7f890a91dfa0_0 .net "LATCHINPUTVALUE", 0 0, o0x7f890a84e098;  0 drivers
o0x7f890a84e0c8 .functor BUFZ 1, C4<z>; HiZ drive
v0x7f890a91e030_0 .net "LOCK", 0 0, o0x7f890a84e0c8;  0 drivers
o0x7f890a84e0f8 .functor BUFZ 1, C4<z>; HiZ drive
v0x7f890a91e0d0_0 .net "PLLOUTCORE", 0 0, o0x7f890a84e0f8;  0 drivers
o0x7f890a84e128 .functor BUFZ 1, C4<z>; HiZ drive
v0x7f890a91e170_0 .net "PLLOUTGLOBAL", 0 0, o0x7f890a84e128;  0 drivers
o0x7f890a84e158 .functor BUFZ 1, C4<z>; HiZ drive
v0x7f890a91e210_0 .net "REFERENCECLK", 0 0, o0x7f890a84e158;  0 drivers
o0x7f890a84e188 .functor BUFZ 1, C4<z>; HiZ drive
v0x7f890a91e2b0_0 .net "RESETB", 0 0, o0x7f890a84e188;  0 drivers
o0x7f890a84e1b8 .functor BUFZ 1, C4<z>; HiZ drive
v0x7f890a91e3c0_0 .net "SCLK", 0 0, o0x7f890a84e1b8;  0 drivers
o0x7f890a84e1e8 .functor BUFZ 1, C4<z>; HiZ drive
v0x7f890a91e450_0 .net "SDI", 0 0, o0x7f890a84e1e8;  0 drivers
o0x7f890a84e218 .functor BUFZ 1, C4<z>; HiZ drive
v0x7f890a91e4f0_0 .net "SDO", 0 0, o0x7f890a84e218;  0 drivers
S_0x7f8909418db0 .scope module, "SB_PLL40_PAD" "SB_PLL40_PAD" 2 2456;
 .timescale -12 -12;
    .port_info 0 /INPUT 1 "PACKAGEPIN";
    .port_info 1 /OUTPUT 1 "PLLOUTCORE";
    .port_info 2 /OUTPUT 1 "PLLOUTGLOBAL";
    .port_info 3 /INPUT 1 "EXTFEEDBACK";
    .port_info 4 /INPUT 8 "DYNAMICDELAY";
    .port_info 5 /OUTPUT 1 "LOCK";
    .port_info 6 /INPUT 1 "BYPASS";
    .port_info 7 /INPUT 1 "RESETB";
    .port_info 8 /INPUT 1 "LATCHINPUTVALUE";
    .port_info 9 /OUTPUT 1 "SDO";
    .port_info 10 /INPUT 1 "SDI";
    .port_info 11 /INPUT 1 "SCLK";
P_0x7f8909428b40 .param/str "DELAY_ADJUSTMENT_MODE_FEEDBACK" 0 2 2471, "FIXED";
P_0x7f8909428b80 .param/str "DELAY_ADJUSTMENT_MODE_RELATIVE" 0 2 2472, "FIXED";
P_0x7f8909428bc0 .param/l "DIVF" 0 2 2478, C4<0000000>;
P_0x7f8909428c00 .param/l "DIVQ" 0 2 2479, C4<000>;
P_0x7f8909428c40 .param/l "DIVR" 0 2 2477, C4<0000>;
P_0x7f8909428c80 .param/l "ENABLE_ICEGATE" 0 2 2481, C4<0>;
P_0x7f8909428cc0 .param/l "EXTERNAL_DIVIDE_FACTOR" 0 2 2483, +C4<00000000000000000000000000000001>;
P_0x7f8909428d00 .param/l "FDA_FEEDBACK" 0 2 2474, C4<0000>;
P_0x7f8909428d40 .param/l "FDA_RELATIVE" 0 2 2475, C4<0000>;
P_0x7f8909428d80 .param/str "FEEDBACK_PATH" 0 2 2470, "SIMPLE";
P_0x7f8909428dc0 .param/l "FILTER_RANGE" 0 2 2480, C4<000>;
P_0x7f8909428e00 .param/str "PLLOUT_SELECT" 0 2 2476, "GENCLK";
P_0x7f8909428e40 .param/l "SHIFTREG_DIV_MODE" 0 2 2473, C4<0>;
P_0x7f8909428e80 .param/l "TEST_MODE" 0 2 2482, C4<0>;
o0x7f890a84e488 .functor BUFZ 1, C4<z>; HiZ drive
v0x7f890a91e6b0_0 .net "BYPASS", 0 0, o0x7f890a84e488;  0 drivers
o0x7f890a84e4b8 .functor BUFZ 8, C4<zzzzzzzz>; HiZ drive
v0x7f890a91e740_0 .net "DYNAMICDELAY", 7 0, o0x7f890a84e4b8;  0 drivers
o0x7f890a84e4e8 .functor BUFZ 1, C4<z>; HiZ drive
v0x7f890a91e7d0_0 .net "EXTFEEDBACK", 0 0, o0x7f890a84e4e8;  0 drivers
o0x7f890a84e518 .functor BUFZ 1, C4<z>; HiZ drive
v0x7f890a91e860_0 .net "LATCHINPUTVALUE", 0 0, o0x7f890a84e518;  0 drivers
o0x7f890a84e548 .functor BUFZ 1, C4<z>; HiZ drive
v0x7f890a91e8f0_0 .net "LOCK", 0 0, o0x7f890a84e548;  0 drivers
o0x7f890a84e578 .functor BUFZ 1, C4<z>; HiZ drive
v0x7f890a91e9c0_0 .net "PACKAGEPIN", 0 0, o0x7f890a84e578;  0 drivers
o0x7f890a84e5a8 .functor BUFZ 1, C4<z>; HiZ drive
v0x7f890a91ea50_0 .net "PLLOUTCORE", 0 0, o0x7f890a84e5a8;  0 drivers
o0x7f890a84e5d8 .functor BUFZ 1, C4<z>; HiZ drive
v0x7f890a91eae0_0 .net "PLLOUTGLOBAL", 0 0, o0x7f890a84e5d8;  0 drivers
o0x7f890a84e608 .functor BUFZ 1, C4<z>; HiZ drive
v0x7f890a91eb80_0 .net "RESETB", 0 0, o0x7f890a84e608;  0 drivers
o0x7f890a84e638 .functor BUFZ 1, C4<z>; HiZ drive
v0x7f890a91ec90_0 .net "SCLK", 0 0, o0x7f890a84e638;  0 drivers
o0x7f890a84e668 .functor BUFZ 1, C4<z>; HiZ drive
v0x7f890a91ed20_0 .net "SDI", 0 0, o0x7f890a84e668;  0 drivers
o0x7f890a84e698 .functor BUFZ 1, C4<z>; HiZ drive
v0x7f890a91edc0_0 .net "SDO", 0 0, o0x7f890a84e698;  0 drivers
S_0x7f8909426570 .scope module, "SB_RAM40_4KNR" "SB_RAM40_4KNR" 2 1726;
 .timescale -12 -12;
    .port_info 0 /OUTPUT 16 "RDATA";
    .port_info 1 /INPUT 1 "RCLKN";
    .port_info 2 /INPUT 1 "RCLKE";
    .port_info 3 /INPUT 1 "RE";
    .port_info 4 /INPUT 11 "RADDR";
    .port_info 5 /INPUT 1 "WCLK";
    .port_info 6 /INPUT 1 "WCLKE";
    .port_info 7 /INPUT 1 "WE";
    .port_info 8 /INPUT 11 "WADDR";
    .port_info 9 /INPUT 16 "MASK";
    .port_info 10 /INPUT 16 "WDATA";
P_0x7f890980c200 .param/l "INIT_0" 0 2 1742, C4<0000000000000000000000000000000000000000000000000000000000000000000000000000000000000000000000000000000000000000000000000000000000000000000000000000000000000000000000000000000000000000000000000000000000000000000000000000000000000000000000000000000000000000>;
P_0x7f890980c240 .param/l "INIT_1" 0 2 1743, C4<0000000000000000000000000000000000000000000000000000000000000000000000000000000000000000000000000000000000000000000000000000000000000000000000000000000000000000000000000000000000000000000000000000000000000000000000000000000000000000000000000000000000000000>;
P_0x7f890980c280 .param/l "INIT_2" 0 2 1744, C4<0000000000000000000000000000000000000000000000000000000000000000000000000000000000000000000000000000000000000000000000000000000000000000000000000000000000000000000000000000000000000000000000000000000000000000000000000000000000000000000000000000000000000000>;
P_0x7f890980c2c0 .param/l "INIT_3" 0 2 1745, C4<0000000000000000000000000000000000000000000000000000000000000000000000000000000000000000000000000000000000000000000000000000000000000000000000000000000000000000000000000000000000000000000000000000000000000000000000000000000000000000000000000000000000000000>;
P_0x7f890980c300 .param/l "INIT_4" 0 2 1746, C4<0000000000000000000000000000000000000000000000000000000000000000000000000000000000000000000000000000000000000000000000000000000000000000000000000000000000000000000000000000000000000000000000000000000000000000000000000000000000000000000000000000000000000000>;
P_0x7f890980c340 .param/l "INIT_5" 0 2 1747, C4<0000000000000000000000000000000000000000000000000000000000000000000000000000000000000000000000000000000000000000000000000000000000000000000000000000000000000000000000000000000000000000000000000000000000000000000000000000000000000000000000000000000000000000>;
P_0x7f890980c380 .param/l "INIT_6" 0 2 1748, C4<0000000000000000000000000000000000000000000000000000000000000000000000000000000000000000000000000000000000000000000000000000000000000000000000000000000000000000000000000000000000000000000000000000000000000000000000000000000000000000000000000000000000000000>;
P_0x7f890980c3c0 .param/l "INIT_7" 0 2 1749, C4<0000000000000000000000000000000000000000000000000000000000000000000000000000000000000000000000000000000000000000000000000000000000000000000000000000000000000000000000000000000000000000000000000000000000000000000000000000000000000000000000000000000000000000>;
P_0x7f890980c400 .param/l "INIT_8" 0 2 1750, C4<0000000000000000000000000000000000000000000000000000000000000000000000000000000000000000000000000000000000000000000000000000000000000000000000000000000000000000000000000000000000000000000000000000000000000000000000000000000000000000000000000000000000000000>;
P_0x7f890980c440 .param/l "INIT_9" 0 2 1751, C4<0000000000000000000000000000000000000000000000000000000000000000000000000000000000000000000000000000000000000000000000000000000000000000000000000000000000000000000000000000000000000000000000000000000000000000000000000000000000000000000000000000000000000000>;
P_0x7f890980c480 .param/l "INIT_A" 0 2 1752, C4<0000000000000000000000000000000000000000000000000000000000000000000000000000000000000000000000000000000000000000000000000000000000000000000000000000000000000000000000000000000000000000000000000000000000000000000000000000000000000000000000000000000000000000>;
P_0x7f890980c4c0 .param/l "INIT_B" 0 2 1753, C4<0000000000000000000000000000000000000000000000000000000000000000000000000000000000000000000000000000000000000000000000000000000000000000000000000000000000000000000000000000000000000000000000000000000000000000000000000000000000000000000000000000000000000000>;
P_0x7f890980c500 .param/l "INIT_C" 0 2 1754, C4<0000000000000000000000000000000000000000000000000000000000000000000000000000000000000000000000000000000000000000000000000000000000000000000000000000000000000000000000000000000000000000000000000000000000000000000000000000000000000000000000000000000000000000>;
P_0x7f890980c540 .param/l "INIT_D" 0 2 1755, C4<0000000000000000000000000000000000000000000000000000000000000000000000000000000000000000000000000000000000000000000000000000000000000000000000000000000000000000000000000000000000000000000000000000000000000000000000000000000000000000000000000000000000000000>;
P_0x7f890980c580 .param/l "INIT_E" 0 2 1756, C4<0000000000000000000000000000000000000000000000000000000000000000000000000000000000000000000000000000000000000000000000000000000000000000000000000000000000000000000000000000000000000000000000000000000000000000000000000000000000000000000000000000000000000000>;
P_0x7f890980c5c0 .param/l "INIT_F" 0 2 1757, C4<0000000000000000000000000000000000000000000000000000000000000000000000000000000000000000000000000000000000000000000000000000000000000000000000000000000000000000000000000000000000000000000000000000000000000000000000000000000000000000000000000000000000000000>;
P_0x7f890980c600 .param/str "INIT_FILE" 0 2 1759, "\000";
P_0x7f890980c640 .param/l "READ_MODE" 0 2 1740, +C4<00000000000000000000000000000000>;
P_0x7f890980c680 .param/l "WRITE_MODE" 0 2 1739, +C4<00000000000000000000000000000000>;
o0x7f890a84ee18 .functor BUFZ 1, C4<z>; HiZ drive
L_0x7f890a93ea30 .functor NOT 1, o0x7f890a84ee18, C4<0>, C4<0>, C4<0>;
o0x7f890a84e908 .functor BUFZ 16, C4<zzzzzzzzzzzzzzzz>; HiZ drive
v0x7f890a921d20_0 .net "MASK", 15 0, o0x7f890a84e908;  0 drivers
o0x7f890a84e938 .functor BUFZ 11, C4<zzzzzzzzzzz>; HiZ drive
v0x7f890a921db0_0 .net "RADDR", 10 0, o0x7f890a84e938;  0 drivers
o0x7f890a84e998 .functor BUFZ 1, C4<z>; HiZ drive
v0x7f890a921e40_0 .net "RCLKE", 0 0, o0x7f890a84e998;  0 drivers
v0x7f890a921ed0_0 .net "RCLKN", 0 0, o0x7f890a84ee18;  0 drivers
v0x7f890a921f60_0 .net "RDATA", 15 0, L_0x7f890a93e9c0;  1 drivers
o0x7f890a84ea28 .functor BUFZ 1, C4<z>; HiZ drive
v0x7f890a921ff0_0 .net "RE", 0 0, o0x7f890a84ea28;  0 drivers
o0x7f890a84ea88 .functor BUFZ 11, C4<zzzzzzzzzzz>; HiZ drive
v0x7f890a9220a0_0 .net "WADDR", 10 0, o0x7f890a84ea88;  0 drivers
o0x7f890a84eab8 .functor BUFZ 1, C4<z>; HiZ drive
v0x7f890a922150_0 .net "WCLK", 0 0, o0x7f890a84eab8;  0 drivers
o0x7f890a84eae8 .functor BUFZ 1, C4<z>; HiZ drive
v0x7f890a922200_0 .net "WCLKE", 0 0, o0x7f890a84eae8;  0 drivers
o0x7f890a84eb18 .functor BUFZ 16, C4<zzzzzzzzzzzzzzzz>; HiZ drive
v0x7f890a922330_0 .net "WDATA", 15 0, o0x7f890a84eb18;  0 drivers
o0x7f890a84eb78 .functor BUFZ 1, C4<z>; HiZ drive
v0x7f890a9223c0_0 .net "WE", 0 0, o0x7f890a84eb78;  0 drivers
S_0x7f890a91ef80 .scope module, "RAM" "SB_RAM40_4K" 2 1781, 2 1487 0, S_0x7f8909426570;
 .timescale -12 -12;
    .port_info 0 /OUTPUT 16 "RDATA";
    .port_info 1 /INPUT 1 "RCLK";
    .port_info 2 /INPUT 1 "RCLKE";
    .port_info 3 /INPUT 1 "RE";
    .port_info 4 /INPUT 11 "RADDR";
    .port_info 5 /INPUT 1 "WCLK";
    .port_info 6 /INPUT 1 "WCLKE";
    .port_info 7 /INPUT 1 "WE";
    .port_info 8 /INPUT 11 "WADDR";
    .port_info 9 /INPUT 16 "MASK";
    .port_info 10 /INPUT 16 "WDATA";
P_0x7f890980e400 .param/l "INIT_0" 0 2 1507, C4<0000000000000000000000000000000000000000000000000000000000000000000000000000000000000000000000000000000000000000000000000000000000000000000000000000000000000000000000000000000000000000000000000000000000000000000000000000000000000000000000000000000000000000>;
P_0x7f890980e440 .param/l "INIT_1" 0 2 1508, C4<0000000000000000000000000000000000000000000000000000000000000000000000000000000000000000000000000000000000000000000000000000000000000000000000000000000000000000000000000000000000000000000000000000000000000000000000000000000000000000000000000000000000000000>;
P_0x7f890980e480 .param/l "INIT_2" 0 2 1509, C4<0000000000000000000000000000000000000000000000000000000000000000000000000000000000000000000000000000000000000000000000000000000000000000000000000000000000000000000000000000000000000000000000000000000000000000000000000000000000000000000000000000000000000000>;
P_0x7f890980e4c0 .param/l "INIT_3" 0 2 1510, C4<0000000000000000000000000000000000000000000000000000000000000000000000000000000000000000000000000000000000000000000000000000000000000000000000000000000000000000000000000000000000000000000000000000000000000000000000000000000000000000000000000000000000000000>;
P_0x7f890980e500 .param/l "INIT_4" 0 2 1511, C4<0000000000000000000000000000000000000000000000000000000000000000000000000000000000000000000000000000000000000000000000000000000000000000000000000000000000000000000000000000000000000000000000000000000000000000000000000000000000000000000000000000000000000000>;
P_0x7f890980e540 .param/l "INIT_5" 0 2 1512, C4<0000000000000000000000000000000000000000000000000000000000000000000000000000000000000000000000000000000000000000000000000000000000000000000000000000000000000000000000000000000000000000000000000000000000000000000000000000000000000000000000000000000000000000>;
P_0x7f890980e580 .param/l "INIT_6" 0 2 1513, C4<0000000000000000000000000000000000000000000000000000000000000000000000000000000000000000000000000000000000000000000000000000000000000000000000000000000000000000000000000000000000000000000000000000000000000000000000000000000000000000000000000000000000000000>;
P_0x7f890980e5c0 .param/l "INIT_7" 0 2 1514, C4<0000000000000000000000000000000000000000000000000000000000000000000000000000000000000000000000000000000000000000000000000000000000000000000000000000000000000000000000000000000000000000000000000000000000000000000000000000000000000000000000000000000000000000>;
P_0x7f890980e600 .param/l "INIT_8" 0 2 1515, C4<0000000000000000000000000000000000000000000000000000000000000000000000000000000000000000000000000000000000000000000000000000000000000000000000000000000000000000000000000000000000000000000000000000000000000000000000000000000000000000000000000000000000000000>;
P_0x7f890980e640 .param/l "INIT_9" 0 2 1516, C4<0000000000000000000000000000000000000000000000000000000000000000000000000000000000000000000000000000000000000000000000000000000000000000000000000000000000000000000000000000000000000000000000000000000000000000000000000000000000000000000000000000000000000000>;
P_0x7f890980e680 .param/l "INIT_A" 0 2 1517, C4<0000000000000000000000000000000000000000000000000000000000000000000000000000000000000000000000000000000000000000000000000000000000000000000000000000000000000000000000000000000000000000000000000000000000000000000000000000000000000000000000000000000000000000>;
P_0x7f890980e6c0 .param/l "INIT_B" 0 2 1518, C4<0000000000000000000000000000000000000000000000000000000000000000000000000000000000000000000000000000000000000000000000000000000000000000000000000000000000000000000000000000000000000000000000000000000000000000000000000000000000000000000000000000000000000000>;
P_0x7f890980e700 .param/l "INIT_C" 0 2 1519, C4<0000000000000000000000000000000000000000000000000000000000000000000000000000000000000000000000000000000000000000000000000000000000000000000000000000000000000000000000000000000000000000000000000000000000000000000000000000000000000000000000000000000000000000>;
P_0x7f890980e740 .param/l "INIT_D" 0 2 1520, C4<0000000000000000000000000000000000000000000000000000000000000000000000000000000000000000000000000000000000000000000000000000000000000000000000000000000000000000000000000000000000000000000000000000000000000000000000000000000000000000000000000000000000000000>;
P_0x7f890980e780 .param/l "INIT_E" 0 2 1521, C4<0000000000000000000000000000000000000000000000000000000000000000000000000000000000000000000000000000000000000000000000000000000000000000000000000000000000000000000000000000000000000000000000000000000000000000000000000000000000000000000000000000000000000000>;
P_0x7f890980e7c0 .param/l "INIT_F" 0 2 1522, C4<0000000000000000000000000000000000000000000000000000000000000000000000000000000000000000000000000000000000000000000000000000000000000000000000000000000000000000000000000000000000000000000000000000000000000000000000000000000000000000000000000000000000000000>;
P_0x7f890980e800 .param/str "INIT_FILE" 0 2 1524, "\000";
P_0x7f890980e840 .param/l "READ_MODE" 0 2 1505, +C4<00000000000000000000000000000000>;
P_0x7f890980e880 .param/l "WRITE_MODE" 0 2 1504, +C4<00000000000000000000000000000000>;
v0x7f890a920f80_0 .net "MASK", 15 0, o0x7f890a84e908;  alias, 0 drivers
v0x7f890a921010_0 .net "RADDR", 10 0, o0x7f890a84e938;  alias, 0 drivers
v0x7f890a9210c0_0 .net "RCLK", 0 0, L_0x7f890a93ea30;  1 drivers
v0x7f890a921170_0 .net "RCLKE", 0 0, o0x7f890a84e998;  alias, 0 drivers
v0x7f890a921210_0 .net "RDATA", 15 0, L_0x7f890a93e9c0;  alias, 1 drivers
v0x7f890a921300_0 .var "RDATA_I", 15 0;
v0x7f890a9213b0_0 .net "RE", 0 0, o0x7f890a84ea28;  alias, 0 drivers
L_0x7f890a873b00 .functor BUFT 1, C4<0000000000000000>, C4<0>, C4<0>, C4<0>;
v0x7f890a921450_0 .net "RMASK_I", 15 0, L_0x7f890a873b00;  1 drivers
v0x7f890a921500_0 .net "WADDR", 10 0, o0x7f890a84ea88;  alias, 0 drivers
v0x7f890a921610_0 .net "WCLK", 0 0, o0x7f890a84eab8;  alias, 0 drivers
v0x7f890a9216b0_0 .net "WCLKE", 0 0, o0x7f890a84eae8;  alias, 0 drivers
v0x7f890a921750_0 .net "WDATA", 15 0, o0x7f890a84eb18;  alias, 0 drivers
v0x7f890a921800_0 .net "WDATA_I", 15 0, L_0x7f890a93df40;  1 drivers
v0x7f890a9218b0_0 .net "WE", 0 0, o0x7f890a84eb78;  alias, 0 drivers
v0x7f890a921950_0 .net "WMASK_I", 15 0, L_0x7f890a93de90;  1 drivers
v0x7f890a921a00_0 .var/i "i", 31 0;
v0x7f890a921ab0 .array "memory", 255 0, 15 0;
E_0x7f890a920800 .event posedge, v0x7f890a9210c0_0;
E_0x7f890a920860 .event posedge, v0x7f890a921610_0;
S_0x7f890a9208b0 .scope generate, "genblk1" "genblk1" 2 1534, 2 1534 0, S_0x7f890a91ef80;
 .timescale -12 -12;
L_0x7f890a93de90 .functor BUFZ 16, o0x7f890a84e908, C4<0000000000000000>, C4<0000000000000000>, C4<0000000000000000>;
S_0x7f890a920a80 .scope generate, "genblk2" "genblk2" 2 1555, 2 1555 0, S_0x7f890a91ef80;
 .timescale -12 -12;
S_0x7f890a920c50 .scope generate, "genblk3" "genblk3" 2 1576, 2 1576 0, S_0x7f890a91ef80;
 .timescale -12 -12;
L_0x7f890a93df40 .functor BUFZ 16, o0x7f890a84eb18, C4<0000000000000000>, C4<0000000000000000>, C4<0000000000000000>;
S_0x7f890a920dc0 .scope generate, "genblk4" "genblk4" 2 1595, 2 1595 0, S_0x7f890a91ef80;
 .timescale -12 -12;
L_0x7f890a93e9c0 .functor BUFZ 16, v0x7f890a921300_0, C4<0000000000000000>, C4<0000000000000000>, C4<0000000000000000>;
S_0x7f8909422f90 .scope module, "SB_RAM40_4KNRNW" "SB_RAM40_4KNRNW" 2 1998;
 .timescale -12 -12;
    .port_info 0 /OUTPUT 16 "RDATA";
    .port_info 1 /INPUT 1 "RCLKN";
    .port_info 2 /INPUT 1 "RCLKE";
    .port_info 3 /INPUT 1 "RE";
    .port_info 4 /INPUT 11 "RADDR";
    .port_info 5 /INPUT 1 "WCLKN";
    .port_info 6 /INPUT 1 "WCLKE";
    .port_info 7 /INPUT 1 "WE";
    .port_info 8 /INPUT 11 "WADDR";
    .port_info 9 /INPUT 16 "MASK";
    .port_info 10 /INPUT 16 "WDATA";
P_0x7f890980cc00 .param/l "INIT_0" 0 2 2014, C4<0000000000000000000000000000000000000000000000000000000000000000000000000000000000000000000000000000000000000000000000000000000000000000000000000000000000000000000000000000000000000000000000000000000000000000000000000000000000000000000000000000000000000000>;
P_0x7f890980cc40 .param/l "INIT_1" 0 2 2015, C4<0000000000000000000000000000000000000000000000000000000000000000000000000000000000000000000000000000000000000000000000000000000000000000000000000000000000000000000000000000000000000000000000000000000000000000000000000000000000000000000000000000000000000000>;
P_0x7f890980cc80 .param/l "INIT_2" 0 2 2016, C4<0000000000000000000000000000000000000000000000000000000000000000000000000000000000000000000000000000000000000000000000000000000000000000000000000000000000000000000000000000000000000000000000000000000000000000000000000000000000000000000000000000000000000000>;
P_0x7f890980ccc0 .param/l "INIT_3" 0 2 2017, C4<0000000000000000000000000000000000000000000000000000000000000000000000000000000000000000000000000000000000000000000000000000000000000000000000000000000000000000000000000000000000000000000000000000000000000000000000000000000000000000000000000000000000000000>;
P_0x7f890980cd00 .param/l "INIT_4" 0 2 2018, C4<0000000000000000000000000000000000000000000000000000000000000000000000000000000000000000000000000000000000000000000000000000000000000000000000000000000000000000000000000000000000000000000000000000000000000000000000000000000000000000000000000000000000000000>;
P_0x7f890980cd40 .param/l "INIT_5" 0 2 2019, C4<0000000000000000000000000000000000000000000000000000000000000000000000000000000000000000000000000000000000000000000000000000000000000000000000000000000000000000000000000000000000000000000000000000000000000000000000000000000000000000000000000000000000000000>;
P_0x7f890980cd80 .param/l "INIT_6" 0 2 2020, C4<0000000000000000000000000000000000000000000000000000000000000000000000000000000000000000000000000000000000000000000000000000000000000000000000000000000000000000000000000000000000000000000000000000000000000000000000000000000000000000000000000000000000000000>;
P_0x7f890980cdc0 .param/l "INIT_7" 0 2 2021, C4<0000000000000000000000000000000000000000000000000000000000000000000000000000000000000000000000000000000000000000000000000000000000000000000000000000000000000000000000000000000000000000000000000000000000000000000000000000000000000000000000000000000000000000>;
P_0x7f890980ce00 .param/l "INIT_8" 0 2 2022, C4<0000000000000000000000000000000000000000000000000000000000000000000000000000000000000000000000000000000000000000000000000000000000000000000000000000000000000000000000000000000000000000000000000000000000000000000000000000000000000000000000000000000000000000>;
P_0x7f890980ce40 .param/l "INIT_9" 0 2 2023, C4<0000000000000000000000000000000000000000000000000000000000000000000000000000000000000000000000000000000000000000000000000000000000000000000000000000000000000000000000000000000000000000000000000000000000000000000000000000000000000000000000000000000000000000>;
P_0x7f890980ce80 .param/l "INIT_A" 0 2 2024, C4<0000000000000000000000000000000000000000000000000000000000000000000000000000000000000000000000000000000000000000000000000000000000000000000000000000000000000000000000000000000000000000000000000000000000000000000000000000000000000000000000000000000000000000>;
P_0x7f890980cec0 .param/l "INIT_B" 0 2 2025, C4<0000000000000000000000000000000000000000000000000000000000000000000000000000000000000000000000000000000000000000000000000000000000000000000000000000000000000000000000000000000000000000000000000000000000000000000000000000000000000000000000000000000000000000>;
P_0x7f890980cf00 .param/l "INIT_C" 0 2 2026, C4<0000000000000000000000000000000000000000000000000000000000000000000000000000000000000000000000000000000000000000000000000000000000000000000000000000000000000000000000000000000000000000000000000000000000000000000000000000000000000000000000000000000000000000>;
P_0x7f890980cf40 .param/l "INIT_D" 0 2 2027, C4<0000000000000000000000000000000000000000000000000000000000000000000000000000000000000000000000000000000000000000000000000000000000000000000000000000000000000000000000000000000000000000000000000000000000000000000000000000000000000000000000000000000000000000>;
P_0x7f890980cf80 .param/l "INIT_E" 0 2 2028, C4<0000000000000000000000000000000000000000000000000000000000000000000000000000000000000000000000000000000000000000000000000000000000000000000000000000000000000000000000000000000000000000000000000000000000000000000000000000000000000000000000000000000000000000>;
P_0x7f890980cfc0 .param/l "INIT_F" 0 2 2029, C4<0000000000000000000000000000000000000000000000000000000000000000000000000000000000000000000000000000000000000000000000000000000000000000000000000000000000000000000000000000000000000000000000000000000000000000000000000000000000000000000000000000000000000000>;
P_0x7f890980d000 .param/str "INIT_FILE" 0 2 2031, "\000";
P_0x7f890980d040 .param/l "READ_MODE" 0 2 2012, +C4<00000000000000000000000000000000>;
P_0x7f890980d080 .param/l "WRITE_MODE" 0 2 2011, +C4<00000000000000000000000000000000>;
o0x7f890a84f568 .functor BUFZ 1, C4<z>; HiZ drive
L_0x7f890a93ecb0 .functor NOT 1, o0x7f890a84f568, C4<0>, C4<0>, C4<0>;
o0x7f890a84f598 .functor BUFZ 1, C4<z>; HiZ drive
L_0x7f890a93ed20 .functor NOT 1, o0x7f890a84f598, C4<0>, C4<0>, C4<0>;
o0x7f890a84f058 .functor BUFZ 16, C4<zzzzzzzzzzzzzzzz>; HiZ drive
v0x7f890a9252e0_0 .net "MASK", 15 0, o0x7f890a84f058;  0 drivers
o0x7f890a84f088 .functor BUFZ 11, C4<zzzzzzzzzzz>; HiZ drive
v0x7f890a925370_0 .net "RADDR", 10 0, o0x7f890a84f088;  0 drivers
o0x7f890a84f0e8 .functor BUFZ 1, C4<z>; HiZ drive
v0x7f890a925400_0 .net "RCLKE", 0 0, o0x7f890a84f0e8;  0 drivers
v0x7f890a925490_0 .net "RCLKN", 0 0, o0x7f890a84f568;  0 drivers
v0x7f890a925520_0 .net "RDATA", 15 0, L_0x7f890a93ec00;  1 drivers
o0x7f890a84f178 .functor BUFZ 1, C4<z>; HiZ drive
v0x7f890a9255b0_0 .net "RE", 0 0, o0x7f890a84f178;  0 drivers
o0x7f890a84f1d8 .functor BUFZ 11, C4<zzzzzzzzzzz>; HiZ drive
v0x7f890a925660_0 .net "WADDR", 10 0, o0x7f890a84f1d8;  0 drivers
o0x7f890a84f238 .functor BUFZ 1, C4<z>; HiZ drive
v0x7f890a925710_0 .net "WCLKE", 0 0, o0x7f890a84f238;  0 drivers
v0x7f890a9257c0_0 .net "WCLKN", 0 0, o0x7f890a84f598;  0 drivers
o0x7f890a84f268 .functor BUFZ 16, C4<zzzzzzzzzzzzzzzz>; HiZ drive
v0x7f890a9258d0_0 .net "WDATA", 15 0, o0x7f890a84f268;  0 drivers
o0x7f890a84f2c8 .functor BUFZ 1, C4<z>; HiZ drive
v0x7f890a925980_0 .net "WE", 0 0, o0x7f890a84f2c8;  0 drivers
S_0x7f890a922500 .scope module, "RAM" "SB_RAM40_4K" 2 2053, 2 1487 0, S_0x7f8909422f90;
 .timescale -12 -12;
    .port_info 0 /OUTPUT 16 "RDATA";
    .port_info 1 /INPUT 1 "RCLK";
    .port_info 2 /INPUT 1 "RCLKE";
    .port_info 3 /INPUT 1 "RE";
    .port_info 4 /INPUT 11 "RADDR";
    .port_info 5 /INPUT 1 "WCLK";
    .port_info 6 /INPUT 1 "WCLKE";
    .port_info 7 /INPUT 1 "WE";
    .port_info 8 /INPUT 11 "WADDR";
    .port_info 9 /INPUT 16 "MASK";
    .port_info 10 /INPUT 16 "WDATA";
P_0x7f8909821400 .param/l "INIT_0" 0 2 1507, C4<0000000000000000000000000000000000000000000000000000000000000000000000000000000000000000000000000000000000000000000000000000000000000000000000000000000000000000000000000000000000000000000000000000000000000000000000000000000000000000000000000000000000000000>;
P_0x7f8909821440 .param/l "INIT_1" 0 2 1508, C4<0000000000000000000000000000000000000000000000000000000000000000000000000000000000000000000000000000000000000000000000000000000000000000000000000000000000000000000000000000000000000000000000000000000000000000000000000000000000000000000000000000000000000000>;
P_0x7f8909821480 .param/l "INIT_2" 0 2 1509, C4<0000000000000000000000000000000000000000000000000000000000000000000000000000000000000000000000000000000000000000000000000000000000000000000000000000000000000000000000000000000000000000000000000000000000000000000000000000000000000000000000000000000000000000>;
P_0x7f89098214c0 .param/l "INIT_3" 0 2 1510, C4<0000000000000000000000000000000000000000000000000000000000000000000000000000000000000000000000000000000000000000000000000000000000000000000000000000000000000000000000000000000000000000000000000000000000000000000000000000000000000000000000000000000000000000>;
P_0x7f8909821500 .param/l "INIT_4" 0 2 1511, C4<0000000000000000000000000000000000000000000000000000000000000000000000000000000000000000000000000000000000000000000000000000000000000000000000000000000000000000000000000000000000000000000000000000000000000000000000000000000000000000000000000000000000000000>;
P_0x7f8909821540 .param/l "INIT_5" 0 2 1512, C4<0000000000000000000000000000000000000000000000000000000000000000000000000000000000000000000000000000000000000000000000000000000000000000000000000000000000000000000000000000000000000000000000000000000000000000000000000000000000000000000000000000000000000000>;
P_0x7f8909821580 .param/l "INIT_6" 0 2 1513, C4<0000000000000000000000000000000000000000000000000000000000000000000000000000000000000000000000000000000000000000000000000000000000000000000000000000000000000000000000000000000000000000000000000000000000000000000000000000000000000000000000000000000000000000>;
P_0x7f89098215c0 .param/l "INIT_7" 0 2 1514, C4<0000000000000000000000000000000000000000000000000000000000000000000000000000000000000000000000000000000000000000000000000000000000000000000000000000000000000000000000000000000000000000000000000000000000000000000000000000000000000000000000000000000000000000>;
P_0x7f8909821600 .param/l "INIT_8" 0 2 1515, C4<0000000000000000000000000000000000000000000000000000000000000000000000000000000000000000000000000000000000000000000000000000000000000000000000000000000000000000000000000000000000000000000000000000000000000000000000000000000000000000000000000000000000000000>;
P_0x7f8909821640 .param/l "INIT_9" 0 2 1516, C4<0000000000000000000000000000000000000000000000000000000000000000000000000000000000000000000000000000000000000000000000000000000000000000000000000000000000000000000000000000000000000000000000000000000000000000000000000000000000000000000000000000000000000000>;
P_0x7f8909821680 .param/l "INIT_A" 0 2 1517, C4<0000000000000000000000000000000000000000000000000000000000000000000000000000000000000000000000000000000000000000000000000000000000000000000000000000000000000000000000000000000000000000000000000000000000000000000000000000000000000000000000000000000000000000>;
P_0x7f89098216c0 .param/l "INIT_B" 0 2 1518, C4<0000000000000000000000000000000000000000000000000000000000000000000000000000000000000000000000000000000000000000000000000000000000000000000000000000000000000000000000000000000000000000000000000000000000000000000000000000000000000000000000000000000000000000>;
P_0x7f8909821700 .param/l "INIT_C" 0 2 1519, C4<0000000000000000000000000000000000000000000000000000000000000000000000000000000000000000000000000000000000000000000000000000000000000000000000000000000000000000000000000000000000000000000000000000000000000000000000000000000000000000000000000000000000000000>;
P_0x7f8909821740 .param/l "INIT_D" 0 2 1520, C4<0000000000000000000000000000000000000000000000000000000000000000000000000000000000000000000000000000000000000000000000000000000000000000000000000000000000000000000000000000000000000000000000000000000000000000000000000000000000000000000000000000000000000000>;
P_0x7f8909821780 .param/l "INIT_E" 0 2 1521, C4<0000000000000000000000000000000000000000000000000000000000000000000000000000000000000000000000000000000000000000000000000000000000000000000000000000000000000000000000000000000000000000000000000000000000000000000000000000000000000000000000000000000000000000>;
P_0x7f89098217c0 .param/l "INIT_F" 0 2 1522, C4<0000000000000000000000000000000000000000000000000000000000000000000000000000000000000000000000000000000000000000000000000000000000000000000000000000000000000000000000000000000000000000000000000000000000000000000000000000000000000000000000000000000000000000>;
P_0x7f8909821800 .param/str "INIT_FILE" 0 2 1524, "\000";
P_0x7f8909821840 .param/l "READ_MODE" 0 2 1505, +C4<00000000000000000000000000000000>;
P_0x7f8909821880 .param/l "WRITE_MODE" 0 2 1504, +C4<00000000000000000000000000000000>;
v0x7f890a924540_0 .net "MASK", 15 0, o0x7f890a84f058;  alias, 0 drivers
v0x7f890a9245d0_0 .net "RADDR", 10 0, o0x7f890a84f088;  alias, 0 drivers
v0x7f890a924680_0 .net "RCLK", 0 0, L_0x7f890a93ecb0;  1 drivers
v0x7f890a924730_0 .net "RCLKE", 0 0, o0x7f890a84f0e8;  alias, 0 drivers
v0x7f890a9247d0_0 .net "RDATA", 15 0, L_0x7f890a93ec00;  alias, 1 drivers
v0x7f890a9248c0_0 .var "RDATA_I", 15 0;
v0x7f890a924970_0 .net "RE", 0 0, o0x7f890a84f178;  alias, 0 drivers
L_0x7f890a873b48 .functor BUFT 1, C4<0000000000000000>, C4<0>, C4<0>, C4<0>;
v0x7f890a924a10_0 .net "RMASK_I", 15 0, L_0x7f890a873b48;  1 drivers
v0x7f890a924ac0_0 .net "WADDR", 10 0, o0x7f890a84f1d8;  alias, 0 drivers
v0x7f890a924bd0_0 .net "WCLK", 0 0, L_0x7f890a93ed20;  1 drivers
v0x7f890a924c70_0 .net "WCLKE", 0 0, o0x7f890a84f238;  alias, 0 drivers
v0x7f890a924d10_0 .net "WDATA", 15 0, o0x7f890a84f268;  alias, 0 drivers
v0x7f890a924dc0_0 .net "WDATA_I", 15 0, L_0x7f890a93eb50;  1 drivers
v0x7f890a924e70_0 .net "WE", 0 0, o0x7f890a84f2c8;  alias, 0 drivers
v0x7f890a924f10_0 .net "WMASK_I", 15 0, L_0x7f890a93eaa0;  1 drivers
v0x7f890a924fc0_0 .var/i "i", 31 0;
v0x7f890a925070 .array "memory", 255 0, 15 0;
E_0x7f890a923dc0 .event posedge, v0x7f890a924680_0;
E_0x7f890a923e20 .event posedge, v0x7f890a924bd0_0;
S_0x7f890a923e70 .scope generate, "genblk1" "genblk1" 2 1534, 2 1534 0, S_0x7f890a922500;
 .timescale -12 -12;
L_0x7f890a93eaa0 .functor BUFZ 16, o0x7f890a84f058, C4<0000000000000000>, C4<0000000000000000>, C4<0000000000000000>;
S_0x7f890a924040 .scope generate, "genblk2" "genblk2" 2 1555, 2 1555 0, S_0x7f890a922500;
 .timescale -12 -12;
S_0x7f890a924210 .scope generate, "genblk3" "genblk3" 2 1576, 2 1576 0, S_0x7f890a922500;
 .timescale -12 -12;
L_0x7f890a93eb50 .functor BUFZ 16, o0x7f890a84f268, C4<0000000000000000>, C4<0000000000000000>, C4<0000000000000000>;
S_0x7f890a924380 .scope generate, "genblk4" "genblk4" 2 1595, 2 1595 0, S_0x7f890a922500;
 .timescale -12 -12;
L_0x7f890a93ec00 .functor BUFZ 16, v0x7f890a9248c0_0, C4<0000000000000000>, C4<0000000000000000>, C4<0000000000000000>;
S_0x7f89094e8790 .scope module, "SB_RAM40_4KNW" "SB_RAM40_4KNW" 2 1862;
 .timescale -12 -12;
    .port_info 0 /OUTPUT 16 "RDATA";
    .port_info 1 /INPUT 1 "RCLK";
    .port_info 2 /INPUT 1 "RCLKE";
    .port_info 3 /INPUT 1 "RE";
    .port_info 4 /INPUT 11 "RADDR";
    .port_info 5 /INPUT 1 "WCLKN";
    .port_info 6 /INPUT 1 "WCLKE";
    .port_info 7 /INPUT 1 "WE";
    .port_info 8 /INPUT 11 "WADDR";
    .port_info 9 /INPUT 16 "MASK";
    .port_info 10 /INPUT 16 "WDATA";
P_0x7f890980d200 .param/l "INIT_0" 0 2 1878, C4<0000000000000000000000000000000000000000000000000000000000000000000000000000000000000000000000000000000000000000000000000000000000000000000000000000000000000000000000000000000000000000000000000000000000000000000000000000000000000000000000000000000000000000>;
P_0x7f890980d240 .param/l "INIT_1" 0 2 1879, C4<0000000000000000000000000000000000000000000000000000000000000000000000000000000000000000000000000000000000000000000000000000000000000000000000000000000000000000000000000000000000000000000000000000000000000000000000000000000000000000000000000000000000000000>;
P_0x7f890980d280 .param/l "INIT_2" 0 2 1880, C4<0000000000000000000000000000000000000000000000000000000000000000000000000000000000000000000000000000000000000000000000000000000000000000000000000000000000000000000000000000000000000000000000000000000000000000000000000000000000000000000000000000000000000000>;
P_0x7f890980d2c0 .param/l "INIT_3" 0 2 1881, C4<0000000000000000000000000000000000000000000000000000000000000000000000000000000000000000000000000000000000000000000000000000000000000000000000000000000000000000000000000000000000000000000000000000000000000000000000000000000000000000000000000000000000000000>;
P_0x7f890980d300 .param/l "INIT_4" 0 2 1882, C4<0000000000000000000000000000000000000000000000000000000000000000000000000000000000000000000000000000000000000000000000000000000000000000000000000000000000000000000000000000000000000000000000000000000000000000000000000000000000000000000000000000000000000000>;
P_0x7f890980d340 .param/l "INIT_5" 0 2 1883, C4<0000000000000000000000000000000000000000000000000000000000000000000000000000000000000000000000000000000000000000000000000000000000000000000000000000000000000000000000000000000000000000000000000000000000000000000000000000000000000000000000000000000000000000>;
P_0x7f890980d380 .param/l "INIT_6" 0 2 1884, C4<0000000000000000000000000000000000000000000000000000000000000000000000000000000000000000000000000000000000000000000000000000000000000000000000000000000000000000000000000000000000000000000000000000000000000000000000000000000000000000000000000000000000000000>;
P_0x7f890980d3c0 .param/l "INIT_7" 0 2 1885, C4<0000000000000000000000000000000000000000000000000000000000000000000000000000000000000000000000000000000000000000000000000000000000000000000000000000000000000000000000000000000000000000000000000000000000000000000000000000000000000000000000000000000000000000>;
P_0x7f890980d400 .param/l "INIT_8" 0 2 1886, C4<0000000000000000000000000000000000000000000000000000000000000000000000000000000000000000000000000000000000000000000000000000000000000000000000000000000000000000000000000000000000000000000000000000000000000000000000000000000000000000000000000000000000000000>;
P_0x7f890980d440 .param/l "INIT_9" 0 2 1887, C4<0000000000000000000000000000000000000000000000000000000000000000000000000000000000000000000000000000000000000000000000000000000000000000000000000000000000000000000000000000000000000000000000000000000000000000000000000000000000000000000000000000000000000000>;
P_0x7f890980d480 .param/l "INIT_A" 0 2 1888, C4<0000000000000000000000000000000000000000000000000000000000000000000000000000000000000000000000000000000000000000000000000000000000000000000000000000000000000000000000000000000000000000000000000000000000000000000000000000000000000000000000000000000000000000>;
P_0x7f890980d4c0 .param/l "INIT_B" 0 2 1889, C4<0000000000000000000000000000000000000000000000000000000000000000000000000000000000000000000000000000000000000000000000000000000000000000000000000000000000000000000000000000000000000000000000000000000000000000000000000000000000000000000000000000000000000000>;
P_0x7f890980d500 .param/l "INIT_C" 0 2 1890, C4<0000000000000000000000000000000000000000000000000000000000000000000000000000000000000000000000000000000000000000000000000000000000000000000000000000000000000000000000000000000000000000000000000000000000000000000000000000000000000000000000000000000000000000>;
P_0x7f890980d540 .param/l "INIT_D" 0 2 1891, C4<0000000000000000000000000000000000000000000000000000000000000000000000000000000000000000000000000000000000000000000000000000000000000000000000000000000000000000000000000000000000000000000000000000000000000000000000000000000000000000000000000000000000000000>;
P_0x7f890980d580 .param/l "INIT_E" 0 2 1892, C4<0000000000000000000000000000000000000000000000000000000000000000000000000000000000000000000000000000000000000000000000000000000000000000000000000000000000000000000000000000000000000000000000000000000000000000000000000000000000000000000000000000000000000000>;
P_0x7f890980d5c0 .param/l "INIT_F" 0 2 1893, C4<0000000000000000000000000000000000000000000000000000000000000000000000000000000000000000000000000000000000000000000000000000000000000000000000000000000000000000000000000000000000000000000000000000000000000000000000000000000000000000000000000000000000000000>;
P_0x7f890980d600 .param/str "INIT_FILE" 0 2 1895, "\000";
P_0x7f890980d640 .param/l "READ_MODE" 0 2 1876, +C4<00000000000000000000000000000000>;
P_0x7f890980d680 .param/l "WRITE_MODE" 0 2 1875, +C4<00000000000000000000000000000000>;
o0x7f890a84fce8 .functor BUFZ 1, C4<z>; HiZ drive
L_0x7f890a93f000 .functor NOT 1, o0x7f890a84fce8, C4<0>, C4<0>, C4<0>;
o0x7f890a84f7d8 .functor BUFZ 16, C4<zzzzzzzzzzzzzzzz>; HiZ drive
v0x7f890a9288a0_0 .net "MASK", 15 0, o0x7f890a84f7d8;  0 drivers
o0x7f890a84f808 .functor BUFZ 11, C4<zzzzzzzzzzz>; HiZ drive
v0x7f890a928930_0 .net "RADDR", 10 0, o0x7f890a84f808;  0 drivers
o0x7f890a84f838 .functor BUFZ 1, C4<z>; HiZ drive
v0x7f890a9289c0_0 .net "RCLK", 0 0, o0x7f890a84f838;  0 drivers
o0x7f890a84f868 .functor BUFZ 1, C4<z>; HiZ drive
v0x7f890a928a50_0 .net "RCLKE", 0 0, o0x7f890a84f868;  0 drivers
v0x7f890a928ae0_0 .net "RDATA", 15 0, L_0x7f890a93ef50;  1 drivers
o0x7f890a84f8f8 .functor BUFZ 1, C4<z>; HiZ drive
v0x7f890a928bb0_0 .net "RE", 0 0, o0x7f890a84f8f8;  0 drivers
o0x7f890a84f958 .functor BUFZ 11, C4<zzzzzzzzzzz>; HiZ drive
v0x7f890a928c40_0 .net "WADDR", 10 0, o0x7f890a84f958;  0 drivers
o0x7f890a84f9b8 .functor BUFZ 1, C4<z>; HiZ drive
v0x7f890a928cd0_0 .net "WCLKE", 0 0, o0x7f890a84f9b8;  0 drivers
v0x7f890a928d80_0 .net "WCLKN", 0 0, o0x7f890a84fce8;  0 drivers
o0x7f890a84f9e8 .functor BUFZ 16, C4<zzzzzzzzzzzzzzzz>; HiZ drive
v0x7f890a928e90_0 .net "WDATA", 15 0, o0x7f890a84f9e8;  0 drivers
o0x7f890a84fa48 .functor BUFZ 1, C4<z>; HiZ drive
v0x7f890a928f40_0 .net "WE", 0 0, o0x7f890a84fa48;  0 drivers
S_0x7f890a925ac0 .scope module, "RAM" "SB_RAM40_4K" 2 1917, 2 1487 0, S_0x7f89094e8790;
 .timescale -12 -12;
    .port_info 0 /OUTPUT 16 "RDATA";
    .port_info 1 /INPUT 1 "RCLK";
    .port_info 2 /INPUT 1 "RCLKE";
    .port_info 3 /INPUT 1 "RE";
    .port_info 4 /INPUT 11 "RADDR";
    .port_info 5 /INPUT 1 "WCLK";
    .port_info 6 /INPUT 1 "WCLKE";
    .port_info 7 /INPUT 1 "WE";
    .port_info 8 /INPUT 11 "WADDR";
    .port_info 9 /INPUT 16 "MASK";
    .port_info 10 /INPUT 16 "WDATA";
P_0x7f8909821a00 .param/l "INIT_0" 0 2 1507, C4<0000000000000000000000000000000000000000000000000000000000000000000000000000000000000000000000000000000000000000000000000000000000000000000000000000000000000000000000000000000000000000000000000000000000000000000000000000000000000000000000000000000000000000>;
P_0x7f8909821a40 .param/l "INIT_1" 0 2 1508, C4<0000000000000000000000000000000000000000000000000000000000000000000000000000000000000000000000000000000000000000000000000000000000000000000000000000000000000000000000000000000000000000000000000000000000000000000000000000000000000000000000000000000000000000>;
P_0x7f8909821a80 .param/l "INIT_2" 0 2 1509, C4<0000000000000000000000000000000000000000000000000000000000000000000000000000000000000000000000000000000000000000000000000000000000000000000000000000000000000000000000000000000000000000000000000000000000000000000000000000000000000000000000000000000000000000>;
P_0x7f8909821ac0 .param/l "INIT_3" 0 2 1510, C4<0000000000000000000000000000000000000000000000000000000000000000000000000000000000000000000000000000000000000000000000000000000000000000000000000000000000000000000000000000000000000000000000000000000000000000000000000000000000000000000000000000000000000000>;
P_0x7f8909821b00 .param/l "INIT_4" 0 2 1511, C4<0000000000000000000000000000000000000000000000000000000000000000000000000000000000000000000000000000000000000000000000000000000000000000000000000000000000000000000000000000000000000000000000000000000000000000000000000000000000000000000000000000000000000000>;
P_0x7f8909821b40 .param/l "INIT_5" 0 2 1512, C4<0000000000000000000000000000000000000000000000000000000000000000000000000000000000000000000000000000000000000000000000000000000000000000000000000000000000000000000000000000000000000000000000000000000000000000000000000000000000000000000000000000000000000000>;
P_0x7f8909821b80 .param/l "INIT_6" 0 2 1513, C4<0000000000000000000000000000000000000000000000000000000000000000000000000000000000000000000000000000000000000000000000000000000000000000000000000000000000000000000000000000000000000000000000000000000000000000000000000000000000000000000000000000000000000000>;
P_0x7f8909821bc0 .param/l "INIT_7" 0 2 1514, C4<0000000000000000000000000000000000000000000000000000000000000000000000000000000000000000000000000000000000000000000000000000000000000000000000000000000000000000000000000000000000000000000000000000000000000000000000000000000000000000000000000000000000000000>;
P_0x7f8909821c00 .param/l "INIT_8" 0 2 1515, C4<0000000000000000000000000000000000000000000000000000000000000000000000000000000000000000000000000000000000000000000000000000000000000000000000000000000000000000000000000000000000000000000000000000000000000000000000000000000000000000000000000000000000000000>;
P_0x7f8909821c40 .param/l "INIT_9" 0 2 1516, C4<0000000000000000000000000000000000000000000000000000000000000000000000000000000000000000000000000000000000000000000000000000000000000000000000000000000000000000000000000000000000000000000000000000000000000000000000000000000000000000000000000000000000000000>;
P_0x7f8909821c80 .param/l "INIT_A" 0 2 1517, C4<0000000000000000000000000000000000000000000000000000000000000000000000000000000000000000000000000000000000000000000000000000000000000000000000000000000000000000000000000000000000000000000000000000000000000000000000000000000000000000000000000000000000000000>;
P_0x7f8909821cc0 .param/l "INIT_B" 0 2 1518, C4<0000000000000000000000000000000000000000000000000000000000000000000000000000000000000000000000000000000000000000000000000000000000000000000000000000000000000000000000000000000000000000000000000000000000000000000000000000000000000000000000000000000000000000>;
P_0x7f8909821d00 .param/l "INIT_C" 0 2 1519, C4<0000000000000000000000000000000000000000000000000000000000000000000000000000000000000000000000000000000000000000000000000000000000000000000000000000000000000000000000000000000000000000000000000000000000000000000000000000000000000000000000000000000000000000>;
P_0x7f8909821d40 .param/l "INIT_D" 0 2 1520, C4<0000000000000000000000000000000000000000000000000000000000000000000000000000000000000000000000000000000000000000000000000000000000000000000000000000000000000000000000000000000000000000000000000000000000000000000000000000000000000000000000000000000000000000>;
P_0x7f8909821d80 .param/l "INIT_E" 0 2 1521, C4<0000000000000000000000000000000000000000000000000000000000000000000000000000000000000000000000000000000000000000000000000000000000000000000000000000000000000000000000000000000000000000000000000000000000000000000000000000000000000000000000000000000000000000>;
P_0x7f8909821dc0 .param/l "INIT_F" 0 2 1522, C4<0000000000000000000000000000000000000000000000000000000000000000000000000000000000000000000000000000000000000000000000000000000000000000000000000000000000000000000000000000000000000000000000000000000000000000000000000000000000000000000000000000000000000000>;
P_0x7f8909821e00 .param/str "INIT_FILE" 0 2 1524, "\000";
P_0x7f8909821e40 .param/l "READ_MODE" 0 2 1505, +C4<00000000000000000000000000000000>;
P_0x7f8909821e80 .param/l "WRITE_MODE" 0 2 1504, +C4<00000000000000000000000000000000>;
v0x7f890a927b00_0 .net "MASK", 15 0, o0x7f890a84f7d8;  alias, 0 drivers
v0x7f890a927b90_0 .net "RADDR", 10 0, o0x7f890a84f808;  alias, 0 drivers
v0x7f890a927c40_0 .net "RCLK", 0 0, o0x7f890a84f838;  alias, 0 drivers
v0x7f890a927cf0_0 .net "RCLKE", 0 0, o0x7f890a84f868;  alias, 0 drivers
v0x7f890a927d90_0 .net "RDATA", 15 0, L_0x7f890a93ef50;  alias, 1 drivers
v0x7f890a927e80_0 .var "RDATA_I", 15 0;
v0x7f890a927f30_0 .net "RE", 0 0, o0x7f890a84f8f8;  alias, 0 drivers
L_0x7f890a873b90 .functor BUFT 1, C4<0000000000000000>, C4<0>, C4<0>, C4<0>;
v0x7f890a927fd0_0 .net "RMASK_I", 15 0, L_0x7f890a873b90;  1 drivers
v0x7f890a928080_0 .net "WADDR", 10 0, o0x7f890a84f958;  alias, 0 drivers
v0x7f890a928190_0 .net "WCLK", 0 0, L_0x7f890a93f000;  1 drivers
v0x7f890a928230_0 .net "WCLKE", 0 0, o0x7f890a84f9b8;  alias, 0 drivers
v0x7f890a9282d0_0 .net "WDATA", 15 0, o0x7f890a84f9e8;  alias, 0 drivers
v0x7f890a928380_0 .net "WDATA_I", 15 0, L_0x7f890a93ee80;  1 drivers
v0x7f890a928430_0 .net "WE", 0 0, o0x7f890a84fa48;  alias, 0 drivers
v0x7f890a9284d0_0 .net "WMASK_I", 15 0, L_0x7f890a93edb0;  1 drivers
v0x7f890a928580_0 .var/i "i", 31 0;
v0x7f890a928630 .array "memory", 255 0, 15 0;
E_0x7f890a927380 .event posedge, v0x7f890a927c40_0;
E_0x7f890a9273e0 .event posedge, v0x7f890a928190_0;
S_0x7f890a927430 .scope generate, "genblk1" "genblk1" 2 1534, 2 1534 0, S_0x7f890a925ac0;
 .timescale -12 -12;
L_0x7f890a93edb0 .functor BUFZ 16, o0x7f890a84f7d8, C4<0000000000000000>, C4<0000000000000000>, C4<0000000000000000>;
S_0x7f890a927600 .scope generate, "genblk2" "genblk2" 2 1555, 2 1555 0, S_0x7f890a925ac0;
 .timescale -12 -12;
S_0x7f890a9277d0 .scope generate, "genblk3" "genblk3" 2 1576, 2 1576 0, S_0x7f890a925ac0;
 .timescale -12 -12;
L_0x7f890a93ee80 .functor BUFZ 16, o0x7f890a84f9e8, C4<0000000000000000>, C4<0000000000000000>, C4<0000000000000000>;
S_0x7f890a927940 .scope generate, "genblk4" "genblk4" 2 1595, 2 1595 0, S_0x7f890a925ac0;
 .timescale -12 -12;
L_0x7f890a93ef50 .functor BUFZ 16, v0x7f890a927e80_0, C4<0000000000000000>, C4<0000000000000000>, C4<0000000000000000>;
S_0x7f89094e9a60 .scope module, "SB_RGBA_DRV" "SB_RGBA_DRV" 2 2692;
 .timescale -12 -12;
    .port_info 0 /INPUT 1 "CURREN";
    .port_info 1 /INPUT 1 "RGBLEDEN";
    .port_info 2 /INPUT 1 "RGB0PWM";
    .port_info 3 /INPUT 1 "RGB1PWM";
    .port_info 4 /INPUT 1 "RGB2PWM";
    .port_info 5 /OUTPUT 1 "RGB0";
    .port_info 6 /OUTPUT 1 "RGB1";
    .port_info 7 /OUTPUT 1 "RGB2";
P_0x7f89094e9bd0 .param/str "CURRENT_MODE" 0 2 2702, "0b0";
P_0x7f89094e9c10 .param/str "RGB0_CURRENT" 0 2 2703, "0b000000";
P_0x7f89094e9c50 .param/str "RGB1_CURRENT" 0 2 2704, "0b000000";
P_0x7f89094e9c90 .param/str "RGB2_CURRENT" 0 2 2705, "0b000000";
o0x7f890a84ff28 .functor BUFZ 1, C4<z>; HiZ drive
v0x7f890a929080_0 .net "CURREN", 0 0, o0x7f890a84ff28;  0 drivers
o0x7f890a84ff58 .functor BUFZ 1, C4<z>; HiZ drive
v0x7f890a929130_0 .net "RGB0", 0 0, o0x7f890a84ff58;  0 drivers
o0x7f890a84ff88 .functor BUFZ 1, C4<z>; HiZ drive
v0x7f890a9291d0_0 .net "RGB0PWM", 0 0, o0x7f890a84ff88;  0 drivers
o0x7f890a84ffb8 .functor BUFZ 1, C4<z>; HiZ drive
v0x7f890a929260_0 .net "RGB1", 0 0, o0x7f890a84ffb8;  0 drivers
o0x7f890a84ffe8 .functor BUFZ 1, C4<z>; HiZ drive
v0x7f890a9292f0_0 .net "RGB1PWM", 0 0, o0x7f890a84ffe8;  0 drivers
o0x7f890a850018 .functor BUFZ 1, C4<z>; HiZ drive
v0x7f890a9293c0_0 .net "RGB2", 0 0, o0x7f890a850018;  0 drivers
o0x7f890a850048 .functor BUFZ 1, C4<z>; HiZ drive
v0x7f890a929450_0 .net "RGB2PWM", 0 0, o0x7f890a850048;  0 drivers
o0x7f890a850078 .functor BUFZ 1, C4<z>; HiZ drive
v0x7f890a9294e0_0 .net "RGBLEDEN", 0 0, o0x7f890a850078;  0 drivers
S_0x7f89094e9dd0 .scope module, "SB_RGB_DRV" "SB_RGB_DRV" 2 2716;
 .timescale -12 -12;
    .port_info 0 /INPUT 1 "RGBLEDEN";
    .port_info 1 /INPUT 1 "RGB0PWM";
    .port_info 2 /INPUT 1 "RGB1PWM";
    .port_info 3 /INPUT 1 "RGB2PWM";
    .port_info 4 /INPUT 1 "RGBPU";
    .port_info 5 /OUTPUT 1 "RGB0";
    .port_info 6 /OUTPUT 1 "RGB1";
    .port_info 7 /OUTPUT 1 "RGB2";
P_0x7f89094e9f40 .param/str "CURRENT_MODE" 0 2 2726, "0b0";
P_0x7f89094e9f80 .param/str "RGB0_CURRENT" 0 2 2727, "0b000000";
P_0x7f89094e9fc0 .param/str "RGB1_CURRENT" 0 2 2728, "0b000000";
P_0x7f89094ea000 .param/str "RGB2_CURRENT" 0 2 2729, "0b000000";
o0x7f890a850228 .functor BUFZ 1, C4<z>; HiZ drive
v0x7f890a929640_0 .net "RGB0", 0 0, o0x7f890a850228;  0 drivers
o0x7f890a850258 .functor BUFZ 1, C4<z>; HiZ drive
v0x7f890a9296d0_0 .net "RGB0PWM", 0 0, o0x7f890a850258;  0 drivers
o0x7f890a850288 .functor BUFZ 1, C4<z>; HiZ drive
v0x7f890a929770_0 .net "RGB1", 0 0, o0x7f890a850288;  0 drivers
o0x7f890a8502b8 .functor BUFZ 1, C4<z>; HiZ drive
v0x7f890a929800_0 .net "RGB1PWM", 0 0, o0x7f890a8502b8;  0 drivers
o0x7f890a8502e8 .functor BUFZ 1, C4<z>; HiZ drive
v0x7f890a929890_0 .net "RGB2", 0 0, o0x7f890a8502e8;  0 drivers
o0x7f890a850318 .functor BUFZ 1, C4<z>; HiZ drive
v0x7f890a929960_0 .net "RGB2PWM", 0 0, o0x7f890a850318;  0 drivers
o0x7f890a850348 .functor BUFZ 1, C4<z>; HiZ drive
v0x7f890a929a00_0 .net "RGBLEDEN", 0 0, o0x7f890a850348;  0 drivers
o0x7f890a850378 .functor BUFZ 1, C4<z>; HiZ drive
v0x7f890a929aa0_0 .net "RGBPU", 0 0, o0x7f890a850378;  0 drivers
S_0x7f89094ea140 .scope module, "SB_SPI" "SB_SPI" 2 2776;
 .timescale -12 -12;
    .port_info 0 /INPUT 1 "SBCLKI";
    .port_info 1 /INPUT 1 "SBRWI";
    .port_info 2 /INPUT 1 "SBSTBI";
    .port_info 3 /INPUT 1 "SBADRI7";
    .port_info 4 /INPUT 1 "SBADRI6";
    .port_info 5 /INPUT 1 "SBADRI5";
    .port_info 6 /INPUT 1 "SBADRI4";
    .port_info 7 /INPUT 1 "SBADRI3";
    .port_info 8 /INPUT 1 "SBADRI2";
    .port_info 9 /INPUT 1 "SBADRI1";
    .port_info 10 /INPUT 1 "SBADRI0";
    .port_info 11 /INPUT 1 "SBDATI7";
    .port_info 12 /INPUT 1 "SBDATI6";
    .port_info 13 /INPUT 1 "SBDATI5";
    .port_info 14 /INPUT 1 "SBDATI4";
    .port_info 15 /INPUT 1 "SBDATI3";
    .port_info 16 /INPUT 1 "SBDATI2";
    .port_info 17 /INPUT 1 "SBDATI1";
    .port_info 18 /INPUT 1 "SBDATI0";
    .port_info 19 /INPUT 1 "MI";
    .port_info 20 /INPUT 1 "SI";
    .port_info 21 /INPUT 1 "SCKI";
    .port_info 22 /INPUT 1 "SCSNI";
    .port_info 23 /OUTPUT 1 "SBDATO7";
    .port_info 24 /OUTPUT 1 "SBDATO6";
    .port_info 25 /OUTPUT 1 "SBDATO5";
    .port_info 26 /OUTPUT 1 "SBDATO4";
    .port_info 27 /OUTPUT 1 "SBDATO3";
    .port_info 28 /OUTPUT 1 "SBDATO2";
    .port_info 29 /OUTPUT 1 "SBDATO1";
    .port_info 30 /OUTPUT 1 "SBDATO0";
    .port_info 31 /OUTPUT 1 "SBACKO";
    .port_info 32 /OUTPUT 1 "SPIIRQ";
    .port_info 33 /OUTPUT 1 "SPIWKUP";
    .port_info 34 /OUTPUT 1 "SO";
    .port_info 35 /OUTPUT 1 "SOE";
    .port_info 36 /OUTPUT 1 "MO";
    .port_info 37 /OUTPUT 1 "MOE";
    .port_info 38 /OUTPUT 1 "SCKO";
    .port_info 39 /OUTPUT 1 "SCKOE";
    .port_info 40 /OUTPUT 1 "MCSNO3";
    .port_info 41 /OUTPUT 1 "MCSNO2";
    .port_info 42 /OUTPUT 1 "MCSNO1";
    .port_info 43 /OUTPUT 1 "MCSNO0";
    .port_info 44 /OUTPUT 1 "MCSNOE3";
    .port_info 45 /OUTPUT 1 "MCSNOE2";
    .port_info 46 /OUTPUT 1 "MCSNOE1";
    .port_info 47 /OUTPUT 1 "MCSNOE0";
P_0x7f89094147c0 .param/str "BUS_ADDR74" 0 2 2826, "0b0000";
o0x7f890a850528 .functor BUFZ 1, C4<z>; HiZ drive
v0x7f890a929c00_0 .net "MCSNO0", 0 0, o0x7f890a850528;  0 drivers
o0x7f890a850558 .functor BUFZ 1, C4<z>; HiZ drive
v0x7f890a929c90_0 .net "MCSNO1", 0 0, o0x7f890a850558;  0 drivers
o0x7f890a850588 .functor BUFZ 1, C4<z>; HiZ drive
v0x7f890a929d30_0 .net "MCSNO2", 0 0, o0x7f890a850588;  0 drivers
o0x7f890a8505b8 .functor BUFZ 1, C4<z>; HiZ drive
v0x7f890a929dc0_0 .net "MCSNO3", 0 0, o0x7f890a8505b8;  0 drivers
o0x7f890a8505e8 .functor BUFZ 1, C4<z>; HiZ drive
v0x7f890a929e50_0 .net "MCSNOE0", 0 0, o0x7f890a8505e8;  0 drivers
o0x7f890a850618 .functor BUFZ 1, C4<z>; HiZ drive
v0x7f890a929f20_0 .net "MCSNOE1", 0 0, o0x7f890a850618;  0 drivers
o0x7f890a850648 .functor BUFZ 1, C4<z>; HiZ drive
v0x7f890a929fc0_0 .net "MCSNOE2", 0 0, o0x7f890a850648;  0 drivers
o0x7f890a850678 .functor BUFZ 1, C4<z>; HiZ drive
v0x7f890a92a060_0 .net "MCSNOE3", 0 0, o0x7f890a850678;  0 drivers
o0x7f890a8506a8 .functor BUFZ 1, C4<z>; HiZ drive
v0x7f890a92a100_0 .net "MI", 0 0, o0x7f890a8506a8;  0 drivers
o0x7f890a8506d8 .functor BUFZ 1, C4<z>; HiZ drive
v0x7f890a92a210_0 .net "MO", 0 0, o0x7f890a8506d8;  0 drivers
o0x7f890a850708 .functor BUFZ 1, C4<z>; HiZ drive
v0x7f890a92a2a0_0 .net "MOE", 0 0, o0x7f890a850708;  0 drivers
o0x7f890a850738 .functor BUFZ 1, C4<z>; HiZ drive
v0x7f890a92a340_0 .net "SBACKO", 0 0, o0x7f890a850738;  0 drivers
o0x7f890a850768 .functor BUFZ 1, C4<z>; HiZ drive
v0x7f890a92a3e0_0 .net "SBADRI0", 0 0, o0x7f890a850768;  0 drivers
o0x7f890a850798 .functor BUFZ 1, C4<z>; HiZ drive
v0x7f890a92a480_0 .net "SBADRI1", 0 0, o0x7f890a850798;  0 drivers
o0x7f890a8507c8 .functor BUFZ 1, C4<z>; HiZ drive
v0x7f890a92a520_0 .net "SBADRI2", 0 0, o0x7f890a8507c8;  0 drivers
o0x7f890a8507f8 .functor BUFZ 1, C4<z>; HiZ drive
v0x7f890a92a5c0_0 .net "SBADRI3", 0 0, o0x7f890a8507f8;  0 drivers
o0x7f890a850828 .functor BUFZ 1, C4<z>; HiZ drive
v0x7f890a92a660_0 .net "SBADRI4", 0 0, o0x7f890a850828;  0 drivers
o0x7f890a850858 .functor BUFZ 1, C4<z>; HiZ drive
v0x7f890a92a7f0_0 .net "SBADRI5", 0 0, o0x7f890a850858;  0 drivers
o0x7f890a850888 .functor BUFZ 1, C4<z>; HiZ drive
v0x7f890a92a880_0 .net "SBADRI6", 0 0, o0x7f890a850888;  0 drivers
o0x7f890a8508b8 .functor BUFZ 1, C4<z>; HiZ drive
v0x7f890a92a910_0 .net "SBADRI7", 0 0, o0x7f890a8508b8;  0 drivers
o0x7f890a8508e8 .functor BUFZ 1, C4<z>; HiZ drive
v0x7f890a92a9a0_0 .net "SBCLKI", 0 0, o0x7f890a8508e8;  0 drivers
o0x7f890a850918 .functor BUFZ 1, C4<z>; HiZ drive
v0x7f890a92aa40_0 .net "SBDATI0", 0 0, o0x7f890a850918;  0 drivers
o0x7f890a850948 .functor BUFZ 1, C4<z>; HiZ drive
v0x7f890a92aae0_0 .net "SBDATI1", 0 0, o0x7f890a850948;  0 drivers
o0x7f890a850978 .functor BUFZ 1, C4<z>; HiZ drive
v0x7f890a92ab80_0 .net "SBDATI2", 0 0, o0x7f890a850978;  0 drivers
o0x7f890a8509a8 .functor BUFZ 1, C4<z>; HiZ drive
v0x7f890a92ac20_0 .net "SBDATI3", 0 0, o0x7f890a8509a8;  0 drivers
o0x7f890a8509d8 .functor BUFZ 1, C4<z>; HiZ drive
v0x7f890a92acc0_0 .net "SBDATI4", 0 0, o0x7f890a8509d8;  0 drivers
o0x7f890a850a08 .functor BUFZ 1, C4<z>; HiZ drive
v0x7f890a92ad60_0 .net "SBDATI5", 0 0, o0x7f890a850a08;  0 drivers
o0x7f890a850a38 .functor BUFZ 1, C4<z>; HiZ drive
v0x7f890a92ae00_0 .net "SBDATI6", 0 0, o0x7f890a850a38;  0 drivers
o0x7f890a850a68 .functor BUFZ 1, C4<z>; HiZ drive
v0x7f890a92aea0_0 .net "SBDATI7", 0 0, o0x7f890a850a68;  0 drivers
o0x7f890a850a98 .functor BUFZ 1, C4<z>; HiZ drive
v0x7f890a92af40_0 .net "SBDATO0", 0 0, o0x7f890a850a98;  0 drivers
o0x7f890a850ac8 .functor BUFZ 1, C4<z>; HiZ drive
v0x7f890a92afe0_0 .net "SBDATO1", 0 0, o0x7f890a850ac8;  0 drivers
o0x7f890a850af8 .functor BUFZ 1, C4<z>; HiZ drive
v0x7f890a92b080_0 .net "SBDATO2", 0 0, o0x7f890a850af8;  0 drivers
o0x7f890a850b28 .functor BUFZ 1, C4<z>; HiZ drive
v0x7f890a92b120_0 .net "SBDATO3", 0 0, o0x7f890a850b28;  0 drivers
o0x7f890a850b58 .functor BUFZ 1, C4<z>; HiZ drive
v0x7f890a92a700_0 .net "SBDATO4", 0 0, o0x7f890a850b58;  0 drivers
o0x7f890a850b88 .functor BUFZ 1, C4<z>; HiZ drive
v0x7f890a92b3b0_0 .net "SBDATO5", 0 0, o0x7f890a850b88;  0 drivers
o0x7f890a850bb8 .functor BUFZ 1, C4<z>; HiZ drive
v0x7f890a92b440_0 .net "SBDATO6", 0 0, o0x7f890a850bb8;  0 drivers
o0x7f890a850be8 .functor BUFZ 1, C4<z>; HiZ drive
v0x7f890a92b4d0_0 .net "SBDATO7", 0 0, o0x7f890a850be8;  0 drivers
o0x7f890a850c18 .functor BUFZ 1, C4<z>; HiZ drive
v0x7f890a92b560_0 .net "SBRWI", 0 0, o0x7f890a850c18;  0 drivers
o0x7f890a850c48 .functor BUFZ 1, C4<z>; HiZ drive
v0x7f890a92b5f0_0 .net "SBSTBI", 0 0, o0x7f890a850c48;  0 drivers
o0x7f890a850c78 .functor BUFZ 1, C4<z>; HiZ drive
v0x7f890a92b680_0 .net "SCKI", 0 0, o0x7f890a850c78;  0 drivers
o0x7f890a850ca8 .functor BUFZ 1, C4<z>; HiZ drive
v0x7f890a92b720_0 .net "SCKO", 0 0, o0x7f890a850ca8;  0 drivers
o0x7f890a850cd8 .functor BUFZ 1, C4<z>; HiZ drive
v0x7f890a92b7c0_0 .net "SCKOE", 0 0, o0x7f890a850cd8;  0 drivers
o0x7f890a850d08 .functor BUFZ 1, C4<z>; HiZ drive
v0x7f890a92b860_0 .net "SCSNI", 0 0, o0x7f890a850d08;  0 drivers
o0x7f890a850d38 .functor BUFZ 1, C4<z>; HiZ drive
v0x7f890a92b900_0 .net "SI", 0 0, o0x7f890a850d38;  0 drivers
o0x7f890a850d68 .functor BUFZ 1, C4<z>; HiZ drive
v0x7f890a92b9a0_0 .net "SO", 0 0, o0x7f890a850d68;  0 drivers
o0x7f890a850d98 .functor BUFZ 1, C4<z>; HiZ drive
v0x7f890a92ba40_0 .net "SOE", 0 0, o0x7f890a850d98;  0 drivers
o0x7f890a850dc8 .functor BUFZ 1, C4<z>; HiZ drive
v0x7f890a92bae0_0 .net "SPIIRQ", 0 0, o0x7f890a850dc8;  0 drivers
o0x7f890a850df8 .functor BUFZ 1, C4<z>; HiZ drive
v0x7f890a92bb80_0 .net "SPIWKUP", 0 0, o0x7f890a850df8;  0 drivers
S_0x7f89094ea430 .scope module, "SB_SPRAM256KA" "SB_SPRAM256KA" 2 2600;
 .timescale -12 -12;
    .port_info 0 /INPUT 14 "ADDRESS";
    .port_info 1 /INPUT 16 "DATAIN";
    .port_info 2 /INPUT 4 "MASKWREN";
    .port_info 3 /INPUT 1 "WREN";
    .port_info 4 /INPUT 1 "CHIPSELECT";
    .port_info 5 /INPUT 1 "CLOCK";
    .port_info 6 /INPUT 1 "STANDBY";
    .port_info 7 /INPUT 1 "SLEEP";
    .port_info 8 /INPUT 1 "POWEROFF";
    .port_info 9 /OUTPUT 16 "DATAOUT";
o0x7f890a851878 .functor BUFZ 1, C4<z>; HiZ drive
L_0x7f890a93f170 .functor OR 1, o0x7f890a851878, L_0x7f890a93f090, C4<0>, C4<0>;
o0x7f890a851728 .functor BUFZ 14, C4<zzzzzzzzzzzzzz>; HiZ drive
v0x7f89094ea360_0 .net "ADDRESS", 13 0, o0x7f890a851728;  0 drivers
o0x7f890a851758 .functor BUFZ 1, C4<z>; HiZ drive
v0x7f890a92c0a0_0 .net "CHIPSELECT", 0 0, o0x7f890a851758;  0 drivers
o0x7f890a851788 .functor BUFZ 1, C4<z>; HiZ drive
v0x7f890a92c130_0 .net "CLOCK", 0 0, o0x7f890a851788;  0 drivers
o0x7f890a8517b8 .functor BUFZ 16, C4<zzzzzzzzzzzzzzzz>; HiZ drive
v0x7f890a92c1c0_0 .net "DATAIN", 15 0, o0x7f890a8517b8;  0 drivers
v0x7f890a92c250_0 .var "DATAOUT", 15 0;
o0x7f890a851818 .functor BUFZ 4, C4<zzzz>; HiZ drive
v0x7f890a92c300_0 .net "MASKWREN", 3 0, o0x7f890a851818;  0 drivers
o0x7f890a851848 .functor BUFZ 1, C4<z>; HiZ drive
v0x7f890a92c3b0_0 .net "POWEROFF", 0 0, o0x7f890a851848;  0 drivers
v0x7f890a92c450_0 .net "SLEEP", 0 0, o0x7f890a851878;  0 drivers
o0x7f890a8518a8 .functor BUFZ 1, C4<z>; HiZ drive
v0x7f890a92c4f0_0 .net "STANDBY", 0 0, o0x7f890a8518a8;  0 drivers
o0x7f890a8518d8 .functor BUFZ 1, C4<z>; HiZ drive
v0x7f890a92c600_0 .net "WREN", 0 0, o0x7f890a8518d8;  0 drivers
v0x7f890a92c690_0 .net *"_ivl_1", 0 0, L_0x7f890a93f090;  1 drivers
v0x7f890a92c730_0 .var/i "i", 31 0;
v0x7f890a92c7e0 .array "mem", 16383 0, 15 0;
v0x7f890a92c880_0 .net "off", 0 0, L_0x7f890a93f170;  1 drivers
E_0x7f89094ea2b0 .event posedge, v0x7f890a92c880_0, v0x7f890a92c130_0;
E_0x7f89094ea310 .event negedge, v0x7f890a92c3b0_0;
L_0x7f890a93f090 .reduce/nor o0x7f890a851848;
S_0x7f89094ea6e0 .scope module, "SB_WARMBOOT" "SB_WARMBOOT" 2 2593;
 .timescale -12 -12;
    .port_info 0 /INPUT 1 "BOOT";
    .port_info 1 /INPUT 1 "S1";
    .port_info 2 /INPUT 1 "S0";
o0x7f890a851b78 .functor BUFZ 1, C4<z>; HiZ drive
v0x7f890a92ca10_0 .net "BOOT", 0 0, o0x7f890a851b78;  0 drivers
o0x7f890a851ba8 .functor BUFZ 1, C4<z>; HiZ drive
v0x7f890a92caa0_0 .net "S0", 0 0, o0x7f890a851ba8;  0 drivers
o0x7f890a851bd8 .functor BUFZ 1, C4<z>; HiZ drive
v0x7f890a92cb30_0 .net "S1", 0 0, o0x7f890a851bd8;  0 drivers
S_0x7f89094ea850 .scope module, "counter" "counter" 3 1;
 .timescale -12 -12;
    .port_info 0 /INPUT 1 "go";
    .port_info 1 /INPUT 1 "rst_btn";
    .port_info 2 /INPUT 1 "clk";
    .port_info 3 /OUTPUT 5 "led";
P_0x7f890949d110 .param/l "STATE_IDLE" 1 3 13, +C4<00000000000000000000000000000000>;
P_0x7f890949d150 .param/l "STATE_SWITCH" 1 3 14, +C4<00000000000000000000000000000001>;
L_0x7f890a873bd8 .functor BUFT 1, C4<1>, C4<0>, C4<0>, C4<0>;
L_0x7f890a93f360 .functor XNOR 1, L_0x7f890a93f280, L_0x7f890a873bd8, C4<0>, C4<0>;
L_0x7f890a93f700 .functor OR 1, L_0x7f890a93f360, L_0x7f890a93f5e0, C4<0>, C4<0>;
L_0x7f890a873cb0 .functor BUFT 1, C4<1>, C4<0>, C4<0>, C4<0>;
L_0x7f890a93f830 .functor XNOR 1, L_0x7f890a93f280, L_0x7f890a873cb0, C4<0>, C4<0>;
L_0x7f890a93fb80 .functor OR 1, L_0x7f890a93f830, L_0x7f890a93fa40, C4<0>, C4<0>;
L_0x7f890a873c68 .functor BUFT 1, C4<00000000000000000000000000000001>, C4<0>, C4<0>, C4<0>;
v0x7f890a92ddf0_0 .net/2u *"_ivl_10", 31 0, L_0x7f890a873c68;  1 drivers
v0x7f890a92deb0_0 .net *"_ivl_12", 0 0, L_0x7f890a93f5e0;  1 drivers
v0x7f890a92df50_0 .net/2u *"_ivl_16", 0 0, L_0x7f890a873cb0;  1 drivers
v0x7f890a92dff0_0 .net *"_ivl_18", 0 0, L_0x7f890a93f830;  1 drivers
v0x7f890a92e090_0 .net/2u *"_ivl_2", 0 0, L_0x7f890a873bd8;  1 drivers
v0x7f890a92e180_0 .net *"_ivl_20", 31 0, L_0x7f890a93f8e0;  1 drivers
L_0x7f890a873cf8 .functor BUFT 1, C4<0000000000000000000000000000000>, C4<0>, C4<0>, C4<0>;
v0x7f890a92e230_0 .net *"_ivl_23", 30 0, L_0x7f890a873cf8;  1 drivers
L_0x7f890a873d40 .functor BUFT 1, C4<00000000000000000000000000000000>, C4<0>, C4<0>, C4<0>;
v0x7f890a92e2e0_0 .net/2u *"_ivl_24", 31 0, L_0x7f890a873d40;  1 drivers
v0x7f890a92e390_0 .net *"_ivl_26", 0 0, L_0x7f890a93fa40;  1 drivers
v0x7f890a92e4a0_0 .net *"_ivl_4", 0 0, L_0x7f890a93f360;  1 drivers
v0x7f890a92e530_0 .net *"_ivl_6", 31 0, L_0x7f890a93f490;  1 drivers
L_0x7f890a873c20 .functor BUFT 1, C4<0000000000000000000000000000000>, C4<0>, C4<0>, C4<0>;
v0x7f890a92e5e0_0 .net *"_ivl_9", 30 0, L_0x7f890a873c20;  1 drivers
o0x7f890a851c98 .functor BUFZ 1, C4<z>; HiZ drive
v0x7f890a92e690_0 .net "clk", 0 0, o0x7f890a851c98;  0 drivers
o0x7f890a852268 .functor BUFZ 1, C4<z>; HiZ drive
v0x7f890a92e720_0 .net "go", 0 0, o0x7f890a852268;  0 drivers
v0x7f890a92e7c0_0 .var "led", 4 0;
v0x7f890a92e870_0 .net "out_down", 4 0, v0x7f890a92d320_0;  1 drivers
v0x7f890a92e910_0 .net "out_up", 4 0, v0x7f890a92dbc0_0;  1 drivers
v0x7f890a92eac0_0 .net "rst", 0 0, L_0x7f890a93f280;  1 drivers
o0x7f890a8522f8 .functor BUFZ 1, C4<z>; HiZ drive
v0x7f890a92eb50_0 .net "rst_btn", 0 0, o0x7f890a8522f8;  0 drivers
v0x7f890a92ebe0_0 .net "rst_down", 0 0, L_0x7f890a93fb80;  1 drivers
v0x7f890a92ec70_0 .net "rst_up", 0 0, L_0x7f890a93f700;  1 drivers
v0x7f890a92ed00_0 .net "sig_down", 0 0, v0x7f890a92d480_0;  1 drivers
v0x7f890a92ed90_0 .net "sig_up", 0 0, v0x7f890a92dd20_0;  1 drivers
v0x7f890a92ee40_0 .var "state", 0 0;
E_0x7f890a92cbd0 .event posedge, v0x7f890a92eac0_0, v0x7f890a92e720_0;
E_0x7f890a92cc30 .event anyedge, v0x7f890a92ee40_0, v0x7f890a92dbc0_0, v0x7f890a92d320_0;
L_0x7f890a93f280 .reduce/nor o0x7f890a8522f8;
L_0x7f890a93f490 .concat [ 1 31 0 0], v0x7f890a92ee40_0, L_0x7f890a873c20;
L_0x7f890a93f5e0 .cmp/eq 32, L_0x7f890a93f490, L_0x7f890a873c68;
L_0x7f890a93f8e0 .concat [ 1 31 0 0], v0x7f890a92ee40_0, L_0x7f890a873cf8;
L_0x7f890a93fa40 .cmp/eq 32, L_0x7f890a93f8e0, L_0x7f890a873d40;
S_0x7f890a92cc70 .scope module, "down" "button_down" 3 42, 4 1 0, S_0x7f89094ea850;
 .timescale -12 -12;
    .port_info 0 /INPUT 1 "rst";
    .port_info 1 /INPUT 1 "clk";
    .port_info 2 /OUTPUT 5 "out";
    .port_info 3 /OUTPUT 1 "state";
P_0x7f890a92ce40 .param/l "LED_MIN" 1 4 13, +C4<00000000000000000000000000000000>;
P_0x7f890a92ce80 .param/l "MAX_COUNT" 1 4 12, C4<0000101101110001101100000>;
v0x7f890a92d140_0 .net "clk", 0 0, o0x7f890a851c98;  alias, 0 drivers
v0x7f890a92d1f0_0 .var "count", 24 0;
v0x7f890a92d290_0 .var "div_clk", 0 0;
v0x7f890a92d320_0 .var "out", 4 0;
v0x7f890a92d3b0_0 .net "rst", 0 0, L_0x7f890a93fb80;  alias, 1 drivers
v0x7f890a92d480_0 .var "state", 0 0;
E_0x7f890a92cf20 .event posedge, v0x7f890a92d3b0_0, v0x7f890a92d290_0;
E_0x7f890a92d0f0 .event posedge, v0x7f890a92d3b0_0, v0x7f890a92d140_0;
S_0x7f890a92d550 .scope module, "up" "button_up" 3 36, 5 1 0, S_0x7f89094ea850;
 .timescale -12 -12;
    .port_info 0 /INPUT 1 "rst";
    .port_info 1 /INPUT 1 "clk";
    .port_info 2 /OUTPUT 1 "state";
    .port_info 3 /OUTPUT 5 "out";
P_0x7f890a92d720 .param/l "LED_MAX" 1 5 13, C4<01111>;
P_0x7f890a92d760 .param/l "MAX_COUNT" 1 5 12, C4<0000101101110001101100000>;
v0x7f890a92d9e0_0 .net "clk", 0 0, o0x7f890a851c98;  alias, 0 drivers
v0x7f890a92daa0_0 .var "count", 24 0;
v0x7f890a92db30_0 .var "div_clk", 0 0;
v0x7f890a92dbc0_0 .var "out", 4 0;
v0x7f890a92dc50_0 .net "rst", 0 0, L_0x7f890a93f700;  alias, 1 drivers
v0x7f890a92dd20_0 .var "state", 0 0;
E_0x7f890a92d930 .event posedge, v0x7f890a92dc50_0, v0x7f890a92db30_0;
E_0x7f890a92d990 .event posedge, v0x7f890a92dc50_0, v0x7f890a92d140_0;
S_0x7f89094eaa40 .scope module, "lol" "lol" 6 1;
 .timescale -12 -12;
    .port_info 0 /INPUT 1 "go";
    .port_info 1 /INPUT 1 "rst_btn";
    .port_info 2 /INPUT 1 "clk";
    .port_info 3 /OUTPUT 5 "led";
P_0x7f89094eabb0 .param/l "STATE_IDLE" 1 6 12, +C4<00000000000000000000000000000000>;
P_0x7f89094eabf0 .param/l "STATE_SWITCH" 1 6 13, +C4<00000000000000000000000000000001>;
o0x7f890a852a78 .functor BUFZ 1, C4<z>; HiZ drive
L_0x7f890a93fcb0 .functor NOT 1, o0x7f890a852a78, C4<0>, C4<0>, C4<0>;
L_0x7f890a873d88 .functor BUFT 1, C4<1>, C4<0>, C4<0>, C4<0>;
L_0x7f890a93fd20 .functor XNOR 1, L_0x7f890a93fcb0, L_0x7f890a873d88, C4<0>, C4<0>;
L_0x7f890a940070 .functor OR 1, L_0x7f890a93fd20, L_0x7f890a93ff30, C4<0>, C4<0>;
L_0x7f890a873e60 .functor BUFT 1, C4<1>, C4<0>, C4<0>, C4<0>;
L_0x7f890a9401a0 .functor XNOR 1, L_0x7f890a93fcb0, L_0x7f890a873e60, C4<0>, C4<0>;
L_0x7f890a9404f0 .functor OR 1, L_0x7f890a9401a0, L_0x7f890a9403b0, C4<0>, C4<0>;
L_0x7f890a873e18 .functor BUFT 1, C4<00000000000000000000000000000001>, C4<0>, C4<0>, C4<0>;
v0x7f890a930110_0 .net/2u *"_ivl_10", 31 0, L_0x7f890a873e18;  1 drivers
v0x7f890a9301d0_0 .net *"_ivl_12", 0 0, L_0x7f890a93ff30;  1 drivers
v0x7f890a930270_0 .net/2u *"_ivl_16", 0 0, L_0x7f890a873e60;  1 drivers
v0x7f890a930310_0 .net *"_ivl_18", 0 0, L_0x7f890a9401a0;  1 drivers
v0x7f890a9303b0_0 .net/2u *"_ivl_2", 0 0, L_0x7f890a873d88;  1 drivers
v0x7f890a9304a0_0 .net *"_ivl_20", 31 0, L_0x7f890a940250;  1 drivers
L_0x7f890a873ea8 .functor BUFT 1, C4<0000000000000000000000000000000>, C4<0>, C4<0>, C4<0>;
v0x7f890a930550_0 .net *"_ivl_23", 30 0, L_0x7f890a873ea8;  1 drivers
L_0x7f890a873ef0 .functor BUFT 1, C4<00000000000000000000000000000000>, C4<0>, C4<0>, C4<0>;
v0x7f890a930600_0 .net/2u *"_ivl_24", 31 0, L_0x7f890a873ef0;  1 drivers
v0x7f890a9306b0_0 .net *"_ivl_26", 0 0, L_0x7f890a9403b0;  1 drivers
v0x7f890a9307c0_0 .net *"_ivl_4", 0 0, L_0x7f890a93fd20;  1 drivers
v0x7f890a930850_0 .net *"_ivl_6", 31 0, L_0x7f890a93fe10;  1 drivers
L_0x7f890a873dd0 .functor BUFT 1, C4<0000000000000000000000000000000>, C4<0>, C4<0>, C4<0>;
v0x7f890a930900_0 .net *"_ivl_9", 30 0, L_0x7f890a873dd0;  1 drivers
o0x7f890a852418 .functor BUFZ 1, C4<z>; HiZ drive
v0x7f890a9309b0_0 .net "clk", 0 0, o0x7f890a852418;  0 drivers
o0x7f890a8529e8 .functor BUFZ 1, C4<z>; HiZ drive
v0x7f890a930a40_0 .net "go", 0 0, o0x7f890a8529e8;  0 drivers
v0x7f890a930ae0_0 .var "led", 4 0;
v0x7f890a930b90_0 .net "out_down", 4 0, v0x7f890a92f640_0;  1 drivers
v0x7f890a930c30_0 .net "out_up", 4 0, v0x7f890a92fee0_0;  1 drivers
v0x7f890a930de0_0 .net "rst", 0 0, L_0x7f890a93fcb0;  1 drivers
v0x7f890a930e70_0 .net "rst_btn", 0 0, o0x7f890a852a78;  0 drivers
v0x7f890a930f00_0 .net "rst_down", 0 0, L_0x7f890a9404f0;  1 drivers
v0x7f890a930f90_0 .net "rst_up", 0 0, L_0x7f890a940070;  1 drivers
v0x7f890a931020_0 .net "sig_down", 0 0, v0x7f890a92f7a0_0;  1 drivers
v0x7f890a9310b0_0 .net "sig_up", 0 0, v0x7f890a930040_0;  1 drivers
v0x7f890a931160_0 .var "state", 0 0;
E_0x7f890a92eef0 .event posedge, v0x7f890a930de0_0, v0x7f890a92f460_0;
E_0x7f890a92ef50 .event anyedge, v0x7f890a931160_0, v0x7f890a92fee0_0, v0x7f890a92f640_0;
L_0x7f890a93fe10 .concat [ 1 31 0 0], v0x7f890a931160_0, L_0x7f890a873dd0;
L_0x7f890a93ff30 .cmp/eq 32, L_0x7f890a93fe10, L_0x7f890a873e18;
L_0x7f890a940250 .concat [ 1 31 0 0], v0x7f890a931160_0, L_0x7f890a873ea8;
L_0x7f890a9403b0 .cmp/eq 32, L_0x7f890a940250, L_0x7f890a873ef0;
S_0x7f890a92ef90 .scope module, "down_inst" "button_down" 6 44, 4 1 0, S_0x7f89094eaa40;
 .timescale -12 -12;
    .port_info 0 /INPUT 1 "rst";
    .port_info 1 /INPUT 1 "clk";
    .port_info 2 /OUTPUT 5 "out";
    .port_info 3 /OUTPUT 1 "state";
P_0x7f890a92f160 .param/l "LED_MIN" 1 4 13, +C4<00000000000000000000000000000000>;
P_0x7f890a92f1a0 .param/l "MAX_COUNT" 1 4 12, C4<0000101101110001101100000>;
v0x7f890a92f460_0 .net "clk", 0 0, o0x7f890a852418;  alias, 0 drivers
v0x7f890a92f510_0 .var "count", 24 0;
v0x7f890a92f5b0_0 .var "div_clk", 0 0;
v0x7f890a92f640_0 .var "out", 4 0;
v0x7f890a92f6d0_0 .net "rst", 0 0, L_0x7f890a9404f0;  alias, 1 drivers
v0x7f890a92f7a0_0 .var "state", 0 0;
E_0x7f890a92f240 .event posedge, v0x7f890a92f6d0_0, v0x7f890a92f5b0_0;
E_0x7f890a92f410 .event posedge, v0x7f890a92f6d0_0, v0x7f890a92f460_0;
S_0x7f890a92f870 .scope module, "up_inst" "button_up" 6 37, 5 1 0, S_0x7f89094eaa40;
 .timescale -12 -12;
    .port_info 0 /INPUT 1 "rst";
    .port_info 1 /INPUT 1 "clk";
    .port_info 2 /OUTPUT 1 "state";
    .port_info 3 /OUTPUT 5 "out";
P_0x7f890a92fa40 .param/l "LED_MAX" 1 5 13, C4<01111>;
P_0x7f890a92fa80 .param/l "MAX_COUNT" 1 5 12, C4<0000101101110001101100000>;
v0x7f890a92fd00_0 .net "clk", 0 0, o0x7f890a852418;  alias, 0 drivers
v0x7f890a92fdc0_0 .var "count", 24 0;
v0x7f890a92fe50_0 .var "div_clk", 0 0;
v0x7f890a92fee0_0 .var "out", 4 0;
v0x7f890a92ff70_0 .net "rst", 0 0, L_0x7f890a940070;  alias, 1 drivers
v0x7f890a930040_0 .var "state", 0 0;
E_0x7f890a92fc50 .event posedge, v0x7f890a92ff70_0, v0x7f890a92fe50_0;
E_0x7f890a92fcb0 .event posedge, v0x7f890a92ff70_0, v0x7f890a92f460_0;
    .scope S_0x7f89094aac80;
T_2 ;
    %pushi/vec4 0, 0, 1;
    %store/vec4 v0x7f89094fb260_0, 0, 1;
    %pushi/vec4 0, 0, 1;
    %store/vec4 v0x7f89094fb300_0, 0, 1;
    %end;
    .thread T_2;
    .scope S_0x7f89094aac80;
T_3 ;
    %wait E_0x7f89094ead70;
    %load/vec4 v0x7f89094f9090_0;
    %flag_set/vec4 8;
    %jmp/0xz  T_3.0, 8;
    %load/vec4 v0x7f89094f9a80_0;
    %flag_set/vec4 8;
    %jmp/0 T_3.2, 8;
    %pushi/vec4 0, 0, 1;
    %jmp/1 T_3.3, 8;
T_3.2 ; End of true expr.
    %load/vec4 v0x7f89094faf10_0;
    %jmp/0 T_3.3, 8;
 ; End of false expr.
    %blend;
T_3.3;
    %assign/vec4 v0x7f89094fb260_0, 0;
T_3.0 ;
    %jmp T_3;
    .thread T_3;
    .scope S_0x7f89094aac80;
T_4 ;
    %wait E_0x7f89094ead30;
    %load/vec4 v0x7f89094f9a80_0;
    %flag_set/vec4 8;
    %jmp/0xz  T_4.0, 8;
    %pushi/vec4 0, 0, 1;
    %assign/vec4 v0x7f89094fb300_0, 0;
    %jmp T_4.1;
T_4.0 ;
    %load/vec4 v0x7f89094f9090_0;
    %flag_set/vec4 8;
    %jmp/0xz  T_4.2, 8;
    %load/vec4 v0x7f89094faf10_0;
    %assign/vec4 v0x7f89094fb300_0, 0;
T_4.2 ;
T_4.1 ;
    %jmp T_4;
    .thread T_4;
    .scope S_0x7f89094fb550;
T_5 ;
    %pushi/vec4 0, 0, 32;
    %store/vec4 v0x7f89094fdf90_0, 0, 32;
T_5.0 ; Top of for-loop 
    %load/vec4 v0x7f89094fdf90_0;
    %cmpi/s 16, 0, 32;
    %jmp/0xz T_5.1, 5;
    %pushi/vec4 0, 0, 256;
    %load/vec4 v0x7f89094fdf90_0;
    %muli 16, 0, 32;
    %part/s 16;
    %pushi/vec4 0, 0, 32;
    %load/vec4 v0x7f89094fdf90_0;
    %add;
    %ix/vec4/s 4;
    %store/vec4a v0x7f89094fe040, 4, 0;
    %pushi/vec4 0, 0, 256;
    %load/vec4 v0x7f89094fdf90_0;
    %muli 16, 0, 32;
    %part/s 16;
    %pushi/vec4 16, 0, 32;
    %load/vec4 v0x7f89094fdf90_0;
    %add;
    %ix/vec4/s 4;
    %store/vec4a v0x7f89094fe040, 4, 0;
    %pushi/vec4 0, 0, 256;
    %load/vec4 v0x7f89094fdf90_0;
    %muli 16, 0, 32;
    %part/s 16;
    %pushi/vec4 32, 0, 32;
    %load/vec4 v0x7f89094fdf90_0;
    %add;
    %ix/vec4/s 4;
    %store/vec4a v0x7f89094fe040, 4, 0;
    %pushi/vec4 0, 0, 256;
    %load/vec4 v0x7f89094fdf90_0;
    %muli 16, 0, 32;
    %part/s 16;
    %pushi/vec4 48, 0, 32;
    %load/vec4 v0x7f89094fdf90_0;
    %add;
    %ix/vec4/s 4;
    %store/vec4a v0x7f89094fe040, 4, 0;
    %pushi/vec4 0, 0, 256;
    %load/vec4 v0x7f89094fdf90_0;
    %muli 16, 0, 32;
    %part/s 16;
    %pushi/vec4 64, 0, 32;
    %load/vec4 v0x7f89094fdf90_0;
    %add;
    %ix/vec4/s 4;
    %store/vec4a v0x7f89094fe040, 4, 0;
    %pushi/vec4 0, 0, 256;
    %load/vec4 v0x7f89094fdf90_0;
    %muli 16, 0, 32;
    %part/s 16;
    %pushi/vec4 80, 0, 32;
    %load/vec4 v0x7f89094fdf90_0;
    %add;
    %ix/vec4/s 4;
    %store/vec4a v0x7f89094fe040, 4, 0;
    %pushi/vec4 0, 0, 256;
    %load/vec4 v0x7f89094fdf90_0;
    %muli 16, 0, 32;
    %part/s 16;
    %pushi/vec4 96, 0, 32;
    %load/vec4 v0x7f89094fdf90_0;
    %add;
    %ix/vec4/s 4;
    %store/vec4a v0x7f89094fe040, 4, 0;
    %pushi/vec4 0, 0, 256;
    %load/vec4 v0x7f89094fdf90_0;
    %muli 16, 0, 32;
    %part/s 16;
    %pushi/vec4 112, 0, 32;
    %load/vec4 v0x7f89094fdf90_0;
    %add;
    %ix/vec4/s 4;
    %store/vec4a v0x7f89094fe040, 4, 0;
    %pushi/vec4 0, 0, 256;
    %load/vec4 v0x7f89094fdf90_0;
    %muli 16, 0, 32;
    %part/s 16;
    %pushi/vec4 128, 0, 32;
    %load/vec4 v0x7f89094fdf90_0;
    %add;
    %ix/vec4/s 4;
    %store/vec4a v0x7f89094fe040, 4, 0;
    %pushi/vec4 0, 0, 256;
    %load/vec4 v0x7f89094fdf90_0;
    %muli 16, 0, 32;
    %part/s 16;
    %pushi/vec4 144, 0, 32;
    %load/vec4 v0x7f89094fdf90_0;
    %add;
    %ix/vec4/s 4;
    %store/vec4a v0x7f89094fe040, 4, 0;
    %pushi/vec4 0, 0, 256;
    %load/vec4 v0x7f89094fdf90_0;
    %muli 16, 0, 32;
    %part/s 16;
    %pushi/vec4 160, 0, 32;
    %load/vec4 v0x7f89094fdf90_0;
    %add;
    %ix/vec4/s 4;
    %store/vec4a v0x7f89094fe040, 4, 0;
    %pushi/vec4 0, 0, 256;
    %load/vec4 v0x7f89094fdf90_0;
    %muli 16, 0, 32;
    %part/s 16;
    %pushi/vec4 176, 0, 32;
    %load/vec4 v0x7f89094fdf90_0;
    %add;
    %ix/vec4/s 4;
    %store/vec4a v0x7f89094fe040, 4, 0;
    %pushi/vec4 0, 0, 256;
    %load/vec4 v0x7f89094fdf90_0;
    %muli 16, 0, 32;
    %part/s 16;
    %pushi/vec4 192, 0, 32;
    %load/vec4 v0x7f89094fdf90_0;
    %add;
    %ix/vec4/s 4;
    %store/vec4a v0x7f89094fe040, 4, 0;
    %pushi/vec4 0, 0, 256;
    %load/vec4 v0x7f89094fdf90_0;
    %muli 16, 0, 32;
    %part/s 16;
    %pushi/vec4 208, 0, 32;
    %load/vec4 v0x7f89094fdf90_0;
    %add;
    %ix/vec4/s 4;
    %store/vec4a v0x7f89094fe040, 4, 0;
    %pushi/vec4 0, 0, 256;
    %load/vec4 v0x7f89094fdf90_0;
    %muli 16, 0, 32;
    %part/s 16;
    %pushi/vec4 224, 0, 32;
    %load/vec4 v0x7f89094fdf90_0;
    %add;
    %ix/vec4/s 4;
    %store/vec4a v0x7f89094fe040, 4, 0;
    %pushi/vec4 0, 0, 256;
    %load/vec4 v0x7f89094fdf90_0;
    %muli 16, 0, 32;
    %part/s 16;
    %pushi/vec4 240, 0, 32;
    %load/vec4 v0x7f89094fdf90_0;
    %add;
    %ix/vec4/s 4;
    %store/vec4a v0x7f89094fe040, 4, 0;
T_5.2 ; for-loop step statement
    %load/vec4 v0x7f89094fdf90_0;
    %addi 1, 0, 32;
    %store/vec4 v0x7f89094fdf90_0, 0, 32;
    %jmp T_5.0;
T_5.1 ; for-loop exit label
    %end;
    .thread T_5;
    .scope S_0x7f89094fb550;
T_6 ;
    %wait E_0x7f89094fcdf0;
    %load/vec4 v0x7f89094fde40_0;
    %flag_set/vec4 9;
    %flag_get/vec4 9;
    %jmp/0 T_6.2, 9;
    %load/vec4 v0x7f89094fdc40_0;
    %and;
T_6.2;
    %flag_set/vec4 8;
    %jmp/0xz  T_6.0, 8;
    %load/vec4 v0x7f89094fdee0_0;
    %parti/s 1, 0, 2;
    %nor/r;
    %flag_set/vec4 8;
    %jmp/0xz  T_6.3, 8;
    %load/vec4 v0x7f89094fdd90_0;
    %parti/s 1, 0, 2;
    %load/vec4 v0x7f89094fda90_0;
    %parti/s 8, 0, 2;
    %pad/u 10;
    %ix/vec4 3;
    %ix/load 4, 0, 0; Constant delay
    %assign/vec4/a/d v0x7f89094fe040, 0, 4;
T_6.3 ;
    %load/vec4 v0x7f89094fdee0_0;
    %parti/s 1, 1, 2;
    %nor/r;
    %flag_set/vec4 8;
    %jmp/0xz  T_6.5, 8;
    %load/vec4 v0x7f89094fdd90_0;
    %parti/s 1, 1, 2;
    %load/vec4 v0x7f89094fda90_0;
    %parti/s 8, 0, 2;
    %pad/u 10;
    %ix/vec4 3;
    %ix/load 4, 1, 0; part off
    %ix/load 5, 0, 0; Constant delay
    %assign/vec4/a/d v0x7f89094fe040, 4, 5;
T_6.5 ;
    %load/vec4 v0x7f89094fdee0_0;
    %parti/s 1, 2, 3;
    %nor/r;
    %flag_set/vec4 8;
    %jmp/0xz  T_6.7, 8;
    %load/vec4 v0x7f89094fdd90_0;
    %parti/s 1, 2, 3;
    %load/vec4 v0x7f89094fda90_0;
    %parti/s 8, 0, 2;
    %pad/u 10;
    %ix/vec4 3;
    %ix/load 4, 2, 0; part off
    %ix/load 5, 0, 0; Constant delay
    %assign/vec4/a/d v0x7f89094fe040, 4, 5;
T_6.7 ;
    %load/vec4 v0x7f89094fdee0_0;
    %parti/s 1, 3, 3;
    %nor/r;
    %flag_set/vec4 8;
    %jmp/0xz  T_6.9, 8;
    %load/vec4 v0x7f89094fdd90_0;
    %parti/s 1, 3, 3;
    %load/vec4 v0x7f89094fda90_0;
    %parti/s 8, 0, 2;
    %pad/u 10;
    %ix/vec4 3;
    %ix/load 4, 3, 0; part off
    %ix/load 5, 0, 0; Constant delay
    %assign/vec4/a/d v0x7f89094fe040, 4, 5;
T_6.9 ;
    %load/vec4 v0x7f89094fdee0_0;
    %parti/s 1, 4, 4;
    %nor/r;
    %flag_set/vec4 8;
    %jmp/0xz  T_6.11, 8;
    %load/vec4 v0x7f89094fdd90_0;
    %parti/s 1, 4, 4;
    %load/vec4 v0x7f89094fda90_0;
    %parti/s 8, 0, 2;
    %pad/u 10;
    %ix/vec4 3;
    %ix/load 4, 4, 0; part off
    %ix/load 5, 0, 0; Constant delay
    %assign/vec4/a/d v0x7f89094fe040, 4, 5;
T_6.11 ;
    %load/vec4 v0x7f89094fdee0_0;
    %parti/s 1, 5, 4;
    %nor/r;
    %flag_set/vec4 8;
    %jmp/0xz  T_6.13, 8;
    %load/vec4 v0x7f89094fdd90_0;
    %parti/s 1, 5, 4;
    %load/vec4 v0x7f89094fda90_0;
    %parti/s 8, 0, 2;
    %pad/u 10;
    %ix/vec4 3;
    %ix/load 4, 5, 0; part off
    %ix/load 5, 0, 0; Constant delay
    %assign/vec4/a/d v0x7f89094fe040, 4, 5;
T_6.13 ;
    %load/vec4 v0x7f89094fdee0_0;
    %parti/s 1, 6, 4;
    %nor/r;
    %flag_set/vec4 8;
    %jmp/0xz  T_6.15, 8;
    %load/vec4 v0x7f89094fdd90_0;
    %parti/s 1, 6, 4;
    %load/vec4 v0x7f89094fda90_0;
    %parti/s 8, 0, 2;
    %pad/u 10;
    %ix/vec4 3;
    %ix/load 4, 6, 0; part off
    %ix/load 5, 0, 0; Constant delay
    %assign/vec4/a/d v0x7f89094fe040, 4, 5;
T_6.15 ;
    %load/vec4 v0x7f89094fdee0_0;
    %parti/s 1, 7, 4;
    %nor/r;
    %flag_set/vec4 8;
    %jmp/0xz  T_6.17, 8;
    %load/vec4 v0x7f89094fdd90_0;
    %parti/s 1, 7, 4;
    %load/vec4 v0x7f89094fda90_0;
    %parti/s 8, 0, 2;
    %pad/u 10;
    %ix/vec4 3;
    %ix/load 4, 7, 0; part off
    %ix/load 5, 0, 0; Constant delay
    %assign/vec4/a/d v0x7f89094fe040, 4, 5;
T_6.17 ;
    %load/vec4 v0x7f89094fdee0_0;
    %parti/s 1, 8, 5;
    %nor/r;
    %flag_set/vec4 8;
    %jmp/0xz  T_6.19, 8;
    %load/vec4 v0x7f89094fdd90_0;
    %parti/s 1, 8, 5;
    %load/vec4 v0x7f89094fda90_0;
    %parti/s 8, 0, 2;
    %pad/u 10;
    %ix/vec4 3;
    %ix/load 4, 8, 0; part off
    %ix/load 5, 0, 0; Constant delay
    %assign/vec4/a/d v0x7f89094fe040, 4, 5;
T_6.19 ;
    %load/vec4 v0x7f89094fdee0_0;
    %parti/s 1, 9, 5;
    %nor/r;
    %flag_set/vec4 8;
    %jmp/0xz  T_6.21, 8;
    %load/vec4 v0x7f89094fdd90_0;
    %parti/s 1, 9, 5;
    %load/vec4 v0x7f89094fda90_0;
    %parti/s 8, 0, 2;
    %pad/u 10;
    %ix/vec4 3;
    %ix/load 4, 9, 0; part off
    %ix/load 5, 0, 0; Constant delay
    %assign/vec4/a/d v0x7f89094fe040, 4, 5;
T_6.21 ;
    %load/vec4 v0x7f89094fdee0_0;
    %parti/s 1, 10, 5;
    %nor/r;
    %flag_set/vec4 8;
    %jmp/0xz  T_6.23, 8;
    %load/vec4 v0x7f89094fdd90_0;
    %parti/s 1, 10, 5;
    %load/vec4 v0x7f89094fda90_0;
    %parti/s 8, 0, 2;
    %pad/u 10;
    %ix/vec4 3;
    %ix/load 4, 10, 0; part off
    %ix/load 5, 0, 0; Constant delay
    %assign/vec4/a/d v0x7f89094fe040, 4, 5;
T_6.23 ;
    %load/vec4 v0x7f89094fdee0_0;
    %parti/s 1, 11, 5;
    %nor/r;
    %flag_set/vec4 8;
    %jmp/0xz  T_6.25, 8;
    %load/vec4 v0x7f89094fdd90_0;
    %parti/s 1, 11, 5;
    %load/vec4 v0x7f89094fda90_0;
    %parti/s 8, 0, 2;
    %pad/u 10;
    %ix/vec4 3;
    %ix/load 4, 11, 0; part off
    %ix/load 5, 0, 0; Constant delay
    %assign/vec4/a/d v0x7f89094fe040, 4, 5;
T_6.25 ;
    %load/vec4 v0x7f89094fdee0_0;
    %parti/s 1, 12, 5;
    %nor/r;
    %flag_set/vec4 8;
    %jmp/0xz  T_6.27, 8;
    %load/vec4 v0x7f89094fdd90_0;
    %parti/s 1, 12, 5;
    %load/vec4 v0x7f89094fda90_0;
    %parti/s 8, 0, 2;
    %pad/u 10;
    %ix/vec4 3;
    %ix/load 4, 12, 0; part off
    %ix/load 5, 0, 0; Constant delay
    %assign/vec4/a/d v0x7f89094fe040, 4, 5;
T_6.27 ;
    %load/vec4 v0x7f89094fdee0_0;
    %parti/s 1, 13, 5;
    %nor/r;
    %flag_set/vec4 8;
    %jmp/0xz  T_6.29, 8;
    %load/vec4 v0x7f89094fdd90_0;
    %parti/s 1, 13, 5;
    %load/vec4 v0x7f89094fda90_0;
    %parti/s 8, 0, 2;
    %pad/u 10;
    %ix/vec4 3;
    %ix/load 4, 13, 0; part off
    %ix/load 5, 0, 0; Constant delay
    %assign/vec4/a/d v0x7f89094fe040, 4, 5;
T_6.29 ;
    %load/vec4 v0x7f89094fdee0_0;
    %parti/s 1, 14, 5;
    %nor/r;
    %flag_set/vec4 8;
    %jmp/0xz  T_6.31, 8;
    %load/vec4 v0x7f89094fdd90_0;
    %parti/s 1, 14, 5;
    %load/vec4 v0x7f89094fda90_0;
    %parti/s 8, 0, 2;
    %pad/u 10;
    %ix/vec4 3;
    %ix/load 4, 14, 0; part off
    %ix/load 5, 0, 0; Constant delay
    %assign/vec4/a/d v0x7f89094fe040, 4, 5;
T_6.31 ;
    %load/vec4 v0x7f89094fdee0_0;
    %parti/s 1, 15, 5;
    %nor/r;
    %flag_set/vec4 8;
    %jmp/0xz  T_6.33, 8;
    %load/vec4 v0x7f89094fdd90_0;
    %parti/s 1, 15, 5;
    %load/vec4 v0x7f89094fda90_0;
    %parti/s 8, 0, 2;
    %pad/u 10;
    %ix/vec4 3;
    %ix/load 4, 15, 0; part off
    %ix/load 5, 0, 0; Constant delay
    %assign/vec4/a/d v0x7f89094fe040, 4, 5;
T_6.33 ;
T_6.0 ;
    %jmp T_6;
    .thread T_6;
    .scope S_0x7f89094fb550;
T_7 ;
    %wait E_0x7f89094fcda0;
    %load/vec4 v0x7f89094fd940_0;
    %flag_set/vec4 9;
    %flag_get/vec4 9;
    %jmp/0 T_7.2, 9;
    %load/vec4 v0x7f89094fd700_0;
    %and;
T_7.2;
    %flag_set/vec4 8;
    %jmp/0xz  T_7.0, 8;
    %load/vec4 v0x7f89094fd5a0_0;
    %parti/s 8, 0, 2;
    %pad/u 10;
    %ix/vec4 4;
    %load/vec4a v0x7f89094fe040, 4;
    %load/vec4 v0x7f89094fd9e0_0;
    %inv;
    %and;
    %assign/vec4 v0x7f89094fd890_0, 0;
T_7.0 ;
    %jmp T_7;
    .thread T_7;
    .scope S_0x7f89094a3440;
T_8 ;
    %pushi/vec4 0, 0, 1;
    %store/vec4 v0x7f890a908b50_0, 0, 1;
    %end;
    .thread T_8;
    .scope S_0x7f89094a3440;
T_9 ;
    %wait E_0x7f890a9089c0;
    %load/vec4 v0x7f890a908ab0_0;
    %assign/vec4 v0x7f890a908b50_0, 0;
    %jmp T_9;
    .thread T_9;
    .scope S_0x7f89094a2940;
T_10 ;
    %pushi/vec4 0, 0, 1;
    %store/vec4 v0x7f890a908e70_0, 0, 1;
    %end;
    .thread T_10;
    .scope S_0x7f89094a2940;
T_11 ;
    %wait E_0x7f890a908c30;
    %load/vec4 v0x7f890a908de0_0;
    %flag_set/vec4 8;
    %jmp/0xz  T_11.0, 8;
    %load/vec4 v0x7f890a908d40_0;
    %assign/vec4 v0x7f890a908e70_0, 0;
T_11.0 ;
    %jmp T_11;
    .thread T_11;
    .scope S_0x7f890949cae0;
T_12 ;
    %pushi/vec4 0, 0, 1;
    %store/vec4 v0x7f890a9091b0_0, 0, 1;
    %end;
    .thread T_12;
    .scope S_0x7f890949cae0;
T_13 ;
    %wait E_0x7f890a908f70;
    %load/vec4 v0x7f890a909250_0;
    %flag_set/vec4 8;
    %jmp/0xz  T_13.0, 8;
    %pushi/vec4 0, 0, 1;
    %assign/vec4 v0x7f890a9091b0_0, 0;
    %jmp T_13.1;
T_13.0 ;
    %load/vec4 v0x7f890a909120_0;
    %flag_set/vec4 8;
    %jmp/0xz  T_13.2, 8;
    %load/vec4 v0x7f890a909080_0;
    %assign/vec4 v0x7f890a9091b0_0, 0;
T_13.2 ;
T_13.1 ;
    %jmp T_13;
    .thread T_13;
    .scope S_0x7f89094a1e40;
T_14 ;
    %pushi/vec4 0, 0, 1;
    %store/vec4 v0x7f890a9095d0_0, 0, 1;
    %end;
    .thread T_14;
    .scope S_0x7f89094a1e40;
T_15 ;
    %wait E_0x7f890a9093b0;
    %load/vec4 v0x7f890a909660_0;
    %flag_set/vec4 8;
    %jmp/0xz  T_15.0, 8;
    %pushi/vec4 1, 0, 1;
    %assign/vec4 v0x7f890a9095d0_0, 0;
    %jmp T_15.1;
T_15.0 ;
    %load/vec4 v0x7f890a909540_0;
    %flag_set/vec4 8;
    %jmp/0xz  T_15.2, 8;
    %load/vec4 v0x7f890a9094a0_0;
    %assign/vec4 v0x7f890a9095d0_0, 0;
T_15.2 ;
T_15.1 ;
    %jmp T_15;
    .thread T_15;
    .scope S_0x7f89094a0dc0;
T_16 ;
    %pushi/vec4 0, 0, 1;
    %store/vec4 v0x7f890a9099e0_0, 0, 1;
    %end;
    .thread T_16;
    .scope S_0x7f89094a0dc0;
T_17 ;
    %wait E_0x7f890a9097c0;
    %load/vec4 v0x7f890a909950_0;
    %flag_set/vec4 8;
    %jmp/0xz  T_17.0, 8;
    %load/vec4 v0x7f890a909a70_0;
    %flag_set/vec4 8;
    %jmp/0xz  T_17.2, 8;
    %pushi/vec4 0, 0, 1;
    %assign/vec4 v0x7f890a9099e0_0, 0;
    %jmp T_17.3;
T_17.2 ;
    %load/vec4 v0x7f890a9098b0_0;
    %assign/vec4 v0x7f890a9099e0_0, 0;
T_17.3 ;
T_17.0 ;
    %jmp T_17;
    .thread T_17;
    .scope S_0x7f89094a0060;
T_18 ;
    %pushi/vec4 0, 0, 1;
    %store/vec4 v0x7f890a909df0_0, 0, 1;
    %end;
    .thread T_18;
    .scope S_0x7f89094a0060;
T_19 ;
    %wait E_0x7f890a909bd0;
    %load/vec4 v0x7f890a909d60_0;
    %flag_set/vec4 8;
    %jmp/0xz  T_19.0, 8;
    %load/vec4 v0x7f890a909e80_0;
    %flag_set/vec4 8;
    %jmp/0xz  T_19.2, 8;
    %pushi/vec4 1, 0, 1;
    %assign/vec4 v0x7f890a909df0_0, 0;
    %jmp T_19.3;
T_19.2 ;
    %load/vec4 v0x7f890a909cc0_0;
    %assign/vec4 v0x7f890a909df0_0, 0;
T_19.3 ;
T_19.0 ;
    %jmp T_19;
    .thread T_19;
    .scope S_0x7f890949f300;
T_20 ;
    %pushi/vec4 0, 0, 1;
    %store/vec4 v0x7f890a90a170_0, 0, 1;
    %end;
    .thread T_20;
    .scope S_0x7f890949f300;
T_21 ;
    %wait E_0x7f890a909fe0;
    %load/vec4 v0x7f890a90a0d0_0;
    %assign/vec4 v0x7f890a90a170_0, 0;
    %jmp T_21;
    .thread T_21;
    .scope S_0x7f890949e5a0;
T_22 ;
    %pushi/vec4 0, 0, 1;
    %store/vec4 v0x7f890a90a480_0, 0, 1;
    %end;
    .thread T_22;
    .scope S_0x7f890949e5a0;
T_23 ;
    %wait E_0x7f890a90a240;
    %load/vec4 v0x7f890a90a3f0_0;
    %flag_set/vec4 8;
    %jmp/0xz  T_23.0, 8;
    %load/vec4 v0x7f890a90a350_0;
    %assign/vec4 v0x7f890a90a480_0, 0;
T_23.0 ;
    %jmp T_23;
    .thread T_23;
    .scope S_0x7f890949d840;
T_24 ;
    %pushi/vec4 0, 0, 1;
    %store/vec4 v0x7f890a90a7c0_0, 0, 1;
    %end;
    .thread T_24;
    .scope S_0x7f890949d840;
T_25 ;
    %wait E_0x7f890a90a580;
    %load/vec4 v0x7f890a90a860_0;
    %flag_set/vec4 8;
    %jmp/0xz  T_25.0, 8;
    %pushi/vec4 0, 0, 1;
    %assign/vec4 v0x7f890a90a7c0_0, 0;
    %jmp T_25.1;
T_25.0 ;
    %load/vec4 v0x7f890a90a730_0;
    %flag_set/vec4 8;
    %jmp/0xz  T_25.2, 8;
    %load/vec4 v0x7f890a90a690_0;
    %assign/vec4 v0x7f890a90a7c0_0, 0;
T_25.2 ;
T_25.1 ;
    %jmp T_25;
    .thread T_25;
    .scope S_0x7f89094d55a0;
T_26 ;
    %pushi/vec4 0, 0, 1;
    %store/vec4 v0x7f890a90abe0_0, 0, 1;
    %end;
    .thread T_26;
    .scope S_0x7f89094d55a0;
T_27 ;
    %wait E_0x7f890a90a9c0;
    %load/vec4 v0x7f890a90ac70_0;
    %flag_set/vec4 8;
    %jmp/0xz  T_27.0, 8;
    %pushi/vec4 1, 0, 1;
    %assign/vec4 v0x7f890a90abe0_0, 0;
    %jmp T_27.1;
T_27.0 ;
    %load/vec4 v0x7f890a90ab50_0;
    %flag_set/vec4 8;
    %jmp/0xz  T_27.2, 8;
    %load/vec4 v0x7f890a90aab0_0;
    %assign/vec4 v0x7f890a90abe0_0, 0;
T_27.2 ;
T_27.1 ;
    %jmp T_27;
    .thread T_27;
    .scope S_0x7f89094c9680;
T_28 ;
    %pushi/vec4 0, 0, 1;
    %store/vec4 v0x7f890a90aff0_0, 0, 1;
    %end;
    .thread T_28;
    .scope S_0x7f89094c9680;
T_29 ;
    %wait E_0x7f890a90add0;
    %load/vec4 v0x7f890a90af60_0;
    %flag_set/vec4 8;
    %jmp/0xz  T_29.0, 8;
    %load/vec4 v0x7f890a90b080_0;
    %flag_set/vec4 8;
    %jmp/0xz  T_29.2, 8;
    %pushi/vec4 0, 0, 1;
    %assign/vec4 v0x7f890a90aff0_0, 0;
    %jmp T_29.3;
T_29.2 ;
    %load/vec4 v0x7f890a90aec0_0;
    %assign/vec4 v0x7f890a90aff0_0, 0;
T_29.3 ;
T_29.0 ;
    %jmp T_29;
    .thread T_29;
    .scope S_0x7f89094c92e0;
T_30 ;
    %pushi/vec4 0, 0, 1;
    %store/vec4 v0x7f890a90b400_0, 0, 1;
    %end;
    .thread T_30;
    .scope S_0x7f89094c92e0;
T_31 ;
    %wait E_0x7f890a90b1e0;
    %load/vec4 v0x7f890a90b370_0;
    %flag_set/vec4 8;
    %jmp/0xz  T_31.0, 8;
    %load/vec4 v0x7f890a90b490_0;
    %flag_set/vec4 8;
    %jmp/0xz  T_31.2, 8;
    %pushi/vec4 1, 0, 1;
    %assign/vec4 v0x7f890a90b400_0, 0;
    %jmp T_31.3;
T_31.2 ;
    %load/vec4 v0x7f890a90b2d0_0;
    %assign/vec4 v0x7f890a90b400_0, 0;
T_31.3 ;
T_31.0 ;
    %jmp T_31;
    .thread T_31;
    .scope S_0x7f89094c8bf0;
T_32 ;
    %pushi/vec4 0, 0, 1;
    %store/vec4 v0x7f890a90b780_0, 0, 1;
    %end;
    .thread T_32;
    .scope S_0x7f89094c8bf0;
T_33 ;
    %wait E_0x7f890a90b5f0;
    %load/vec4 v0x7f890a90b810_0;
    %flag_set/vec4 8;
    %jmp/0xz  T_33.0, 8;
    %pushi/vec4 0, 0, 1;
    %assign/vec4 v0x7f890a90b780_0, 0;
    %jmp T_33.1;
T_33.0 ;
    %load/vec4 v0x7f890a90b6e0_0;
    %assign/vec4 v0x7f890a90b780_0, 0;
T_33.1 ;
    %jmp T_33;
    .thread T_33;
    .scope S_0x7f89094bcc90;
T_34 ;
    %pushi/vec4 0, 0, 1;
    %store/vec4 v0x7f890a90bab0_0, 0, 1;
    %end;
    .thread T_34;
    .scope S_0x7f89094bcc90;
T_35 ;
    %wait E_0x7f890a90b900;
    %load/vec4 v0x7f890a90bb40_0;
    %flag_set/vec4 8;
    %jmp/0xz  T_35.0, 8;
    %pushi/vec4 1, 0, 1;
    %assign/vec4 v0x7f890a90bab0_0, 0;
    %jmp T_35.1;
T_35.0 ;
    %load/vec4 v0x7f890a90ba10_0;
    %assign/vec4 v0x7f890a90bab0_0, 0;
T_35.1 ;
    %jmp T_35;
    .thread T_35;
    .scope S_0x7f89094ab400;
T_36 ;
    %pushi/vec4 0, 0, 1;
    %store/vec4 v0x7f890a90bdf0_0, 0, 1;
    %end;
    .thread T_36;
    .scope S_0x7f89094ab400;
T_37 ;
    %wait E_0x7f890a90bc40;
    %load/vec4 v0x7f890a90be80_0;
    %flag_set/vec4 8;
    %jmp/0xz  T_37.0, 8;
    %pushi/vec4 0, 0, 1;
    %assign/vec4 v0x7f890a90bdf0_0, 0;
    %jmp T_37.1;
T_37.0 ;
    %load/vec4 v0x7f890a90bd50_0;
    %assign/vec4 v0x7f890a90bdf0_0, 0;
T_37.1 ;
    %jmp T_37;
    .thread T_37;
    .scope S_0x7f89094a7380;
T_38 ;
    %pushi/vec4 0, 0, 1;
    %store/vec4 v0x7f890a90c130_0, 0, 1;
    %end;
    .thread T_38;
    .scope S_0x7f89094a7380;
T_39 ;
    %wait E_0x7f890a90bf80;
    %load/vec4 v0x7f890a90c1c0_0;
    %flag_set/vec4 8;
    %jmp/0xz  T_39.0, 8;
    %pushi/vec4 1, 0, 1;
    %assign/vec4 v0x7f890a90c130_0, 0;
    %jmp T_39.1;
T_39.0 ;
    %load/vec4 v0x7f890a90c090_0;
    %assign/vec4 v0x7f890a90c130_0, 0;
T_39.1 ;
    %jmp T_39;
    .thread T_39;
    .scope S_0x7f89094a4520;
T_40 ;
    %pushi/vec4 0, 0, 1;
    %store/vec4 v0x7f890a90c470_0, 0, 1;
    %end;
    .thread T_40;
    .scope S_0x7f89094a4520;
T_41 ;
    %wait E_0x7f890a90c2c0;
    %load/vec4 v0x7f890a90c500_0;
    %flag_set/vec4 8;
    %jmp/0xz  T_41.0, 8;
    %pushi/vec4 0, 0, 1;
    %assign/vec4 v0x7f890a90c470_0, 0;
    %jmp T_41.1;
T_41.0 ;
    %load/vec4 v0x7f890a90c3d0_0;
    %assign/vec4 v0x7f890a90c470_0, 0;
T_41.1 ;
    %jmp T_41;
    .thread T_41;
    .scope S_0x7f89094e2ec0;
T_42 ;
    %pushi/vec4 0, 0, 1;
    %store/vec4 v0x7f890a90c7b0_0, 0, 1;
    %end;
    .thread T_42;
    .scope S_0x7f89094e2ec0;
T_43 ;
    %wait E_0x7f890a90c600;
    %load/vec4 v0x7f890a90c840_0;
    %flag_set/vec4 8;
    %jmp/0xz  T_43.0, 8;
    %pushi/vec4 1, 0, 1;
    %assign/vec4 v0x7f890a90c7b0_0, 0;
    %jmp T_43.1;
T_43.0 ;
    %load/vec4 v0x7f890a90c710_0;
    %assign/vec4 v0x7f890a90c7b0_0, 0;
T_43.1 ;
    %jmp T_43;
    .thread T_43;
    .scope S_0x7f89094e1690;
T_44 ;
    %pushi/vec4 0, 0, 1;
    %store/vec4 v0x7f890a90caf0_0, 0, 1;
    %end;
    .thread T_44;
    .scope S_0x7f89094e1690;
T_45 ;
    %wait E_0x7f890a90c940;
    %load/vec4 v0x7f890a90cb80_0;
    %flag_set/vec4 8;
    %jmp/0xz  T_45.0, 8;
    %pushi/vec4 0, 0, 1;
    %assign/vec4 v0x7f890a90caf0_0, 0;
    %jmp T_45.1;
T_45.0 ;
    %load/vec4 v0x7f890a90ca50_0;
    %assign/vec4 v0x7f890a90caf0_0, 0;
T_45.1 ;
    %jmp T_45;
    .thread T_45;
    .scope S_0x7f89094dad60;
T_46 ;
    %pushi/vec4 0, 0, 1;
    %store/vec4 v0x7f890a90ce30_0, 0, 1;
    %end;
    .thread T_46;
    .scope S_0x7f89094dad60;
T_47 ;
    %wait E_0x7f890a90cc80;
    %load/vec4 v0x7f890a90cec0_0;
    %flag_set/vec4 8;
    %jmp/0xz  T_47.0, 8;
    %pushi/vec4 1, 0, 1;
    %assign/vec4 v0x7f890a90ce30_0, 0;
    %jmp T_47.1;
T_47.0 ;
    %load/vec4 v0x7f890a90cd90_0;
    %assign/vec4 v0x7f890a90ce30_0, 0;
T_47.1 ;
    %jmp T_47;
    .thread T_47;
    .scope S_0x7f890a90d990;
T_48 ;
    %wait E_0x7f890a90dc70;
    %load/vec4 v0x7f890a90e510_0;
    %assign/vec4 v0x7f890a90e5b0_0, 0;
    %jmp T_48;
    .thread T_48;
    .scope S_0x7f890a90d990;
T_49 ;
    %wait E_0x7f890a90dc70;
    %load/vec4 v0x7f890a90e510_0;
    %flag_set/vec4 8;
    %jmp/0xz  T_49.0, 8;
    %load/vec4 v0x7f890a90e330_0;
    %assign/vec4 v0x7f890a90e920_0, 0;
T_49.0 ;
    %jmp T_49;
    .thread T_49;
    .scope S_0x7f890a90d990;
T_50 ;
    %wait E_0x7f890a90dc10;
    %load/vec4 v0x7f890a90e5b0_0;
    %flag_set/vec4 8;
    %jmp/0xz  T_50.0, 8;
    %load/vec4 v0x7f890a90e330_0;
    %assign/vec4 v0x7f890a90e9b0_0, 0;
T_50.0 ;
    %jmp T_50;
    .thread T_50;
    .scope S_0x7f890a90d990;
T_51 ;
    %wait E_0x7f890a90db60;
    %load/vec4 v0x7f890a90e510_0;
    %assign/vec4 v0x7f890a90e650_0, 0;
    %jmp T_51;
    .thread T_51;
    .scope S_0x7f890a90d990;
T_52 ;
    %wait E_0x7f890a90db60;
    %load/vec4 v0x7f890a90e510_0;
    %flag_set/vec4 8;
    %jmp/0xz  T_52.0, 8;
    %load/vec4 v0x7f890a90dec0_0;
    %assign/vec4 v0x7f890a90ead0_0, 0;
T_52.0 ;
    %jmp T_52;
    .thread T_52;
    .scope S_0x7f890a90d990;
T_53 ;
    %wait E_0x7f890a90dbc0;
    %load/vec4 v0x7f890a90e650_0;
    %flag_set/vec4 8;
    %jmp/0xz  T_53.0, 8;
    %load/vec4 v0x7f890a90df60_0;
    %assign/vec4 v0x7f890a90eb70_0, 0;
T_53.0 ;
    %jmp T_53;
    .thread T_53;
    .scope S_0x7f890a90d990;
T_54 ;
    %wait E_0x7f890a90db60;
    %load/vec4 v0x7f890a90e510_0;
    %flag_set/vec4 8;
    %jmp/0xz  T_54.0, 8;
    %load/vec4 v0x7f890a90e220_0;
    %assign/vec4 v0x7f890a90ed50_0, 0;
T_54.0 ;
    %jmp T_54;
    .thread T_54;
    .scope S_0x7f890a90d290;
T_55 ;
    %wait E_0x7f890a90d940;
    %load/vec4 v0x7f890a90e920_0;
    %store/vec4 v0x7f890a90e6f0_0, 0, 1;
    %load/vec4 v0x7f890a90e9b0_0;
    %store/vec4 v0x7f890a90e790_0, 0, 1;
    %jmp T_55;
    .thread T_55, $push;
    .scope S_0x7f890a90d290;
T_56 ;
    %wait E_0x7f890a90d8e0;
    %load/vec4 v0x7f890a90e180_0;
    %assign/vec4 v0x7f890a90ec10_0, 0;
    %jmp T_56;
    .thread T_56, $push;
    .scope S_0x7f890a90d290;
T_57 ;
    %wait E_0x7f890a90d890;
    %load/vec4 v0x7f890a90ec10_0;
    %assign/vec4 v0x7f890a90ecb0_0, 0;
    %jmp T_57;
    .thread T_57, $push;
    .scope S_0x7f890a90d290;
T_58 ;
    %wait E_0x7f890a90d850;
    %load/vec4 v0x7f890a90ecb0_0;
    %pushi/vec4 0, 0, 1;
    %xor;
    %flag_set/vec4 8;
    %jmp/1 T_58.2, 8;
    %pushi/vec4 0, 0, 1;
    %flag_set/vec4 9;
    %flag_or 8, 9;
T_58.2;
    %jmp/0 T_58.0, 8;
    %load/vec4 v0x7f890a90ead0_0;
    %jmp/1 T_58.1, 8;
T_58.0 ; End of true expr.
    %load/vec4 v0x7f890a90eb70_0;
    %jmp/0 T_58.1, 8;
 ; End of false expr.
    %blend;
T_58.1;
    %store/vec4 v0x7f890a90ea40_0, 0, 1;
    %jmp T_58;
    .thread T_58, $push;
    .scope S_0x7f890a911bf0;
T_59 ;
    %wait E_0x7f890a911ea0;
    %load/vec4 v0x7f890a911ef0_0;
    %flag_set/vec4 8;
    %jmp/0xz  T_59.0, 8;
    %load/vec4 v0x7f890a912560_0;
    %assign/vec4 v0x7f890a912870_0, 0;
T_59.0 ;
    %jmp T_59;
    .thread T_59;
    .scope S_0x7f890a911bf0;
T_60 ;
    %wait E_0x7f890a911e40;
    %load/vec4 v0x7f890a911ef0_0;
    %flag_set/vec4 8;
    %jmp/0xz  T_60.0, 8;
    %load/vec4 v0x7f890a912560_0;
    %assign/vec4 v0x7f890a912910_0, 0;
T_60.0 ;
    %jmp T_60;
    .thread T_60;
    .scope S_0x7f890a911bf0;
T_61 ;
    %wait E_0x7f890a911db0;
    %load/vec4 v0x7f890a911ef0_0;
    %flag_set/vec4 8;
    %jmp/0xz  T_61.0, 8;
    %load/vec4 v0x7f890a9120f0_0;
    %assign/vec4 v0x7f890a912b40_0, 0;
T_61.0 ;
    %jmp T_61;
    .thread T_61;
    .scope S_0x7f890a911bf0;
T_62 ;
    %wait E_0x7f890a911df0;
    %load/vec4 v0x7f890a911ef0_0;
    %flag_set/vec4 8;
    %jmp/0xz  T_62.0, 8;
    %load/vec4 v0x7f890a912190_0;
    %assign/vec4 v0x7f890a912bd0_0, 0;
T_62.0 ;
    %jmp T_62;
    .thread T_62;
    .scope S_0x7f890a911bf0;
T_63 ;
    %wait E_0x7f890a911db0;
    %load/vec4 v0x7f890a911ef0_0;
    %flag_set/vec4 8;
    %jmp/0xz  T_63.0, 8;
    %load/vec4 v0x7f890a912450_0;
    %assign/vec4 v0x7f890a912d90_0, 0;
T_63.0 ;
    %jmp T_63;
    .thread T_63;
    .scope S_0x7f89094a9e70;
T_64 ;
    %wait E_0x7f890a910580;
    %load/vec4 v0x7f890a912870_0;
    %store/vec4 v0x7f890a912730_0, 0, 1;
    %load/vec4 v0x7f890a912910_0;
    %store/vec4 v0x7f890a9127d0_0, 0, 1;
    %jmp T_64;
    .thread T_64, $push;
    .scope S_0x7f89094a9e70;
T_65 ;
    %wait E_0x7f89094ab1f0;
    %load/vec4 v0x7f890a9123b0_0;
    %assign/vec4 v0x7f890a912c60_0, 0;
    %jmp T_65;
    .thread T_65, $push;
    .scope S_0x7f89094a9e70;
T_66 ;
    %wait E_0x7f89094ab1a0;
    %load/vec4 v0x7f890a912c60_0;
    %assign/vec4 v0x7f890a912cf0_0, 0;
    %jmp T_66;
    .thread T_66, $push;
    .scope S_0x7f89094a9e70;
T_67 ;
    %wait E_0x7f89094ab130;
    %load/vec4 v0x7f890a912cf0_0;
    %pushi/vec4 0, 0, 1;
    %xor;
    %flag_set/vec4 8;
    %jmp/1 T_67.2, 8;
    %pushi/vec4 0, 0, 1;
    %flag_set/vec4 9;
    %flag_or 8, 9;
T_67.2;
    %jmp/0 T_67.0, 8;
    %load/vec4 v0x7f890a912b40_0;
    %jmp/1 T_67.1, 8;
T_67.0 ; End of true expr.
    %load/vec4 v0x7f890a912bd0_0;
    %jmp/0 T_67.1, 8;
 ; End of false expr.
    %blend;
T_67.1;
    %store/vec4 v0x7f890a9129b0_0, 0, 1;
    %jmp T_67;
    .thread T_67, $push;
    .scope S_0x7f890a912ff0;
T_68 ;
    %wait E_0x7f890a9132c0;
    %load/vec4 v0x7f890a913310_0;
    %flag_set/vec4 8;
    %jmp/0xz  T_68.0, 8;
    %load/vec4 v0x7f890a913980_0;
    %assign/vec4 v0x7f890a913b50_0, 0;
T_68.0 ;
    %jmp T_68;
    .thread T_68;
    .scope S_0x7f890a912ff0;
T_69 ;
    %wait E_0x7f890a913260;
    %load/vec4 v0x7f890a913310_0;
    %flag_set/vec4 8;
    %jmp/0xz  T_69.0, 8;
    %load/vec4 v0x7f890a913980_0;
    %assign/vec4 v0x7f890a913bf0_0, 0;
T_69.0 ;
    %jmp T_69;
    .thread T_69;
    .scope S_0x7f890a912ff0;
T_70 ;
    %wait E_0x7f890a9131b0;
    %load/vec4 v0x7f890a913310_0;
    %flag_set/vec4 8;
    %jmp/0xz  T_70.0, 8;
    %load/vec4 v0x7f890a913510_0;
    %assign/vec4 v0x7f890a913d30_0, 0;
T_70.0 ;
    %jmp T_70;
    .thread T_70;
    .scope S_0x7f890a912ff0;
T_71 ;
    %wait E_0x7f890a913210;
    %load/vec4 v0x7f890a913310_0;
    %flag_set/vec4 8;
    %jmp/0xz  T_71.0, 8;
    %load/vec4 v0x7f890a9135b0_0;
    %assign/vec4 v0x7f890a913dd0_0, 0;
T_71.0 ;
    %jmp T_71;
    .thread T_71;
    .scope S_0x7f890a912ff0;
T_72 ;
    %wait E_0x7f890a9131b0;
    %load/vec4 v0x7f890a913310_0;
    %flag_set/vec4 8;
    %jmp/0xz  T_72.0, 8;
    %load/vec4 v0x7f890a913870_0;
    %assign/vec4 v0x7f890a914080_0, 0;
T_72.0 ;
    %jmp T_72;
    .thread T_72;
    .scope S_0x7f8909413b70;
T_73 ;
    %wait E_0x7f890940dec0;
    %load/vec4 v0x7f890a913b50_0;
    %store/vec4 v0x7f890a913a10_0, 0, 1;
    %load/vec4 v0x7f890a913bf0_0;
    %store/vec4 v0x7f890a913ab0_0, 0, 1;
    %jmp T_73;
    .thread T_73, $push;
    .scope S_0x7f8909413b70;
T_74 ;
    %wait E_0x7f890a912f90;
    %load/vec4 v0x7f890a9137d0_0;
    %assign/vec4 v0x7f890a913f60_0, 0;
    %jmp T_74;
    .thread T_74, $push;
    .scope S_0x7f8909413b70;
T_75 ;
    %wait E_0x7f890a912f50;
    %load/vec4 v0x7f890a913f60_0;
    %assign/vec4 v0x7f890a913ff0_0, 0;
    %jmp T_75;
    .thread T_75, $push;
    .scope S_0x7f8909413b70;
T_76 ;
    %wait E_0x7f890a9124e0;
    %load/vec4 v0x7f890a913ff0_0;
    %pushi/vec4 0, 0, 1;
    %xor;
    %flag_set/vec4 8;
    %jmp/1 T_76.2, 8;
    %pushi/vec4 0, 0, 1;
    %flag_set/vec4 9;
    %flag_or 8, 9;
T_76.2;
    %jmp/0 T_76.0, 8;
    %load/vec4 v0x7f890a913d30_0;
    %jmp/1 T_76.1, 8;
T_76.0 ; End of true expr.
    %load/vec4 v0x7f890a913dd0_0;
    %jmp/0 T_76.1, 8;
 ; End of false expr.
    %blend;
T_76.1;
    %store/vec4 v0x7f890a913c90_0, 0, 1;
    %jmp T_76;
    .thread T_76, $push;
    .scope S_0x7f890941b310;
T_77 ;
    %wait E_0x7f890a916100;
    %load/vec4 v0x7f890a9170e0_0;
    %flag_set/vec4 8;
    %jmp/0xz  T_77.0, 8;
    %pushi/vec4 0, 0, 16;
    %assign/vec4 v0x7f890a91b750_0, 0;
    %pushi/vec4 0, 0, 16;
    %assign/vec4 v0x7f890a91b5f0_0, 0;
    %jmp T_77.1;
T_77.0 ;
    %load/vec4 v0x7f890a916a70_0;
    %flag_set/vec4 8;
    %jmp/0xz  T_77.2, 8;
    %load/vec4 v0x7f890a916b10_0;
    %nor/r;
    %flag_set/vec4 8;
    %jmp/0xz  T_77.4, 8;
    %load/vec4 v0x7f890a9169c0_0;
    %assign/vec4 v0x7f890a91b750_0, 0;
T_77.4 ;
    %load/vec4 v0x7f890a9164b0_0;
    %nor/r;
    %flag_set/vec4 8;
    %jmp/0xz  T_77.6, 8;
    %load/vec4 v0x7f890a916140_0;
    %assign/vec4 v0x7f890a91b5f0_0, 0;
T_77.6 ;
T_77.2 ;
T_77.1 ;
    %jmp T_77;
    .thread T_77;
    .scope S_0x7f890941b310;
T_78 ;
    %wait E_0x7f890a9160a0;
    %load/vec4 v0x7f890a917040_0;
    %flag_set/vec4 8;
    %jmp/0xz  T_78.0, 8;
    %pushi/vec4 0, 0, 16;
    %assign/vec4 v0x7f890a91b6a0_0, 0;
    %pushi/vec4 0, 0, 16;
    %assign/vec4 v0x7f890a91b800_0, 0;
    %jmp T_78.1;
T_78.0 ;
    %load/vec4 v0x7f890a916a70_0;
    %flag_set/vec4 8;
    %jmp/0xz  T_78.2, 8;
    %load/vec4 v0x7f890a9167c0_0;
    %nor/r;
    %flag_set/vec4 8;
    %jmp/0xz  T_78.4, 8;
    %load/vec4 v0x7f890a9166b0_0;
    %assign/vec4 v0x7f890a91b6a0_0, 0;
T_78.4 ;
    %load/vec4 v0x7f890a916f00_0;
    %nor/r;
    %flag_set/vec4 8;
    %jmp/0xz  T_78.6, 8;
    %load/vec4 v0x7f890a916e70_0;
    %assign/vec4 v0x7f890a91b800_0, 0;
T_78.6 ;
T_78.2 ;
T_78.1 ;
    %jmp T_78;
    .thread T_78;
    .scope S_0x7f890941b310;
T_79 ;
    %wait E_0x7f890a916100;
    %load/vec4 v0x7f890a9170e0_0;
    %flag_set/vec4 8;
    %jmp/0xz  T_79.0, 8;
    %pushi/vec4 0, 0, 16;
    %assign/vec4 v0x7f890a91b8b0_0, 0;
    %pushi/vec4 0, 0, 16;
    %assign/vec4 v0x7f890a91bac0_0, 0;
    %jmp T_79.1;
T_79.0 ;
    %load/vec4 v0x7f890a916a70_0;
    %flag_set/vec4 8;
    %jmp/0xz  T_79.2, 8;
    %load/vec4 v0x7f890a91b330_0;
    %assign/vec4 v0x7f890a91b8b0_0, 0;
    %load/vec4 v0x7f890a91b490_0;
    %assign/vec4 v0x7f890a91bac0_0, 0;
T_79.2 ;
T_79.1 ;
    %jmp T_79;
    .thread T_79;
    .scope S_0x7f890941b310;
T_80 ;
    %wait E_0x7f890a9160a0;
    %load/vec4 v0x7f890a917040_0;
    %flag_set/vec4 8;
    %jmp/0xz  T_80.0, 8;
    %pushi/vec4 0, 0, 16;
    %assign/vec4 v0x7f890a91bb70_0, 0;
    %pushi/vec4 0, 0, 16;
    %assign/vec4 v0x7f890a91b960_0, 0;
    %jmp T_80.1;
T_80.0 ;
    %load/vec4 v0x7f890a916a70_0;
    %flag_set/vec4 8;
    %jmp/0xz  T_80.2, 8;
    %load/vec4 v0x7f890a91b3e0_0;
    %assign/vec4 v0x7f890a91bb70_0, 0;
    %load/vec4 v0x7f890a91b540_0;
    %assign/vec4 v0x7f890a91b960_0, 0;
T_80.2 ;
T_80.1 ;
    %jmp T_80;
    .thread T_80;
    .scope S_0x7f890941b310;
T_81 ;
    %wait E_0x7f890a9160a0;
    %load/vec4 v0x7f890a917040_0;
    %flag_set/vec4 8;
    %jmp/0xz  T_81.0, 8;
    %pushi/vec4 0, 0, 32;
    %assign/vec4 v0x7f890a91ba10_0, 0;
    %jmp T_81.1;
T_81.0 ;
    %load/vec4 v0x7f890a916a70_0;
    %flag_set/vec4 8;
    %jmp/0xz  T_81.2, 8;
    %load/vec4 v0x7f890a91ad00_0;
    %assign/vec4 v0x7f890a91ba10_0, 0;
T_81.2 ;
T_81.1 ;
    %jmp T_81;
    .thread T_81;
    .scope S_0x7f890941b310;
T_82 ;
    %wait E_0x7f890a916050;
    %load/vec4 v0x7f890a917690_0;
    %flag_set/vec4 8;
    %jmp/0xz  T_82.0, 8;
    %pushi/vec4 0, 0, 16;
    %assign/vec4 v0x7f890a91bc20_0, 0;
    %jmp T_82.1;
T_82.0 ;
    %load/vec4 v0x7f890a916a70_0;
    %flag_set/vec4 8;
    %jmp/0xz  T_82.2, 8;
    %load/vec4 v0x7f890a917410_0;
    %nor/r;
    %flag_set/vec4 8;
    %jmp/0xz  T_82.4, 8;
    %load/vec4 v0x7f890a91adb0_0;
    %assign/vec4 v0x7f890a91bc20_0, 0;
T_82.4 ;
T_82.2 ;
T_82.1 ;
    %jmp T_82;
    .thread T_82;
    .scope S_0x7f890941b310;
T_83 ;
    %wait E_0x7f890a915770;
    %load/vec4 v0x7f890a9175f0_0;
    %flag_set/vec4 8;
    %jmp/0xz  T_83.0, 8;
    %pushi/vec4 0, 0, 16;
    %assign/vec4 v0x7f890a91bcd0_0, 0;
    %jmp T_83.1;
T_83.0 ;
    %load/vec4 v0x7f890a916a70_0;
    %flag_set/vec4 8;
    %jmp/0xz  T_83.2, 8;
    %load/vec4 v0x7f890a917370_0;
    %nor/r;
    %flag_set/vec4 8;
    %jmp/0xz  T_83.4, 8;
    %load/vec4 v0x7f890a91af10_0;
    %assign/vec4 v0x7f890a91bcd0_0, 0;
T_83.4 ;
T_83.2 ;
T_83.1 ;
    %jmp T_83;
    .thread T_83;
    .scope S_0x7f890a91ef80;
T_84 ;
    %pushi/vec4 0, 0, 32;
    %store/vec4 v0x7f890a921a00_0, 0, 32;
T_84.0 ; Top of for-loop 
    %load/vec4 v0x7f890a921a00_0;
    %cmpi/s 16, 0, 32;
    %jmp/0xz T_84.1, 5;
    %pushi/vec4 0, 0, 256;
    %load/vec4 v0x7f890a921a00_0;
    %muli 16, 0, 32;
    %part/s 16;
    %pushi/vec4 0, 0, 32;
    %load/vec4 v0x7f890a921a00_0;
    %add;
    %ix/vec4/s 4;
    %store/vec4a v0x7f890a921ab0, 4, 0;
    %pushi/vec4 0, 0, 256;
    %load/vec4 v0x7f890a921a00_0;
    %muli 16, 0, 32;
    %part/s 16;
    %pushi/vec4 16, 0, 32;
    %load/vec4 v0x7f890a921a00_0;
    %add;
    %ix/vec4/s 4;
    %store/vec4a v0x7f890a921ab0, 4, 0;
    %pushi/vec4 0, 0, 256;
    %load/vec4 v0x7f890a921a00_0;
    %muli 16, 0, 32;
    %part/s 16;
    %pushi/vec4 32, 0, 32;
    %load/vec4 v0x7f890a921a00_0;
    %add;
    %ix/vec4/s 4;
    %store/vec4a v0x7f890a921ab0, 4, 0;
    %pushi/vec4 0, 0, 256;
    %load/vec4 v0x7f890a921a00_0;
    %muli 16, 0, 32;
    %part/s 16;
    %pushi/vec4 48, 0, 32;
    %load/vec4 v0x7f890a921a00_0;
    %add;
    %ix/vec4/s 4;
    %store/vec4a v0x7f890a921ab0, 4, 0;
    %pushi/vec4 0, 0, 256;
    %load/vec4 v0x7f890a921a00_0;
    %muli 16, 0, 32;
    %part/s 16;
    %pushi/vec4 64, 0, 32;
    %load/vec4 v0x7f890a921a00_0;
    %add;
    %ix/vec4/s 4;
    %store/vec4a v0x7f890a921ab0, 4, 0;
    %pushi/vec4 0, 0, 256;
    %load/vec4 v0x7f890a921a00_0;
    %muli 16, 0, 32;
    %part/s 16;
    %pushi/vec4 80, 0, 32;
    %load/vec4 v0x7f890a921a00_0;
    %add;
    %ix/vec4/s 4;
    %store/vec4a v0x7f890a921ab0, 4, 0;
    %pushi/vec4 0, 0, 256;
    %load/vec4 v0x7f890a921a00_0;
    %muli 16, 0, 32;
    %part/s 16;
    %pushi/vec4 96, 0, 32;
    %load/vec4 v0x7f890a921a00_0;
    %add;
    %ix/vec4/s 4;
    %store/vec4a v0x7f890a921ab0, 4, 0;
    %pushi/vec4 0, 0, 256;
    %load/vec4 v0x7f890a921a00_0;
    %muli 16, 0, 32;
    %part/s 16;
    %pushi/vec4 112, 0, 32;
    %load/vec4 v0x7f890a921a00_0;
    %add;
    %ix/vec4/s 4;
    %store/vec4a v0x7f890a921ab0, 4, 0;
    %pushi/vec4 0, 0, 256;
    %load/vec4 v0x7f890a921a00_0;
    %muli 16, 0, 32;
    %part/s 16;
    %pushi/vec4 128, 0, 32;
    %load/vec4 v0x7f890a921a00_0;
    %add;
    %ix/vec4/s 4;
    %store/vec4a v0x7f890a921ab0, 4, 0;
    %pushi/vec4 0, 0, 256;
    %load/vec4 v0x7f890a921a00_0;
    %muli 16, 0, 32;
    %part/s 16;
    %pushi/vec4 144, 0, 32;
    %load/vec4 v0x7f890a921a00_0;
    %add;
    %ix/vec4/s 4;
    %store/vec4a v0x7f890a921ab0, 4, 0;
    %pushi/vec4 0, 0, 256;
    %load/vec4 v0x7f890a921a00_0;
    %muli 16, 0, 32;
    %part/s 16;
    %pushi/vec4 160, 0, 32;
    %load/vec4 v0x7f890a921a00_0;
    %add;
    %ix/vec4/s 4;
    %store/vec4a v0x7f890a921ab0, 4, 0;
    %pushi/vec4 0, 0, 256;
    %load/vec4 v0x7f890a921a00_0;
    %muli 16, 0, 32;
    %part/s 16;
    %pushi/vec4 176, 0, 32;
    %load/vec4 v0x7f890a921a00_0;
    %add;
    %ix/vec4/s 4;
    %store/vec4a v0x7f890a921ab0, 4, 0;
    %pushi/vec4 0, 0, 256;
    %load/vec4 v0x7f890a921a00_0;
    %muli 16, 0, 32;
    %part/s 16;
    %pushi/vec4 192, 0, 32;
    %load/vec4 v0x7f890a921a00_0;
    %add;
    %ix/vec4/s 4;
    %store/vec4a v0x7f890a921ab0, 4, 0;
    %pushi/vec4 0, 0, 256;
    %load/vec4 v0x7f890a921a00_0;
    %muli 16, 0, 32;
    %part/s 16;
    %pushi/vec4 208, 0, 32;
    %load/vec4 v0x7f890a921a00_0;
    %add;
    %ix/vec4/s 4;
    %store/vec4a v0x7f890a921ab0, 4, 0;
    %pushi/vec4 0, 0, 256;
    %load/vec4 v0x7f890a921a00_0;
    %muli 16, 0, 32;
    %part/s 16;
    %pushi/vec4 224, 0, 32;
    %load/vec4 v0x7f890a921a00_0;
    %add;
    %ix/vec4/s 4;
    %store/vec4a v0x7f890a921ab0, 4, 0;
    %pushi/vec4 0, 0, 256;
    %load/vec4 v0x7f890a921a00_0;
    %muli 16, 0, 32;
    %part/s 16;
    %pushi/vec4 240, 0, 32;
    %load/vec4 v0x7f890a921a00_0;
    %add;
    %ix/vec4/s 4;
    %store/vec4a v0x7f890a921ab0, 4, 0;
T_84.2 ; for-loop step statement
    %load/vec4 v0x7f890a921a00_0;
    %addi 1, 0, 32;
    %store/vec4 v0x7f890a921a00_0, 0, 32;
    %jmp T_84.0;
T_84.1 ; for-loop exit label
    %end;
    .thread T_84;
    .scope S_0x7f890a91ef80;
T_85 ;
    %wait E_0x7f890a920860;
    %load/vec4 v0x7f890a9218b0_0;
    %flag_set/vec4 9;
    %flag_get/vec4 9;
    %jmp/0 T_85.2, 9;
    %load/vec4 v0x7f890a9216b0_0;
    %and;
T_85.2;
    %flag_set/vec4 8;
    %jmp/0xz  T_85.0, 8;
    %load/vec4 v0x7f890a921950_0;
    %parti/s 1, 0, 2;
    %nor/r;
    %flag_set/vec4 8;
    %jmp/0xz  T_85.3, 8;
    %load/vec4 v0x7f890a921800_0;
    %parti/s 1, 0, 2;
    %load/vec4 v0x7f890a921500_0;
    %parti/s 8, 0, 2;
    %pad/u 10;
    %ix/vec4 3;
    %ix/load 4, 0, 0; Constant delay
    %assign/vec4/a/d v0x7f890a921ab0, 0, 4;
T_85.3 ;
    %load/vec4 v0x7f890a921950_0;
    %parti/s 1, 1, 2;
    %nor/r;
    %flag_set/vec4 8;
    %jmp/0xz  T_85.5, 8;
    %load/vec4 v0x7f890a921800_0;
    %parti/s 1, 1, 2;
    %load/vec4 v0x7f890a921500_0;
    %parti/s 8, 0, 2;
    %pad/u 10;
    %ix/vec4 3;
    %ix/load 4, 1, 0; part off
    %ix/load 5, 0, 0; Constant delay
    %assign/vec4/a/d v0x7f890a921ab0, 4, 5;
T_85.5 ;
    %load/vec4 v0x7f890a921950_0;
    %parti/s 1, 2, 3;
    %nor/r;
    %flag_set/vec4 8;
    %jmp/0xz  T_85.7, 8;
    %load/vec4 v0x7f890a921800_0;
    %parti/s 1, 2, 3;
    %load/vec4 v0x7f890a921500_0;
    %parti/s 8, 0, 2;
    %pad/u 10;
    %ix/vec4 3;
    %ix/load 4, 2, 0; part off
    %ix/load 5, 0, 0; Constant delay
    %assign/vec4/a/d v0x7f890a921ab0, 4, 5;
T_85.7 ;
    %load/vec4 v0x7f890a921950_0;
    %parti/s 1, 3, 3;
    %nor/r;
    %flag_set/vec4 8;
    %jmp/0xz  T_85.9, 8;
    %load/vec4 v0x7f890a921800_0;
    %parti/s 1, 3, 3;
    %load/vec4 v0x7f890a921500_0;
    %parti/s 8, 0, 2;
    %pad/u 10;
    %ix/vec4 3;
    %ix/load 4, 3, 0; part off
    %ix/load 5, 0, 0; Constant delay
    %assign/vec4/a/d v0x7f890a921ab0, 4, 5;
T_85.9 ;
    %load/vec4 v0x7f890a921950_0;
    %parti/s 1, 4, 4;
    %nor/r;
    %flag_set/vec4 8;
    %jmp/0xz  T_85.11, 8;
    %load/vec4 v0x7f890a921800_0;
    %parti/s 1, 4, 4;
    %load/vec4 v0x7f890a921500_0;
    %parti/s 8, 0, 2;
    %pad/u 10;
    %ix/vec4 3;
    %ix/load 4, 4, 0; part off
    %ix/load 5, 0, 0; Constant delay
    %assign/vec4/a/d v0x7f890a921ab0, 4, 5;
T_85.11 ;
    %load/vec4 v0x7f890a921950_0;
    %parti/s 1, 5, 4;
    %nor/r;
    %flag_set/vec4 8;
    %jmp/0xz  T_85.13, 8;
    %load/vec4 v0x7f890a921800_0;
    %parti/s 1, 5, 4;
    %load/vec4 v0x7f890a921500_0;
    %parti/s 8, 0, 2;
    %pad/u 10;
    %ix/vec4 3;
    %ix/load 4, 5, 0; part off
    %ix/load 5, 0, 0; Constant delay
    %assign/vec4/a/d v0x7f890a921ab0, 4, 5;
T_85.13 ;
    %load/vec4 v0x7f890a921950_0;
    %parti/s 1, 6, 4;
    %nor/r;
    %flag_set/vec4 8;
    %jmp/0xz  T_85.15, 8;
    %load/vec4 v0x7f890a921800_0;
    %parti/s 1, 6, 4;
    %load/vec4 v0x7f890a921500_0;
    %parti/s 8, 0, 2;
    %pad/u 10;
    %ix/vec4 3;
    %ix/load 4, 6, 0; part off
    %ix/load 5, 0, 0; Constant delay
    %assign/vec4/a/d v0x7f890a921ab0, 4, 5;
T_85.15 ;
    %load/vec4 v0x7f890a921950_0;
    %parti/s 1, 7, 4;
    %nor/r;
    %flag_set/vec4 8;
    %jmp/0xz  T_85.17, 8;
    %load/vec4 v0x7f890a921800_0;
    %parti/s 1, 7, 4;
    %load/vec4 v0x7f890a921500_0;
    %parti/s 8, 0, 2;
    %pad/u 10;
    %ix/vec4 3;
    %ix/load 4, 7, 0; part off
    %ix/load 5, 0, 0; Constant delay
    %assign/vec4/a/d v0x7f890a921ab0, 4, 5;
T_85.17 ;
    %load/vec4 v0x7f890a921950_0;
    %parti/s 1, 8, 5;
    %nor/r;
    %flag_set/vec4 8;
    %jmp/0xz  T_85.19, 8;
    %load/vec4 v0x7f890a921800_0;
    %parti/s 1, 8, 5;
    %load/vec4 v0x7f890a921500_0;
    %parti/s 8, 0, 2;
    %pad/u 10;
    %ix/vec4 3;
    %ix/load 4, 8, 0; part off
    %ix/load 5, 0, 0; Constant delay
    %assign/vec4/a/d v0x7f890a921ab0, 4, 5;
T_85.19 ;
    %load/vec4 v0x7f890a921950_0;
    %parti/s 1, 9, 5;
    %nor/r;
    %flag_set/vec4 8;
    %jmp/0xz  T_85.21, 8;
    %load/vec4 v0x7f890a921800_0;
    %parti/s 1, 9, 5;
    %load/vec4 v0x7f890a921500_0;
    %parti/s 8, 0, 2;
    %pad/u 10;
    %ix/vec4 3;
    %ix/load 4, 9, 0; part off
    %ix/load 5, 0, 0; Constant delay
    %assign/vec4/a/d v0x7f890a921ab0, 4, 5;
T_85.21 ;
    %load/vec4 v0x7f890a921950_0;
    %parti/s 1, 10, 5;
    %nor/r;
    %flag_set/vec4 8;
    %jmp/0xz  T_85.23, 8;
    %load/vec4 v0x7f890a921800_0;
    %parti/s 1, 10, 5;
    %load/vec4 v0x7f890a921500_0;
    %parti/s 8, 0, 2;
    %pad/u 10;
    %ix/vec4 3;
    %ix/load 4, 10, 0; part off
    %ix/load 5, 0, 0; Constant delay
    %assign/vec4/a/d v0x7f890a921ab0, 4, 5;
T_85.23 ;
    %load/vec4 v0x7f890a921950_0;
    %parti/s 1, 11, 5;
    %nor/r;
    %flag_set/vec4 8;
    %jmp/0xz  T_85.25, 8;
    %load/vec4 v0x7f890a921800_0;
    %parti/s 1, 11, 5;
    %load/vec4 v0x7f890a921500_0;
    %parti/s 8, 0, 2;
    %pad/u 10;
    %ix/vec4 3;
    %ix/load 4, 11, 0; part off
    %ix/load 5, 0, 0; Constant delay
    %assign/vec4/a/d v0x7f890a921ab0, 4, 5;
T_85.25 ;
    %load/vec4 v0x7f890a921950_0;
    %parti/s 1, 12, 5;
    %nor/r;
    %flag_set/vec4 8;
    %jmp/0xz  T_85.27, 8;
    %load/vec4 v0x7f890a921800_0;
    %parti/s 1, 12, 5;
    %load/vec4 v0x7f890a921500_0;
    %parti/s 8, 0, 2;
    %pad/u 10;
    %ix/vec4 3;
    %ix/load 4, 12, 0; part off
    %ix/load 5, 0, 0; Constant delay
    %assign/vec4/a/d v0x7f890a921ab0, 4, 5;
T_85.27 ;
    %load/vec4 v0x7f890a921950_0;
    %parti/s 1, 13, 5;
    %nor/r;
    %flag_set/vec4 8;
    %jmp/0xz  T_85.29, 8;
    %load/vec4 v0x7f890a921800_0;
    %parti/s 1, 13, 5;
    %load/vec4 v0x7f890a921500_0;
    %parti/s 8, 0, 2;
    %pad/u 10;
    %ix/vec4 3;
    %ix/load 4, 13, 0; part off
    %ix/load 5, 0, 0; Constant delay
    %assign/vec4/a/d v0x7f890a921ab0, 4, 5;
T_85.29 ;
    %load/vec4 v0x7f890a921950_0;
    %parti/s 1, 14, 5;
    %nor/r;
    %flag_set/vec4 8;
    %jmp/0xz  T_85.31, 8;
    %load/vec4 v0x7f890a921800_0;
    %parti/s 1, 14, 5;
    %load/vec4 v0x7f890a921500_0;
    %parti/s 8, 0, 2;
    %pad/u 10;
    %ix/vec4 3;
    %ix/load 4, 14, 0; part off
    %ix/load 5, 0, 0; Constant delay
    %assign/vec4/a/d v0x7f890a921ab0, 4, 5;
T_85.31 ;
    %load/vec4 v0x7f890a921950_0;
    %parti/s 1, 15, 5;
    %nor/r;
    %flag_set/vec4 8;
    %jmp/0xz  T_85.33, 8;
    %load/vec4 v0x7f890a921800_0;
    %parti/s 1, 15, 5;
    %load/vec4 v0x7f890a921500_0;
    %parti/s 8, 0, 2;
    %pad/u 10;
    %ix/vec4 3;
    %ix/load 4, 15, 0; part off
    %ix/load 5, 0, 0; Constant delay
    %assign/vec4/a/d v0x7f890a921ab0, 4, 5;
T_85.33 ;
T_85.0 ;
    %jmp T_85;
    .thread T_85;
    .scope S_0x7f890a91ef80;
T_86 ;
    %wait E_0x7f890a920800;
    %load/vec4 v0x7f890a9213b0_0;
    %flag_set/vec4 9;
    %flag_get/vec4 9;
    %jmp/0 T_86.2, 9;
    %load/vec4 v0x7f890a921170_0;
    %and;
T_86.2;
    %flag_set/vec4 8;
    %jmp/0xz  T_86.0, 8;
    %load/vec4 v0x7f890a921010_0;
    %parti/s 8, 0, 2;
    %pad/u 10;
    %ix/vec4 4;
    %load/vec4a v0x7f890a921ab0, 4;
    %load/vec4 v0x7f890a921450_0;
    %inv;
    %and;
    %assign/vec4 v0x7f890a921300_0, 0;
T_86.0 ;
    %jmp T_86;
    .thread T_86;
    .scope S_0x7f890a922500;
T_87 ;
    %pushi/vec4 0, 0, 32;
    %store/vec4 v0x7f890a924fc0_0, 0, 32;
T_87.0 ; Top of for-loop 
    %load/vec4 v0x7f890a924fc0_0;
    %cmpi/s 16, 0, 32;
    %jmp/0xz T_87.1, 5;
    %pushi/vec4 0, 0, 256;
    %load/vec4 v0x7f890a924fc0_0;
    %muli 16, 0, 32;
    %part/s 16;
    %pushi/vec4 0, 0, 32;
    %load/vec4 v0x7f890a924fc0_0;
    %add;
    %ix/vec4/s 4;
    %store/vec4a v0x7f890a925070, 4, 0;
    %pushi/vec4 0, 0, 256;
    %load/vec4 v0x7f890a924fc0_0;
    %muli 16, 0, 32;
    %part/s 16;
    %pushi/vec4 16, 0, 32;
    %load/vec4 v0x7f890a924fc0_0;
    %add;
    %ix/vec4/s 4;
    %store/vec4a v0x7f890a925070, 4, 0;
    %pushi/vec4 0, 0, 256;
    %load/vec4 v0x7f890a924fc0_0;
    %muli 16, 0, 32;
    %part/s 16;
    %pushi/vec4 32, 0, 32;
    %load/vec4 v0x7f890a924fc0_0;
    %add;
    %ix/vec4/s 4;
    %store/vec4a v0x7f890a925070, 4, 0;
    %pushi/vec4 0, 0, 256;
    %load/vec4 v0x7f890a924fc0_0;
    %muli 16, 0, 32;
    %part/s 16;
    %pushi/vec4 48, 0, 32;
    %load/vec4 v0x7f890a924fc0_0;
    %add;
    %ix/vec4/s 4;
    %store/vec4a v0x7f890a925070, 4, 0;
    %pushi/vec4 0, 0, 256;
    %load/vec4 v0x7f890a924fc0_0;
    %muli 16, 0, 32;
    %part/s 16;
    %pushi/vec4 64, 0, 32;
    %load/vec4 v0x7f890a924fc0_0;
    %add;
    %ix/vec4/s 4;
    %store/vec4a v0x7f890a925070, 4, 0;
    %pushi/vec4 0, 0, 256;
    %load/vec4 v0x7f890a924fc0_0;
    %muli 16, 0, 32;
    %part/s 16;
    %pushi/vec4 80, 0, 32;
    %load/vec4 v0x7f890a924fc0_0;
    %add;
    %ix/vec4/s 4;
    %store/vec4a v0x7f890a925070, 4, 0;
    %pushi/vec4 0, 0, 256;
    %load/vec4 v0x7f890a924fc0_0;
    %muli 16, 0, 32;
    %part/s 16;
    %pushi/vec4 96, 0, 32;
    %load/vec4 v0x7f890a924fc0_0;
    %add;
    %ix/vec4/s 4;
    %store/vec4a v0x7f890a925070, 4, 0;
    %pushi/vec4 0, 0, 256;
    %load/vec4 v0x7f890a924fc0_0;
    %muli 16, 0, 32;
    %part/s 16;
    %pushi/vec4 112, 0, 32;
    %load/vec4 v0x7f890a924fc0_0;
    %add;
    %ix/vec4/s 4;
    %store/vec4a v0x7f890a925070, 4, 0;
    %pushi/vec4 0, 0, 256;
    %load/vec4 v0x7f890a924fc0_0;
    %muli 16, 0, 32;
    %part/s 16;
    %pushi/vec4 128, 0, 32;
    %load/vec4 v0x7f890a924fc0_0;
    %add;
    %ix/vec4/s 4;
    %store/vec4a v0x7f890a925070, 4, 0;
    %pushi/vec4 0, 0, 256;
    %load/vec4 v0x7f890a924fc0_0;
    %muli 16, 0, 32;
    %part/s 16;
    %pushi/vec4 144, 0, 32;
    %load/vec4 v0x7f890a924fc0_0;
    %add;
    %ix/vec4/s 4;
    %store/vec4a v0x7f890a925070, 4, 0;
    %pushi/vec4 0, 0, 256;
    %load/vec4 v0x7f890a924fc0_0;
    %muli 16, 0, 32;
    %part/s 16;
    %pushi/vec4 160, 0, 32;
    %load/vec4 v0x7f890a924fc0_0;
    %add;
    %ix/vec4/s 4;
    %store/vec4a v0x7f890a925070, 4, 0;
    %pushi/vec4 0, 0, 256;
    %load/vec4 v0x7f890a924fc0_0;
    %muli 16, 0, 32;
    %part/s 16;
    %pushi/vec4 176, 0, 32;
    %load/vec4 v0x7f890a924fc0_0;
    %add;
    %ix/vec4/s 4;
    %store/vec4a v0x7f890a925070, 4, 0;
    %pushi/vec4 0, 0, 256;
    %load/vec4 v0x7f890a924fc0_0;
    %muli 16, 0, 32;
    %part/s 16;
    %pushi/vec4 192, 0, 32;
    %load/vec4 v0x7f890a924fc0_0;
    %add;
    %ix/vec4/s 4;
    %store/vec4a v0x7f890a925070, 4, 0;
    %pushi/vec4 0, 0, 256;
    %load/vec4 v0x7f890a924fc0_0;
    %muli 16, 0, 32;
    %part/s 16;
    %pushi/vec4 208, 0, 32;
    %load/vec4 v0x7f890a924fc0_0;
    %add;
    %ix/vec4/s 4;
    %store/vec4a v0x7f890a925070, 4, 0;
    %pushi/vec4 0, 0, 256;
    %load/vec4 v0x7f890a924fc0_0;
    %muli 16, 0, 32;
    %part/s 16;
    %pushi/vec4 224, 0, 32;
    %load/vec4 v0x7f890a924fc0_0;
    %add;
    %ix/vec4/s 4;
    %store/vec4a v0x7f890a925070, 4, 0;
    %pushi/vec4 0, 0, 256;
    %load/vec4 v0x7f890a924fc0_0;
    %muli 16, 0, 32;
    %part/s 16;
    %pushi/vec4 240, 0, 32;
    %load/vec4 v0x7f890a924fc0_0;
    %add;
    %ix/vec4/s 4;
    %store/vec4a v0x7f890a925070, 4, 0;
T_87.2 ; for-loop step statement
    %load/vec4 v0x7f890a924fc0_0;
    %addi 1, 0, 32;
    %store/vec4 v0x7f890a924fc0_0, 0, 32;
    %jmp T_87.0;
T_87.1 ; for-loop exit label
    %end;
    .thread T_87;
    .scope S_0x7f890a922500;
T_88 ;
    %wait E_0x7f890a923e20;
    %load/vec4 v0x7f890a924e70_0;
    %flag_set/vec4 9;
    %flag_get/vec4 9;
    %jmp/0 T_88.2, 9;
    %load/vec4 v0x7f890a924c70_0;
    %and;
T_88.2;
    %flag_set/vec4 8;
    %jmp/0xz  T_88.0, 8;
    %load/vec4 v0x7f890a924f10_0;
    %parti/s 1, 0, 2;
    %nor/r;
    %flag_set/vec4 8;
    %jmp/0xz  T_88.3, 8;
    %load/vec4 v0x7f890a924dc0_0;
    %parti/s 1, 0, 2;
    %load/vec4 v0x7f890a924ac0_0;
    %parti/s 8, 0, 2;
    %pad/u 10;
    %ix/vec4 3;
    %ix/load 4, 0, 0; Constant delay
    %assign/vec4/a/d v0x7f890a925070, 0, 4;
T_88.3 ;
    %load/vec4 v0x7f890a924f10_0;
    %parti/s 1, 1, 2;
    %nor/r;
    %flag_set/vec4 8;
    %jmp/0xz  T_88.5, 8;
    %load/vec4 v0x7f890a924dc0_0;
    %parti/s 1, 1, 2;
    %load/vec4 v0x7f890a924ac0_0;
    %parti/s 8, 0, 2;
    %pad/u 10;
    %ix/vec4 3;
    %ix/load 4, 1, 0; part off
    %ix/load 5, 0, 0; Constant delay
    %assign/vec4/a/d v0x7f890a925070, 4, 5;
T_88.5 ;
    %load/vec4 v0x7f890a924f10_0;
    %parti/s 1, 2, 3;
    %nor/r;
    %flag_set/vec4 8;
    %jmp/0xz  T_88.7, 8;
    %load/vec4 v0x7f890a924dc0_0;
    %parti/s 1, 2, 3;
    %load/vec4 v0x7f890a924ac0_0;
    %parti/s 8, 0, 2;
    %pad/u 10;
    %ix/vec4 3;
    %ix/load 4, 2, 0; part off
    %ix/load 5, 0, 0; Constant delay
    %assign/vec4/a/d v0x7f890a925070, 4, 5;
T_88.7 ;
    %load/vec4 v0x7f890a924f10_0;
    %parti/s 1, 3, 3;
    %nor/r;
    %flag_set/vec4 8;
    %jmp/0xz  T_88.9, 8;
    %load/vec4 v0x7f890a924dc0_0;
    %parti/s 1, 3, 3;
    %load/vec4 v0x7f890a924ac0_0;
    %parti/s 8, 0, 2;
    %pad/u 10;
    %ix/vec4 3;
    %ix/load 4, 3, 0; part off
    %ix/load 5, 0, 0; Constant delay
    %assign/vec4/a/d v0x7f890a925070, 4, 5;
T_88.9 ;
    %load/vec4 v0x7f890a924f10_0;
    %parti/s 1, 4, 4;
    %nor/r;
    %flag_set/vec4 8;
    %jmp/0xz  T_88.11, 8;
    %load/vec4 v0x7f890a924dc0_0;
    %parti/s 1, 4, 4;
    %load/vec4 v0x7f890a924ac0_0;
    %parti/s 8, 0, 2;
    %pad/u 10;
    %ix/vec4 3;
    %ix/load 4, 4, 0; part off
    %ix/load 5, 0, 0; Constant delay
    %assign/vec4/a/d v0x7f890a925070, 4, 5;
T_88.11 ;
    %load/vec4 v0x7f890a924f10_0;
    %parti/s 1, 5, 4;
    %nor/r;
    %flag_set/vec4 8;
    %jmp/0xz  T_88.13, 8;
    %load/vec4 v0x7f890a924dc0_0;
    %parti/s 1, 5, 4;
    %load/vec4 v0x7f890a924ac0_0;
    %parti/s 8, 0, 2;
    %pad/u 10;
    %ix/vec4 3;
    %ix/load 4, 5, 0; part off
    %ix/load 5, 0, 0; Constant delay
    %assign/vec4/a/d v0x7f890a925070, 4, 5;
T_88.13 ;
    %load/vec4 v0x7f890a924f10_0;
    %parti/s 1, 6, 4;
    %nor/r;
    %flag_set/vec4 8;
    %jmp/0xz  T_88.15, 8;
    %load/vec4 v0x7f890a924dc0_0;
    %parti/s 1, 6, 4;
    %load/vec4 v0x7f890a924ac0_0;
    %parti/s 8, 0, 2;
    %pad/u 10;
    %ix/vec4 3;
    %ix/load 4, 6, 0; part off
    %ix/load 5, 0, 0; Constant delay
    %assign/vec4/a/d v0x7f890a925070, 4, 5;
T_88.15 ;
    %load/vec4 v0x7f890a924f10_0;
    %parti/s 1, 7, 4;
    %nor/r;
    %flag_set/vec4 8;
    %jmp/0xz  T_88.17, 8;
    %load/vec4 v0x7f890a924dc0_0;
    %parti/s 1, 7, 4;
    %load/vec4 v0x7f890a924ac0_0;
    %parti/s 8, 0, 2;
    %pad/u 10;
    %ix/vec4 3;
    %ix/load 4, 7, 0; part off
    %ix/load 5, 0, 0; Constant delay
    %assign/vec4/a/d v0x7f890a925070, 4, 5;
T_88.17 ;
    %load/vec4 v0x7f890a924f10_0;
    %parti/s 1, 8, 5;
    %nor/r;
    %flag_set/vec4 8;
    %jmp/0xz  T_88.19, 8;
    %load/vec4 v0x7f890a924dc0_0;
    %parti/s 1, 8, 5;
    %load/vec4 v0x7f890a924ac0_0;
    %parti/s 8, 0, 2;
    %pad/u 10;
    %ix/vec4 3;
    %ix/load 4, 8, 0; part off
    %ix/load 5, 0, 0; Constant delay
    %assign/vec4/a/d v0x7f890a925070, 4, 5;
T_88.19 ;
    %load/vec4 v0x7f890a924f10_0;
    %parti/s 1, 9, 5;
    %nor/r;
    %flag_set/vec4 8;
    %jmp/0xz  T_88.21, 8;
    %load/vec4 v0x7f890a924dc0_0;
    %parti/s 1, 9, 5;
    %load/vec4 v0x7f890a924ac0_0;
    %parti/s 8, 0, 2;
    %pad/u 10;
    %ix/vec4 3;
    %ix/load 4, 9, 0; part off
    %ix/load 5, 0, 0; Constant delay
    %assign/vec4/a/d v0x7f890a925070, 4, 5;
T_88.21 ;
    %load/vec4 v0x7f890a924f10_0;
    %parti/s 1, 10, 5;
    %nor/r;
    %flag_set/vec4 8;
    %jmp/0xz  T_88.23, 8;
    %load/vec4 v0x7f890a924dc0_0;
    %parti/s 1, 10, 5;
    %load/vec4 v0x7f890a924ac0_0;
    %parti/s 8, 0, 2;
    %pad/u 10;
    %ix/vec4 3;
    %ix/load 4, 10, 0; part off
    %ix/load 5, 0, 0; Constant delay
    %assign/vec4/a/d v0x7f890a925070, 4, 5;
T_88.23 ;
    %load/vec4 v0x7f890a924f10_0;
    %parti/s 1, 11, 5;
    %nor/r;
    %flag_set/vec4 8;
    %jmp/0xz  T_88.25, 8;
    %load/vec4 v0x7f890a924dc0_0;
    %parti/s 1, 11, 5;
    %load/vec4 v0x7f890a924ac0_0;
    %parti/s 8, 0, 2;
    %pad/u 10;
    %ix/vec4 3;
    %ix/load 4, 11, 0; part off
    %ix/load 5, 0, 0; Constant delay
    %assign/vec4/a/d v0x7f890a925070, 4, 5;
T_88.25 ;
    %load/vec4 v0x7f890a924f10_0;
    %parti/s 1, 12, 5;
    %nor/r;
    %flag_set/vec4 8;
    %jmp/0xz  T_88.27, 8;
    %load/vec4 v0x7f890a924dc0_0;
    %parti/s 1, 12, 5;
    %load/vec4 v0x7f890a924ac0_0;
    %parti/s 8, 0, 2;
    %pad/u 10;
    %ix/vec4 3;
    %ix/load 4, 12, 0; part off
    %ix/load 5, 0, 0; Constant delay
    %assign/vec4/a/d v0x7f890a925070, 4, 5;
T_88.27 ;
    %load/vec4 v0x7f890a924f10_0;
    %parti/s 1, 13, 5;
    %nor/r;
    %flag_set/vec4 8;
    %jmp/0xz  T_88.29, 8;
    %load/vec4 v0x7f890a924dc0_0;
    %parti/s 1, 13, 5;
    %load/vec4 v0x7f890a924ac0_0;
    %parti/s 8, 0, 2;
    %pad/u 10;
    %ix/vec4 3;
    %ix/load 4, 13, 0; part off
    %ix/load 5, 0, 0; Constant delay
    %assign/vec4/a/d v0x7f890a925070, 4, 5;
T_88.29 ;
    %load/vec4 v0x7f890a924f10_0;
    %parti/s 1, 14, 5;
    %nor/r;
    %flag_set/vec4 8;
    %jmp/0xz  T_88.31, 8;
    %load/vec4 v0x7f890a924dc0_0;
    %parti/s 1, 14, 5;
    %load/vec4 v0x7f890a924ac0_0;
    %parti/s 8, 0, 2;
    %pad/u 10;
    %ix/vec4 3;
    %ix/load 4, 14, 0; part off
    %ix/load 5, 0, 0; Constant delay
    %assign/vec4/a/d v0x7f890a925070, 4, 5;
T_88.31 ;
    %load/vec4 v0x7f890a924f10_0;
    %parti/s 1, 15, 5;
    %nor/r;
    %flag_set/vec4 8;
    %jmp/0xz  T_88.33, 8;
    %load/vec4 v0x7f890a924dc0_0;
    %parti/s 1, 15, 5;
    %load/vec4 v0x7f890a924ac0_0;
    %parti/s 8, 0, 2;
    %pad/u 10;
    %ix/vec4 3;
    %ix/load 4, 15, 0; part off
    %ix/load 5, 0, 0; Constant delay
    %assign/vec4/a/d v0x7f890a925070, 4, 5;
T_88.33 ;
T_88.0 ;
    %jmp T_88;
    .thread T_88;
    .scope S_0x7f890a922500;
T_89 ;
    %wait E_0x7f890a923dc0;
    %load/vec4 v0x7f890a924970_0;
    %flag_set/vec4 9;
    %flag_get/vec4 9;
    %jmp/0 T_89.2, 9;
    %load/vec4 v0x7f890a924730_0;
    %and;
T_89.2;
    %flag_set/vec4 8;
    %jmp/0xz  T_89.0, 8;
    %load/vec4 v0x7f890a9245d0_0;
    %parti/s 8, 0, 2;
    %pad/u 10;
    %ix/vec4 4;
    %load/vec4a v0x7f890a925070, 4;
    %load/vec4 v0x7f890a924a10_0;
    %inv;
    %and;
    %assign/vec4 v0x7f890a9248c0_0, 0;
T_89.0 ;
    %jmp T_89;
    .thread T_89;
    .scope S_0x7f890a925ac0;
T_90 ;
    %pushi/vec4 0, 0, 32;
    %store/vec4 v0x7f890a928580_0, 0, 32;
T_90.0 ; Top of for-loop 
    %load/vec4 v0x7f890a928580_0;
    %cmpi/s 16, 0, 32;
    %jmp/0xz T_90.1, 5;
    %pushi/vec4 0, 0, 256;
    %load/vec4 v0x7f890a928580_0;
    %muli 16, 0, 32;
    %part/s 16;
    %pushi/vec4 0, 0, 32;
    %load/vec4 v0x7f890a928580_0;
    %add;
    %ix/vec4/s 4;
    %store/vec4a v0x7f890a928630, 4, 0;
    %pushi/vec4 0, 0, 256;
    %load/vec4 v0x7f890a928580_0;
    %muli 16, 0, 32;
    %part/s 16;
    %pushi/vec4 16, 0, 32;
    %load/vec4 v0x7f890a928580_0;
    %add;
    %ix/vec4/s 4;
    %store/vec4a v0x7f890a928630, 4, 0;
    %pushi/vec4 0, 0, 256;
    %load/vec4 v0x7f890a928580_0;
    %muli 16, 0, 32;
    %part/s 16;
    %pushi/vec4 32, 0, 32;
    %load/vec4 v0x7f890a928580_0;
    %add;
    %ix/vec4/s 4;
    %store/vec4a v0x7f890a928630, 4, 0;
    %pushi/vec4 0, 0, 256;
    %load/vec4 v0x7f890a928580_0;
    %muli 16, 0, 32;
    %part/s 16;
    %pushi/vec4 48, 0, 32;
    %load/vec4 v0x7f890a928580_0;
    %add;
    %ix/vec4/s 4;
    %store/vec4a v0x7f890a928630, 4, 0;
    %pushi/vec4 0, 0, 256;
    %load/vec4 v0x7f890a928580_0;
    %muli 16, 0, 32;
    %part/s 16;
    %pushi/vec4 64, 0, 32;
    %load/vec4 v0x7f890a928580_0;
    %add;
    %ix/vec4/s 4;
    %store/vec4a v0x7f890a928630, 4, 0;
    %pushi/vec4 0, 0, 256;
    %load/vec4 v0x7f890a928580_0;
    %muli 16, 0, 32;
    %part/s 16;
    %pushi/vec4 80, 0, 32;
    %load/vec4 v0x7f890a928580_0;
    %add;
    %ix/vec4/s 4;
    %store/vec4a v0x7f890a928630, 4, 0;
    %pushi/vec4 0, 0, 256;
    %load/vec4 v0x7f890a928580_0;
    %muli 16, 0, 32;
    %part/s 16;
    %pushi/vec4 96, 0, 32;
    %load/vec4 v0x7f890a928580_0;
    %add;
    %ix/vec4/s 4;
    %store/vec4a v0x7f890a928630, 4, 0;
    %pushi/vec4 0, 0, 256;
    %load/vec4 v0x7f890a928580_0;
    %muli 16, 0, 32;
    %part/s 16;
    %pushi/vec4 112, 0, 32;
    %load/vec4 v0x7f890a928580_0;
    %add;
    %ix/vec4/s 4;
    %store/vec4a v0x7f890a928630, 4, 0;
    %pushi/vec4 0, 0, 256;
    %load/vec4 v0x7f890a928580_0;
    %muli 16, 0, 32;
    %part/s 16;
    %pushi/vec4 128, 0, 32;
    %load/vec4 v0x7f890a928580_0;
    %add;
    %ix/vec4/s 4;
    %store/vec4a v0x7f890a928630, 4, 0;
    %pushi/vec4 0, 0, 256;
    %load/vec4 v0x7f890a928580_0;
    %muli 16, 0, 32;
    %part/s 16;
    %pushi/vec4 144, 0, 32;
    %load/vec4 v0x7f890a928580_0;
    %add;
    %ix/vec4/s 4;
    %store/vec4a v0x7f890a928630, 4, 0;
    %pushi/vec4 0, 0, 256;
    %load/vec4 v0x7f890a928580_0;
    %muli 16, 0, 32;
    %part/s 16;
    %pushi/vec4 160, 0, 32;
    %load/vec4 v0x7f890a928580_0;
    %add;
    %ix/vec4/s 4;
    %store/vec4a v0x7f890a928630, 4, 0;
    %pushi/vec4 0, 0, 256;
    %load/vec4 v0x7f890a928580_0;
    %muli 16, 0, 32;
    %part/s 16;
    %pushi/vec4 176, 0, 32;
    %load/vec4 v0x7f890a928580_0;
    %add;
    %ix/vec4/s 4;
    %store/vec4a v0x7f890a928630, 4, 0;
    %pushi/vec4 0, 0, 256;
    %load/vec4 v0x7f890a928580_0;
    %muli 16, 0, 32;
    %part/s 16;
    %pushi/vec4 192, 0, 32;
    %load/vec4 v0x7f890a928580_0;
    %add;
    %ix/vec4/s 4;
    %store/vec4a v0x7f890a928630, 4, 0;
    %pushi/vec4 0, 0, 256;
    %load/vec4 v0x7f890a928580_0;
    %muli 16, 0, 32;
    %part/s 16;
    %pushi/vec4 208, 0, 32;
    %load/vec4 v0x7f890a928580_0;
    %add;
    %ix/vec4/s 4;
    %store/vec4a v0x7f890a928630, 4, 0;
    %pushi/vec4 0, 0, 256;
    %load/vec4 v0x7f890a928580_0;
    %muli 16, 0, 32;
    %part/s 16;
    %pushi/vec4 224, 0, 32;
    %load/vec4 v0x7f890a928580_0;
    %add;
    %ix/vec4/s 4;
    %store/vec4a v0x7f890a928630, 4, 0;
    %pushi/vec4 0, 0, 256;
    %load/vec4 v0x7f890a928580_0;
    %muli 16, 0, 32;
    %part/s 16;
    %pushi/vec4 240, 0, 32;
    %load/vec4 v0x7f890a928580_0;
    %add;
    %ix/vec4/s 4;
    %store/vec4a v0x7f890a928630, 4, 0;
T_90.2 ; for-loop step statement
    %load/vec4 v0x7f890a928580_0;
    %addi 1, 0, 32;
    %store/vec4 v0x7f890a928580_0, 0, 32;
    %jmp T_90.0;
T_90.1 ; for-loop exit label
    %end;
    .thread T_90;
    .scope S_0x7f890a925ac0;
T_91 ;
    %wait E_0x7f890a9273e0;
    %load/vec4 v0x7f890a928430_0;
    %flag_set/vec4 9;
    %flag_get/vec4 9;
    %jmp/0 T_91.2, 9;
    %load/vec4 v0x7f890a928230_0;
    %and;
T_91.2;
    %flag_set/vec4 8;
    %jmp/0xz  T_91.0, 8;
    %load/vec4 v0x7f890a9284d0_0;
    %parti/s 1, 0, 2;
    %nor/r;
    %flag_set/vec4 8;
    %jmp/0xz  T_91.3, 8;
    %load/vec4 v0x7f890a928380_0;
    %parti/s 1, 0, 2;
    %load/vec4 v0x7f890a928080_0;
    %parti/s 8, 0, 2;
    %pad/u 10;
    %ix/vec4 3;
    %ix/load 4, 0, 0; Constant delay
    %assign/vec4/a/d v0x7f890a928630, 0, 4;
T_91.3 ;
    %load/vec4 v0x7f890a9284d0_0;
    %parti/s 1, 1, 2;
    %nor/r;
    %flag_set/vec4 8;
    %jmp/0xz  T_91.5, 8;
    %load/vec4 v0x7f890a928380_0;
    %parti/s 1, 1, 2;
    %load/vec4 v0x7f890a928080_0;
    %parti/s 8, 0, 2;
    %pad/u 10;
    %ix/vec4 3;
    %ix/load 4, 1, 0; part off
    %ix/load 5, 0, 0; Constant delay
    %assign/vec4/a/d v0x7f890a928630, 4, 5;
T_91.5 ;
    %load/vec4 v0x7f890a9284d0_0;
    %parti/s 1, 2, 3;
    %nor/r;
    %flag_set/vec4 8;
    %jmp/0xz  T_91.7, 8;
    %load/vec4 v0x7f890a928380_0;
    %parti/s 1, 2, 3;
    %load/vec4 v0x7f890a928080_0;
    %parti/s 8, 0, 2;
    %pad/u 10;
    %ix/vec4 3;
    %ix/load 4, 2, 0; part off
    %ix/load 5, 0, 0; Constant delay
    %assign/vec4/a/d v0x7f890a928630, 4, 5;
T_91.7 ;
    %load/vec4 v0x7f890a9284d0_0;
    %parti/s 1, 3, 3;
    %nor/r;
    %flag_set/vec4 8;
    %jmp/0xz  T_91.9, 8;
    %load/vec4 v0x7f890a928380_0;
    %parti/s 1, 3, 3;
    %load/vec4 v0x7f890a928080_0;
    %parti/s 8, 0, 2;
    %pad/u 10;
    %ix/vec4 3;
    %ix/load 4, 3, 0; part off
    %ix/load 5, 0, 0; Constant delay
    %assign/vec4/a/d v0x7f890a928630, 4, 5;
T_91.9 ;
    %load/vec4 v0x7f890a9284d0_0;
    %parti/s 1, 4, 4;
    %nor/r;
    %flag_set/vec4 8;
    %jmp/0xz  T_91.11, 8;
    %load/vec4 v0x7f890a928380_0;
    %parti/s 1, 4, 4;
    %load/vec4 v0x7f890a928080_0;
    %parti/s 8, 0, 2;
    %pad/u 10;
    %ix/vec4 3;
    %ix/load 4, 4, 0; part off
    %ix/load 5, 0, 0; Constant delay
    %assign/vec4/a/d v0x7f890a928630, 4, 5;
T_91.11 ;
    %load/vec4 v0x7f890a9284d0_0;
    %parti/s 1, 5, 4;
    %nor/r;
    %flag_set/vec4 8;
    %jmp/0xz  T_91.13, 8;
    %load/vec4 v0x7f890a928380_0;
    %parti/s 1, 5, 4;
    %load/vec4 v0x7f890a928080_0;
    %parti/s 8, 0, 2;
    %pad/u 10;
    %ix/vec4 3;
    %ix/load 4, 5, 0; part off
    %ix/load 5, 0, 0; Constant delay
    %assign/vec4/a/d v0x7f890a928630, 4, 5;
T_91.13 ;
    %load/vec4 v0x7f890a9284d0_0;
    %parti/s 1, 6, 4;
    %nor/r;
    %flag_set/vec4 8;
    %jmp/0xz  T_91.15, 8;
    %load/vec4 v0x7f890a928380_0;
    %parti/s 1, 6, 4;
    %load/vec4 v0x7f890a928080_0;
    %parti/s 8, 0, 2;
    %pad/u 10;
    %ix/vec4 3;
    %ix/load 4, 6, 0; part off
    %ix/load 5, 0, 0; Constant delay
    %assign/vec4/a/d v0x7f890a928630, 4, 5;
T_91.15 ;
    %load/vec4 v0x7f890a9284d0_0;
    %parti/s 1, 7, 4;
    %nor/r;
    %flag_set/vec4 8;
    %jmp/0xz  T_91.17, 8;
    %load/vec4 v0x7f890a928380_0;
    %parti/s 1, 7, 4;
    %load/vec4 v0x7f890a928080_0;
    %parti/s 8, 0, 2;
    %pad/u 10;
    %ix/vec4 3;
    %ix/load 4, 7, 0; part off
    %ix/load 5, 0, 0; Constant delay
    %assign/vec4/a/d v0x7f890a928630, 4, 5;
T_91.17 ;
    %load/vec4 v0x7f890a9284d0_0;
    %parti/s 1, 8, 5;
    %nor/r;
    %flag_set/vec4 8;
    %jmp/0xz  T_91.19, 8;
    %load/vec4 v0x7f890a928380_0;
    %parti/s 1, 8, 5;
    %load/vec4 v0x7f890a928080_0;
    %parti/s 8, 0, 2;
    %pad/u 10;
    %ix/vec4 3;
    %ix/load 4, 8, 0; part off
    %ix/load 5, 0, 0; Constant delay
    %assign/vec4/a/d v0x7f890a928630, 4, 5;
T_91.19 ;
    %load/vec4 v0x7f890a9284d0_0;
    %parti/s 1, 9, 5;
    %nor/r;
    %flag_set/vec4 8;
    %jmp/0xz  T_91.21, 8;
    %load/vec4 v0x7f890a928380_0;
    %parti/s 1, 9, 5;
    %load/vec4 v0x7f890a928080_0;
    %parti/s 8, 0, 2;
    %pad/u 10;
    %ix/vec4 3;
    %ix/load 4, 9, 0; part off
    %ix/load 5, 0, 0; Constant delay
    %assign/vec4/a/d v0x7f890a928630, 4, 5;
T_91.21 ;
    %load/vec4 v0x7f890a9284d0_0;
    %parti/s 1, 10, 5;
    %nor/r;
    %flag_set/vec4 8;
    %jmp/0xz  T_91.23, 8;
    %load/vec4 v0x7f890a928380_0;
    %parti/s 1, 10, 5;
    %load/vec4 v0x7f890a928080_0;
    %parti/s 8, 0, 2;
    %pad/u 10;
    %ix/vec4 3;
    %ix/load 4, 10, 0; part off
    %ix/load 5, 0, 0; Constant delay
    %assign/vec4/a/d v0x7f890a928630, 4, 5;
T_91.23 ;
    %load/vec4 v0x7f890a9284d0_0;
    %parti/s 1, 11, 5;
    %nor/r;
    %flag_set/vec4 8;
    %jmp/0xz  T_91.25, 8;
    %load/vec4 v0x7f890a928380_0;
    %parti/s 1, 11, 5;
    %load/vec4 v0x7f890a928080_0;
    %parti/s 8, 0, 2;
    %pad/u 10;
    %ix/vec4 3;
    %ix/load 4, 11, 0; part off
    %ix/load 5, 0, 0; Constant delay
    %assign/vec4/a/d v0x7f890a928630, 4, 5;
T_91.25 ;
    %load/vec4 v0x7f890a9284d0_0;
    %parti/s 1, 12, 5;
    %nor/r;
    %flag_set/vec4 8;
    %jmp/0xz  T_91.27, 8;
    %load/vec4 v0x7f890a928380_0;
    %parti/s 1, 12, 5;
    %load/vec4 v0x7f890a928080_0;
    %parti/s 8, 0, 2;
    %pad/u 10;
    %ix/vec4 3;
    %ix/load 4, 12, 0; part off
    %ix/load 5, 0, 0; Constant delay
    %assign/vec4/a/d v0x7f890a928630, 4, 5;
T_91.27 ;
    %load/vec4 v0x7f890a9284d0_0;
    %parti/s 1, 13, 5;
    %nor/r;
    %flag_set/vec4 8;
    %jmp/0xz  T_91.29, 8;
    %load/vec4 v0x7f890a928380_0;
    %parti/s 1, 13, 5;
    %load/vec4 v0x7f890a928080_0;
    %parti/s 8, 0, 2;
    %pad/u 10;
    %ix/vec4 3;
    %ix/load 4, 13, 0; part off
    %ix/load 5, 0, 0; Constant delay
    %assign/vec4/a/d v0x7f890a928630, 4, 5;
T_91.29 ;
    %load/vec4 v0x7f890a9284d0_0;
    %parti/s 1, 14, 5;
    %nor/r;
    %flag_set/vec4 8;
    %jmp/0xz  T_91.31, 8;
    %load/vec4 v0x7f890a928380_0;
    %parti/s 1, 14, 5;
    %load/vec4 v0x7f890a928080_0;
    %parti/s 8, 0, 2;
    %pad/u 10;
    %ix/vec4 3;
    %ix/load 4, 14, 0; part off
    %ix/load 5, 0, 0; Constant delay
    %assign/vec4/a/d v0x7f890a928630, 4, 5;
T_91.31 ;
    %load/vec4 v0x7f890a9284d0_0;
    %parti/s 1, 15, 5;
    %nor/r;
    %flag_set/vec4 8;
    %jmp/0xz  T_91.33, 8;
    %load/vec4 v0x7f890a928380_0;
    %parti/s 1, 15, 5;
    %load/vec4 v0x7f890a928080_0;
    %parti/s 8, 0, 2;
    %pad/u 10;
    %ix/vec4 3;
    %ix/load 4, 15, 0; part off
    %ix/load 5, 0, 0; Constant delay
    %assign/vec4/a/d v0x7f890a928630, 4, 5;
T_91.33 ;
T_91.0 ;
    %jmp T_91;
    .thread T_91;
    .scope S_0x7f890a925ac0;
T_92 ;
    %wait E_0x7f890a927380;
    %load/vec4 v0x7f890a927f30_0;
    %flag_set/vec4 9;
    %flag_get/vec4 9;
    %jmp/0 T_92.2, 9;
    %load/vec4 v0x7f890a927cf0_0;
    %and;
T_92.2;
    %flag_set/vec4 8;
    %jmp/0xz  T_92.0, 8;
    %load/vec4 v0x7f890a927b90_0;
    %parti/s 8, 0, 2;
    %pad/u 10;
    %ix/vec4 4;
    %load/vec4a v0x7f890a928630, 4;
    %load/vec4 v0x7f890a927fd0_0;
    %inv;
    %and;
    %assign/vec4 v0x7f890a927e80_0, 0;
T_92.0 ;
    %jmp T_92;
    .thread T_92;
    .scope S_0x7f89094ea430;
T_93 ;
    %wait E_0x7f89094ea310;
    %pushi/vec4 0, 0, 32;
    %store/vec4 v0x7f890a92c730_0, 0, 32;
T_93.0 ; Top of for-loop 
    %load/vec4 v0x7f890a92c730_0;
    %cmpi/s 16383, 0, 32;
    %flag_or 5, 4;
    %jmp/0xz T_93.1, 5;
    %pushi/vec4 65535, 65535, 16;
    %ix/getv/s 4, v0x7f890a92c730_0;
    %store/vec4a v0x7f890a92c7e0, 4, 0;
T_93.2 ; for-loop step statement
    %load/vec4 v0x7f890a92c730_0;
    %addi 1, 0, 32;
    %store/vec4 v0x7f890a92c730_0, 0, 32;
    %jmp T_93.0;
T_93.1 ; for-loop exit label
    %jmp T_93;
    .thread T_93;
    .scope S_0x7f89094ea430;
T_94 ;
    %wait E_0x7f89094ea2b0;
    %load/vec4 v0x7f890a92c880_0;
    %flag_set/vec4 8;
    %jmp/0xz  T_94.0, 8;
    %pushi/vec4 0, 0, 16;
    %assign/vec4 v0x7f890a92c250_0, 0;
    %jmp T_94.1;
T_94.0 ;
    %load/vec4 v0x7f890a92c4f0_0;
    %flag_set/vec4 8;
    %jmp/0xz  T_94.2, 8;
    %pushi/vec4 65535, 65535, 16;
    %assign/vec4 v0x7f890a92c250_0, 0;
    %jmp T_94.3;
T_94.2 ;
    %load/vec4 v0x7f890a92c0a0_0;
    %flag_set/vec4 8;
    %jmp/0xz  T_94.4, 8;
    %load/vec4 v0x7f890a92c600_0;
    %nor/r;
    %flag_set/vec4 8;
    %jmp/0xz  T_94.6, 8;
    %load/vec4 v0x7f89094ea360_0;
    %pad/u 16;
    %ix/vec4 4;
    %load/vec4a v0x7f890a92c7e0, 4;
    %assign/vec4 v0x7f890a92c250_0, 0;
    %jmp T_94.7;
T_94.6 ;
    %load/vec4 v0x7f890a92c300_0;
    %parti/s 1, 0, 2;
    %flag_set/vec4 8;
    %jmp/0xz  T_94.8, 8;
    %load/vec4 v0x7f890a92c1c0_0;
    %parti/s 4, 0, 2;
    %load/vec4 v0x7f89094ea360_0;
    %pad/u 16;
    %ix/vec4 3;
    %ix/load 4, 0, 0; Constant delay
    %assign/vec4/a/d v0x7f890a92c7e0, 0, 4;
T_94.8 ;
    %load/vec4 v0x7f890a92c300_0;
    %parti/s 1, 1, 2;
    %flag_set/vec4 8;
    %jmp/0xz  T_94.10, 8;
    %load/vec4 v0x7f890a92c1c0_0;
    %parti/s 4, 4, 4;
    %load/vec4 v0x7f89094ea360_0;
    %pad/u 16;
    %ix/vec4 3;
    %ix/load 4, 4, 0; part off
    %ix/load 5, 0, 0; Constant delay
    %assign/vec4/a/d v0x7f890a92c7e0, 4, 5;
T_94.10 ;
    %load/vec4 v0x7f890a92c300_0;
    %parti/s 1, 2, 3;
    %flag_set/vec4 8;
    %jmp/0xz  T_94.12, 8;
    %load/vec4 v0x7f890a92c1c0_0;
    %parti/s 4, 8, 5;
    %load/vec4 v0x7f89094ea360_0;
    %pad/u 16;
    %ix/vec4 3;
    %ix/load 4, 8, 0; part off
    %ix/load 5, 0, 0; Constant delay
    %assign/vec4/a/d v0x7f890a92c7e0, 4, 5;
T_94.12 ;
    %load/vec4 v0x7f890a92c300_0;
    %parti/s 1, 3, 3;
    %flag_set/vec4 8;
    %jmp/0xz  T_94.14, 8;
    %load/vec4 v0x7f890a92c1c0_0;
    %parti/s 4, 12, 5;
    %load/vec4 v0x7f89094ea360_0;
    %pad/u 16;
    %ix/vec4 3;
    %ix/load 4, 12, 0; part off
    %ix/load 5, 0, 0; Constant delay
    %assign/vec4/a/d v0x7f890a92c7e0, 4, 5;
T_94.14 ;
    %pushi/vec4 65535, 65535, 16;
    %assign/vec4 v0x7f890a92c250_0, 0;
T_94.7 ;
T_94.4 ;
T_94.3 ;
T_94.1 ;
    %jmp T_94;
    .thread T_94;
    .scope S_0x7f890a92d550;
T_95 ;
    %wait E_0x7f890a92d990;
    %load/vec4 v0x7f890a92dc50_0;
    %cmpi/e 1, 0, 1;
    %jmp/0xz  T_95.0, 4;
    %pushi/vec4 0, 0, 1;
    %assign/vec4 v0x7f890a92db30_0, 0;
    %pushi/vec4 0, 0, 25;
    %assign/vec4 v0x7f890a92daa0_0, 0;
    %jmp T_95.1;
T_95.0 ;
    %load/vec4 v0x7f890a92daa0_0;
    %cmpi/e 1500000, 0, 25;
    %jmp/0xz  T_95.2, 4;
    %pushi/vec4 0, 0, 25;
    %assign/vec4 v0x7f890a92daa0_0, 0;
    %load/vec4 v0x7f890a92db30_0;
    %nor/r;
    %assign/vec4 v0x7f890a92db30_0, 0;
    %jmp T_95.3;
T_95.2 ;
    %load/vec4 v0x7f890a92daa0_0;
    %addi 1, 0, 25;
    %assign/vec4 v0x7f890a92daa0_0, 0;
T_95.3 ;
T_95.1 ;
    %jmp T_95;
    .thread T_95;
    .scope S_0x7f890a92d550;
T_96 ;
    %wait E_0x7f890a92d930;
    %load/vec4 v0x7f890a92dc50_0;
    %cmpi/e 1, 0, 1;
    %jmp/0xz  T_96.0, 4;
    %pushi/vec4 0, 0, 1;
    %assign/vec4 v0x7f890a92dd20_0, 0;
    %pushi/vec4 0, 0, 5;
    %assign/vec4 v0x7f890a92dbc0_0, 0;
    %jmp T_96.1;
T_96.0 ;
    %load/vec4 v0x7f890a92dbc0_0;
    %cmpi/e 15, 0, 5;
    %jmp/0xz  T_96.2, 4;
    %pushi/vec4 1, 0, 1;
    %assign/vec4 v0x7f890a92dd20_0, 0;
    %pushi/vec4 0, 0, 5;
    %assign/vec4 v0x7f890a92dbc0_0, 0;
    %jmp T_96.3;
T_96.2 ;
    %load/vec4 v0x7f890a92dbc0_0;
    %addi 1, 0, 5;
    %assign/vec4 v0x7f890a92dbc0_0, 0;
T_96.3 ;
T_96.1 ;
    %jmp T_96;
    .thread T_96;
    .scope S_0x7f890a92cc70;
T_97 ;
    %wait E_0x7f890a92d0f0;
    %load/vec4 v0x7f890a92d3b0_0;
    %cmpi/e 1, 0, 1;
    %jmp/0xz  T_97.0, 4;
    %pushi/vec4 0, 0, 1;
    %assign/vec4 v0x7f890a92d290_0, 0;
    %pushi/vec4 0, 0, 25;
    %assign/vec4 v0x7f890a92d1f0_0, 0;
    %jmp T_97.1;
T_97.0 ;
    %load/vec4 v0x7f890a92d1f0_0;
    %cmpi/e 1500000, 0, 25;
    %jmp/0xz  T_97.2, 4;
    %pushi/vec4 0, 0, 25;
    %assign/vec4 v0x7f890a92d1f0_0, 0;
    %load/vec4 v0x7f890a92d290_0;
    %nor/r;
    %assign/vec4 v0x7f890a92d290_0, 0;
    %jmp T_97.3;
T_97.2 ;
    %load/vec4 v0x7f890a92d1f0_0;
    %addi 1, 0, 25;
    %assign/vec4 v0x7f890a92d1f0_0, 0;
T_97.3 ;
T_97.1 ;
    %jmp T_97;
    .thread T_97;
    .scope S_0x7f890a92cc70;
T_98 ;
    %wait E_0x7f890a92cf20;
    %load/vec4 v0x7f890a92d3b0_0;
    %cmpi/e 1, 0, 1;
    %jmp/0xz  T_98.0, 4;
    %pushi/vec4 0, 0, 1;
    %assign/vec4 v0x7f890a92d480_0, 0;
    %pushi/vec4 15, 0, 5;
    %assign/vec4 v0x7f890a92d320_0, 0;
    %jmp T_98.1;
T_98.0 ;
    %load/vec4 v0x7f890a92d320_0;
    %pad/u 32;
    %cmpi/e 0, 0, 32;
    %jmp/0xz  T_98.2, 4;
    %pushi/vec4 1, 0, 1;
    %assign/vec4 v0x7f890a92d480_0, 0;
    %pushi/vec4 15, 0, 5;
    %assign/vec4 v0x7f890a92d320_0, 0;
    %jmp T_98.3;
T_98.2 ;
    %load/vec4 v0x7f890a92d320_0;
    %subi 1, 0, 5;
    %assign/vec4 v0x7f890a92d320_0, 0;
T_98.3 ;
T_98.1 ;
    %jmp T_98;
    .thread T_98;
    .scope S_0x7f89094ea850;
T_99 ;
    %wait E_0x7f890a92cc30;
    %load/vec4 v0x7f890a92ee40_0;
    %pad/u 32;
    %cmpi/e 0, 0, 32;
    %jmp/0xz  T_99.0, 4;
    %load/vec4 v0x7f890a92e910_0;
    %assign/vec4 v0x7f890a92e7c0_0, 0;
    %jmp T_99.1;
T_99.0 ;
    %load/vec4 v0x7f890a92ee40_0;
    %pad/u 32;
    %cmpi/e 1, 0, 32;
    %jmp/0xz  T_99.2, 4;
    %load/vec4 v0x7f890a92e870_0;
    %assign/vec4 v0x7f890a92e7c0_0, 0;
    %jmp T_99.3;
T_99.2 ;
    %pushi/vec4 0, 0, 5;
    %store/vec4 v0x7f890a92e7c0_0, 0, 5;
T_99.3 ;
T_99.1 ;
    %jmp T_99;
    .thread T_99, $push;
    .scope S_0x7f89094ea850;
T_100 ;
    %wait E_0x7f890a92cbd0;
    %load/vec4 v0x7f890a92eac0_0;
    %cmpi/e 1, 0, 1;
    %jmp/0xz  T_100.0, 4;
    %pushi/vec4 0, 0, 1;
    %assign/vec4 v0x7f890a92ee40_0, 0;
    %jmp T_100.1;
T_100.0 ;
    %load/vec4 v0x7f890a92ee40_0;
    %dup/vec4;
    %pushi/vec4 0, 0, 1;
    %cmp/u;
    %jmp/1 T_100.2, 6;
    %dup/vec4;
    %pushi/vec4 1, 0, 1;
    %cmp/u;
    %jmp/1 T_100.3, 6;
    %jmp T_100.4;
T_100.2 ;
    %load/vec4 v0x7f890a92e720_0;
    %cmpi/e 1, 0, 1;
    %jmp/0xz  T_100.5, 4;
    %load/vec4 v0x7f890a92ed90_0;
    %pad/u 32;
    %cmpi/e 1, 0, 32;
    %jmp/0xz  T_100.7, 4;
    %pushi/vec4 1, 0, 1;
    %assign/vec4 v0x7f890a92ee40_0, 0;
T_100.7 ;
T_100.5 ;
    %jmp T_100.4;
T_100.3 ;
    %load/vec4 v0x7f890a92ed00_0;
    %pad/u 32;
    %cmpi/e 1, 0, 32;
    %jmp/0xz  T_100.9, 4;
    %pushi/vec4 0, 0, 1;
    %assign/vec4 v0x7f890a92ee40_0, 0;
T_100.9 ;
    %jmp T_100.4;
T_100.4 ;
    %pop/vec4 1;
T_100.1 ;
    %jmp T_100;
    .thread T_100;
    .scope S_0x7f890a92f870;
T_101 ;
    %wait E_0x7f890a92fcb0;
    %load/vec4 v0x7f890a92ff70_0;
    %cmpi/e 1, 0, 1;
    %jmp/0xz  T_101.0, 4;
    %pushi/vec4 0, 0, 1;
    %assign/vec4 v0x7f890a92fe50_0, 0;
    %pushi/vec4 0, 0, 25;
    %assign/vec4 v0x7f890a92fdc0_0, 0;
    %jmp T_101.1;
T_101.0 ;
    %load/vec4 v0x7f890a92fdc0_0;
    %cmpi/e 1500000, 0, 25;
    %jmp/0xz  T_101.2, 4;
    %pushi/vec4 0, 0, 25;
    %assign/vec4 v0x7f890a92fdc0_0, 0;
    %load/vec4 v0x7f890a92fe50_0;
    %nor/r;
    %assign/vec4 v0x7f890a92fe50_0, 0;
    %jmp T_101.3;
T_101.2 ;
    %load/vec4 v0x7f890a92fdc0_0;
    %addi 1, 0, 25;
    %assign/vec4 v0x7f890a92fdc0_0, 0;
T_101.3 ;
T_101.1 ;
    %jmp T_101;
    .thread T_101;
    .scope S_0x7f890a92f870;
T_102 ;
    %wait E_0x7f890a92fc50;
    %load/vec4 v0x7f890a92ff70_0;
    %cmpi/e 1, 0, 1;
    %jmp/0xz  T_102.0, 4;
    %pushi/vec4 0, 0, 1;
    %assign/vec4 v0x7f890a930040_0, 0;
    %pushi/vec4 0, 0, 5;
    %assign/vec4 v0x7f890a92fee0_0, 0;
    %jmp T_102.1;
T_102.0 ;
    %load/vec4 v0x7f890a92fee0_0;
    %cmpi/e 15, 0, 5;
    %jmp/0xz  T_102.2, 4;
    %pushi/vec4 1, 0, 1;
    %assign/vec4 v0x7f890a930040_0, 0;
    %pushi/vec4 0, 0, 5;
    %assign/vec4 v0x7f890a92fee0_0, 0;
    %jmp T_102.3;
T_102.2 ;
    %load/vec4 v0x7f890a92fee0_0;
    %addi 1, 0, 5;
    %assign/vec4 v0x7f890a92fee0_0, 0;
T_102.3 ;
T_102.1 ;
    %jmp T_102;
    .thread T_102;
    .scope S_0x7f890a92ef90;
T_103 ;
    %wait E_0x7f890a92f410;
    %load/vec4 v0x7f890a92f6d0_0;
    %cmpi/e 1, 0, 1;
    %jmp/0xz  T_103.0, 4;
    %pushi/vec4 0, 0, 1;
    %assign/vec4 v0x7f890a92f5b0_0, 0;
    %pushi/vec4 0, 0, 25;
    %assign/vec4 v0x7f890a92f510_0, 0;
    %jmp T_103.1;
T_103.0 ;
    %load/vec4 v0x7f890a92f510_0;
    %cmpi/e 1500000, 0, 25;
    %jmp/0xz  T_103.2, 4;
    %pushi/vec4 0, 0, 25;
    %assign/vec4 v0x7f890a92f510_0, 0;
    %load/vec4 v0x7f890a92f5b0_0;
    %nor/r;
    %assign/vec4 v0x7f890a92f5b0_0, 0;
    %jmp T_103.3;
T_103.2 ;
    %load/vec4 v0x7f890a92f510_0;
    %addi 1, 0, 25;
    %assign/vec4 v0x7f890a92f510_0, 0;
T_103.3 ;
T_103.1 ;
    %jmp T_103;
    .thread T_103;
    .scope S_0x7f890a92ef90;
T_104 ;
    %wait E_0x7f890a92f240;
    %load/vec4 v0x7f890a92f6d0_0;
    %cmpi/e 1, 0, 1;
    %jmp/0xz  T_104.0, 4;
    %pushi/vec4 0, 0, 1;
    %assign/vec4 v0x7f890a92f7a0_0, 0;
    %pushi/vec4 15, 0, 5;
    %assign/vec4 v0x7f890a92f640_0, 0;
    %jmp T_104.1;
T_104.0 ;
    %load/vec4 v0x7f890a92f640_0;
    %pad/u 32;
    %cmpi/e 0, 0, 32;
    %jmp/0xz  T_104.2, 4;
    %pushi/vec4 1, 0, 1;
    %assign/vec4 v0x7f890a92f7a0_0, 0;
    %pushi/vec4 15, 0, 5;
    %assign/vec4 v0x7f890a92f640_0, 0;
    %jmp T_104.3;
T_104.2 ;
    %load/vec4 v0x7f890a92f640_0;
    %subi 1, 0, 5;
    %assign/vec4 v0x7f890a92f640_0, 0;
T_104.3 ;
T_104.1 ;
    %jmp T_104;
    .thread T_104;
    .scope S_0x7f89094eaa40;
T_105 ;
    %wait E_0x7f890a92ef50;
    %load/vec4 v0x7f890a931160_0;
    %pad/u 32;
    %cmpi/e 0, 0, 32;
    %jmp/0xz  T_105.0, 4;
    %load/vec4 v0x7f890a930c30_0;
    %store/vec4 v0x7f890a930ae0_0, 0, 5;
    %jmp T_105.1;
T_105.0 ;
    %load/vec4 v0x7f890a931160_0;
    %pad/u 32;
    %cmpi/e 1, 0, 32;
    %jmp/0xz  T_105.2, 4;
    %load/vec4 v0x7f890a930b90_0;
    %store/vec4 v0x7f890a930ae0_0, 0, 5;
    %jmp T_105.3;
T_105.2 ;
    %pushi/vec4 0, 0, 5;
    %store/vec4 v0x7f890a930ae0_0, 0, 5;
T_105.3 ;
T_105.1 ;
    %jmp T_105;
    .thread T_105, $push;
    .scope S_0x7f89094eaa40;
T_106 ;
    %wait E_0x7f890a92eef0;
    %load/vec4 v0x7f890a930de0_0;
    %cmpi/e 1, 0, 1;
    %jmp/0xz  T_106.0, 4;
    %pushi/vec4 0, 0, 1;
    %assign/vec4 v0x7f890a931160_0, 0;
    %jmp T_106.1;
T_106.0 ;
    %load/vec4 v0x7f890a931160_0;
    %dup/vec4;
    %pushi/vec4 0, 0, 1;
    %cmp/u;
    %jmp/1 T_106.2, 6;
    %dup/vec4;
    %pushi/vec4 1, 0, 1;
    %cmp/u;
    %jmp/1 T_106.3, 6;
    %jmp T_106.4;
T_106.2 ;
    %load/vec4 v0x7f890a930a40_0;
    %cmpi/e 1, 0, 1;
    %jmp/0xz  T_106.5, 4;
    %load/vec4 v0x7f890a9310b0_0;
    %cmpi/e 1, 0, 1;
    %jmp/0xz  T_106.7, 4;
    %pushi/vec4 1, 0, 1;
    %assign/vec4 v0x7f890a931160_0, 0;
T_106.7 ;
T_106.5 ;
    %jmp T_106.4;
T_106.3 ;
    %load/vec4 v0x7f890a931020_0;
    %cmpi/e 1, 0, 1;
    %jmp/0xz  T_106.9, 4;
    %pushi/vec4 0, 0, 1;
    %assign/vec4 v0x7f890a931160_0, 0;
T_106.9 ;
    %jmp T_106.4;
T_106.4 ;
    %pop/vec4 1;
T_106.1 ;
    %jmp T_106;
    .thread T_106;
# The file index is used to find the file name in the following table.
:file_names 7;
    "N/A";
    "<interactive>";
    "/Users/chimdileeze/.apio/packages/tools-oss-cad-suite/share/yosys/ice40/cells_sim.v";
    "counter.v";
    "button_down.v";
    "button_up.v";
    "lol.v";
