#! /Users/chimdileeze/.apio/packages/tools-oss-cad-suite/bin/vvp
:ivl_version "13.0 (devel)" "(s20221226-321-gd22bb3d25)";
:ivl_delay_selection "TYPICAL";
:vpi_time_precision - 12;
:vpi_module "/Users/chimdileeze/.apio/packages/tools-oss-cad-suite/lib/ivl/system.vpi";
:vpi_module "/Users/chimdileeze/.apio/packages/tools-oss-cad-suite/lib/ivl/vhdl_sys.vpi";
:vpi_module "/Users/chimdileeze/.apio/packages/tools-oss-cad-suite/lib/ivl/vhdl_textio.vpi";
:vpi_module "/Users/chimdileeze/.apio/packages/tools-oss-cad-suite/lib/ivl/v2005_math.vpi";
:vpi_module "/Users/chimdileeze/.apio/packages/tools-oss-cad-suite/lib/ivl/va_math.vpi";
S_0x7f9ec4df3010 .scope module, "ICESTORM_LC" "ICESTORM_LC" 2 2136;
 .timescale -12 -12;
    .port_info 0 /INPUT 1 "I0";
    .port_info 1 /INPUT 1 "I1";
    .port_info 2 /INPUT 1 "I2";
    .port_info 3 /INPUT 1 "I3";
    .port_info 4 /INPUT 1 "CIN";
    .port_info 5 /INPUT 1 "CLK";
    .port_info 6 /INPUT 1 "CEN";
    .port_info 7 /INPUT 1 "SR";
    .port_info 8 /OUTPUT 1 "LO";
    .port_info 9 /OUTPUT 1 "O";
    .port_info 10 /OUTPUT 1 "COUT";
P_0x7f9ec4d10c00 .param/l "ASYNC_SR" 0 2 2148, C4<0>;
P_0x7f9ec4d10c40 .param/l "CARRY_ENABLE" 0 2 2145, C4<0>;
P_0x7f9ec4d10c80 .param/l "CIN_CONST" 0 2 2150, C4<0>;
P_0x7f9ec4d10cc0 .param/l "CIN_SET" 0 2 2151, C4<0>;
P_0x7f9ec4d10d00 .param/l "DFF_ENABLE" 0 2 2146, C4<0>;
P_0x7f9ec4d10d40 .param/l "LUT_INIT" 0 2 2142, C4<0000000000000000>;
P_0x7f9ec4d10d80 .param/l "NEG_CLK" 0 2 2144, C4<0>;
P_0x7f9ec4d10dc0 .param/l "SET_NORESET" 0 2 2147, C4<0>;
o0x7f9ec4f42068 .functor BUFZ 1, C4<z>; HiZ drive
L_0x7f9ec6171ea0 .functor BUFZ 1, o0x7f9ec4f42068, C4<0>, C4<0>, C4<0>;
L_0x7f9ec6172a20 .functor BUFZ 1, L_0x7f9ec61726d0, C4<0>, C4<0>, C4<0>;
o0x7f9ec4f42098 .functor BUFZ 1, C4<z>; HiZ drive
L_0x7f9ec4f73290 .functor BUFT 1, C4<0>, C4<0>, C4<0>, C4<0>;
L_0x7f9ec6172ad0 .functor XOR 1, o0x7f9ec4f42098, L_0x7f9ec4f73290, C4<0>, C4<0>;
L_0x7f9ec6172b80 .functor BUFZ 1, L_0x7f9ec61726d0, C4<0>, C4<0>, C4<0>;
o0x7f9ec4f42008 .functor BUFZ 1, C4<z>; HiZ drive
v0x7f9ec4dba490_0 .net "CEN", 0 0, o0x7f9ec4f42008;  0 drivers
v0x7f9ec6140ff0_0 .net "CEN_pu", 0 0, L_0x7f9ec6171d40;  1 drivers
v0x7f9ec6141090_0 .net "CIN", 0 0, o0x7f9ec4f42068;  0 drivers
v0x7f9ec6141120_0 .net "CLK", 0 0, o0x7f9ec4f42098;  0 drivers
L_0x7f9ec4f731b8 .functor BUFT 1, C4<x>, C4<0>, C4<0>, C4<0>;
v0x7f9ec61411c0_0 .net "COUT", 0 0, L_0x7f9ec4f731b8;  1 drivers
o0x7f9ec4f420f8 .functor BUFZ 1, C4<z>; HiZ drive
v0x7f9ec61412a0_0 .net "I0", 0 0, o0x7f9ec4f420f8;  0 drivers
v0x7f9ec6141340_0 .net "I0_pd", 0 0, L_0x7f9ec6171120;  1 drivers
o0x7f9ec4f42158 .functor BUFZ 1, C4<z>; HiZ drive
v0x7f9ec61413e0_0 .net "I1", 0 0, o0x7f9ec4f42158;  0 drivers
v0x7f9ec6141480_0 .net "I1_pd", 0 0, L_0x7f9ec6171360;  1 drivers
o0x7f9ec4f421b8 .functor BUFZ 1, C4<z>; HiZ drive
v0x7f9ec6141590_0 .net "I2", 0 0, o0x7f9ec4f421b8;  0 drivers
v0x7f9ec6141620_0 .net "I2_pd", 0 0, L_0x7f9ec61715d0;  1 drivers
o0x7f9ec4f42218 .functor BUFZ 1, C4<z>; HiZ drive
v0x7f9ec61416c0_0 .net "I3", 0 0, o0x7f9ec4f42218;  0 drivers
v0x7f9ec6141760_0 .net "I3_pd", 0 0, L_0x7f9ec6171850;  1 drivers
v0x7f9ec6141800_0 .net "LO", 0 0, L_0x7f9ec6172a20;  1 drivers
v0x7f9ec61418a0_0 .net "O", 0 0, L_0x7f9ec6172b80;  1 drivers
o0x7f9ec4f422d8 .functor BUFZ 1, C4<z>; HiZ drive
v0x7f9ec6141940_0 .net "SR", 0 0, o0x7f9ec4f422d8;  0 drivers
v0x7f9ec61419e0_0 .net "SR_pd", 0 0, L_0x7f9ec6171ac0;  1 drivers
o0x7f9ec4f42338 .functor BUFZ 1, C4<z>; HiZ drive
; Elide local net with no drivers, v0x7f9ec6141b70_0 name=_ivl_0
v0x7f9ec6141c00_0 .net *"_ivl_10", 0 0, L_0x7f9ec61712a0;  1 drivers
L_0x7f9ec4f73050 .functor BUFT 1, C4<0>, C4<0>, C4<0>, C4<0>;
v0x7f9ec6141c90_0 .net/2u *"_ivl_12", 0 0, L_0x7f9ec4f73050;  1 drivers
o0x7f9ec4f423c8 .functor BUFZ 1, C4<z>; HiZ drive
; Elide local net with no drivers, v0x7f9ec6141d40_0 name=_ivl_16
v0x7f9ec6141df0_0 .net *"_ivl_18", 0 0, L_0x7f9ec61714e0;  1 drivers
v0x7f9ec6141e90_0 .net *"_ivl_2", 0 0, L_0x7f9ec6171020;  1 drivers
L_0x7f9ec4f73098 .functor BUFT 1, C4<0>, C4<0>, C4<0>, C4<0>;
v0x7f9ec6141f30_0 .net/2u *"_ivl_20", 0 0, L_0x7f9ec4f73098;  1 drivers
o0x7f9ec4f42488 .functor BUFZ 1, C4<z>; HiZ drive
; Elide local net with no drivers, v0x7f9ec6141fe0_0 name=_ivl_24
v0x7f9ec6142090_0 .net *"_ivl_26", 0 0, L_0x7f9ec6171750;  1 drivers
L_0x7f9ec4f730e0 .functor BUFT 1, C4<0>, C4<0>, C4<0>, C4<0>;
v0x7f9ec6142130_0 .net/2u *"_ivl_28", 0 0, L_0x7f9ec4f730e0;  1 drivers
o0x7f9ec4f42518 .functor BUFZ 1, C4<z>; HiZ drive
; Elide local net with no drivers, v0x7f9ec61421e0_0 name=_ivl_32
v0x7f9ec6142290_0 .net *"_ivl_34", 0 0, L_0x7f9ec61719b0;  1 drivers
L_0x7f9ec4f73128 .functor BUFT 1, C4<0>, C4<0>, C4<0>, C4<0>;
v0x7f9ec6142330_0 .net/2u *"_ivl_36", 0 0, L_0x7f9ec4f73128;  1 drivers
L_0x7f9ec4f73008 .functor BUFT 1, C4<0>, C4<0>, C4<0>, C4<0>;
v0x7f9ec61423e0_0 .net/2u *"_ivl_4", 0 0, L_0x7f9ec4f73008;  1 drivers
o0x7f9ec4f425d8 .functor BUFZ 1, C4<z>; HiZ drive
; Elide local net with no drivers, v0x7f9ec6142490_0 name=_ivl_40
v0x7f9ec6142540_0 .net *"_ivl_42", 0 0, L_0x7f9ec6171c20;  1 drivers
L_0x7f9ec4f73170 .functor BUFT 1, C4<1>, C4<0>, C4<0>, C4<0>;
v0x7f9ec6141a80_0 .net/2u *"_ivl_44", 0 0, L_0x7f9ec4f73170;  1 drivers
L_0x7f9ec4f73200 .functor BUFT 1, C4<00000000>, C4<0>, C4<0>, C4<0>;
v0x7f9ec61427d0_0 .net/2u *"_ivl_52", 7 0, L_0x7f9ec4f73200;  1 drivers
L_0x7f9ec4f73248 .functor BUFT 1, C4<00000000>, C4<0>, C4<0>, C4<0>;
v0x7f9ec6142860_0 .net/2u *"_ivl_54", 7 0, L_0x7f9ec4f73248;  1 drivers
v0x7f9ec61428f0_0 .net *"_ivl_59", 3 0, L_0x7f9ec6172140;  1 drivers
v0x7f9ec61429a0_0 .net *"_ivl_61", 3 0, L_0x7f9ec6172220;  1 drivers
v0x7f9ec6142a50_0 .net *"_ivl_65", 1 0, L_0x7f9ec6172460;  1 drivers
v0x7f9ec6142b00_0 .net *"_ivl_67", 1 0, L_0x7f9ec6172590;  1 drivers
v0x7f9ec6142bb0_0 .net *"_ivl_71", 0 0, L_0x7f9ec6172770;  1 drivers
v0x7f9ec6142c60_0 .net *"_ivl_73", 0 0, L_0x7f9ec6172810;  1 drivers
v0x7f9ec6142d10_0 .net/2u *"_ivl_78", 0 0, L_0x7f9ec4f73290;  1 drivers
o0x7f9ec4f42818 .functor BUFZ 1, C4<z>; HiZ drive
; Elide local net with no drivers, v0x7f9ec6142dc0_0 name=_ivl_8
v0x7f9ec6142e70_0 .net "lut_o", 0 0, L_0x7f9ec61726d0;  1 drivers
v0x7f9ec6142f10_0 .net "lut_s1", 1 0, L_0x7f9ec6172630;  1 drivers
v0x7f9ec6142fc0_0 .net "lut_s2", 3 0, L_0x7f9ec6172340;  1 drivers
v0x7f9ec6143070_0 .net "lut_s3", 7 0, L_0x7f9ec6171fb0;  1 drivers
v0x7f9ec6143120_0 .net "mux_cin", 0 0, L_0x7f9ec6171ea0;  1 drivers
v0x7f9ec61431c0_0 .var "o_reg", 0 0;
v0x7f9ec6143260_0 .var "o_reg_async", 0 0;
v0x7f9ec6143300_0 .net "polarized_clk", 0 0, L_0x7f9ec6172ad0;  1 drivers
E_0x7f9ec4d06e60 .event posedge, v0x7f9ec61419e0_0, v0x7f9ec6143300_0;
E_0x7f9ec4d06f80 .event posedge, v0x7f9ec6143300_0;
L_0x7f9ec6171020 .cmp/eeq 1, o0x7f9ec4f420f8, o0x7f9ec4f42338;
L_0x7f9ec6171120 .functor MUXZ 1, o0x7f9ec4f420f8, L_0x7f9ec4f73008, L_0x7f9ec6171020, C4<>;
L_0x7f9ec61712a0 .cmp/eeq 1, o0x7f9ec4f42158, o0x7f9ec4f42818;
L_0x7f9ec6171360 .functor MUXZ 1, o0x7f9ec4f42158, L_0x7f9ec4f73050, L_0x7f9ec61712a0, C4<>;
L_0x7f9ec61714e0 .cmp/eeq 1, o0x7f9ec4f421b8, o0x7f9ec4f423c8;
L_0x7f9ec61715d0 .functor MUXZ 1, o0x7f9ec4f421b8, L_0x7f9ec4f73098, L_0x7f9ec61714e0, C4<>;
L_0x7f9ec6171750 .cmp/eeq 1, o0x7f9ec4f42218, o0x7f9ec4f42488;
L_0x7f9ec6171850 .functor MUXZ 1, o0x7f9ec4f42218, L_0x7f9ec4f730e0, L_0x7f9ec6171750, C4<>;
L_0x7f9ec61719b0 .cmp/eeq 1, o0x7f9ec4f422d8, o0x7f9ec4f42518;
L_0x7f9ec6171ac0 .functor MUXZ 1, o0x7f9ec4f422d8, L_0x7f9ec4f73128, L_0x7f9ec61719b0, C4<>;
L_0x7f9ec6171c20 .cmp/eeq 1, o0x7f9ec4f42008, o0x7f9ec4f425d8;
L_0x7f9ec6171d40 .functor MUXZ 1, o0x7f9ec4f42008, L_0x7f9ec4f73170, L_0x7f9ec6171c20, C4<>;
L_0x7f9ec6171fb0 .functor MUXZ 8, L_0x7f9ec4f73248, L_0x7f9ec4f73200, L_0x7f9ec6171850, C4<>;
L_0x7f9ec6172140 .part L_0x7f9ec6171fb0, 4, 4;
L_0x7f9ec6172220 .part L_0x7f9ec6171fb0, 0, 4;
L_0x7f9ec6172340 .functor MUXZ 4, L_0x7f9ec6172220, L_0x7f9ec6172140, L_0x7f9ec61715d0, C4<>;
L_0x7f9ec6172460 .part L_0x7f9ec6172340, 2, 2;
L_0x7f9ec6172590 .part L_0x7f9ec6172340, 0, 2;
L_0x7f9ec6172630 .functor MUXZ 2, L_0x7f9ec6172590, L_0x7f9ec6172460, L_0x7f9ec6171360, C4<>;
L_0x7f9ec6172770 .part L_0x7f9ec6172630, 1, 1;
L_0x7f9ec6172810 .part L_0x7f9ec6172630, 0, 1;
L_0x7f9ec61726d0 .functor MUXZ 1, L_0x7f9ec6172810, L_0x7f9ec6172770, L_0x7f9ec6171120, C4<>;
S_0x7f9ec4deefb0 .scope module, "ICESTORM_RAM" "ICESTORM_RAM" 2 3167;
 .timescale -12 -12;
    .port_info 0 /OUTPUT 1 "RDATA_15";
    .port_info 1 /OUTPUT 1 "RDATA_14";
    .port_info 2 /OUTPUT 1 "RDATA_13";
    .port_info 3 /OUTPUT 1 "RDATA_12";
    .port_info 4 /OUTPUT 1 "RDATA_11";
    .port_info 5 /OUTPUT 1 "RDATA_10";
    .port_info 6 /OUTPUT 1 "RDATA_9";
    .port_info 7 /OUTPUT 1 "RDATA_8";
    .port_info 8 /OUTPUT 1 "RDATA_7";
    .port_info 9 /OUTPUT 1 "RDATA_6";
    .port_info 10 /OUTPUT 1 "RDATA_5";
    .port_info 11 /OUTPUT 1 "RDATA_4";
    .port_info 12 /OUTPUT 1 "RDATA_3";
    .port_info 13 /OUTPUT 1 "RDATA_2";
    .port_info 14 /OUTPUT 1 "RDATA_1";
    .port_info 15 /OUTPUT 1 "RDATA_0";
    .port_info 16 /INPUT 1 "RCLK";
    .port_info 17 /INPUT 1 "RCLKE";
    .port_info 18 /INPUT 1 "RE";
    .port_info 19 /INPUT 1 "RADDR_10";
    .port_info 20 /INPUT 1 "RADDR_9";
    .port_info 21 /INPUT 1 "RADDR_8";
    .port_info 22 /INPUT 1 "RADDR_7";
    .port_info 23 /INPUT 1 "RADDR_6";
    .port_info 24 /INPUT 1 "RADDR_5";
    .port_info 25 /INPUT 1 "RADDR_4";
    .port_info 26 /INPUT 1 "RADDR_3";
    .port_info 27 /INPUT 1 "RADDR_2";
    .port_info 28 /INPUT 1 "RADDR_1";
    .port_info 29 /INPUT 1 "RADDR_0";
    .port_info 30 /INPUT 1 "WCLK";
    .port_info 31 /INPUT 1 "WCLKE";
    .port_info 32 /INPUT 1 "WE";
    .port_info 33 /INPUT 1 "WADDR_10";
    .port_info 34 /INPUT 1 "WADDR_9";
    .port_info 35 /INPUT 1 "WADDR_8";
    .port_info 36 /INPUT 1 "WADDR_7";
    .port_info 37 /INPUT 1 "WADDR_6";
    .port_info 38 /INPUT 1 "WADDR_5";
    .port_info 39 /INPUT 1 "WADDR_4";
    .port_info 40 /INPUT 1 "WADDR_3";
    .port_info 41 /INPUT 1 "WADDR_2";
    .port_info 42 /INPUT 1 "WADDR_1";
    .port_info 43 /INPUT 1 "WADDR_0";
    .port_info 44 /INPUT 1 "MASK_15";
    .port_info 45 /INPUT 1 "MASK_14";
    .port_info 46 /INPUT 1 "MASK_13";
    .port_info 47 /INPUT 1 "MASK_12";
    .port_info 48 /INPUT 1 "MASK_11";
    .port_info 49 /INPUT 1 "MASK_10";
    .port_info 50 /INPUT 1 "MASK_9";
    .port_info 51 /INPUT 1 "MASK_8";
    .port_info 52 /INPUT 1 "MASK_7";
    .port_info 53 /INPUT 1 "MASK_6";
    .port_info 54 /INPUT 1 "MASK_5";
    .port_info 55 /INPUT 1 "MASK_4";
    .port_info 56 /INPUT 1 "MASK_3";
    .port_info 57 /INPUT 1 "MASK_2";
    .port_info 58 /INPUT 1 "MASK_1";
    .port_info 59 /INPUT 1 "MASK_0";
    .port_info 60 /INPUT 1 "WDATA_15";
    .port_info 61 /INPUT 1 "WDATA_14";
    .port_info 62 /INPUT 1 "WDATA_13";
    .port_info 63 /INPUT 1 "WDATA_12";
    .port_info 64 /INPUT 1 "WDATA_11";
    .port_info 65 /INPUT 1 "WDATA_10";
    .port_info 66 /INPUT 1 "WDATA_9";
    .port_info 67 /INPUT 1 "WDATA_8";
    .port_info 68 /INPUT 1 "WDATA_7";
    .port_info 69 /INPUT 1 "WDATA_6";
    .port_info 70 /INPUT 1 "WDATA_5";
    .port_info 71 /INPUT 1 "WDATA_4";
    .port_info 72 /INPUT 1 "WDATA_3";
    .port_info 73 /INPUT 1 "WDATA_2";
    .port_info 74 /INPUT 1 "WDATA_1";
    .port_info 75 /INPUT 1 "WDATA_0";
P_0x7f9ec583c000 .param/l "INIT_0" 0 2 3182, C4<0000000000000000000000000000000000000000000000000000000000000000000000000000000000000000000000000000000000000000000000000000000000000000000000000000000000000000000000000000000000000000000000000000000000000000000000000000000000000000000000000000000000000000>;
P_0x7f9ec583c040 .param/l "INIT_1" 0 2 3183, C4<0000000000000000000000000000000000000000000000000000000000000000000000000000000000000000000000000000000000000000000000000000000000000000000000000000000000000000000000000000000000000000000000000000000000000000000000000000000000000000000000000000000000000000>;
P_0x7f9ec583c080 .param/l "INIT_2" 0 2 3184, C4<0000000000000000000000000000000000000000000000000000000000000000000000000000000000000000000000000000000000000000000000000000000000000000000000000000000000000000000000000000000000000000000000000000000000000000000000000000000000000000000000000000000000000000>;
P_0x7f9ec583c0c0 .param/l "INIT_3" 0 2 3185, C4<0000000000000000000000000000000000000000000000000000000000000000000000000000000000000000000000000000000000000000000000000000000000000000000000000000000000000000000000000000000000000000000000000000000000000000000000000000000000000000000000000000000000000000>;
P_0x7f9ec583c100 .param/l "INIT_4" 0 2 3186, C4<0000000000000000000000000000000000000000000000000000000000000000000000000000000000000000000000000000000000000000000000000000000000000000000000000000000000000000000000000000000000000000000000000000000000000000000000000000000000000000000000000000000000000000>;
P_0x7f9ec583c140 .param/l "INIT_5" 0 2 3187, C4<0000000000000000000000000000000000000000000000000000000000000000000000000000000000000000000000000000000000000000000000000000000000000000000000000000000000000000000000000000000000000000000000000000000000000000000000000000000000000000000000000000000000000000>;
P_0x7f9ec583c180 .param/l "INIT_6" 0 2 3188, C4<0000000000000000000000000000000000000000000000000000000000000000000000000000000000000000000000000000000000000000000000000000000000000000000000000000000000000000000000000000000000000000000000000000000000000000000000000000000000000000000000000000000000000000>;
P_0x7f9ec583c1c0 .param/l "INIT_7" 0 2 3189, C4<0000000000000000000000000000000000000000000000000000000000000000000000000000000000000000000000000000000000000000000000000000000000000000000000000000000000000000000000000000000000000000000000000000000000000000000000000000000000000000000000000000000000000000>;
P_0x7f9ec583c200 .param/l "INIT_8" 0 2 3190, C4<0000000000000000000000000000000000000000000000000000000000000000000000000000000000000000000000000000000000000000000000000000000000000000000000000000000000000000000000000000000000000000000000000000000000000000000000000000000000000000000000000000000000000000>;
P_0x7f9ec583c240 .param/l "INIT_9" 0 2 3191, C4<0000000000000000000000000000000000000000000000000000000000000000000000000000000000000000000000000000000000000000000000000000000000000000000000000000000000000000000000000000000000000000000000000000000000000000000000000000000000000000000000000000000000000000>;
P_0x7f9ec583c280 .param/l "INIT_A" 0 2 3192, C4<0000000000000000000000000000000000000000000000000000000000000000000000000000000000000000000000000000000000000000000000000000000000000000000000000000000000000000000000000000000000000000000000000000000000000000000000000000000000000000000000000000000000000000>;
P_0x7f9ec583c2c0 .param/l "INIT_B" 0 2 3193, C4<0000000000000000000000000000000000000000000000000000000000000000000000000000000000000000000000000000000000000000000000000000000000000000000000000000000000000000000000000000000000000000000000000000000000000000000000000000000000000000000000000000000000000000>;
P_0x7f9ec583c300 .param/l "INIT_C" 0 2 3194, C4<0000000000000000000000000000000000000000000000000000000000000000000000000000000000000000000000000000000000000000000000000000000000000000000000000000000000000000000000000000000000000000000000000000000000000000000000000000000000000000000000000000000000000000>;
P_0x7f9ec583c340 .param/l "INIT_D" 0 2 3195, C4<0000000000000000000000000000000000000000000000000000000000000000000000000000000000000000000000000000000000000000000000000000000000000000000000000000000000000000000000000000000000000000000000000000000000000000000000000000000000000000000000000000000000000000>;
P_0x7f9ec583c380 .param/l "INIT_E" 0 2 3196, C4<0000000000000000000000000000000000000000000000000000000000000000000000000000000000000000000000000000000000000000000000000000000000000000000000000000000000000000000000000000000000000000000000000000000000000000000000000000000000000000000000000000000000000000>;
P_0x7f9ec583c3c0 .param/l "INIT_F" 0 2 3197, C4<0000000000000000000000000000000000000000000000000000000000000000000000000000000000000000000000000000000000000000000000000000000000000000000000000000000000000000000000000000000000000000000000000000000000000000000000000000000000000000000000000000000000000000>;
P_0x7f9ec583c400 .param/l "NEG_CLK_R" 0 2 3179, C4<0>;
P_0x7f9ec583c440 .param/l "NEG_CLK_W" 0 2 3180, C4<0>;
P_0x7f9ec583c480 .param/l "READ_MODE" 0 2 3177, +C4<00000000000000000000000000000000>;
P_0x7f9ec583c4c0 .param/l "WRITE_MODE" 0 2 3176, +C4<00000000000000000000000000000000>;
L_0x7f9ec4f73320 .functor BUFT 1, C4<0>, C4<0>, C4<0>, C4<0>;
L_0x7f9ec61738c0 .functor XOR 1, L_0x7f9ec6173d30, L_0x7f9ec4f73320, C4<0>, C4<0>;
L_0x7f9ec4f73368 .functor BUFT 1, C4<0>, C4<0>, C4<0>, C4<0>;
L_0x7f9ec6174910 .functor XOR 1, L_0x7f9ec6174ea0, L_0x7f9ec4f73368, C4<0>, C4<0>;
o0x7f9ec4f431a8 .functor BUFZ 1, C4<z>; HiZ drive
v0x7f9ec6146760_0 .net "MASK_0", 0 0, o0x7f9ec4f431a8;  0 drivers
o0x7f9ec4f431d8 .functor BUFZ 1, C4<z>; HiZ drive
v0x7f9ec6146810_0 .net "MASK_1", 0 0, o0x7f9ec4f431d8;  0 drivers
o0x7f9ec4f43208 .functor BUFZ 1, C4<z>; HiZ drive
v0x7f9ec61468b0_0 .net "MASK_10", 0 0, o0x7f9ec4f43208;  0 drivers
o0x7f9ec4f43238 .functor BUFZ 1, C4<z>; HiZ drive
v0x7f9ec6146960_0 .net "MASK_11", 0 0, o0x7f9ec4f43238;  0 drivers
o0x7f9ec4f43268 .functor BUFZ 1, C4<z>; HiZ drive
v0x7f9ec6146a00_0 .net "MASK_12", 0 0, o0x7f9ec4f43268;  0 drivers
o0x7f9ec4f43298 .functor BUFZ 1, C4<z>; HiZ drive
v0x7f9ec6146ae0_0 .net "MASK_13", 0 0, o0x7f9ec4f43298;  0 drivers
o0x7f9ec4f432c8 .functor BUFZ 1, C4<z>; HiZ drive
v0x7f9ec6146b80_0 .net "MASK_14", 0 0, o0x7f9ec4f432c8;  0 drivers
o0x7f9ec4f432f8 .functor BUFZ 1, C4<z>; HiZ drive
v0x7f9ec6146c20_0 .net "MASK_15", 0 0, o0x7f9ec4f432f8;  0 drivers
o0x7f9ec4f43328 .functor BUFZ 1, C4<z>; HiZ drive
v0x7f9ec6146cc0_0 .net "MASK_2", 0 0, o0x7f9ec4f43328;  0 drivers
o0x7f9ec4f43358 .functor BUFZ 1, C4<z>; HiZ drive
v0x7f9ec6146dd0_0 .net "MASK_3", 0 0, o0x7f9ec4f43358;  0 drivers
o0x7f9ec4f43388 .functor BUFZ 1, C4<z>; HiZ drive
v0x7f9ec6146e60_0 .net "MASK_4", 0 0, o0x7f9ec4f43388;  0 drivers
o0x7f9ec4f433b8 .functor BUFZ 1, C4<z>; HiZ drive
v0x7f9ec6146f00_0 .net "MASK_5", 0 0, o0x7f9ec4f433b8;  0 drivers
o0x7f9ec4f433e8 .functor BUFZ 1, C4<z>; HiZ drive
v0x7f9ec6146fa0_0 .net "MASK_6", 0 0, o0x7f9ec4f433e8;  0 drivers
o0x7f9ec4f43418 .functor BUFZ 1, C4<z>; HiZ drive
v0x7f9ec6147040_0 .net "MASK_7", 0 0, o0x7f9ec4f43418;  0 drivers
o0x7f9ec4f43448 .functor BUFZ 1, C4<z>; HiZ drive
v0x7f9ec61470e0_0 .net "MASK_8", 0 0, o0x7f9ec4f43448;  0 drivers
o0x7f9ec4f43478 .functor BUFZ 1, C4<z>; HiZ drive
v0x7f9ec6147180_0 .net "MASK_9", 0 0, o0x7f9ec4f43478;  0 drivers
o0x7f9ec4f434a8 .functor BUFZ 1, C4<z>; HiZ drive
v0x7f9ec6147220_0 .net "RADDR_0", 0 0, o0x7f9ec4f434a8;  0 drivers
o0x7f9ec4f434d8 .functor BUFZ 1, C4<z>; HiZ drive
v0x7f9ec61473b0_0 .net "RADDR_1", 0 0, o0x7f9ec4f434d8;  0 drivers
o0x7f9ec4f43508 .functor BUFZ 1, C4<z>; HiZ drive
v0x7f9ec6147440_0 .net "RADDR_10", 0 0, o0x7f9ec4f43508;  0 drivers
o0x7f9ec4f43538 .functor BUFZ 1, C4<z>; HiZ drive
v0x7f9ec61474d0_0 .net "RADDR_2", 0 0, o0x7f9ec4f43538;  0 drivers
o0x7f9ec4f43568 .functor BUFZ 1, C4<z>; HiZ drive
v0x7f9ec6147560_0 .net "RADDR_3", 0 0, o0x7f9ec4f43568;  0 drivers
o0x7f9ec4f43598 .functor BUFZ 1, C4<z>; HiZ drive
v0x7f9ec6147600_0 .net "RADDR_4", 0 0, o0x7f9ec4f43598;  0 drivers
o0x7f9ec4f435c8 .functor BUFZ 1, C4<z>; HiZ drive
v0x7f9ec61476a0_0 .net "RADDR_5", 0 0, o0x7f9ec4f435c8;  0 drivers
o0x7f9ec4f435f8 .functor BUFZ 1, C4<z>; HiZ drive
v0x7f9ec6147740_0 .net "RADDR_6", 0 0, o0x7f9ec4f435f8;  0 drivers
o0x7f9ec4f43628 .functor BUFZ 1, C4<z>; HiZ drive
v0x7f9ec61477e0_0 .net "RADDR_7", 0 0, o0x7f9ec4f43628;  0 drivers
o0x7f9ec4f43658 .functor BUFZ 1, C4<z>; HiZ drive
v0x7f9ec6147880_0 .net "RADDR_8", 0 0, o0x7f9ec4f43658;  0 drivers
o0x7f9ec4f43688 .functor BUFZ 1, C4<z>; HiZ drive
v0x7f9ec6147920_0 .net "RADDR_9", 0 0, o0x7f9ec4f43688;  0 drivers
o0x7f9ec4f436b8 .functor BUFZ 1, C4<z>; HiZ drive
v0x7f9ec61479c0_0 .net "RCLK", 0 0, o0x7f9ec4f436b8;  0 drivers
o0x7f9ec4f436e8 .functor BUFZ 1, C4<z>; HiZ drive
v0x7f9ec6147a60_0 .net "RCLKE", 0 0, o0x7f9ec4f436e8;  0 drivers
v0x7f9ec6147b00_0 .net "RDATA_0", 0 0, L_0x7f9ec6173c90;  1 drivers
v0x7f9ec6147ba0_0 .net "RDATA_1", 0 0, L_0x7f9ec61739f0;  1 drivers
v0x7f9ec6147c40_0 .net "RDATA_10", 0 0, L_0x7f9ec6173220;  1 drivers
v0x7f9ec6147ce0_0 .net "RDATA_11", 0 0, L_0x7f9ec6173180;  1 drivers
v0x7f9ec61472c0_0 .net "RDATA_12", 0 0, L_0x7f9ec61730e0;  1 drivers
v0x7f9ec6147f70_0 .net "RDATA_13", 0 0, L_0x7f9ec6172fa0;  1 drivers
v0x7f9ec6148000_0 .net "RDATA_14", 0 0, L_0x7f9ec6172f00;  1 drivers
v0x7f9ec6148090_0 .net "RDATA_15", 0 0, L_0x7f9ec6172e00;  1 drivers
v0x7f9ec6148120_0 .net "RDATA_2", 0 0, L_0x7f9ec6173930;  1 drivers
v0x7f9ec61481b0_0 .net "RDATA_3", 0 0, L_0x7f9ec6173800;  1 drivers
v0x7f9ec6148240_0 .net "RDATA_4", 0 0, L_0x7f9ec6173760;  1 drivers
v0x7f9ec61482e0_0 .net "RDATA_5", 0 0, L_0x7f9ec61736c0;  1 drivers
v0x7f9ec6148380_0 .net "RDATA_6", 0 0, L_0x7f9ec6173620;  1 drivers
v0x7f9ec6148420_0 .net "RDATA_7", 0 0, L_0x7f9ec6173580;  1 drivers
v0x7f9ec61484c0_0 .net "RDATA_8", 0 0, L_0x7f9ec61734e0;  1 drivers
v0x7f9ec6148560_0 .net "RDATA_9", 0 0, L_0x7f9ec61732e0;  1 drivers
o0x7f9ec4f43a18 .functor BUFZ 1, C4<z>; HiZ drive
v0x7f9ec6148600_0 .net "RE", 0 0, o0x7f9ec4f43a18;  0 drivers
o0x7f9ec4f43a48 .functor BUFZ 1, C4<z>; HiZ drive
v0x7f9ec61486a0_0 .net "WADDR_0", 0 0, o0x7f9ec4f43a48;  0 drivers
o0x7f9ec4f43a78 .functor BUFZ 1, C4<z>; HiZ drive
v0x7f9ec6148740_0 .net "WADDR_1", 0 0, o0x7f9ec4f43a78;  0 drivers
o0x7f9ec4f43aa8 .functor BUFZ 1, C4<z>; HiZ drive
v0x7f9ec61487e0_0 .net "WADDR_10", 0 0, o0x7f9ec4f43aa8;  0 drivers
o0x7f9ec4f43ad8 .functor BUFZ 1, C4<z>; HiZ drive
v0x7f9ec6148880_0 .net "WADDR_2", 0 0, o0x7f9ec4f43ad8;  0 drivers
o0x7f9ec4f43b08 .functor BUFZ 1, C4<z>; HiZ drive
v0x7f9ec6148920_0 .net "WADDR_3", 0 0, o0x7f9ec4f43b08;  0 drivers
o0x7f9ec4f43b38 .functor BUFZ 1, C4<z>; HiZ drive
v0x7f9ec61489c0_0 .net "WADDR_4", 0 0, o0x7f9ec4f43b38;  0 drivers
o0x7f9ec4f43b68 .functor BUFZ 1, C4<z>; HiZ drive
v0x7f9ec6148a60_0 .net "WADDR_5", 0 0, o0x7f9ec4f43b68;  0 drivers
o0x7f9ec4f43b98 .functor BUFZ 1, C4<z>; HiZ drive
v0x7f9ec6148b00_0 .net "WADDR_6", 0 0, o0x7f9ec4f43b98;  0 drivers
o0x7f9ec4f43bc8 .functor BUFZ 1, C4<z>; HiZ drive
v0x7f9ec6148ba0_0 .net "WADDR_7", 0 0, o0x7f9ec4f43bc8;  0 drivers
o0x7f9ec4f43bf8 .functor BUFZ 1, C4<z>; HiZ drive
v0x7f9ec6148c40_0 .net "WADDR_8", 0 0, o0x7f9ec4f43bf8;  0 drivers
o0x7f9ec4f43c28 .functor BUFZ 1, C4<z>; HiZ drive
v0x7f9ec6148ce0_0 .net "WADDR_9", 0 0, o0x7f9ec4f43c28;  0 drivers
o0x7f9ec4f43c58 .functor BUFZ 1, C4<z>; HiZ drive
v0x7f9ec6148d80_0 .net "WCLK", 0 0, o0x7f9ec4f43c58;  0 drivers
o0x7f9ec4f43c88 .functor BUFZ 1, C4<z>; HiZ drive
v0x7f9ec6148e20_0 .net "WCLKE", 0 0, o0x7f9ec4f43c88;  0 drivers
o0x7f9ec4f43cb8 .functor BUFZ 1, C4<z>; HiZ drive
v0x7f9ec6148ec0_0 .net "WDATA_0", 0 0, o0x7f9ec4f43cb8;  0 drivers
o0x7f9ec4f43ce8 .functor BUFZ 1, C4<z>; HiZ drive
v0x7f9ec6148f60_0 .net "WDATA_1", 0 0, o0x7f9ec4f43ce8;  0 drivers
o0x7f9ec4f43d18 .functor BUFZ 1, C4<z>; HiZ drive
v0x7f9ec6149000_0 .net "WDATA_10", 0 0, o0x7f9ec4f43d18;  0 drivers
o0x7f9ec4f43d48 .functor BUFZ 1, C4<z>; HiZ drive
v0x7f9ec61490a0_0 .net "WDATA_11", 0 0, o0x7f9ec4f43d48;  0 drivers
o0x7f9ec4f43d78 .functor BUFZ 1, C4<z>; HiZ drive
v0x7f9ec6149140_0 .net "WDATA_12", 0 0, o0x7f9ec4f43d78;  0 drivers
o0x7f9ec4f43da8 .functor BUFZ 1, C4<z>; HiZ drive
v0x7f9ec61491e0_0 .net "WDATA_13", 0 0, o0x7f9ec4f43da8;  0 drivers
o0x7f9ec4f43dd8 .functor BUFZ 1, C4<z>; HiZ drive
v0x7f9ec6147d80_0 .net "WDATA_14", 0 0, o0x7f9ec4f43dd8;  0 drivers
o0x7f9ec4f43e08 .functor BUFZ 1, C4<z>; HiZ drive
v0x7f9ec6147e20_0 .net "WDATA_15", 0 0, o0x7f9ec4f43e08;  0 drivers
o0x7f9ec4f43e38 .functor BUFZ 1, C4<z>; HiZ drive
v0x7f9ec6147ec0_0 .net "WDATA_2", 0 0, o0x7f9ec4f43e38;  0 drivers
o0x7f9ec4f43e68 .functor BUFZ 1, C4<z>; HiZ drive
v0x7f9ec6149270_0 .net "WDATA_3", 0 0, o0x7f9ec4f43e68;  0 drivers
o0x7f9ec4f43e98 .functor BUFZ 1, C4<z>; HiZ drive
v0x7f9ec6149300_0 .net "WDATA_4", 0 0, o0x7f9ec4f43e98;  0 drivers
o0x7f9ec4f43ec8 .functor BUFZ 1, C4<z>; HiZ drive
v0x7f9ec61493a0_0 .net "WDATA_5", 0 0, o0x7f9ec4f43ec8;  0 drivers
o0x7f9ec4f43ef8 .functor BUFZ 1, C4<z>; HiZ drive
v0x7f9ec6149440_0 .net "WDATA_6", 0 0, o0x7f9ec4f43ef8;  0 drivers
o0x7f9ec4f43f28 .functor BUFZ 1, C4<z>; HiZ drive
v0x7f9ec61494e0_0 .net "WDATA_7", 0 0, o0x7f9ec4f43f28;  0 drivers
o0x7f9ec4f43f58 .functor BUFZ 1, C4<z>; HiZ drive
v0x7f9ec6149580_0 .net "WDATA_8", 0 0, o0x7f9ec4f43f58;  0 drivers
o0x7f9ec4f43f88 .functor BUFZ 1, C4<z>; HiZ drive
v0x7f9ec6149620_0 .net "WDATA_9", 0 0, o0x7f9ec4f43f88;  0 drivers
o0x7f9ec4f43fb8 .functor BUFZ 1, C4<z>; HiZ drive
v0x7f9ec61496c0_0 .net "WE", 0 0, o0x7f9ec4f43fb8;  0 drivers
v0x7f9ec6149760_0 .net *"_ivl_100", 0 0, L_0x7f9ec61763a0;  1 drivers
v0x7f9ec6149810_0 .net *"_ivl_102", 0 0, L_0x7f9ec6176460;  1 drivers
v0x7f9ec61498c0_0 .net *"_ivl_104", 0 0, L_0x7f9ec61761f0;  1 drivers
v0x7f9ec6149970_0 .net *"_ivl_106", 0 0, L_0x7f9ec61762d0;  1 drivers
v0x7f9ec6149a20_0 .net *"_ivl_108", 0 0, L_0x7f9ec6176540;  1 drivers
v0x7f9ec6149ad0_0 .net *"_ivl_110", 0 0, L_0x7f9ec6176620;  1 drivers
v0x7f9ec6149b80_0 .net *"_ivl_112", 0 0, L_0x7f9ec6176900;  1 drivers
v0x7f9ec6149c30_0 .net *"_ivl_114", 0 0, L_0x7f9ec61769e0;  1 drivers
v0x7f9ec6149ce0_0 .net *"_ivl_116", 0 0, L_0x7f9ec6176720;  1 drivers
v0x7f9ec6149d90_0 .net *"_ivl_120", 0 0, L_0x7f9ec6176ac0;  1 drivers
v0x7f9ec6149e40_0 .net *"_ivl_122", 0 0, L_0x7f9ec6176b60;  1 drivers
v0x7f9ec6149ef0_0 .net *"_ivl_124", 0 0, L_0x7f9ec6176c00;  1 drivers
v0x7f9ec6149fa0_0 .net *"_ivl_126", 0 0, L_0x7f9ec6177350;  1 drivers
v0x7f9ec614a050_0 .net *"_ivl_128", 0 0, L_0x7f9ec6177140;  1 drivers
v0x7f9ec614a100_0 .net *"_ivl_130", 0 0, L_0x7f9ec61771e0;  1 drivers
v0x7f9ec614a1b0_0 .net *"_ivl_132", 0 0, L_0x7f9ec6177280;  1 drivers
v0x7f9ec614a260_0 .net *"_ivl_134", 0 0, L_0x7f9ec6177620;  1 drivers
v0x7f9ec614a310_0 .net *"_ivl_136", 0 0, L_0x7f9ec61773f0;  1 drivers
v0x7f9ec614a3c0_0 .net *"_ivl_138", 0 0, L_0x7f9ec6177490;  1 drivers
v0x7f9ec614a470_0 .net *"_ivl_140", 0 0, L_0x7f9ec6177550;  1 drivers
v0x7f9ec614a520_0 .net *"_ivl_142", 0 0, L_0x7f9ec6177930;  1 drivers
v0x7f9ec614a5d0_0 .net *"_ivl_144", 0 0, L_0x7f9ec61776c0;  1 drivers
v0x7f9ec614a680_0 .net *"_ivl_146", 0 0, L_0x7f9ec61777a0;  1 drivers
v0x7f9ec614a730_0 .net *"_ivl_148", 0 0, L_0x7f9ec6177c80;  1 drivers
v0x7f9ec614a7e0_0 .net *"_ivl_150", 0 0, L_0x7f9ec6177d20;  1 drivers
v0x7f9ec614a890_0 .net *"_ivl_18", 0 0, L_0x7f9ec6173d30;  1 drivers
v0x7f9ec614a940_0 .net/2u *"_ivl_19", 0 0, L_0x7f9ec4f73320;  1 drivers
v0x7f9ec614a9f0_0 .net *"_ivl_28", 0 0, L_0x7f9ec6174070;  1 drivers
v0x7f9ec614aaa0_0 .net *"_ivl_30", 0 0, L_0x7f9ec6174130;  1 drivers
v0x7f9ec614ab50_0 .net *"_ivl_32", 0 0, L_0x7f9ec6173fd0;  1 drivers
v0x7f9ec614ac00_0 .net *"_ivl_34", 0 0, L_0x7f9ec61742a0;  1 drivers
v0x7f9ec614acb0_0 .net *"_ivl_36", 0 0, L_0x7f9ec6174440;  1 drivers
v0x7f9ec614ad60_0 .net *"_ivl_38", 0 0, L_0x7f9ec6174500;  1 drivers
v0x7f9ec614ae10_0 .net *"_ivl_40", 0 0, L_0x7f9ec6174670;  1 drivers
v0x7f9ec614aec0_0 .net *"_ivl_42", 0 0, L_0x7f9ec6174380;  1 drivers
v0x7f9ec614af70_0 .net *"_ivl_44", 0 0, L_0x7f9ec6174810;  1 drivers
v0x7f9ec614b020_0 .net *"_ivl_46", 0 0, L_0x7f9ec61745c0;  1 drivers
v0x7f9ec614b0d0_0 .net *"_ivl_48", 0 0, L_0x7f9ec6174a00;  1 drivers
v0x7f9ec614b180_0 .net *"_ivl_52", 0 0, L_0x7f9ec6174ea0;  1 drivers
v0x7f9ec614b230_0 .net/2u *"_ivl_53", 0 0, L_0x7f9ec4f73368;  1 drivers
v0x7f9ec614b2e0_0 .net *"_ivl_62", 0 0, L_0x7f9ec61750f0;  1 drivers
v0x7f9ec614b390_0 .net *"_ivl_64", 0 0, L_0x7f9ec6174fe0;  1 drivers
v0x7f9ec614b440_0 .net *"_ivl_66", 0 0, L_0x7f9ec61752b0;  1 drivers
v0x7f9ec614b4f0_0 .net *"_ivl_68", 0 0, L_0x7f9ec6175190;  1 drivers
v0x7f9ec614b5a0_0 .net *"_ivl_70", 0 0, L_0x7f9ec6175480;  1 drivers
v0x7f9ec614b650_0 .net *"_ivl_72", 0 0, L_0x7f9ec6175350;  1 drivers
v0x7f9ec614b700_0 .net *"_ivl_74", 0 0, L_0x7f9ec6175660;  1 drivers
v0x7f9ec614b7b0_0 .net *"_ivl_76", 0 0, L_0x7f9ec6175520;  1 drivers
v0x7f9ec614b860_0 .net *"_ivl_78", 0 0, L_0x7f9ec61755c0;  1 drivers
v0x7f9ec614b910_0 .net *"_ivl_80", 0 0, L_0x7f9ec6175700;  1 drivers
v0x7f9ec614b9c0_0 .net *"_ivl_82", 0 0, L_0x7f9ec61759f0;  1 drivers
v0x7f9ec614ba70_0 .net *"_ivl_86", 0 0, L_0x7f9ec6175e80;  1 drivers
v0x7f9ec614bb20_0 .net *"_ivl_88", 0 0, L_0x7f9ec6175a90;  1 drivers
v0x7f9ec614bbd0_0 .net *"_ivl_90", 0 0, L_0x7f9ec6175b30;  1 drivers
v0x7f9ec614bc80_0 .net *"_ivl_92", 0 0, L_0x7f9ec61760b0;  1 drivers
v0x7f9ec614bd30_0 .net *"_ivl_94", 0 0, L_0x7f9ec6176150;  1 drivers
v0x7f9ec614bde0_0 .net *"_ivl_96", 0 0, L_0x7f9ec6175f20;  1 drivers
v0x7f9ec614be90_0 .net *"_ivl_98", 0 0, L_0x7f9ec6175fc0;  1 drivers
L_0x7f9ec6172e00 .part v0x7f9ec61457f0_0, 15, 1;
L_0x7f9ec6172f00 .part v0x7f9ec61457f0_0, 14, 1;
L_0x7f9ec6172fa0 .part v0x7f9ec61457f0_0, 13, 1;
L_0x7f9ec61730e0 .part v0x7f9ec61457f0_0, 12, 1;
L_0x7f9ec6173180 .part v0x7f9ec61457f0_0, 11, 1;
L_0x7f9ec6173220 .part v0x7f9ec61457f0_0, 10, 1;
L_0x7f9ec61732e0 .part v0x7f9ec61457f0_0, 9, 1;
L_0x7f9ec61734e0 .part v0x7f9ec61457f0_0, 8, 1;
L_0x7f9ec6173580 .part v0x7f9ec61457f0_0, 7, 1;
L_0x7f9ec6173620 .part v0x7f9ec61457f0_0, 6, 1;
L_0x7f9ec61736c0 .part v0x7f9ec61457f0_0, 5, 1;
L_0x7f9ec6173760 .part v0x7f9ec61457f0_0, 4, 1;
L_0x7f9ec6173800 .part v0x7f9ec61457f0_0, 3, 1;
L_0x7f9ec6173930 .part v0x7f9ec61457f0_0, 2, 1;
L_0x7f9ec61739f0 .part v0x7f9ec61457f0_0, 1, 1;
L_0x7f9ec6173c90 .part v0x7f9ec61457f0_0, 0, 1;
L_0x7f9ec6173d30 .ufunc/vec4 TD_ICESTORM_RAM.pd, 1, o0x7f9ec4f436b8 (v0x7f9ec6146410_0) S_0x7f9ec6146210;
L_0x7f9ec6173e50 .ufunc/vec4 TD_ICESTORM_RAM.pu, 1, o0x7f9ec4f436e8 (v0x7f9ec61466c0_0) S_0x7f9ec61464a0;
L_0x7f9ec6173ef0 .ufunc/vec4 TD_ICESTORM_RAM.pd, 1, o0x7f9ec4f43a18 (v0x7f9ec6146410_0) S_0x7f9ec6146210;
L_0x7f9ec6174070 .ufunc/vec4 TD_ICESTORM_RAM.pd, 1, o0x7f9ec4f43508 (v0x7f9ec6146410_0) S_0x7f9ec6146210;
L_0x7f9ec6174130 .ufunc/vec4 TD_ICESTORM_RAM.pd, 1, o0x7f9ec4f43688 (v0x7f9ec6146410_0) S_0x7f9ec6146210;
L_0x7f9ec6173fd0 .ufunc/vec4 TD_ICESTORM_RAM.pd, 1, o0x7f9ec4f43658 (v0x7f9ec6146410_0) S_0x7f9ec6146210;
L_0x7f9ec61742a0 .ufunc/vec4 TD_ICESTORM_RAM.pd, 1, o0x7f9ec4f43628 (v0x7f9ec6146410_0) S_0x7f9ec6146210;
L_0x7f9ec6174440 .ufunc/vec4 TD_ICESTORM_RAM.pd, 1, o0x7f9ec4f435f8 (v0x7f9ec6146410_0) S_0x7f9ec6146210;
L_0x7f9ec6174500 .ufunc/vec4 TD_ICESTORM_RAM.pd, 1, o0x7f9ec4f435c8 (v0x7f9ec6146410_0) S_0x7f9ec6146210;
L_0x7f9ec6174670 .ufunc/vec4 TD_ICESTORM_RAM.pd, 1, o0x7f9ec4f43598 (v0x7f9ec6146410_0) S_0x7f9ec6146210;
L_0x7f9ec6174380 .ufunc/vec4 TD_ICESTORM_RAM.pd, 1, o0x7f9ec4f43568 (v0x7f9ec6146410_0) S_0x7f9ec6146210;
L_0x7f9ec6174810 .ufunc/vec4 TD_ICESTORM_RAM.pd, 1, o0x7f9ec4f43538 (v0x7f9ec6146410_0) S_0x7f9ec6146210;
L_0x7f9ec61745c0 .ufunc/vec4 TD_ICESTORM_RAM.pd, 1, o0x7f9ec4f434d8 (v0x7f9ec6146410_0) S_0x7f9ec6146210;
L_0x7f9ec6174a00 .ufunc/vec4 TD_ICESTORM_RAM.pd, 1, o0x7f9ec4f434a8 (v0x7f9ec6146410_0) S_0x7f9ec6146210;
LS_0x7f9ec6174750_0_0 .concat [ 1 1 1 1], L_0x7f9ec6174a00, L_0x7f9ec61745c0, L_0x7f9ec6174810, L_0x7f9ec6174380;
LS_0x7f9ec6174750_0_4 .concat [ 1 1 1 1], L_0x7f9ec6174670, L_0x7f9ec6174500, L_0x7f9ec6174440, L_0x7f9ec61742a0;
LS_0x7f9ec6174750_0_8 .concat [ 1 1 1 0], L_0x7f9ec6173fd0, L_0x7f9ec6174130, L_0x7f9ec6174070;
L_0x7f9ec6174750 .concat [ 4 4 3 0], LS_0x7f9ec6174750_0_0, LS_0x7f9ec6174750_0_4, LS_0x7f9ec6174750_0_8;
L_0x7f9ec6174ea0 .ufunc/vec4 TD_ICESTORM_RAM.pd, 1, o0x7f9ec4f43c58 (v0x7f9ec6146410_0) S_0x7f9ec6146210;
L_0x7f9ec6174f40 .ufunc/vec4 TD_ICESTORM_RAM.pu, 1, o0x7f9ec4f43c88 (v0x7f9ec61466c0_0) S_0x7f9ec61464a0;
L_0x7f9ec6174da0 .ufunc/vec4 TD_ICESTORM_RAM.pd, 1, o0x7f9ec4f43fb8 (v0x7f9ec6146410_0) S_0x7f9ec6146210;
L_0x7f9ec61750f0 .ufunc/vec4 TD_ICESTORM_RAM.pd, 1, o0x7f9ec4f43aa8 (v0x7f9ec6146410_0) S_0x7f9ec6146210;
L_0x7f9ec6174fe0 .ufunc/vec4 TD_ICESTORM_RAM.pd, 1, o0x7f9ec4f43c28 (v0x7f9ec6146410_0) S_0x7f9ec6146210;
L_0x7f9ec61752b0 .ufunc/vec4 TD_ICESTORM_RAM.pd, 1, o0x7f9ec4f43bf8 (v0x7f9ec6146410_0) S_0x7f9ec6146210;
L_0x7f9ec6175190 .ufunc/vec4 TD_ICESTORM_RAM.pd, 1, o0x7f9ec4f43bc8 (v0x7f9ec6146410_0) S_0x7f9ec6146210;
L_0x7f9ec6175480 .ufunc/vec4 TD_ICESTORM_RAM.pd, 1, o0x7f9ec4f43b98 (v0x7f9ec6146410_0) S_0x7f9ec6146210;
L_0x7f9ec6175350 .ufunc/vec4 TD_ICESTORM_RAM.pd, 1, o0x7f9ec4f43b68 (v0x7f9ec6146410_0) S_0x7f9ec6146210;
L_0x7f9ec6175660 .ufunc/vec4 TD_ICESTORM_RAM.pd, 1, o0x7f9ec4f43b38 (v0x7f9ec6146410_0) S_0x7f9ec6146210;
L_0x7f9ec6175520 .ufunc/vec4 TD_ICESTORM_RAM.pd, 1, o0x7f9ec4f43b08 (v0x7f9ec6146410_0) S_0x7f9ec6146210;
L_0x7f9ec61755c0 .ufunc/vec4 TD_ICESTORM_RAM.pd, 1, o0x7f9ec4f43ad8 (v0x7f9ec6146410_0) S_0x7f9ec6146210;
L_0x7f9ec6175700 .ufunc/vec4 TD_ICESTORM_RAM.pd, 1, o0x7f9ec4f43a78 (v0x7f9ec6146410_0) S_0x7f9ec6146210;
L_0x7f9ec61759f0 .ufunc/vec4 TD_ICESTORM_RAM.pd, 1, o0x7f9ec4f43a48 (v0x7f9ec6146410_0) S_0x7f9ec6146210;
LS_0x7f9ec6175890_0_0 .concat [ 1 1 1 1], L_0x7f9ec61759f0, L_0x7f9ec6175700, L_0x7f9ec61755c0, L_0x7f9ec6175520;
LS_0x7f9ec6175890_0_4 .concat [ 1 1 1 1], L_0x7f9ec6175660, L_0x7f9ec6175350, L_0x7f9ec6175480, L_0x7f9ec6175190;
LS_0x7f9ec6175890_0_8 .concat [ 1 1 1 0], L_0x7f9ec61752b0, L_0x7f9ec6174fe0, L_0x7f9ec61750f0;
L_0x7f9ec6175890 .concat [ 4 4 3 0], LS_0x7f9ec6175890_0_0, LS_0x7f9ec6175890_0_4, LS_0x7f9ec6175890_0_8;
L_0x7f9ec6175e80 .ufunc/vec4 TD_ICESTORM_RAM.pd, 1, o0x7f9ec4f432f8 (v0x7f9ec6146410_0) S_0x7f9ec6146210;
L_0x7f9ec6175a90 .ufunc/vec4 TD_ICESTORM_RAM.pd, 1, o0x7f9ec4f432c8 (v0x7f9ec6146410_0) S_0x7f9ec6146210;
L_0x7f9ec6175b30 .ufunc/vec4 TD_ICESTORM_RAM.pd, 1, o0x7f9ec4f43298 (v0x7f9ec6146410_0) S_0x7f9ec6146210;
L_0x7f9ec61760b0 .ufunc/vec4 TD_ICESTORM_RAM.pd, 1, o0x7f9ec4f43268 (v0x7f9ec6146410_0) S_0x7f9ec6146210;
L_0x7f9ec6176150 .ufunc/vec4 TD_ICESTORM_RAM.pd, 1, o0x7f9ec4f43238 (v0x7f9ec6146410_0) S_0x7f9ec6146210;
L_0x7f9ec6175f20 .ufunc/vec4 TD_ICESTORM_RAM.pd, 1, o0x7f9ec4f43208 (v0x7f9ec6146410_0) S_0x7f9ec6146210;
L_0x7f9ec6175fc0 .ufunc/vec4 TD_ICESTORM_RAM.pd, 1, o0x7f9ec4f43478 (v0x7f9ec6146410_0) S_0x7f9ec6146210;
L_0x7f9ec61763a0 .ufunc/vec4 TD_ICESTORM_RAM.pd, 1, o0x7f9ec4f43448 (v0x7f9ec6146410_0) S_0x7f9ec6146210;
L_0x7f9ec6176460 .ufunc/vec4 TD_ICESTORM_RAM.pd, 1, o0x7f9ec4f43418 (v0x7f9ec6146410_0) S_0x7f9ec6146210;
L_0x7f9ec61761f0 .ufunc/vec4 TD_ICESTORM_RAM.pd, 1, o0x7f9ec4f433e8 (v0x7f9ec6146410_0) S_0x7f9ec6146210;
L_0x7f9ec61762d0 .ufunc/vec4 TD_ICESTORM_RAM.pd, 1, o0x7f9ec4f433b8 (v0x7f9ec6146410_0) S_0x7f9ec6146210;
L_0x7f9ec6176540 .ufunc/vec4 TD_ICESTORM_RAM.pd, 1, o0x7f9ec4f43388 (v0x7f9ec6146410_0) S_0x7f9ec6146210;
L_0x7f9ec6176620 .ufunc/vec4 TD_ICESTORM_RAM.pd, 1, o0x7f9ec4f43358 (v0x7f9ec6146410_0) S_0x7f9ec6146210;
L_0x7f9ec6176900 .ufunc/vec4 TD_ICESTORM_RAM.pd, 1, o0x7f9ec4f43328 (v0x7f9ec6146410_0) S_0x7f9ec6146210;
L_0x7f9ec61769e0 .ufunc/vec4 TD_ICESTORM_RAM.pd, 1, o0x7f9ec4f431d8 (v0x7f9ec6146410_0) S_0x7f9ec6146210;
L_0x7f9ec6176720 .ufunc/vec4 TD_ICESTORM_RAM.pd, 1, o0x7f9ec4f431a8 (v0x7f9ec6146410_0) S_0x7f9ec6146210;
LS_0x7f9ec6176800_0_0 .concat [ 1 1 1 1], L_0x7f9ec6176720, L_0x7f9ec61769e0, L_0x7f9ec6176900, L_0x7f9ec6176620;
LS_0x7f9ec6176800_0_4 .concat [ 1 1 1 1], L_0x7f9ec6176540, L_0x7f9ec61762d0, L_0x7f9ec61761f0, L_0x7f9ec6176460;
LS_0x7f9ec6176800_0_8 .concat [ 1 1 1 1], L_0x7f9ec61763a0, L_0x7f9ec6175fc0, L_0x7f9ec6175f20, L_0x7f9ec6176150;
LS_0x7f9ec6176800_0_12 .concat [ 1 1 1 1], L_0x7f9ec61760b0, L_0x7f9ec6175b30, L_0x7f9ec6175a90, L_0x7f9ec6175e80;
L_0x7f9ec6176800 .concat [ 4 4 4 4], LS_0x7f9ec6176800_0_0, LS_0x7f9ec6176800_0_4, LS_0x7f9ec6176800_0_8, LS_0x7f9ec6176800_0_12;
L_0x7f9ec6176ac0 .ufunc/vec4 TD_ICESTORM_RAM.pd, 1, o0x7f9ec4f43e08 (v0x7f9ec6146410_0) S_0x7f9ec6146210;
L_0x7f9ec6176b60 .ufunc/vec4 TD_ICESTORM_RAM.pd, 1, o0x7f9ec4f43dd8 (v0x7f9ec6146410_0) S_0x7f9ec6146210;
L_0x7f9ec6176c00 .ufunc/vec4 TD_ICESTORM_RAM.pd, 1, o0x7f9ec4f43da8 (v0x7f9ec6146410_0) S_0x7f9ec6146210;
L_0x7f9ec6177350 .ufunc/vec4 TD_ICESTORM_RAM.pd, 1, o0x7f9ec4f43d78 (v0x7f9ec6146410_0) S_0x7f9ec6146210;
L_0x7f9ec6177140 .ufunc/vec4 TD_ICESTORM_RAM.pd, 1, o0x7f9ec4f43d48 (v0x7f9ec6146410_0) S_0x7f9ec6146210;
L_0x7f9ec61771e0 .ufunc/vec4 TD_ICESTORM_RAM.pd, 1, o0x7f9ec4f43d18 (v0x7f9ec6146410_0) S_0x7f9ec6146210;
L_0x7f9ec6177280 .ufunc/vec4 TD_ICESTORM_RAM.pd, 1, o0x7f9ec4f43f88 (v0x7f9ec6146410_0) S_0x7f9ec6146210;
L_0x7f9ec6177620 .ufunc/vec4 TD_ICESTORM_RAM.pd, 1, o0x7f9ec4f43f58 (v0x7f9ec6146410_0) S_0x7f9ec6146210;
L_0x7f9ec61773f0 .ufunc/vec4 TD_ICESTORM_RAM.pd, 1, o0x7f9ec4f43f28 (v0x7f9ec6146410_0) S_0x7f9ec6146210;
L_0x7f9ec6177490 .ufunc/vec4 TD_ICESTORM_RAM.pd, 1, o0x7f9ec4f43ef8 (v0x7f9ec6146410_0) S_0x7f9ec6146210;
L_0x7f9ec6177550 .ufunc/vec4 TD_ICESTORM_RAM.pd, 1, o0x7f9ec4f43ec8 (v0x7f9ec6146410_0) S_0x7f9ec6146210;
L_0x7f9ec6177930 .ufunc/vec4 TD_ICESTORM_RAM.pd, 1, o0x7f9ec4f43e98 (v0x7f9ec6146410_0) S_0x7f9ec6146210;
L_0x7f9ec61776c0 .ufunc/vec4 TD_ICESTORM_RAM.pd, 1, o0x7f9ec4f43e68 (v0x7f9ec6146410_0) S_0x7f9ec6146210;
L_0x7f9ec61777a0 .ufunc/vec4 TD_ICESTORM_RAM.pd, 1, o0x7f9ec4f43e38 (v0x7f9ec6146410_0) S_0x7f9ec6146210;
L_0x7f9ec6177c80 .ufunc/vec4 TD_ICESTORM_RAM.pd, 1, o0x7f9ec4f43ce8 (v0x7f9ec6146410_0) S_0x7f9ec6146210;
L_0x7f9ec6177d20 .ufunc/vec4 TD_ICESTORM_RAM.pd, 1, o0x7f9ec4f43cb8 (v0x7f9ec6146410_0) S_0x7f9ec6146210;
LS_0x7f9ec6177a10_0_0 .concat [ 1 1 1 1], L_0x7f9ec6177d20, L_0x7f9ec6177c80, L_0x7f9ec61777a0, L_0x7f9ec61776c0;
LS_0x7f9ec6177a10_0_4 .concat [ 1 1 1 1], L_0x7f9ec6177930, L_0x7f9ec6177550, L_0x7f9ec6177490, L_0x7f9ec61773f0;
LS_0x7f9ec6177a10_0_8 .concat [ 1 1 1 1], L_0x7f9ec6177620, L_0x7f9ec6177280, L_0x7f9ec61771e0, L_0x7f9ec6177140;
LS_0x7f9ec6177a10_0_12 .concat [ 1 1 1 1], L_0x7f9ec6177350, L_0x7f9ec6176c00, L_0x7f9ec6176b60, L_0x7f9ec6176ac0;
L_0x7f9ec6177a10 .concat [ 4 4 4 4], LS_0x7f9ec6177a10_0_0, LS_0x7f9ec6177a10_0_4, LS_0x7f9ec6177a10_0_8, LS_0x7f9ec6177a10_0_12;
S_0x7f9ec61434b0 .scope module, "RAM" "SB_RAM40_4K" 2 3233, 2 1487 0, S_0x7f9ec4deefb0;
 .timescale -12 -12;
    .port_info 0 /OUTPUT 16 "RDATA";
    .port_info 1 /INPUT 1 "RCLK";
    .port_info 2 /INPUT 1 "RCLKE";
    .port_info 3 /INPUT 1 "RE";
    .port_info 4 /INPUT 11 "RADDR";
    .port_info 5 /INPUT 1 "WCLK";
    .port_info 6 /INPUT 1 "WCLKE";
    .port_info 7 /INPUT 1 "WE";
    .port_info 8 /INPUT 11 "WADDR";
    .port_info 9 /INPUT 16 "MASK";
    .port_info 10 /INPUT 16 "WDATA";
P_0x7f9ec5840000 .param/l "INIT_0" 0 2 1507, C4<0000000000000000000000000000000000000000000000000000000000000000000000000000000000000000000000000000000000000000000000000000000000000000000000000000000000000000000000000000000000000000000000000000000000000000000000000000000000000000000000000000000000000000>;
P_0x7f9ec5840040 .param/l "INIT_1" 0 2 1508, C4<0000000000000000000000000000000000000000000000000000000000000000000000000000000000000000000000000000000000000000000000000000000000000000000000000000000000000000000000000000000000000000000000000000000000000000000000000000000000000000000000000000000000000000>;
P_0x7f9ec5840080 .param/l "INIT_2" 0 2 1509, C4<0000000000000000000000000000000000000000000000000000000000000000000000000000000000000000000000000000000000000000000000000000000000000000000000000000000000000000000000000000000000000000000000000000000000000000000000000000000000000000000000000000000000000000>;
P_0x7f9ec58400c0 .param/l "INIT_3" 0 2 1510, C4<0000000000000000000000000000000000000000000000000000000000000000000000000000000000000000000000000000000000000000000000000000000000000000000000000000000000000000000000000000000000000000000000000000000000000000000000000000000000000000000000000000000000000000>;
P_0x7f9ec5840100 .param/l "INIT_4" 0 2 1511, C4<0000000000000000000000000000000000000000000000000000000000000000000000000000000000000000000000000000000000000000000000000000000000000000000000000000000000000000000000000000000000000000000000000000000000000000000000000000000000000000000000000000000000000000>;
P_0x7f9ec5840140 .param/l "INIT_5" 0 2 1512, C4<0000000000000000000000000000000000000000000000000000000000000000000000000000000000000000000000000000000000000000000000000000000000000000000000000000000000000000000000000000000000000000000000000000000000000000000000000000000000000000000000000000000000000000>;
P_0x7f9ec5840180 .param/l "INIT_6" 0 2 1513, C4<0000000000000000000000000000000000000000000000000000000000000000000000000000000000000000000000000000000000000000000000000000000000000000000000000000000000000000000000000000000000000000000000000000000000000000000000000000000000000000000000000000000000000000>;
P_0x7f9ec58401c0 .param/l "INIT_7" 0 2 1514, C4<0000000000000000000000000000000000000000000000000000000000000000000000000000000000000000000000000000000000000000000000000000000000000000000000000000000000000000000000000000000000000000000000000000000000000000000000000000000000000000000000000000000000000000>;
P_0x7f9ec5840200 .param/l "INIT_8" 0 2 1515, C4<0000000000000000000000000000000000000000000000000000000000000000000000000000000000000000000000000000000000000000000000000000000000000000000000000000000000000000000000000000000000000000000000000000000000000000000000000000000000000000000000000000000000000000>;
P_0x7f9ec5840240 .param/l "INIT_9" 0 2 1516, C4<0000000000000000000000000000000000000000000000000000000000000000000000000000000000000000000000000000000000000000000000000000000000000000000000000000000000000000000000000000000000000000000000000000000000000000000000000000000000000000000000000000000000000000>;
P_0x7f9ec5840280 .param/l "INIT_A" 0 2 1517, C4<0000000000000000000000000000000000000000000000000000000000000000000000000000000000000000000000000000000000000000000000000000000000000000000000000000000000000000000000000000000000000000000000000000000000000000000000000000000000000000000000000000000000000000>;
P_0x7f9ec58402c0 .param/l "INIT_B" 0 2 1518, C4<0000000000000000000000000000000000000000000000000000000000000000000000000000000000000000000000000000000000000000000000000000000000000000000000000000000000000000000000000000000000000000000000000000000000000000000000000000000000000000000000000000000000000000>;
P_0x7f9ec5840300 .param/l "INIT_C" 0 2 1519, C4<0000000000000000000000000000000000000000000000000000000000000000000000000000000000000000000000000000000000000000000000000000000000000000000000000000000000000000000000000000000000000000000000000000000000000000000000000000000000000000000000000000000000000000>;
P_0x7f9ec5840340 .param/l "INIT_D" 0 2 1520, C4<0000000000000000000000000000000000000000000000000000000000000000000000000000000000000000000000000000000000000000000000000000000000000000000000000000000000000000000000000000000000000000000000000000000000000000000000000000000000000000000000000000000000000000>;
P_0x7f9ec5840380 .param/l "INIT_E" 0 2 1521, C4<0000000000000000000000000000000000000000000000000000000000000000000000000000000000000000000000000000000000000000000000000000000000000000000000000000000000000000000000000000000000000000000000000000000000000000000000000000000000000000000000000000000000000000>;
P_0x7f9ec58403c0 .param/l "INIT_F" 0 2 1522, C4<0000000000000000000000000000000000000000000000000000000000000000000000000000000000000000000000000000000000000000000000000000000000000000000000000000000000000000000000000000000000000000000000000000000000000000000000000000000000000000000000000000000000000000>;
P_0x7f9ec5840400 .param/str "INIT_FILE" 0 2 1524, "\000";
P_0x7f9ec5840440 .param/l "READ_MODE" 0 2 1505, +C4<00000000000000000000000000000000>;
P_0x7f9ec5840480 .param/l "WRITE_MODE" 0 2 1504, +C4<00000000000000000000000000000000>;
v0x7f9ec6145470_0 .net "MASK", 15 0, L_0x7f9ec6176800;  1 drivers
v0x7f9ec6145500_0 .net "RADDR", 10 0, L_0x7f9ec6174750;  1 drivers
v0x7f9ec61455b0_0 .net "RCLK", 0 0, L_0x7f9ec61738c0;  1 drivers
v0x7f9ec6145660_0 .net "RCLKE", 0 0, L_0x7f9ec6173e50;  1 drivers
v0x7f9ec6145700_0 .net "RDATA", 15 0, v0x7f9ec61457f0_0;  1 drivers
v0x7f9ec61457f0_0 .var "RDATA_I", 15 0;
v0x7f9ec61458a0_0 .net "RE", 0 0, L_0x7f9ec6173ef0;  1 drivers
L_0x7f9ec4f732d8 .functor BUFT 1, C4<0000000000000000>, C4<0>, C4<0>, C4<0>;
v0x7f9ec6145940_0 .net "RMASK_I", 15 0, L_0x7f9ec4f732d8;  1 drivers
v0x7f9ec61459f0_0 .net "WADDR", 10 0, L_0x7f9ec6175890;  1 drivers
v0x7f9ec6145b00_0 .net "WCLK", 0 0, L_0x7f9ec6174910;  1 drivers
v0x7f9ec6145ba0_0 .net "WCLKE", 0 0, L_0x7f9ec6174f40;  1 drivers
v0x7f9ec6145c40_0 .net "WDATA", 15 0, L_0x7f9ec6177a10;  1 drivers
v0x7f9ec6145cf0_0 .net "WDATA_I", 15 0, L_0x7f9ec6172ca0;  1 drivers
v0x7f9ec6145da0_0 .net "WE", 0 0, L_0x7f9ec6174da0;  1 drivers
v0x7f9ec6145e40_0 .net "WMASK_I", 15 0, L_0x7f9ec6172bf0;  1 drivers
v0x7f9ec6145ef0_0 .var/i "i", 31 0;
v0x7f9ec6145fa0 .array "memory", 255 0, 15 0;
E_0x7f9ec6144d00 .event posedge, v0x7f9ec61455b0_0;
E_0x7f9ec6144d50 .event posedge, v0x7f9ec6145b00_0;
S_0x7f9ec6144da0 .scope generate, "genblk1" "genblk1" 2 1534, 2 1534 0, S_0x7f9ec61434b0;
 .timescale -12 -12;
L_0x7f9ec6172bf0 .functor BUFZ 16, L_0x7f9ec6176800, C4<0000000000000000>, C4<0000000000000000>, C4<0000000000000000>;
S_0x7f9ec6144f70 .scope generate, "genblk2" "genblk2" 2 1555, 2 1555 0, S_0x7f9ec61434b0;
 .timescale -12 -12;
S_0x7f9ec6145140 .scope generate, "genblk3" "genblk3" 2 1576, 2 1576 0, S_0x7f9ec61434b0;
 .timescale -12 -12;
L_0x7f9ec6172ca0 .functor BUFZ 16, L_0x7f9ec6177a10, C4<0000000000000000>, C4<0000000000000000>, C4<0000000000000000>;
S_0x7f9ec61452b0 .scope generate, "genblk4" "genblk4" 2 1595, 2 1595 0, S_0x7f9ec61434b0;
 .timescale -12 -12;
S_0x7f9ec6146210 .scope function.vec4.s1, "pd" "pd" 2 3200, 2 3200 0, S_0x7f9ec4deefb0;
 .timescale -12 -12;
; Variable pd is vec4 return value of scope S_0x7f9ec6146210
v0x7f9ec6146410_0 .var "x", 0 0;
TD_ICESTORM_RAM.pd ;
    %load/vec4 v0x7f9ec6146410_0;
    %cmpi/e 0, 1, 1;
    %flag_mov 8, 6;
    %jmp/0 T_0.0, 8;
    %pushi/vec4 0, 0, 1;
    %jmp/1 T_0.1, 8;
T_0.0 ; End of true expr.
    %load/vec4 v0x7f9ec6146410_0;
    %jmp/0 T_0.1, 8;
 ; End of false expr.
    %blend;
T_0.1;
    %ret/vec4 0, 0, 1;  Assign to pd (store_vec4_to_lval)
    %end;
S_0x7f9ec61464a0 .scope function.vec4.s1, "pu" "pu" 2 3207, 2 3207 0, S_0x7f9ec4deefb0;
 .timescale -12 -12;
; Variable pu is vec4 return value of scope S_0x7f9ec61464a0
v0x7f9ec61466c0_0 .var "x", 0 0;
TD_ICESTORM_RAM.pu ;
    %load/vec4 v0x7f9ec61466c0_0;
    %cmpi/e 0, 1, 1;
    %flag_mov 8, 6;
    %jmp/0 T_1.2, 8;
    %pushi/vec4 1, 0, 1;
    %jmp/1 T_1.3, 8;
T_1.2 ; End of true expr.
    %load/vec4 v0x7f9ec61466c0_0;
    %jmp/0 T_1.3, 8;
 ; End of false expr.
    %blend;
T_1.3;
    %ret/vec4 0, 0, 1;  Assign to pu (store_vec4_to_lval)
    %end;
S_0x7f9ec4dee400 .scope module, "SB_CARRY" "SB_CARRY" 2 228;
 .timescale -12 -12;
    .port_info 0 /OUTPUT 1 "CO";
    .port_info 1 /INPUT 1 "I0";
    .port_info 2 /INPUT 1 "I1";
    .port_info 3 /INPUT 1 "CI";
o0x7f9ec4f45968 .functor BUFZ 1, C4<z>; HiZ drive
o0x7f9ec4f45998 .functor BUFZ 1, C4<z>; HiZ drive
L_0x7f9ec6178340 .functor AND 1, o0x7f9ec4f45968, o0x7f9ec4f45998, C4<1>, C4<1>;
L_0x7f9ec61783b0 .functor OR 1, o0x7f9ec4f45968, o0x7f9ec4f45998, C4<0>, C4<0>;
o0x7f9ec4f45908 .functor BUFZ 1, C4<z>; HiZ drive
L_0x7f9ec61784a0 .functor AND 1, L_0x7f9ec61783b0, o0x7f9ec4f45908, C4<1>, C4<1>;
L_0x7f9ec6178550 .functor OR 1, L_0x7f9ec6178340, L_0x7f9ec61784a0, C4<0>, C4<0>;
v0x7f9ec4d2bc30_0 .net "CI", 0 0, o0x7f9ec4f45908;  0 drivers
v0x7f9ec4d2bce0_0 .net "CO", 0 0, L_0x7f9ec6178550;  1 drivers
v0x7f9ec4d2bd80_0 .net "I0", 0 0, o0x7f9ec4f45968;  0 drivers
v0x7f9ec614c660_0 .net "I1", 0 0, o0x7f9ec4f45998;  0 drivers
v0x7f9ec614c6f0_0 .net *"_ivl_1", 0 0, L_0x7f9ec6178340;  1 drivers
v0x7f9ec614c780_0 .net *"_ivl_3", 0 0, L_0x7f9ec61783b0;  1 drivers
v0x7f9ec614c810_0 .net *"_ivl_5", 0 0, L_0x7f9ec61784a0;  1 drivers
S_0x7f9ec4ded800 .scope module, "SB_DFF" "SB_DFF" 2 265;
 .timescale -12 -12;
    .port_info 0 /OUTPUT 1 "Q";
    .port_info 1 /INPUT 1 "C";
    .port_info 2 /INPUT 1 "D";
o0x7f9ec4f45b18 .functor BUFZ 1, C4<z>; HiZ drive
v0x7f9ec614c8e0_0 .net "C", 0 0, o0x7f9ec4f45b18;  0 drivers
o0x7f9ec4f45b48 .functor BUFZ 1, C4<z>; HiZ drive
v0x7f9ec614c990_0 .net "D", 0 0, o0x7f9ec4f45b48;  0 drivers
v0x7f9ec614ca30_0 .var "Q", 0 0;
E_0x7f9ec614c8a0 .event posedge, v0x7f9ec614c8e0_0;
S_0x7f9ec4deb320 .scope module, "SB_DFFE" "SB_DFFE" 2 303;
 .timescale -12 -12;
    .port_info 0 /OUTPUT 1 "Q";
    .port_info 1 /INPUT 1 "C";
    .port_info 2 /INPUT 1 "E";
    .port_info 3 /INPUT 1 "D";
o0x7f9ec4f45c38 .functor BUFZ 1, C4<z>; HiZ drive
v0x7f9ec614cb70_0 .net "C", 0 0, o0x7f9ec4f45c38;  0 drivers
o0x7f9ec4f45c68 .functor BUFZ 1, C4<z>; HiZ drive
v0x7f9ec614cc20_0 .net "D", 0 0, o0x7f9ec4f45c68;  0 drivers
o0x7f9ec4f45c98 .functor BUFZ 1, C4<z>; HiZ drive
v0x7f9ec614ccc0_0 .net "E", 0 0, o0x7f9ec4f45c98;  0 drivers
v0x7f9ec614cd50_0 .var "Q", 0 0;
E_0x7f9ec614cb10 .event posedge, v0x7f9ec614cb70_0;
S_0x7f9ec4decc50 .scope module, "SB_DFFER" "SB_DFFER" 2 653;
 .timescale -12 -12;
    .port_info 0 /OUTPUT 1 "Q";
    .port_info 1 /INPUT 1 "C";
    .port_info 2 /INPUT 1 "E";
    .port_info 3 /INPUT 1 "R";
    .port_info 4 /INPUT 1 "D";
o0x7f9ec4f45db8 .functor BUFZ 1, C4<z>; HiZ drive
v0x7f9ec614ceb0_0 .net "C", 0 0, o0x7f9ec4f45db8;  0 drivers
o0x7f9ec4f45de8 .functor BUFZ 1, C4<z>; HiZ drive
v0x7f9ec614cf60_0 .net "D", 0 0, o0x7f9ec4f45de8;  0 drivers
o0x7f9ec4f45e18 .functor BUFZ 1, C4<z>; HiZ drive
v0x7f9ec614d000_0 .net "E", 0 0, o0x7f9ec4f45e18;  0 drivers
v0x7f9ec614d090_0 .var "Q", 0 0;
o0x7f9ec4f45e78 .functor BUFZ 1, C4<z>; HiZ drive
v0x7f9ec614d130_0 .net "R", 0 0, o0x7f9ec4f45e78;  0 drivers
E_0x7f9ec614ce50 .event posedge, v0x7f9ec614d130_0, v0x7f9ec614ceb0_0;
S_0x7f9ec4dfbbb0 .scope module, "SB_DFFES" "SB_DFFES" 2 794;
 .timescale -12 -12;
    .port_info 0 /OUTPUT 1 "Q";
    .port_info 1 /INPUT 1 "C";
    .port_info 2 /INPUT 1 "E";
    .port_info 3 /INPUT 1 "S";
    .port_info 4 /INPUT 1 "D";
o0x7f9ec4f45f98 .functor BUFZ 1, C4<z>; HiZ drive
v0x7f9ec614d2d0_0 .net "C", 0 0, o0x7f9ec4f45f98;  0 drivers
o0x7f9ec4f45fc8 .functor BUFZ 1, C4<z>; HiZ drive
v0x7f9ec614d380_0 .net "D", 0 0, o0x7f9ec4f45fc8;  0 drivers
o0x7f9ec4f45ff8 .functor BUFZ 1, C4<z>; HiZ drive
v0x7f9ec614d420_0 .net "E", 0 0, o0x7f9ec4f45ff8;  0 drivers
v0x7f9ec614d4b0_0 .var "Q", 0 0;
o0x7f9ec4f46058 .functor BUFZ 1, C4<z>; HiZ drive
v0x7f9ec614d540_0 .net "S", 0 0, o0x7f9ec4f46058;  0 drivers
E_0x7f9ec614d290 .event posedge, v0x7f9ec614d540_0, v0x7f9ec614d2d0_0;
S_0x7f9ec4df72a0 .scope module, "SB_DFFESR" "SB_DFFESR" 2 592;
 .timescale -12 -12;
    .port_info 0 /OUTPUT 1 "Q";
    .port_info 1 /INPUT 1 "C";
    .port_info 2 /INPUT 1 "E";
    .port_info 3 /INPUT 1 "R";
    .port_info 4 /INPUT 1 "D";
o0x7f9ec4f46178 .functor BUFZ 1, C4<z>; HiZ drive
v0x7f9ec614d6e0_0 .net "C", 0 0, o0x7f9ec4f46178;  0 drivers
o0x7f9ec4f461a8 .functor BUFZ 1, C4<z>; HiZ drive
v0x7f9ec614d790_0 .net "D", 0 0, o0x7f9ec4f461a8;  0 drivers
o0x7f9ec4f461d8 .functor BUFZ 1, C4<z>; HiZ drive
v0x7f9ec614d830_0 .net "E", 0 0, o0x7f9ec4f461d8;  0 drivers
v0x7f9ec614d8c0_0 .var "Q", 0 0;
o0x7f9ec4f46238 .functor BUFZ 1, C4<z>; HiZ drive
v0x7f9ec614d950_0 .net "R", 0 0, o0x7f9ec4f46238;  0 drivers
E_0x7f9ec614d6a0 .event posedge, v0x7f9ec614d6e0_0;
S_0x7f9ec4de8950 .scope module, "SB_DFFESS" "SB_DFFESS" 2 733;
 .timescale -12 -12;
    .port_info 0 /OUTPUT 1 "Q";
    .port_info 1 /INPUT 1 "C";
    .port_info 2 /INPUT 1 "E";
    .port_info 3 /INPUT 1 "S";
    .port_info 4 /INPUT 1 "D";
o0x7f9ec4f46358 .functor BUFZ 1, C4<z>; HiZ drive
v0x7f9ec614daf0_0 .net "C", 0 0, o0x7f9ec4f46358;  0 drivers
o0x7f9ec4f46388 .functor BUFZ 1, C4<z>; HiZ drive
v0x7f9ec614dba0_0 .net "D", 0 0, o0x7f9ec4f46388;  0 drivers
o0x7f9ec4f463b8 .functor BUFZ 1, C4<z>; HiZ drive
v0x7f9ec614dc40_0 .net "E", 0 0, o0x7f9ec4f463b8;  0 drivers
v0x7f9ec614dcd0_0 .var "Q", 0 0;
o0x7f9ec4f46418 .functor BUFZ 1, C4<z>; HiZ drive
v0x7f9ec614dd60_0 .net "S", 0 0, o0x7f9ec4f46418;  0 drivers
E_0x7f9ec614dab0 .event posedge, v0x7f9ec614daf0_0;
S_0x7f9ec4deac30 .scope module, "SB_DFFN" "SB_DFFN" 2 876;
 .timescale -12 -12;
    .port_info 0 /OUTPUT 1 "Q";
    .port_info 1 /INPUT 1 "C";
    .port_info 2 /INPUT 1 "D";
o0x7f9ec4f46538 .functor BUFZ 1, C4<z>; HiZ drive
v0x7f9ec614df00_0 .net "C", 0 0, o0x7f9ec4f46538;  0 drivers
o0x7f9ec4f46568 .functor BUFZ 1, C4<z>; HiZ drive
v0x7f9ec614dfb0_0 .net "D", 0 0, o0x7f9ec4f46568;  0 drivers
v0x7f9ec614e050_0 .var "Q", 0 0;
E_0x7f9ec614dec0 .event negedge, v0x7f9ec614df00_0;
S_0x7f9ec4de9f90 .scope module, "SB_DFFNE" "SB_DFFNE" 2 914;
 .timescale -12 -12;
    .port_info 0 /OUTPUT 1 "Q";
    .port_info 1 /INPUT 1 "C";
    .port_info 2 /INPUT 1 "E";
    .port_info 3 /INPUT 1 "D";
o0x7f9ec4f46658 .functor BUFZ 1, C4<z>; HiZ drive
v0x7f9ec614e180_0 .net "C", 0 0, o0x7f9ec4f46658;  0 drivers
o0x7f9ec4f46688 .functor BUFZ 1, C4<z>; HiZ drive
v0x7f9ec614e230_0 .net "D", 0 0, o0x7f9ec4f46688;  0 drivers
o0x7f9ec4f466b8 .functor BUFZ 1, C4<z>; HiZ drive
v0x7f9ec614e2d0_0 .net "E", 0 0, o0x7f9ec4f466b8;  0 drivers
v0x7f9ec614e360_0 .var "Q", 0 0;
E_0x7f9ec614e120 .event negedge, v0x7f9ec614e180_0;
S_0x7f9ec4de9470 .scope module, "SB_DFFNER" "SB_DFFNER" 2 1264;
 .timescale -12 -12;
    .port_info 0 /OUTPUT 1 "Q";
    .port_info 1 /INPUT 1 "C";
    .port_info 2 /INPUT 1 "E";
    .port_info 3 /INPUT 1 "R";
    .port_info 4 /INPUT 1 "D";
o0x7f9ec4f467d8 .functor BUFZ 1, C4<z>; HiZ drive
v0x7f9ec614e4c0_0 .net "C", 0 0, o0x7f9ec4f467d8;  0 drivers
o0x7f9ec4f46808 .functor BUFZ 1, C4<z>; HiZ drive
v0x7f9ec614e570_0 .net "D", 0 0, o0x7f9ec4f46808;  0 drivers
o0x7f9ec4f46838 .functor BUFZ 1, C4<z>; HiZ drive
v0x7f9ec614e610_0 .net "E", 0 0, o0x7f9ec4f46838;  0 drivers
v0x7f9ec614e6a0_0 .var "Q", 0 0;
o0x7f9ec4f46898 .functor BUFZ 1, C4<z>; HiZ drive
v0x7f9ec614e740_0 .net "R", 0 0, o0x7f9ec4f46898;  0 drivers
E_0x7f9ec614e460/0 .event negedge, v0x7f9ec614e4c0_0;
E_0x7f9ec614e460/1 .event posedge, v0x7f9ec614e740_0;
E_0x7f9ec614e460 .event/or E_0x7f9ec614e460/0, E_0x7f9ec614e460/1;
S_0x7f9ec4dcea80 .scope module, "SB_DFFNES" "SB_DFFNES" 2 1405;
 .timescale -12 -12;
    .port_info 0 /OUTPUT 1 "Q";
    .port_info 1 /INPUT 1 "C";
    .port_info 2 /INPUT 1 "E";
    .port_info 3 /INPUT 1 "S";
    .port_info 4 /INPUT 1 "D";
o0x7f9ec4f469b8 .functor BUFZ 1, C4<z>; HiZ drive
v0x7f9ec614e8e0_0 .net "C", 0 0, o0x7f9ec4f469b8;  0 drivers
o0x7f9ec4f469e8 .functor BUFZ 1, C4<z>; HiZ drive
v0x7f9ec614e990_0 .net "D", 0 0, o0x7f9ec4f469e8;  0 drivers
o0x7f9ec4f46a18 .functor BUFZ 1, C4<z>; HiZ drive
v0x7f9ec614ea30_0 .net "E", 0 0, o0x7f9ec4f46a18;  0 drivers
v0x7f9ec614eac0_0 .var "Q", 0 0;
o0x7f9ec4f46a78 .functor BUFZ 1, C4<z>; HiZ drive
v0x7f9ec614eb50_0 .net "S", 0 0, o0x7f9ec4f46a78;  0 drivers
E_0x7f9ec614e8a0/0 .event negedge, v0x7f9ec614e8e0_0;
E_0x7f9ec614e8a0/1 .event posedge, v0x7f9ec614eb50_0;
E_0x7f9ec614e8a0 .event/or E_0x7f9ec614e8a0/0, E_0x7f9ec614e8a0/1;
S_0x7f9ec4dc8570 .scope module, "SB_DFFNESR" "SB_DFFNESR" 2 1203;
 .timescale -12 -12;
    .port_info 0 /OUTPUT 1 "Q";
    .port_info 1 /INPUT 1 "C";
    .port_info 2 /INPUT 1 "E";
    .port_info 3 /INPUT 1 "R";
    .port_info 4 /INPUT 1 "D";
o0x7f9ec4f46b98 .functor BUFZ 1, C4<z>; HiZ drive
v0x7f9ec614ecf0_0 .net "C", 0 0, o0x7f9ec4f46b98;  0 drivers
o0x7f9ec4f46bc8 .functor BUFZ 1, C4<z>; HiZ drive
v0x7f9ec614eda0_0 .net "D", 0 0, o0x7f9ec4f46bc8;  0 drivers
o0x7f9ec4f46bf8 .functor BUFZ 1, C4<z>; HiZ drive
v0x7f9ec614ee40_0 .net "E", 0 0, o0x7f9ec4f46bf8;  0 drivers
v0x7f9ec614eed0_0 .var "Q", 0 0;
o0x7f9ec4f46c58 .functor BUFZ 1, C4<z>; HiZ drive
v0x7f9ec614ef60_0 .net "R", 0 0, o0x7f9ec4f46c58;  0 drivers
E_0x7f9ec614ecb0 .event negedge, v0x7f9ec614ecf0_0;
S_0x7f9ec4dcb2f0 .scope module, "SB_DFFNESS" "SB_DFFNESS" 2 1344;
 .timescale -12 -12;
    .port_info 0 /OUTPUT 1 "Q";
    .port_info 1 /INPUT 1 "C";
    .port_info 2 /INPUT 1 "E";
    .port_info 3 /INPUT 1 "S";
    .port_info 4 /INPUT 1 "D";
o0x7f9ec4f46d78 .functor BUFZ 1, C4<z>; HiZ drive
v0x7f9ec614f100_0 .net "C", 0 0, o0x7f9ec4f46d78;  0 drivers
o0x7f9ec4f46da8 .functor BUFZ 1, C4<z>; HiZ drive
v0x7f9ec614f1b0_0 .net "D", 0 0, o0x7f9ec4f46da8;  0 drivers
o0x7f9ec4f46dd8 .functor BUFZ 1, C4<z>; HiZ drive
v0x7f9ec614f250_0 .net "E", 0 0, o0x7f9ec4f46dd8;  0 drivers
v0x7f9ec614f2e0_0 .var "Q", 0 0;
o0x7f9ec4f46e38 .functor BUFZ 1, C4<z>; HiZ drive
v0x7f9ec614f370_0 .net "S", 0 0, o0x7f9ec4f46e38;  0 drivers
E_0x7f9ec614f0c0 .event negedge, v0x7f9ec614f100_0;
S_0x7f9ec4dc7e30 .scope module, "SB_DFFNR" "SB_DFFNR" 2 1011;
 .timescale -12 -12;
    .port_info 0 /OUTPUT 1 "Q";
    .port_info 1 /INPUT 1 "C";
    .port_info 2 /INPUT 1 "R";
    .port_info 3 /INPUT 1 "D";
o0x7f9ec4f46f58 .functor BUFZ 1, C4<z>; HiZ drive
v0x7f9ec614f510_0 .net "C", 0 0, o0x7f9ec4f46f58;  0 drivers
o0x7f9ec4f46f88 .functor BUFZ 1, C4<z>; HiZ drive
v0x7f9ec614f5c0_0 .net "D", 0 0, o0x7f9ec4f46f88;  0 drivers
v0x7f9ec614f660_0 .var "Q", 0 0;
o0x7f9ec4f46fe8 .functor BUFZ 1, C4<z>; HiZ drive
v0x7f9ec614f6f0_0 .net "R", 0 0, o0x7f9ec4f46fe8;  0 drivers
E_0x7f9ec614f4d0/0 .event negedge, v0x7f9ec614f510_0;
E_0x7f9ec614f4d0/1 .event posedge, v0x7f9ec614f6f0_0;
E_0x7f9ec614f4d0 .event/or E_0x7f9ec614f4d0/0, E_0x7f9ec614f4d0/1;
S_0x7f9ec4dd5ed0 .scope module, "SB_DFFNS" "SB_DFFNS" 2 1132;
 .timescale -12 -12;
    .port_info 0 /OUTPUT 1 "Q";
    .port_info 1 /INPUT 1 "C";
    .port_info 2 /INPUT 1 "S";
    .port_info 3 /INPUT 1 "D";
o0x7f9ec4f470d8 .functor BUFZ 1, C4<z>; HiZ drive
v0x7f9ec614f840_0 .net "C", 0 0, o0x7f9ec4f470d8;  0 drivers
o0x7f9ec4f47108 .functor BUFZ 1, C4<z>; HiZ drive
v0x7f9ec614f8f0_0 .net "D", 0 0, o0x7f9ec4f47108;  0 drivers
v0x7f9ec614f990_0 .var "Q", 0 0;
o0x7f9ec4f47168 .functor BUFZ 1, C4<z>; HiZ drive
v0x7f9ec614fa20_0 .net "S", 0 0, o0x7f9ec4f47168;  0 drivers
E_0x7f9ec614f7e0/0 .event negedge, v0x7f9ec614f840_0;
E_0x7f9ec614f7e0/1 .event posedge, v0x7f9ec614fa20_0;
E_0x7f9ec614f7e0 .event/or E_0x7f9ec614f7e0/0, E_0x7f9ec614f7e0/1;
S_0x7f9ec4dd2630 .scope module, "SB_DFFNSR" "SB_DFFNSR" 2 961;
 .timescale -12 -12;
    .port_info 0 /OUTPUT 1 "Q";
    .port_info 1 /INPUT 1 "C";
    .port_info 2 /INPUT 1 "R";
    .port_info 3 /INPUT 1 "D";
o0x7f9ec4f47258 .functor BUFZ 1, C4<z>; HiZ drive
v0x7f9ec614fb80_0 .net "C", 0 0, o0x7f9ec4f47258;  0 drivers
o0x7f9ec4f47288 .functor BUFZ 1, C4<z>; HiZ drive
v0x7f9ec614fc30_0 .net "D", 0 0, o0x7f9ec4f47288;  0 drivers
v0x7f9ec614fcd0_0 .var "Q", 0 0;
o0x7f9ec4f472e8 .functor BUFZ 1, C4<z>; HiZ drive
v0x7f9ec614fd60_0 .net "R", 0 0, o0x7f9ec4f472e8;  0 drivers
E_0x7f9ec614fb20 .event negedge, v0x7f9ec614fb80_0;
S_0x7f9ec6104bb0 .scope module, "SB_DFFNSS" "SB_DFFNSS" 2 1082;
 .timescale -12 -12;
    .port_info 0 /OUTPUT 1 "Q";
    .port_info 1 /INPUT 1 "C";
    .port_info 2 /INPUT 1 "S";
    .port_info 3 /INPUT 1 "D";
o0x7f9ec4f473d8 .functor BUFZ 1, C4<z>; HiZ drive
v0x7f9ec614fec0_0 .net "C", 0 0, o0x7f9ec4f473d8;  0 drivers
o0x7f9ec4f47408 .functor BUFZ 1, C4<z>; HiZ drive
v0x7f9ec614ff70_0 .net "D", 0 0, o0x7f9ec4f47408;  0 drivers
v0x7f9ec6150010_0 .var "Q", 0 0;
o0x7f9ec4f47468 .functor BUFZ 1, C4<z>; HiZ drive
v0x7f9ec61500a0_0 .net "S", 0 0, o0x7f9ec4f47468;  0 drivers
E_0x7f9ec614fe60 .event negedge, v0x7f9ec614fec0_0;
S_0x7f9ec4df1d50 .scope module, "SB_DFFR" "SB_DFFR" 2 400;
 .timescale -12 -12;
    .port_info 0 /OUTPUT 1 "Q";
    .port_info 1 /INPUT 1 "C";
    .port_info 2 /INPUT 1 "R";
    .port_info 3 /INPUT 1 "D";
o0x7f9ec4f47558 .functor BUFZ 1, C4<z>; HiZ drive
v0x7f9ec6150200_0 .net "C", 0 0, o0x7f9ec4f47558;  0 drivers
o0x7f9ec4f47588 .functor BUFZ 1, C4<z>; HiZ drive
v0x7f9ec61502b0_0 .net "D", 0 0, o0x7f9ec4f47588;  0 drivers
v0x7f9ec6150350_0 .var "Q", 0 0;
o0x7f9ec4f475e8 .functor BUFZ 1, C4<z>; HiZ drive
v0x7f9ec61503e0_0 .net "R", 0 0, o0x7f9ec4f475e8;  0 drivers
E_0x7f9ec61501a0 .event posedge, v0x7f9ec61503e0_0, v0x7f9ec6150200_0;
S_0x7f9ec4df1710 .scope module, "SB_DFFS" "SB_DFFS" 2 521;
 .timescale -12 -12;
    .port_info 0 /OUTPUT 1 "Q";
    .port_info 1 /INPUT 1 "C";
    .port_info 2 /INPUT 1 "S";
    .port_info 3 /INPUT 1 "D";
o0x7f9ec4f476d8 .functor BUFZ 1, C4<z>; HiZ drive
v0x7f9ec6150540_0 .net "C", 0 0, o0x7f9ec4f476d8;  0 drivers
o0x7f9ec4f47708 .functor BUFZ 1, C4<z>; HiZ drive
v0x7f9ec61505f0_0 .net "D", 0 0, o0x7f9ec4f47708;  0 drivers
v0x7f9ec6150690_0 .var "Q", 0 0;
o0x7f9ec4f47768 .functor BUFZ 1, C4<z>; HiZ drive
v0x7f9ec6150720_0 .net "S", 0 0, o0x7f9ec4f47768;  0 drivers
E_0x7f9ec61504e0 .event posedge, v0x7f9ec6150720_0, v0x7f9ec6150540_0;
S_0x7f9ec4df13e0 .scope module, "SB_DFFSR" "SB_DFFSR" 2 350;
 .timescale -12 -12;
    .port_info 0 /OUTPUT 1 "Q";
    .port_info 1 /INPUT 1 "C";
    .port_info 2 /INPUT 1 "R";
    .port_info 3 /INPUT 1 "D";
o0x7f9ec4f47858 .functor BUFZ 1, C4<z>; HiZ drive
v0x7f9ec6150880_0 .net "C", 0 0, o0x7f9ec4f47858;  0 drivers
o0x7f9ec4f47888 .functor BUFZ 1, C4<z>; HiZ drive
v0x7f9ec6150930_0 .net "D", 0 0, o0x7f9ec4f47888;  0 drivers
v0x7f9ec61509d0_0 .var "Q", 0 0;
o0x7f9ec4f478e8 .functor BUFZ 1, C4<z>; HiZ drive
v0x7f9ec6150a60_0 .net "R", 0 0, o0x7f9ec4f478e8;  0 drivers
E_0x7f9ec6150820 .event posedge, v0x7f9ec6150880_0;
S_0x7f9ec4def490 .scope module, "SB_DFFSS" "SB_DFFSS" 2 471;
 .timescale -12 -12;
    .port_info 0 /OUTPUT 1 "Q";
    .port_info 1 /INPUT 1 "C";
    .port_info 2 /INPUT 1 "S";
    .port_info 3 /INPUT 1 "D";
o0x7f9ec4f479d8 .functor BUFZ 1, C4<z>; HiZ drive
v0x7f9ec6150bc0_0 .net "C", 0 0, o0x7f9ec4f479d8;  0 drivers
o0x7f9ec4f47a08 .functor BUFZ 1, C4<z>; HiZ drive
v0x7f9ec6150c70_0 .net "D", 0 0, o0x7f9ec4f47a08;  0 drivers
v0x7f9ec6150d10_0 .var "Q", 0 0;
o0x7f9ec4f47a68 .functor BUFZ 1, C4<z>; HiZ drive
v0x7f9ec6150da0_0 .net "S", 0 0, o0x7f9ec4f47a68;  0 drivers
E_0x7f9ec6150b60 .event posedge, v0x7f9ec6150bc0_0;
S_0x7f9ec4dfce60 .scope module, "SB_FILTER_50NS" "SB_FILTER_50NS" 2 2856;
 .timescale -12 -12;
    .port_info 0 /INPUT 1 "FILTERIN";
    .port_info 1 /OUTPUT 1 "FILTEROUT";
o0x7f9ec4f47b58 .functor BUFZ 1, C4<z>; HiZ drive
v0x7f9ec6150ea0_0 .net "FILTERIN", 0 0, o0x7f9ec4f47b58;  0 drivers
o0x7f9ec4f47b88 .functor BUFZ 1, C4<z>; HiZ drive
v0x7f9ec6150f50_0 .net "FILTEROUT", 0 0, o0x7f9ec4f47b88;  0 drivers
S_0x7f9ec4dfc330 .scope module, "SB_GB" "SB_GB" 2 162;
 .timescale -12 -12;
    .port_info 0 /INPUT 1 "USER_SIGNAL_TO_GLOBAL_BUFFER";
    .port_info 1 /OUTPUT 1 "GLOBAL_BUFFER_OUTPUT";
o0x7f9ec4f47c48 .functor BUFZ 1, C4<z>; HiZ drive
L_0x7f9ec6178640 .functor BUFZ 1, o0x7f9ec4f47c48, C4<0>, C4<0>, C4<0>;
v0x7f9ec6151000_0 .net "GLOBAL_BUFFER_OUTPUT", 0 0, L_0x7f9ec6178640;  1 drivers
v0x7f9ec61510a0_0 .net "USER_SIGNAL_TO_GLOBAL_BUFFER", 0 0, o0x7f9ec4f47c48;  0 drivers
S_0x7f9ec4df7730 .scope module, "SB_GB_IO" "SB_GB_IO" 2 123;
 .timescale -12 -12;
    .port_info 0 /INOUT 1 "PACKAGE_PIN";
    .port_info 1 /OUTPUT 1 "GLOBAL_BUFFER_OUTPUT";
    .port_info 2 /INPUT 1 "LATCH_INPUT_VALUE";
    .port_info 3 /INPUT 1 "CLOCK_ENABLE";
    .port_info 4 /INPUT 1 "INPUT_CLK";
    .port_info 5 /INPUT 1 "OUTPUT_CLK";
    .port_info 6 /INPUT 1 "OUTPUT_ENABLE";
    .port_info 7 /INPUT 1 "D_OUT_0";
    .port_info 8 /INPUT 1 "D_OUT_1";
    .port_info 9 /OUTPUT 1 "D_IN_0";
    .port_info 10 /OUTPUT 1 "D_IN_1";
P_0x7f9ec6116410 .param/str "IO_STANDARD" 0 2 139, "SB_LVCMOS";
P_0x7f9ec6116450 .param/l "NEG_TRIGGER" 0 2 138, C4<0>;
P_0x7f9ec6116490 .param/l "PIN_TYPE" 0 2 136, C4<000000>;
P_0x7f9ec61164d0 .param/l "PULLUP" 0 2 137, C4<0>;
o0x7f9ec4f47e88 .functor BUFZ 1, C4<z>; HiZ drive
L_0x7f9ec61786b0 .functor BUFZ 1, o0x7f9ec4f47e88, C4<0>, C4<0>, C4<0>;
o0x7f9ec4f47cd8 .functor BUFZ 1, C4<z>; HiZ drive
v0x7f9ec6152dc0_0 .net "CLOCK_ENABLE", 0 0, o0x7f9ec4f47cd8;  0 drivers
v0x7f9ec6152e50_0 .net "D_IN_0", 0 0, L_0x7f9ec61788f0;  1 drivers
v0x7f9ec6152ee0_0 .net "D_IN_1", 0 0, L_0x7f9ec61789a0;  1 drivers
o0x7f9ec4f47d68 .functor BUFZ 1, C4<z>; HiZ drive
v0x7f9ec6152f70_0 .net "D_OUT_0", 0 0, o0x7f9ec4f47d68;  0 drivers
o0x7f9ec4f47d98 .functor BUFZ 1, C4<z>; HiZ drive
v0x7f9ec6153000_0 .net "D_OUT_1", 0 0, o0x7f9ec4f47d98;  0 drivers
v0x7f9ec61530d0_0 .net "GLOBAL_BUFFER_OUTPUT", 0 0, L_0x7f9ec61786b0;  1 drivers
o0x7f9ec4f47dc8 .functor BUFZ 1, C4<z>; HiZ drive
v0x7f9ec6153160_0 .net "INPUT_CLK", 0 0, o0x7f9ec4f47dc8;  0 drivers
o0x7f9ec4f47df8 .functor BUFZ 1, C4<z>; HiZ drive
v0x7f9ec61531f0_0 .net "LATCH_INPUT_VALUE", 0 0, o0x7f9ec4f47df8;  0 drivers
o0x7f9ec4f47e28 .functor BUFZ 1, C4<z>; HiZ drive
v0x7f9ec61532a0_0 .net "OUTPUT_CLK", 0 0, o0x7f9ec4f47e28;  0 drivers
o0x7f9ec4f47e58 .functor BUFZ 1, C4<z>; HiZ drive
v0x7f9ec61533d0_0 .net "OUTPUT_ENABLE", 0 0, o0x7f9ec4f47e58;  0 drivers
v0x7f9ec6153460_0 .net "PACKAGE_PIN", 0 0, o0x7f9ec4f47e88;  0 drivers
S_0x7f9ec6151170 .scope module, "IO" "SB_IO" 2 148, 2 17 0, S_0x7f9ec4df7730;
 .timescale -12 -12;
    .port_info 0 /INOUT 1 "PACKAGE_PIN";
    .port_info 1 /INPUT 1 "LATCH_INPUT_VALUE";
    .port_info 2 /INPUT 1 "CLOCK_ENABLE";
    .port_info 3 /INPUT 1 "INPUT_CLK";
    .port_info 4 /INPUT 1 "OUTPUT_CLK";
    .port_info 5 /INPUT 1 "OUTPUT_ENABLE";
    .port_info 6 /INPUT 1 "D_OUT_0";
    .port_info 7 /INPUT 1 "D_OUT_1";
    .port_info 8 /OUTPUT 1 "D_IN_0";
    .port_info 9 /OUTPUT 1 "D_IN_1";
P_0x7f9ec6151330 .param/str "IO_STANDARD" 0 2 32, "SB_LVCMOS";
P_0x7f9ec6151370 .param/l "NEG_TRIGGER" 0 2 31, C4<0>;
P_0x7f9ec61513b0 .param/l "PIN_TYPE" 0 2 29, C4<000000>;
P_0x7f9ec61513f0 .param/l "PULLUP" 0 2 30, C4<0>;
L_0x7f9ec6178840 .functor OR 1, o0x7f9ec4f47cd8, L_0x7f9ec6178760, C4<0>, C4<0>;
L_0x7f9ec61788f0 .functor BUFZ 1, v0x7f9ec61525d0_0, C4<0>, C4<0>, C4<0>;
L_0x7f9ec61789a0 .functor BUFZ 1, v0x7f9ec6152670_0, C4<0>, C4<0>, C4<0>;
v0x7f9ec6151ba0_0 .net "CLOCK_ENABLE", 0 0, o0x7f9ec4f47cd8;  alias, 0 drivers
v0x7f9ec6151c50_0 .net "D_IN_0", 0 0, L_0x7f9ec61788f0;  alias, 1 drivers
v0x7f9ec6151cf0_0 .net "D_IN_1", 0 0, L_0x7f9ec61789a0;  alias, 1 drivers
v0x7f9ec6151da0_0 .net "D_OUT_0", 0 0, o0x7f9ec4f47d68;  alias, 0 drivers
v0x7f9ec6151e40_0 .net "D_OUT_1", 0 0, o0x7f9ec4f47d98;  alias, 0 drivers
v0x7f9ec6151f20_0 .net "INPUT_CLK", 0 0, o0x7f9ec4f47dc8;  alias, 0 drivers
v0x7f9ec6151fc0_0 .net "LATCH_INPUT_VALUE", 0 0, o0x7f9ec4f47df8;  alias, 0 drivers
v0x7f9ec6152060_0 .net "OUTPUT_CLK", 0 0, o0x7f9ec4f47e28;  alias, 0 drivers
v0x7f9ec6152100_0 .net "OUTPUT_ENABLE", 0 0, o0x7f9ec4f47e58;  alias, 0 drivers
v0x7f9ec6152210_0 .net "PACKAGE_PIN", 0 0, o0x7f9ec4f47e88;  alias, 0 drivers
o0x7f9ec4f47eb8 .functor BUFZ 1, C4<z>; HiZ drive
; Elide local net with no drivers, v0x7f9ec61522a0_0 name=_ivl_0
v0x7f9ec6152350_0 .net *"_ivl_2", 0 0, L_0x7f9ec6178760;  1 drivers
v0x7f9ec61523f0_0 .net "clken_pulled", 0 0, L_0x7f9ec6178840;  1 drivers
v0x7f9ec6152490_0 .var "clken_pulled_ri", 0 0;
v0x7f9ec6152530_0 .var "clken_pulled_ro", 0 0;
v0x7f9ec61525d0_0 .var "din_0", 0 0;
v0x7f9ec6152670_0 .var "din_1", 0 0;
v0x7f9ec6152800_0 .var "din_q_0", 0 0;
v0x7f9ec6152890_0 .var "din_q_1", 0 0;
v0x7f9ec6152920_0 .var "dout", 0 0;
v0x7f9ec61529b0_0 .var "dout_q_0", 0 0;
v0x7f9ec6152a50_0 .var "dout_q_1", 0 0;
v0x7f9ec6152af0_0 .var "outclk_delayed_1", 0 0;
v0x7f9ec6152b90_0 .var "outclk_delayed_2", 0 0;
v0x7f9ec6152c30_0 .var "outena_q", 0 0;
E_0x7f9ec6151730 .event anyedge, v0x7f9ec6152b90_0, v0x7f9ec61529b0_0, v0x7f9ec6152a50_0;
E_0x7f9ec6151770 .event anyedge, v0x7f9ec6152af0_0;
E_0x7f9ec61517c0 .event anyedge, v0x7f9ec6152060_0;
E_0x7f9ec6151820 .event anyedge, v0x7f9ec6152800_0, v0x7f9ec6152890_0;
L_0x7f9ec6178760 .cmp/eeq 1, o0x7f9ec4f47cd8, o0x7f9ec4f47eb8;
S_0x7f9ec6151870 .scope generate, "genblk1" "genblk1" 2 45, 2 45 0, S_0x7f9ec6151170;
 .timescale -12 -12;
E_0x7f9ec6151a40 .event posedge, v0x7f9ec6152060_0;
E_0x7f9ec6151aa0 .event negedge, v0x7f9ec6152060_0;
E_0x7f9ec6151af0 .event negedge, v0x7f9ec6151f20_0;
E_0x7f9ec6151b50 .event posedge, v0x7f9ec6151f20_0;
S_0x7f9ec4de67f0 .scope module, "SB_HFOSC" "SB_HFOSC" 2 2664;
 .timescale -12 -12;
    .port_info 0 /INPUT 1 "TRIM0";
    .port_info 1 /INPUT 1 "TRIM1";
    .port_info 2 /INPUT 1 "TRIM2";
    .port_info 3 /INPUT 1 "TRIM3";
    .port_info 4 /INPUT 1 "TRIM4";
    .port_info 5 /INPUT 1 "TRIM5";
    .port_info 6 /INPUT 1 "TRIM6";
    .port_info 7 /INPUT 1 "TRIM7";
    .port_info 8 /INPUT 1 "TRIM8";
    .port_info 9 /INPUT 1 "TRIM9";
    .port_info 10 /INPUT 1 "CLKHFPU";
    .port_info 11 /INPUT 1 "CLKHFEN";
    .port_info 12 /OUTPUT 1 "CLKHF";
P_0x7f9ec4de5e80 .param/str "CLKHF_DIV" 0 2 2680, "0b00";
P_0x7f9ec4de5ec0 .param/str "TRIM_EN" 0 2 2679, "0b0";
o0x7f9ec4f485a8 .functor BUFZ 1, C4<z>; HiZ drive
v0x7f9ec6153560_0 .net "CLKHF", 0 0, o0x7f9ec4f485a8;  0 drivers
o0x7f9ec4f485d8 .functor BUFZ 1, C4<z>; HiZ drive
v0x7f9ec6153610_0 .net "CLKHFEN", 0 0, o0x7f9ec4f485d8;  0 drivers
o0x7f9ec4f48608 .functor BUFZ 1, C4<z>; HiZ drive
v0x7f9ec61536b0_0 .net "CLKHFPU", 0 0, o0x7f9ec4f48608;  0 drivers
o0x7f9ec4f48638 .functor BUFZ 1, C4<z>; HiZ drive
v0x7f9ec6153740_0 .net "TRIM0", 0 0, o0x7f9ec4f48638;  0 drivers
o0x7f9ec4f48668 .functor BUFZ 1, C4<z>; HiZ drive
v0x7f9ec61537d0_0 .net "TRIM1", 0 0, o0x7f9ec4f48668;  0 drivers
o0x7f9ec4f48698 .functor BUFZ 1, C4<z>; HiZ drive
v0x7f9ec61538a0_0 .net "TRIM2", 0 0, o0x7f9ec4f48698;  0 drivers
o0x7f9ec4f486c8 .functor BUFZ 1, C4<z>; HiZ drive
v0x7f9ec6153930_0 .net "TRIM3", 0 0, o0x7f9ec4f486c8;  0 drivers
o0x7f9ec4f486f8 .functor BUFZ 1, C4<z>; HiZ drive
v0x7f9ec61539c0_0 .net "TRIM4", 0 0, o0x7f9ec4f486f8;  0 drivers
o0x7f9ec4f48728 .functor BUFZ 1, C4<z>; HiZ drive
v0x7f9ec6153a60_0 .net "TRIM5", 0 0, o0x7f9ec4f48728;  0 drivers
o0x7f9ec4f48758 .functor BUFZ 1, C4<z>; HiZ drive
v0x7f9ec6153b70_0 .net "TRIM6", 0 0, o0x7f9ec4f48758;  0 drivers
o0x7f9ec4f48788 .functor BUFZ 1, C4<z>; HiZ drive
v0x7f9ec6153c00_0 .net "TRIM7", 0 0, o0x7f9ec4f48788;  0 drivers
o0x7f9ec4f487b8 .functor BUFZ 1, C4<z>; HiZ drive
v0x7f9ec6153ca0_0 .net "TRIM8", 0 0, o0x7f9ec4f487b8;  0 drivers
o0x7f9ec4f487e8 .functor BUFZ 1, C4<z>; HiZ drive
v0x7f9ec6153d40_0 .net "TRIM9", 0 0, o0x7f9ec4f487e8;  0 drivers
S_0x7f9ec4de3a40 .scope module, "SB_I2C" "SB_I2C" 2 2733;
 .timescale -12 -12;
    .port_info 0 /INPUT 1 "SBCLKI";
    .port_info 1 /INPUT 1 "SBRWI";
    .port_info 2 /INPUT 1 "SBSTBI";
    .port_info 3 /INPUT 1 "SBADRI7";
    .port_info 4 /INPUT 1 "SBADRI6";
    .port_info 5 /INPUT 1 "SBADRI5";
    .port_info 6 /INPUT 1 "SBADRI4";
    .port_info 7 /INPUT 1 "SBADRI3";
    .port_info 8 /INPUT 1 "SBADRI2";
    .port_info 9 /INPUT 1 "SBADRI1";
    .port_info 10 /INPUT 1 "SBADRI0";
    .port_info 11 /INPUT 1 "SBDATI7";
    .port_info 12 /INPUT 1 "SBDATI6";
    .port_info 13 /INPUT 1 "SBDATI5";
    .port_info 14 /INPUT 1 "SBDATI4";
    .port_info 15 /INPUT 1 "SBDATI3";
    .port_info 16 /INPUT 1 "SBDATI2";
    .port_info 17 /INPUT 1 "SBDATI1";
    .port_info 18 /INPUT 1 "SBDATI0";
    .port_info 19 /INPUT 1 "SCLI";
    .port_info 20 /INPUT 1 "SDAI";
    .port_info 21 /OUTPUT 1 "SBDATO7";
    .port_info 22 /OUTPUT 1 "SBDATO6";
    .port_info 23 /OUTPUT 1 "SBDATO5";
    .port_info 24 /OUTPUT 1 "SBDATO4";
    .port_info 25 /OUTPUT 1 "SBDATO3";
    .port_info 26 /OUTPUT 1 "SBDATO2";
    .port_info 27 /OUTPUT 1 "SBDATO1";
    .port_info 28 /OUTPUT 1 "SBDATO0";
    .port_info 29 /OUTPUT 1 "SBACKO";
    .port_info 30 /OUTPUT 1 "I2CIRQ";
    .port_info 31 /OUTPUT 1 "I2CWKUP";
    .port_info 32 /OUTPUT 1 "SCLO";
    .port_info 33 /OUTPUT 1 "SCLOE";
    .port_info 34 /OUTPUT 1 "SDAO";
    .port_info 35 /OUTPUT 1 "SDAOE";
P_0x7f9ec6108010 .param/str "BUS_ADDR74" 0 2 2772, "0b0001";
P_0x7f9ec6108050 .param/str "I2C_SLAVE_INIT_ADDR" 0 2 2771, "0b1111100001";
o0x7f9ec4f48a88 .functor BUFZ 1, C4<z>; HiZ drive
v0x7f9ec6153f20_0 .net "I2CIRQ", 0 0, o0x7f9ec4f48a88;  0 drivers
o0x7f9ec4f48ab8 .functor BUFZ 1, C4<z>; HiZ drive
v0x7f9ec6153fb0_0 .net "I2CWKUP", 0 0, o0x7f9ec4f48ab8;  0 drivers
o0x7f9ec4f48ae8 .functor BUFZ 1, C4<z>; HiZ drive
v0x7f9ec6154040_0 .net "SBACKO", 0 0, o0x7f9ec4f48ae8;  0 drivers
o0x7f9ec4f48b18 .functor BUFZ 1, C4<z>; HiZ drive
v0x7f9ec61540d0_0 .net "SBADRI0", 0 0, o0x7f9ec4f48b18;  0 drivers
o0x7f9ec4f48b48 .functor BUFZ 1, C4<z>; HiZ drive
v0x7f9ec6154160_0 .net "SBADRI1", 0 0, o0x7f9ec4f48b48;  0 drivers
o0x7f9ec4f48b78 .functor BUFZ 1, C4<z>; HiZ drive
v0x7f9ec61541f0_0 .net "SBADRI2", 0 0, o0x7f9ec4f48b78;  0 drivers
o0x7f9ec4f48ba8 .functor BUFZ 1, C4<z>; HiZ drive
v0x7f9ec6154290_0 .net "SBADRI3", 0 0, o0x7f9ec4f48ba8;  0 drivers
o0x7f9ec4f48bd8 .functor BUFZ 1, C4<z>; HiZ drive
v0x7f9ec6154330_0 .net "SBADRI4", 0 0, o0x7f9ec4f48bd8;  0 drivers
o0x7f9ec4f48c08 .functor BUFZ 1, C4<z>; HiZ drive
v0x7f9ec61543d0_0 .net "SBADRI5", 0 0, o0x7f9ec4f48c08;  0 drivers
o0x7f9ec4f48c38 .functor BUFZ 1, C4<z>; HiZ drive
v0x7f9ec61544e0_0 .net "SBADRI6", 0 0, o0x7f9ec4f48c38;  0 drivers
o0x7f9ec4f48c68 .functor BUFZ 1, C4<z>; HiZ drive
v0x7f9ec6154570_0 .net "SBADRI7", 0 0, o0x7f9ec4f48c68;  0 drivers
o0x7f9ec4f48c98 .functor BUFZ 1, C4<z>; HiZ drive
v0x7f9ec6154610_0 .net "SBCLKI", 0 0, o0x7f9ec4f48c98;  0 drivers
o0x7f9ec4f48cc8 .functor BUFZ 1, C4<z>; HiZ drive
v0x7f9ec61546b0_0 .net "SBDATI0", 0 0, o0x7f9ec4f48cc8;  0 drivers
o0x7f9ec4f48cf8 .functor BUFZ 1, C4<z>; HiZ drive
v0x7f9ec6154750_0 .net "SBDATI1", 0 0, o0x7f9ec4f48cf8;  0 drivers
o0x7f9ec4f48d28 .functor BUFZ 1, C4<z>; HiZ drive
v0x7f9ec61547f0_0 .net "SBDATI2", 0 0, o0x7f9ec4f48d28;  0 drivers
o0x7f9ec4f48d58 .functor BUFZ 1, C4<z>; HiZ drive
v0x7f9ec6154890_0 .net "SBDATI3", 0 0, o0x7f9ec4f48d58;  0 drivers
o0x7f9ec4f48d88 .functor BUFZ 1, C4<z>; HiZ drive
v0x7f9ec6154930_0 .net "SBDATI4", 0 0, o0x7f9ec4f48d88;  0 drivers
o0x7f9ec4f48db8 .functor BUFZ 1, C4<z>; HiZ drive
v0x7f9ec6154ac0_0 .net "SBDATI5", 0 0, o0x7f9ec4f48db8;  0 drivers
o0x7f9ec4f48de8 .functor BUFZ 1, C4<z>; HiZ drive
v0x7f9ec6154b50_0 .net "SBDATI6", 0 0, o0x7f9ec4f48de8;  0 drivers
o0x7f9ec4f48e18 .functor BUFZ 1, C4<z>; HiZ drive
v0x7f9ec6154be0_0 .net "SBDATI7", 0 0, o0x7f9ec4f48e18;  0 drivers
o0x7f9ec4f48e48 .functor BUFZ 1, C4<z>; HiZ drive
v0x7f9ec6154c70_0 .net "SBDATO0", 0 0, o0x7f9ec4f48e48;  0 drivers
o0x7f9ec4f48e78 .functor BUFZ 1, C4<z>; HiZ drive
v0x7f9ec6154d10_0 .net "SBDATO1", 0 0, o0x7f9ec4f48e78;  0 drivers
o0x7f9ec4f48ea8 .functor BUFZ 1, C4<z>; HiZ drive
v0x7f9ec6154db0_0 .net "SBDATO2", 0 0, o0x7f9ec4f48ea8;  0 drivers
o0x7f9ec4f48ed8 .functor BUFZ 1, C4<z>; HiZ drive
v0x7f9ec6154e50_0 .net "SBDATO3", 0 0, o0x7f9ec4f48ed8;  0 drivers
o0x7f9ec4f48f08 .functor BUFZ 1, C4<z>; HiZ drive
v0x7f9ec6154ef0_0 .net "SBDATO4", 0 0, o0x7f9ec4f48f08;  0 drivers
o0x7f9ec4f48f38 .functor BUFZ 1, C4<z>; HiZ drive
v0x7f9ec6154f90_0 .net "SBDATO5", 0 0, o0x7f9ec4f48f38;  0 drivers
o0x7f9ec4f48f68 .functor BUFZ 1, C4<z>; HiZ drive
v0x7f9ec6155030_0 .net "SBDATO6", 0 0, o0x7f9ec4f48f68;  0 drivers
o0x7f9ec4f48f98 .functor BUFZ 1, C4<z>; HiZ drive
v0x7f9ec61550d0_0 .net "SBDATO7", 0 0, o0x7f9ec4f48f98;  0 drivers
o0x7f9ec4f48fc8 .functor BUFZ 1, C4<z>; HiZ drive
v0x7f9ec6155170_0 .net "SBRWI", 0 0, o0x7f9ec4f48fc8;  0 drivers
o0x7f9ec4f48ff8 .functor BUFZ 1, C4<z>; HiZ drive
v0x7f9ec6155210_0 .net "SBSTBI", 0 0, o0x7f9ec4f48ff8;  0 drivers
o0x7f9ec4f49028 .functor BUFZ 1, C4<z>; HiZ drive
v0x7f9ec61552b0_0 .net "SCLI", 0 0, o0x7f9ec4f49028;  0 drivers
o0x7f9ec4f49058 .functor BUFZ 1, C4<z>; HiZ drive
v0x7f9ec6155350_0 .net "SCLO", 0 0, o0x7f9ec4f49058;  0 drivers
o0x7f9ec4f49088 .functor BUFZ 1, C4<z>; HiZ drive
v0x7f9ec61553f0_0 .net "SCLOE", 0 0, o0x7f9ec4f49088;  0 drivers
o0x7f9ec4f490b8 .functor BUFZ 1, C4<z>; HiZ drive
v0x7f9ec61549d0_0 .net "SDAI", 0 0, o0x7f9ec4f490b8;  0 drivers
o0x7f9ec4f490e8 .functor BUFZ 1, C4<z>; HiZ drive
v0x7f9ec6155680_0 .net "SDAO", 0 0, o0x7f9ec4f490e8;  0 drivers
o0x7f9ec4f49118 .functor BUFZ 1, C4<z>; HiZ drive
v0x7f9ec6155710_0 .net "SDAOE", 0 0, o0x7f9ec4f49118;  0 drivers
S_0x7f9ec4dcbcc0 .scope module, "SB_IO_I3C" "SB_IO_I3C" 2 2862;
 .timescale -12 -12;
    .port_info 0 /INOUT 1 "PACKAGE_PIN";
    .port_info 1 /INPUT 1 "LATCH_INPUT_VALUE";
    .port_info 2 /INPUT 1 "CLOCK_ENABLE";
    .port_info 3 /INPUT 1 "INPUT_CLK";
    .port_info 4 /INPUT 1 "OUTPUT_CLK";
    .port_info 5 /INPUT 1 "OUTPUT_ENABLE";
    .port_info 6 /INPUT 1 "D_OUT_0";
    .port_info 7 /INPUT 1 "D_OUT_1";
    .port_info 8 /OUTPUT 1 "D_IN_0";
    .port_info 9 /OUTPUT 1 "D_IN_1";
    .port_info 10 /INPUT 1 "PU_ENB";
    .port_info 11 /INPUT 1 "WEAK_PU_ENB";
P_0x7f9ec6115c20 .param/str "IO_STANDARD" 0 2 2880, "SB_LVCMOS";
P_0x7f9ec6115c60 .param/l "NEG_TRIGGER" 0 2 2879, C4<0>;
P_0x7f9ec6115ca0 .param/l "PIN_TYPE" 0 2 2876, C4<000000>;
P_0x7f9ec6115ce0 .param/l "PULLUP" 0 2 2877, C4<0>;
P_0x7f9ec6115d20 .param/l "WEAK_PULLUP" 0 2 2878, C4<0>;
L_0x7f9ec6178a50 .functor BUFZ 1, v0x7f9ec6156610_0, C4<0>, C4<0>, C4<0>;
L_0x7f9ec6178ac0 .functor BUFZ 1, v0x7f9ec61566b0_0, C4<0>, C4<0>, C4<0>;
o0x7f9ec4f49808 .functor BUFZ 1, C4<z>; HiZ drive
v0x7f9ec6155dd0_0 .net "CLOCK_ENABLE", 0 0, o0x7f9ec4f49808;  0 drivers
v0x7f9ec6155e80_0 .net "D_IN_0", 0 0, L_0x7f9ec6178a50;  1 drivers
v0x7f9ec6155f20_0 .net "D_IN_1", 0 0, L_0x7f9ec6178ac0;  1 drivers
o0x7f9ec4f49898 .functor BUFZ 1, C4<z>; HiZ drive
v0x7f9ec6155fd0_0 .net "D_OUT_0", 0 0, o0x7f9ec4f49898;  0 drivers
o0x7f9ec4f498c8 .functor BUFZ 1, C4<z>; HiZ drive
v0x7f9ec6156070_0 .net "D_OUT_1", 0 0, o0x7f9ec4f498c8;  0 drivers
o0x7f9ec4f498f8 .functor BUFZ 1, C4<z>; HiZ drive
v0x7f9ec6156150_0 .net "INPUT_CLK", 0 0, o0x7f9ec4f498f8;  0 drivers
o0x7f9ec4f49928 .functor BUFZ 1, C4<z>; HiZ drive
v0x7f9ec61561f0_0 .net "LATCH_INPUT_VALUE", 0 0, o0x7f9ec4f49928;  0 drivers
o0x7f9ec4f49958 .functor BUFZ 1, C4<z>; HiZ drive
v0x7f9ec6156290_0 .net "OUTPUT_CLK", 0 0, o0x7f9ec4f49958;  0 drivers
o0x7f9ec4f49988 .functor BUFZ 1, C4<z>; HiZ drive
v0x7f9ec6156330_0 .net "OUTPUT_ENABLE", 0 0, o0x7f9ec4f49988;  0 drivers
o0x7f9ec4f499b8 .functor BUFZ 1, C4<z>; HiZ drive
v0x7f9ec6156440_0 .net "PACKAGE_PIN", 0 0, o0x7f9ec4f499b8;  0 drivers
o0x7f9ec4f499e8 .functor BUFZ 1, C4<z>; HiZ drive
v0x7f9ec61564d0_0 .net "PU_ENB", 0 0, o0x7f9ec4f499e8;  0 drivers
o0x7f9ec4f49a18 .functor BUFZ 1, C4<z>; HiZ drive
v0x7f9ec6156570_0 .net "WEAK_PU_ENB", 0 0, o0x7f9ec4f49a18;  0 drivers
v0x7f9ec6156610_0 .var "din_0", 0 0;
v0x7f9ec61566b0_0 .var "din_1", 0 0;
v0x7f9ec6156750_0 .var "din_q_0", 0 0;
v0x7f9ec61567f0_0 .var "din_q_1", 0 0;
v0x7f9ec6156890_0 .var "dout", 0 0;
v0x7f9ec6156a20_0 .var "dout_q_0", 0 0;
v0x7f9ec6156ab0_0 .var "dout_q_1", 0 0;
v0x7f9ec6156b40_0 .var "outclk_delayed_1", 0 0;
v0x7f9ec6156bd0_0 .var "outclk_delayed_2", 0 0;
v0x7f9ec6156c70_0 .var "outena_q", 0 0;
E_0x7f9ec6116160 .event anyedge, v0x7f9ec6156bd0_0, v0x7f9ec6156a20_0, v0x7f9ec6156ab0_0;
E_0x7f9ec61161d0 .event anyedge, v0x7f9ec6156b40_0;
E_0x7f9ec6116220 .event anyedge, v0x7f9ec6156290_0;
E_0x7f9ec6154460 .event anyedge, v0x7f9ec6156750_0, v0x7f9ec61567f0_0;
S_0x7f9ec6155ad0 .scope generate, "genblk1" "genblk1" 2 2888, 2 2888 0, S_0x7f9ec4dcbcc0;
 .timescale -12 -12;
E_0x7f9ec6155c90 .event posedge, v0x7f9ec6156290_0;
E_0x7f9ec6155cd0 .event negedge, v0x7f9ec6156290_0;
E_0x7f9ec6155d20 .event negedge, v0x7f9ec6156150_0;
E_0x7f9ec6155d80 .event posedge, v0x7f9ec6156150_0;
S_0x7f9ec6132780 .scope module, "SB_IO_OD" "SB_IO_OD" 2 2931;
 .timescale -12 -12;
    .port_info 0 /INOUT 1 "PACKAGEPIN";
    .port_info 1 /INPUT 1 "LATCHINPUTVALUE";
    .port_info 2 /INPUT 1 "CLOCKENABLE";
    .port_info 3 /INPUT 1 "INPUTCLK";
    .port_info 4 /INPUT 1 "OUTPUTCLK";
    .port_info 5 /INPUT 1 "OUTPUTENABLE";
    .port_info 6 /INPUT 1 "DOUT1";
    .port_info 7 /INPUT 1 "DOUT0";
    .port_info 8 /OUTPUT 1 "DIN1";
    .port_info 9 /OUTPUT 1 "DIN0";
P_0x7f9ec61080f0 .param/l "NEG_TRIGGER" 0 2 2944, C4<0>;
P_0x7f9ec6108130 .param/l "PIN_TYPE" 0 2 2943, C4<000000>;
L_0x7f9ec6178b30 .functor BUFZ 1, v0x7f9ec61578f0_0, C4<0>, C4<0>, C4<0>;
L_0x7f9ec6178ba0 .functor BUFZ 1, v0x7f9ec6157990_0, C4<0>, C4<0>, C4<0>;
o0x7f9ec4f49e68 .functor BUFZ 1, C4<z>; HiZ drive
v0x7f9ec61571f0_0 .net "CLOCKENABLE", 0 0, o0x7f9ec4f49e68;  0 drivers
v0x7f9ec61572a0_0 .net "DIN0", 0 0, L_0x7f9ec6178b30;  1 drivers
v0x7f9ec6157340_0 .net "DIN1", 0 0, L_0x7f9ec6178ba0;  1 drivers
o0x7f9ec4f49ef8 .functor BUFZ 1, C4<z>; HiZ drive
v0x7f9ec61573f0_0 .net "DOUT0", 0 0, o0x7f9ec4f49ef8;  0 drivers
o0x7f9ec4f49f28 .functor BUFZ 1, C4<z>; HiZ drive
v0x7f9ec6157490_0 .net "DOUT1", 0 0, o0x7f9ec4f49f28;  0 drivers
o0x7f9ec4f49f58 .functor BUFZ 1, C4<z>; HiZ drive
v0x7f9ec6157570_0 .net "INPUTCLK", 0 0, o0x7f9ec4f49f58;  0 drivers
o0x7f9ec4f49f88 .functor BUFZ 1, C4<z>; HiZ drive
v0x7f9ec6157610_0 .net "LATCHINPUTVALUE", 0 0, o0x7f9ec4f49f88;  0 drivers
o0x7f9ec4f49fb8 .functor BUFZ 1, C4<z>; HiZ drive
v0x7f9ec61576b0_0 .net "OUTPUTCLK", 0 0, o0x7f9ec4f49fb8;  0 drivers
o0x7f9ec4f49fe8 .functor BUFZ 1, C4<z>; HiZ drive
v0x7f9ec6157750_0 .net "OUTPUTENABLE", 0 0, o0x7f9ec4f49fe8;  0 drivers
o0x7f9ec4f4a018 .functor BUFZ 1, C4<z>; HiZ drive
v0x7f9ec6157860_0 .net "PACKAGEPIN", 0 0, o0x7f9ec4f4a018;  0 drivers
v0x7f9ec61578f0_0 .var "din_0", 0 0;
v0x7f9ec6157990_0 .var "din_1", 0 0;
v0x7f9ec6157a30_0 .var "din_q_0", 0 0;
v0x7f9ec6157ad0_0 .var "din_q_1", 0 0;
v0x7f9ec6157b70_0 .var "dout", 0 0;
v0x7f9ec6157c10_0 .var "dout_q_0", 0 0;
v0x7f9ec6157cb0_0 .var "dout_q_1", 0 0;
v0x7f9ec6157e40_0 .var "outclk_delayed_1", 0 0;
v0x7f9ec6157ed0_0 .var "outclk_delayed_2", 0 0;
v0x7f9ec6157f60_0 .var "outena_q", 0 0;
E_0x7f9ec61563c0 .event anyedge, v0x7f9ec6157ed0_0, v0x7f9ec6157c10_0, v0x7f9ec6157cb0_0;
E_0x7f9ec6156e30 .event anyedge, v0x7f9ec6157e40_0;
E_0x7f9ec6156e70 .event anyedge, v0x7f9ec61576b0_0;
E_0x7f9ec4d15650 .event anyedge, v0x7f9ec6157a30_0, v0x7f9ec6157ad0_0;
S_0x7f9ec6156ed0 .scope generate, "genblk1" "genblk1" 2 2952, 2 2952 0, S_0x7f9ec6132780;
 .timescale -12 -12;
E_0x7f9ec6157090 .event posedge, v0x7f9ec61576b0_0;
E_0x7f9ec61570f0 .event negedge, v0x7f9ec61576b0_0;
E_0x7f9ec6157140 .event negedge, v0x7f9ec6157570_0;
E_0x7f9ec61571a0 .event posedge, v0x7f9ec6157570_0;
S_0x7f9ec612f4d0 .scope module, "SB_LEDDA_IP" "SB_LEDDA_IP" 2 2830;
 .timescale -12 -12;
    .port_info 0 /INPUT 1 "LEDDCS";
    .port_info 1 /INPUT 1 "LEDDCLK";
    .port_info 2 /INPUT 1 "LEDDDAT7";
    .port_info 3 /INPUT 1 "LEDDDAT6";
    .port_info 4 /INPUT 1 "LEDDDAT5";
    .port_info 5 /INPUT 1 "LEDDDAT4";
    .port_info 6 /INPUT 1 "LEDDDAT3";
    .port_info 7 /INPUT 1 "LEDDDAT2";
    .port_info 8 /INPUT 1 "LEDDDAT1";
    .port_info 9 /INPUT 1 "LEDDDAT0";
    .port_info 10 /INPUT 1 "LEDDADDR3";
    .port_info 11 /INPUT 1 "LEDDADDR2";
    .port_info 12 /INPUT 1 "LEDDADDR1";
    .port_info 13 /INPUT 1 "LEDDADDR0";
    .port_info 14 /INPUT 1 "LEDDDEN";
    .port_info 15 /INPUT 1 "LEDDEXE";
    .port_info 16 /INPUT 1 "LEDDRST";
    .port_info 17 /OUTPUT 1 "PWMOUT0";
    .port_info 18 /OUTPUT 1 "PWMOUT1";
    .port_info 19 /OUTPUT 1 "PWMOUT2";
    .port_info 20 /OUTPUT 1 "LEDDON";
o0x7f9ec4f4a408 .functor BUFZ 1, C4<z>; HiZ drive
v0x7f9ec61580e0_0 .net "LEDDADDR0", 0 0, o0x7f9ec4f4a408;  0 drivers
o0x7f9ec4f4a438 .functor BUFZ 1, C4<z>; HiZ drive
v0x7f9ec6158170_0 .net "LEDDADDR1", 0 0, o0x7f9ec4f4a438;  0 drivers
o0x7f9ec4f4a468 .functor BUFZ 1, C4<z>; HiZ drive
v0x7f9ec6158200_0 .net "LEDDADDR2", 0 0, o0x7f9ec4f4a468;  0 drivers
o0x7f9ec4f4a498 .functor BUFZ 1, C4<z>; HiZ drive
v0x7f9ec6158290_0 .net "LEDDADDR3", 0 0, o0x7f9ec4f4a498;  0 drivers
o0x7f9ec4f4a4c8 .functor BUFZ 1, C4<z>; HiZ drive
v0x7f9ec6158320_0 .net "LEDDCLK", 0 0, o0x7f9ec4f4a4c8;  0 drivers
o0x7f9ec4f4a4f8 .functor BUFZ 1, C4<z>; HiZ drive
v0x7f9ec61583b0_0 .net "LEDDCS", 0 0, o0x7f9ec4f4a4f8;  0 drivers
o0x7f9ec4f4a528 .functor BUFZ 1, C4<z>; HiZ drive
v0x7f9ec6158440_0 .net "LEDDDAT0", 0 0, o0x7f9ec4f4a528;  0 drivers
o0x7f9ec4f4a558 .functor BUFZ 1, C4<z>; HiZ drive
v0x7f9ec61584d0_0 .net "LEDDDAT1", 0 0, o0x7f9ec4f4a558;  0 drivers
o0x7f9ec4f4a588 .functor BUFZ 1, C4<z>; HiZ drive
v0x7f9ec6158570_0 .net "LEDDDAT2", 0 0, o0x7f9ec4f4a588;  0 drivers
o0x7f9ec4f4a5b8 .functor BUFZ 1, C4<z>; HiZ drive
v0x7f9ec6158680_0 .net "LEDDDAT3", 0 0, o0x7f9ec4f4a5b8;  0 drivers
o0x7f9ec4f4a5e8 .functor BUFZ 1, C4<z>; HiZ drive
v0x7f9ec6158710_0 .net "LEDDDAT4", 0 0, o0x7f9ec4f4a5e8;  0 drivers
o0x7f9ec4f4a618 .functor BUFZ 1, C4<z>; HiZ drive
v0x7f9ec61587b0_0 .net "LEDDDAT5", 0 0, o0x7f9ec4f4a618;  0 drivers
o0x7f9ec4f4a648 .functor BUFZ 1, C4<z>; HiZ drive
v0x7f9ec6158850_0 .net "LEDDDAT6", 0 0, o0x7f9ec4f4a648;  0 drivers
o0x7f9ec4f4a678 .functor BUFZ 1, C4<z>; HiZ drive
v0x7f9ec61588f0_0 .net "LEDDDAT7", 0 0, o0x7f9ec4f4a678;  0 drivers
o0x7f9ec4f4a6a8 .functor BUFZ 1, C4<z>; HiZ drive
v0x7f9ec6158990_0 .net "LEDDDEN", 0 0, o0x7f9ec4f4a6a8;  0 drivers
o0x7f9ec4f4a6d8 .functor BUFZ 1, C4<z>; HiZ drive
v0x7f9ec6158a30_0 .net "LEDDEXE", 0 0, o0x7f9ec4f4a6d8;  0 drivers
o0x7f9ec4f4a708 .functor BUFZ 1, C4<z>; HiZ drive
v0x7f9ec6158ad0_0 .net "LEDDON", 0 0, o0x7f9ec4f4a708;  0 drivers
o0x7f9ec4f4a738 .functor BUFZ 1, C4<z>; HiZ drive
v0x7f9ec6158c60_0 .net "LEDDRST", 0 0, o0x7f9ec4f4a738;  0 drivers
o0x7f9ec4f4a768 .functor BUFZ 1, C4<z>; HiZ drive
v0x7f9ec6158cf0_0 .net "PWMOUT0", 0 0, o0x7f9ec4f4a768;  0 drivers
o0x7f9ec4f4a798 .functor BUFZ 1, C4<z>; HiZ drive
v0x7f9ec6158d80_0 .net "PWMOUT1", 0 0, o0x7f9ec4f4a798;  0 drivers
o0x7f9ec4f4a7c8 .functor BUFZ 1, C4<z>; HiZ drive
v0x7f9ec6158e10_0 .net "PWMOUT2", 0 0, o0x7f9ec4f4a7c8;  0 drivers
S_0x7f9ec61235b0 .scope module, "SB_LED_DRV_CUR" "SB_LED_DRV_CUR" 2 2709;
 .timescale -12 -12;
    .port_info 0 /INPUT 1 "EN";
    .port_info 1 /OUTPUT 1 "LEDPU";
o0x7f9ec4f4abe8 .functor BUFZ 1, C4<z>; HiZ drive
v0x7f9ec61590b0_0 .net "EN", 0 0, o0x7f9ec4f4abe8;  0 drivers
o0x7f9ec4f4ac18 .functor BUFZ 1, C4<z>; HiZ drive
v0x7f9ec6159140_0 .net "LEDPU", 0 0, o0x7f9ec4f4ac18;  0 drivers
S_0x7f9ec6123210 .scope module, "SB_LFOSC" "SB_LFOSC" 2 2684;
 .timescale -12 -12;
    .port_info 0 /INPUT 1 "CLKLFPU";
    .port_info 1 /INPUT 1 "CLKLFEN";
    .port_info 2 /OUTPUT 1 "CLKLF";
o0x7f9ec4f4aca8 .functor BUFZ 1, C4<z>; HiZ drive
v0x7f9ec4de0200_0 .net "CLKLF", 0 0, o0x7f9ec4f4aca8;  0 drivers
o0x7f9ec4f4acd8 .functor BUFZ 1, C4<z>; HiZ drive
v0x7f9ec61591d0_0 .net "CLKLFEN", 0 0, o0x7f9ec4f4acd8;  0 drivers
o0x7f9ec4f4ad08 .functor BUFZ 1, C4<z>; HiZ drive
v0x7f9ec6159260_0 .net "CLKLFPU", 0 0, o0x7f9ec4f4ad08;  0 drivers
S_0x7f9ec6122b20 .scope module, "SB_LUT4" "SB_LUT4" 2 177;
 .timescale -12 -12;
    .port_info 0 /OUTPUT 1 "O";
    .port_info 1 /INPUT 1 "I0";
    .port_info 2 /INPUT 1 "I1";
    .port_info 3 /INPUT 1 "I2";
    .port_info 4 /INPUT 1 "I3";
P_0x7f9ec4d16190 .param/l "LUT_INIT" 0 2 184, C4<0000000000000000>;
o0x7f9ec4f4adc8 .functor BUFZ 1, C4<z>; HiZ drive
v0x7f9ec6159340_0 .net "I0", 0 0, o0x7f9ec4f4adc8;  0 drivers
o0x7f9ec4f4adf8 .functor BUFZ 1, C4<z>; HiZ drive
v0x7f9ec61593f0_0 .net "I1", 0 0, o0x7f9ec4f4adf8;  0 drivers
o0x7f9ec4f4ae28 .functor BUFZ 1, C4<z>; HiZ drive
v0x7f9ec6159490_0 .net "I2", 0 0, o0x7f9ec4f4ae28;  0 drivers
o0x7f9ec4f4ae58 .functor BUFZ 1, C4<z>; HiZ drive
v0x7f9ec6159520_0 .net "I3", 0 0, o0x7f9ec4f4ae58;  0 drivers
v0x7f9ec61595c0_0 .net "O", 0 0, L_0x7f9ec6179590;  1 drivers
L_0x7f9ec4f733b0 .functor BUFT 1, C4<00000000>, C4<0>, C4<0>, C4<0>;
v0x7f9ec61596a0_0 .net/2u *"_ivl_0", 7 0, L_0x7f9ec4f733b0;  1 drivers
v0x7f9ec6159750_0 .net *"_ivl_13", 1 0, L_0x7f9ec61790b0;  1 drivers
v0x7f9ec6159800_0 .net *"_ivl_15", 1 0, L_0x7f9ec61791c0;  1 drivers
v0x7f9ec61598b0_0 .net *"_ivl_19", 0 0, L_0x7f9ec61793c0;  1 drivers
L_0x7f9ec4f733f8 .functor BUFT 1, C4<00000000>, C4<0>, C4<0>, C4<0>;
v0x7f9ec61599c0_0 .net/2u *"_ivl_2", 7 0, L_0x7f9ec4f733f8;  1 drivers
v0x7f9ec6159a70_0 .net *"_ivl_21", 0 0, L_0x7f9ec61794a0;  1 drivers
v0x7f9ec6159b20_0 .net *"_ivl_7", 3 0, L_0x7f9ec6178dd0;  1 drivers
v0x7f9ec6159bd0_0 .net *"_ivl_9", 3 0, L_0x7f9ec6178eb0;  1 drivers
v0x7f9ec6159c80_0 .net "s1", 1 0, L_0x7f9ec6179260;  1 drivers
v0x7f9ec6159d30_0 .net "s2", 3 0, L_0x7f9ec6178f50;  1 drivers
v0x7f9ec6159de0_0 .net "s3", 7 0, L_0x7f9ec6178c70;  1 drivers
L_0x7f9ec6178c70 .functor MUXZ 8, L_0x7f9ec4f733f8, L_0x7f9ec4f733b0, o0x7f9ec4f4ae58, C4<>;
L_0x7f9ec6178dd0 .part L_0x7f9ec6178c70, 4, 4;
L_0x7f9ec6178eb0 .part L_0x7f9ec6178c70, 0, 4;
L_0x7f9ec6178f50 .functor MUXZ 4, L_0x7f9ec6178eb0, L_0x7f9ec6178dd0, o0x7f9ec4f4ae28, C4<>;
L_0x7f9ec61790b0 .part L_0x7f9ec6178f50, 2, 2;
L_0x7f9ec61791c0 .part L_0x7f9ec6178f50, 0, 2;
L_0x7f9ec6179260 .functor MUXZ 2, L_0x7f9ec61791c0, L_0x7f9ec61790b0, o0x7f9ec4f4adf8, C4<>;
L_0x7f9ec61793c0 .part L_0x7f9ec6179260, 1, 1;
L_0x7f9ec61794a0 .part L_0x7f9ec6179260, 0, 1;
L_0x7f9ec6179590 .functor MUXZ 1, L_0x7f9ec61794a0, L_0x7f9ec61793c0, o0x7f9ec4f4adc8, C4<>;
S_0x7f9ec6116bc0 .scope module, "SB_MAC16" "SB_MAC16" 2 2996;
 .timescale -12 -12;
    .port_info 0 /INPUT 1 "CLK";
    .port_info 1 /INPUT 1 "CE";
    .port_info 2 /INPUT 16 "C";
    .port_info 3 /INPUT 16 "A";
    .port_info 4 /INPUT 16 "B";
    .port_info 5 /INPUT 16 "D";
    .port_info 6 /INPUT 1 "AHOLD";
    .port_info 7 /INPUT 1 "BHOLD";
    .port_info 8 /INPUT 1 "CHOLD";
    .port_info 9 /INPUT 1 "DHOLD";
    .port_info 10 /INPUT 1 "IRSTTOP";
    .port_info 11 /INPUT 1 "IRSTBOT";
    .port_info 12 /INPUT 1 "ORSTTOP";
    .port_info 13 /INPUT 1 "ORSTBOT";
    .port_info 14 /INPUT 1 "OLOADTOP";
    .port_info 15 /INPUT 1 "OLOADBOT";
    .port_info 16 /INPUT 1 "ADDSUBTOP";
    .port_info 17 /INPUT 1 "ADDSUBBOT";
    .port_info 18 /INPUT 1 "OHOLDTOP";
    .port_info 19 /INPUT 1 "OHOLDBOT";
    .port_info 20 /INPUT 1 "CI";
    .port_info 21 /INPUT 1 "ACCUMCI";
    .port_info 22 /INPUT 1 "SIGNEXTIN";
    .port_info 23 /OUTPUT 32 "O";
    .port_info 24 /OUTPUT 1 "CO";
    .port_info 25 /OUTPUT 1 "ACCUMCO";
    .port_info 26 /OUTPUT 1 "SIGNEXTOUT";
P_0x7f9ec583da00 .param/l "A_REG" 0 2 3011, C4<0>;
P_0x7f9ec583da40 .param/l "A_SIGNED" 0 2 3027, C4<0>;
P_0x7f9ec583da80 .param/l "BOTADDSUB_CARRYSELECT" 0 2 3025, C4<00>;
P_0x7f9ec583dac0 .param/l "BOTADDSUB_LOWERINPUT" 0 2 3023, C4<00>;
P_0x7f9ec583db00 .param/l "BOTADDSUB_UPPERINPUT" 0 2 3024, C4<0>;
P_0x7f9ec583db40 .param/l "BOTOUTPUT_SELECT" 0 2 3022, C4<00>;
P_0x7f9ec583db80 .param/l "BOT_8x8_MULT_REG" 0 2 3015, C4<0>;
P_0x7f9ec583dbc0 .param/l "B_REG" 0 2 3012, C4<0>;
P_0x7f9ec583dc00 .param/l "B_SIGNED" 0 2 3028, C4<0>;
P_0x7f9ec583dc40 .param/l "C_REG" 0 2 3010, C4<0>;
P_0x7f9ec583dc80 .param/l "D_REG" 0 2 3013, C4<0>;
P_0x7f9ec583dcc0 .param/l "MODE_8x8" 0 2 3026, C4<0>;
P_0x7f9ec583dd00 .param/l "NEG_TRIGGER" 0 2 3009, C4<0>;
P_0x7f9ec583dd40 .param/l "PIPELINE_16x16_MULT_REG1" 0 2 3016, C4<0>;
P_0x7f9ec583dd80 .param/l "PIPELINE_16x16_MULT_REG2" 0 2 3017, C4<0>;
P_0x7f9ec583ddc0 .param/l "TOPADDSUB_CARRYSELECT" 0 2 3021, C4<00>;
P_0x7f9ec583de00 .param/l "TOPADDSUB_LOWERINPUT" 0 2 3019, C4<00>;
P_0x7f9ec583de40 .param/l "TOPADDSUB_UPPERINPUT" 0 2 3020, C4<0>;
P_0x7f9ec583de80 .param/l "TOPOUTPUT_SELECT" 0 2 3018, C4<00>;
P_0x7f9ec583dec0 .param/l "TOP_8x8_MULT_REG" 0 2 3014, C4<0>;
o0x7f9ec4f4b4b8 .functor BUFZ 1, C4<z>; HiZ drive
L_0x7f9ec4f73440 .functor BUFT 1, C4<0>, C4<0>, C4<0>, C4<0>;
L_0x7f9ec6179670 .functor XOR 1, o0x7f9ec4f4b4b8, L_0x7f9ec4f73440, C4<0>, C4<0>;
o0x7f9ec4f4b3f8 .functor BUFZ 16, C4<zzzzzzzzzzzzzzzz>; HiZ drive
L_0x7f9ec6179760 .functor BUFZ 16, o0x7f9ec4f4b3f8, C4<0000000000000000>, C4<0000000000000000>, C4<0000000000000000>;
o0x7f9ec4f4b1b8 .functor BUFZ 16, C4<zzzzzzzzzzzzzzzz>; HiZ drive
L_0x7f9ec61797f0 .functor BUFZ 16, o0x7f9ec4f4b1b8, C4<0000000000000000>, C4<0000000000000000>, C4<0000000000000000>;
o0x7f9ec4f4b338 .functor BUFZ 16, C4<zzzzzzzzzzzzzzzz>; HiZ drive
L_0x7f9ec61798c0 .functor BUFZ 16, o0x7f9ec4f4b338, C4<0000000000000000>, C4<0000000000000000>, C4<0000000000000000>;
o0x7f9ec4f4b518 .functor BUFZ 16, C4<zzzzzzzzzzzzzzzz>; HiZ drive
L_0x7f9ec6179970 .functor BUFZ 16, o0x7f9ec4f4b518, C4<0000000000000000>, C4<0000000000000000>, C4<0000000000000000>;
L_0x7f9ec617a8b0 .functor BUFZ 16, L_0x7f9ec617a3a0, C4<0000000000000000>, C4<0000000000000000>, C4<0000000000000000>;
L_0x7f9ec617ac40 .functor BUFZ 16, L_0x7f9ec617a730, C4<0000000000000000>, C4<0000000000000000>, C4<0000000000000000>;
L_0x7f9ec617ad30 .functor BUFZ 16, L_0x7f9ec617aa00, C4<0000000000000000>, C4<0000000000000000>, C4<0000000000000000>;
L_0x7f9ec617ade0 .functor BUFZ 16, L_0x7f9ec617ab60, C4<0000000000000000>, C4<0000000000000000>, C4<0000000000000000>;
L_0x7f9ec617c090 .functor BUFZ 32, L_0x7f9ec617be50, C4<00000000000000000000000000000000>, C4<00000000000000000000000000000000>, C4<00000000000000000000000000000000>;
L_0x7f9ec617bd60 .functor BUFZ 16, v0x7f9ec615fb00_0, C4<0000000000000000>, C4<0000000000000000>, C4<0000000000000000>;
L_0x7f9ec617c160 .functor BUFZ 16, L_0x7f9ec61797f0, C4<0000000000000000>, C4<0000000000000000>, C4<0000000000000000>;
L_0x7f9ec6179ad0 .functor XOR 17, L_0x7f9ec617c4e0, L_0x7f9ec617c960, C4<00000000000000000>, C4<00000000000000000>;
o0x7f9ec4f4b278 .functor BUFZ 1, C4<z>; HiZ drive
L_0x7f9ec617cc60 .functor XOR 1, L_0x7f9ec617c250, o0x7f9ec4f4b278, C4<0>, C4<0>;
L_0x7f9ec617ca60 .functor XOR 16, L_0x7f9ec617c2f0, L_0x7f9ec617ccd0, C4<0000000000000000>, C4<0000000000000000>;
L_0x7f9ec617cf80 .functor BUFZ 16, L_0x7f9ec617d100, C4<0000000000000000>, C4<0000000000000000>, C4<0000000000000000>;
L_0x7f9ec617cb50 .functor BUFZ 16, v0x7f9ec615fbb0_0, C4<0000000000000000>, C4<0000000000000000>, C4<0000000000000000>;
L_0x7f9ec617d420 .functor BUFZ 16, L_0x7f9ec61798c0, C4<0000000000000000>, C4<0000000000000000>, C4<0000000000000000>;
L_0x7f9ec4c07190 .functor XOR 17, L_0x7f9ec4c06b20, L_0x7f9ec4c06e90, C4<00000000000000000>, C4<00000000000000000>;
L_0x7f9ec4c06f90 .functor XOR 16, L_0x7f9ec4c06980, L_0x7f9ec4c074c0, C4<0000000000000000>, C4<0000000000000000>;
L_0x7f9ec4c076a0 .functor BUFZ 16, L_0x7f9ec4c06840, C4<0000000000000000>, C4<0000000000000000>, C4<0000000000000000>;
v0x7f9ec615a020_0 .net "A", 15 0, o0x7f9ec4f4b1b8;  0 drivers
o0x7f9ec4f4b1e8 .functor BUFZ 1, C4<z>; HiZ drive
v0x7f9ec615a0c0_0 .net "ACCUMCI", 0 0, o0x7f9ec4f4b1e8;  0 drivers
v0x7f9ec615a160_0 .net "ACCUMCO", 0 0, L_0x7f9ec617c250;  1 drivers
o0x7f9ec4f4b248 .functor BUFZ 1, C4<z>; HiZ drive
v0x7f9ec615a210_0 .net "ADDSUBBOT", 0 0, o0x7f9ec4f4b248;  0 drivers
v0x7f9ec615a2b0_0 .net "ADDSUBTOP", 0 0, o0x7f9ec4f4b278;  0 drivers
o0x7f9ec4f4b2a8 .functor BUFZ 1, C4<z>; HiZ drive
v0x7f9ec615a390_0 .net "AHOLD", 0 0, o0x7f9ec4f4b2a8;  0 drivers
v0x7f9ec615a430_0 .net "Ah", 15 0, L_0x7f9ec6179c10;  1 drivers
v0x7f9ec615a4e0_0 .net "Al", 15 0, L_0x7f9ec6179dd0;  1 drivers
v0x7f9ec615a590_0 .net "B", 15 0, o0x7f9ec4f4b338;  0 drivers
o0x7f9ec4f4b368 .functor BUFZ 1, C4<z>; HiZ drive
v0x7f9ec615a6a0_0 .net "BHOLD", 0 0, o0x7f9ec4f4b368;  0 drivers
v0x7f9ec615a740_0 .net "Bh", 15 0, L_0x7f9ec617a040;  1 drivers
v0x7f9ec615a7f0_0 .net "Bl", 15 0, L_0x7f9ec617a240;  1 drivers
v0x7f9ec615a8a0_0 .net "C", 15 0, o0x7f9ec4f4b3f8;  0 drivers
o0x7f9ec4f4b428 .functor BUFZ 1, C4<z>; HiZ drive
v0x7f9ec615a950_0 .net "CE", 0 0, o0x7f9ec4f4b428;  0 drivers
o0x7f9ec4f4b458 .functor BUFZ 1, C4<z>; HiZ drive
v0x7f9ec615a9f0_0 .net "CHOLD", 0 0, o0x7f9ec4f4b458;  0 drivers
o0x7f9ec4f4b488 .functor BUFZ 1, C4<z>; HiZ drive
v0x7f9ec615aa90_0 .net "CI", 0 0, o0x7f9ec4f4b488;  0 drivers
v0x7f9ec615ab30_0 .net "CLK", 0 0, o0x7f9ec4f4b4b8;  0 drivers
v0x7f9ec615acc0_0 .net "CO", 0 0, L_0x7f9ec617cc60;  1 drivers
v0x7f9ec615ad50_0 .net "D", 15 0, o0x7f9ec4f4b518;  0 drivers
o0x7f9ec4f4b548 .functor BUFZ 1, C4<z>; HiZ drive
v0x7f9ec615ade0_0 .net "DHOLD", 0 0, o0x7f9ec4f4b548;  0 drivers
L_0x7f9ec4f73998 .functor BUFT 1, C4<0>, C4<0>, C4<0>, C4<0>;
v0x7f9ec615ae80_0 .net "HCI", 0 0, L_0x7f9ec4f73998;  1 drivers
o0x7f9ec4f4b5a8 .functor BUFZ 1, C4<z>; HiZ drive
v0x7f9ec615af20_0 .net "IRSTBOT", 0 0, o0x7f9ec4f4b5a8;  0 drivers
o0x7f9ec4f4b5d8 .functor BUFZ 1, C4<z>; HiZ drive
v0x7f9ec615afc0_0 .net "IRSTTOP", 0 0, o0x7f9ec4f4b5d8;  0 drivers
L_0x7f9ec4f73ab8 .functor BUFT 1, C4<0>, C4<0>, C4<0>, C4<0>;
v0x7f9ec615b060_0 .net "LCI", 0 0, L_0x7f9ec4f73ab8;  1 drivers
v0x7f9ec615b100_0 .net "LCO", 0 0, L_0x7f9ec4c068e0;  1 drivers
v0x7f9ec615b1a0_0 .net "O", 31 0, L_0x7f9ec4c07810;  1 drivers
o0x7f9ec4f4b698 .functor BUFZ 1, C4<z>; HiZ drive
v0x7f9ec615b250_0 .net "OHOLDBOT", 0 0, o0x7f9ec4f4b698;  0 drivers
o0x7f9ec4f4b6c8 .functor BUFZ 1, C4<z>; HiZ drive
v0x7f9ec615b2f0_0 .net "OHOLDTOP", 0 0, o0x7f9ec4f4b6c8;  0 drivers
o0x7f9ec4f4b6f8 .functor BUFZ 1, C4<z>; HiZ drive
v0x7f9ec615b390_0 .net "OLOADBOT", 0 0, o0x7f9ec4f4b6f8;  0 drivers
o0x7f9ec4f4b728 .functor BUFZ 1, C4<z>; HiZ drive
v0x7f9ec615b430_0 .net "OLOADTOP", 0 0, o0x7f9ec4f4b728;  0 drivers
o0x7f9ec4f4b758 .functor BUFZ 1, C4<z>; HiZ drive
v0x7f9ec615b4d0_0 .net "ORSTBOT", 0 0, o0x7f9ec4f4b758;  0 drivers
o0x7f9ec4f4b788 .functor BUFZ 1, C4<z>; HiZ drive
v0x7f9ec615b570_0 .net "ORSTTOP", 0 0, o0x7f9ec4f4b788;  0 drivers
v0x7f9ec615b610_0 .net "Oh", 15 0, L_0x7f9ec617cf80;  1 drivers
v0x7f9ec615abe0_0 .net "Ol", 15 0, L_0x7f9ec4c076a0;  1 drivers
o0x7f9ec4f4b818 .functor BUFZ 1, C4<z>; HiZ drive
v0x7f9ec615b8a0_0 .net "SIGNEXTIN", 0 0, o0x7f9ec4f4b818;  0 drivers
v0x7f9ec615b930_0 .net "SIGNEXTOUT", 0 0, L_0x7f9ec617d380;  1 drivers
v0x7f9ec615b9c0_0 .net "XW", 15 0, L_0x7f9ec617c2f0;  1 drivers
v0x7f9ec615ba60_0 .net "YZ", 15 0, L_0x7f9ec4c06980;  1 drivers
v0x7f9ec615bb10_0 .net/2u *"_ivl_0", 0 0, L_0x7f9ec4f73440;  1 drivers
v0x7f9ec615bbc0_0 .net *"_ivl_100", 31 0, L_0x7f9ec617bbe0;  1 drivers
L_0x7f9ec4f73830 .functor BUFT 1, C4<0000000000000000>, C4<0>, C4<0>, C4<0>;
v0x7f9ec615bc70_0 .net *"_ivl_103", 15 0, L_0x7f9ec4f73830;  1 drivers
v0x7f9ec615bd20_0 .net *"_ivl_104", 31 0, L_0x7f9ec617bb00;  1 drivers
v0x7f9ec615bdd0_0 .net *"_ivl_106", 15 0, L_0x7f9ec617bc80;  1 drivers
L_0x7f9ec4f73878 .functor BUFT 1, C4<0000000000000000>, C4<0>, C4<0>, C4<0>;
v0x7f9ec615be80_0 .net *"_ivl_108", 15 0, L_0x7f9ec4f73878;  1 drivers
L_0x7f9ec4f73488 .functor BUFT 1, C4<00000000>, C4<0>, C4<0>, C4<0>;
v0x7f9ec615bf30_0 .net/2u *"_ivl_12", 7 0, L_0x7f9ec4f73488;  1 drivers
v0x7f9ec615bfe0_0 .net *"_ivl_121", 16 0, L_0x7f9ec617bf90;  1 drivers
L_0x7f9ec4f738c0 .functor BUFT 1, C4<0>, C4<0>, C4<0>, C4<0>;
v0x7f9ec615c090_0 .net *"_ivl_124", 0 0, L_0x7f9ec4f738c0;  1 drivers
v0x7f9ec615c140_0 .net *"_ivl_125", 16 0, L_0x7f9ec617c4e0;  1 drivers
L_0x7f9ec4f73908 .functor BUFT 1, C4<0>, C4<0>, C4<0>, C4<0>;
v0x7f9ec615c1f0_0 .net *"_ivl_128", 0 0, L_0x7f9ec4f73908;  1 drivers
v0x7f9ec615c2a0_0 .net *"_ivl_129", 15 0, L_0x7f9ec617c3d0;  1 drivers
v0x7f9ec615c350_0 .net *"_ivl_131", 16 0, L_0x7f9ec617c960;  1 drivers
L_0x7f9ec4f73950 .functor BUFT 1, C4<0>, C4<0>, C4<0>, C4<0>;
v0x7f9ec615c400_0 .net *"_ivl_134", 0 0, L_0x7f9ec4f73950;  1 drivers
v0x7f9ec615c4b0_0 .net *"_ivl_135", 16 0, L_0x7f9ec6179ad0;  1 drivers
v0x7f9ec615c560_0 .net *"_ivl_137", 16 0, L_0x7f9ec617cd90;  1 drivers
L_0x7f9ec4f73bd8 .functor BUFT 1, C4<00000000000000000>, C4<0>, C4<0>, C4<0>;
v0x7f9ec615c610_0 .net *"_ivl_139", 16 0, L_0x7f9ec4f73bd8;  1 drivers
v0x7f9ec615c6c0_0 .net *"_ivl_143", 16 0, L_0x7f9ec617ce30;  1 drivers
v0x7f9ec615c770_0 .net *"_ivl_147", 15 0, L_0x7f9ec617ccd0;  1 drivers
v0x7f9ec615c820_0 .net *"_ivl_149", 15 0, L_0x7f9ec617ca60;  1 drivers
v0x7f9ec615c8d0_0 .net *"_ivl_15", 7 0, L_0x7f9ec6179b50;  1 drivers
v0x7f9ec615c980_0 .net *"_ivl_168", 16 0, L_0x7f9ec4c06a20;  1 drivers
L_0x7f9ec4f739e0 .functor BUFT 1, C4<0>, C4<0>, C4<0>, C4<0>;
v0x7f9ec615ca30_0 .net *"_ivl_171", 0 0, L_0x7f9ec4f739e0;  1 drivers
v0x7f9ec615cae0_0 .net *"_ivl_172", 16 0, L_0x7f9ec4c06b20;  1 drivers
L_0x7f9ec4f73a28 .functor BUFT 1, C4<0>, C4<0>, C4<0>, C4<0>;
v0x7f9ec615cb90_0 .net *"_ivl_175", 0 0, L_0x7f9ec4f73a28;  1 drivers
v0x7f9ec615cc40_0 .net *"_ivl_176", 15 0, L_0x7f9ec4c06c80;  1 drivers
v0x7f9ec615ccf0_0 .net *"_ivl_178", 16 0, L_0x7f9ec4c06e90;  1 drivers
L_0x7f9ec4f734d0 .functor BUFT 1, C4<00000000>, C4<0>, C4<0>, C4<0>;
v0x7f9ec615b6c0_0 .net/2u *"_ivl_18", 7 0, L_0x7f9ec4f734d0;  1 drivers
L_0x7f9ec4f73a70 .functor BUFT 1, C4<0>, C4<0>, C4<0>, C4<0>;
v0x7f9ec615b770_0 .net *"_ivl_181", 0 0, L_0x7f9ec4f73a70;  1 drivers
v0x7f9ec615cd80_0 .net *"_ivl_182", 16 0, L_0x7f9ec4c07190;  1 drivers
v0x7f9ec615ce10_0 .net *"_ivl_184", 16 0, L_0x7f9ec4c07240;  1 drivers
L_0x7f9ec4f73c20 .functor BUFT 1, C4<00000000000000000>, C4<0>, C4<0>, C4<0>;
v0x7f9ec615cea0_0 .net *"_ivl_186", 16 0, L_0x7f9ec4f73c20;  1 drivers
v0x7f9ec615cf30_0 .net *"_ivl_190", 16 0, L_0x7f9ec4c07380;  1 drivers
v0x7f9ec615cfc0_0 .net *"_ivl_192", 15 0, L_0x7f9ec4c074c0;  1 drivers
v0x7f9ec615d070_0 .net *"_ivl_194", 15 0, L_0x7f9ec4c06f90;  1 drivers
v0x7f9ec615d120_0 .net *"_ivl_21", 7 0, L_0x7f9ec6179d30;  1 drivers
L_0x7f9ec4f73518 .functor BUFT 1, C4<00000000>, C4<0>, C4<0>, C4<0>;
v0x7f9ec615d1d0_0 .net/2u *"_ivl_24", 7 0, L_0x7f9ec4f73518;  1 drivers
v0x7f9ec615d280_0 .net *"_ivl_27", 7 0, L_0x7f9ec6179f30;  1 drivers
L_0x7f9ec4f73560 .functor BUFT 1, C4<00000000>, C4<0>, C4<0>, C4<0>;
v0x7f9ec615d330_0 .net/2u *"_ivl_30", 7 0, L_0x7f9ec4f73560;  1 drivers
v0x7f9ec615d3e0_0 .net *"_ivl_33", 7 0, L_0x7f9ec617a160;  1 drivers
L_0x7f9ec4f735a8 .functor BUFT 1, C4<00000000>, C4<0>, C4<0>, C4<0>;
v0x7f9ec615d490_0 .net/2u *"_ivl_38", 7 0, L_0x7f9ec4f735a8;  1 drivers
v0x7f9ec615d540_0 .net *"_ivl_41", 7 0, L_0x7f9ec617a510;  1 drivers
v0x7f9ec615d5f0_0 .net *"_ivl_42", 15 0, L_0x7f9ec617a5b0;  1 drivers
L_0x7f9ec4f735f0 .functor BUFT 1, C4<00000000>, C4<0>, C4<0>, C4<0>;
v0x7f9ec615d6a0_0 .net/2u *"_ivl_46", 7 0, L_0x7f9ec4f735f0;  1 drivers
v0x7f9ec615d750_0 .net *"_ivl_49", 7 0, L_0x7f9ec617a7d0;  1 drivers
v0x7f9ec615d800_0 .net *"_ivl_50", 15 0, L_0x7f9ec617a920;  1 drivers
L_0x7f9ec4f73638 .functor BUFT 1, C4<00000000>, C4<0>, C4<0>, C4<0>;
v0x7f9ec615d8b0_0 .net/2u *"_ivl_64", 7 0, L_0x7f9ec4f73638;  1 drivers
L_0x7f9ec4f73680 .functor BUFT 1, C4<00000000>, C4<0>, C4<0>, C4<0>;
v0x7f9ec615d960_0 .net/2u *"_ivl_68", 7 0, L_0x7f9ec4f73680;  1 drivers
v0x7f9ec615da10_0 .net *"_ivl_72", 31 0, L_0x7f9ec617b050;  1 drivers
L_0x7f9ec4f736c8 .functor BUFT 1, C4<0000000000000000>, C4<0>, C4<0>, C4<0>;
v0x7f9ec615dac0_0 .net *"_ivl_75", 15 0, L_0x7f9ec4f736c8;  1 drivers
v0x7f9ec615db70_0 .net *"_ivl_76", 31 0, L_0x7f9ec617b230;  1 drivers
L_0x7f9ec4f73710 .functor BUFT 1, C4<00000000>, C4<0>, C4<0>, C4<0>;
v0x7f9ec615dc20_0 .net *"_ivl_79", 7 0, L_0x7f9ec4f73710;  1 drivers
v0x7f9ec615dcd0_0 .net *"_ivl_80", 31 0, L_0x7f9ec617b150;  1 drivers
v0x7f9ec615dd80_0 .net *"_ivl_82", 23 0, L_0x7f9ec617b310;  1 drivers
L_0x7f9ec4f73758 .functor BUFT 1, C4<00000000>, C4<0>, C4<0>, C4<0>;
v0x7f9ec615de30_0 .net *"_ivl_84", 7 0, L_0x7f9ec4f73758;  1 drivers
v0x7f9ec615dee0_0 .net *"_ivl_86", 31 0, L_0x7f9ec617b540;  1 drivers
v0x7f9ec615df90_0 .net *"_ivl_88", 31 0, L_0x7f9ec617b680;  1 drivers
L_0x7f9ec4f737a0 .functor BUFT 1, C4<00000000>, C4<0>, C4<0>, C4<0>;
v0x7f9ec615e040_0 .net *"_ivl_91", 7 0, L_0x7f9ec4f737a0;  1 drivers
v0x7f9ec615e0f0_0 .net *"_ivl_92", 31 0, L_0x7f9ec617b880;  1 drivers
v0x7f9ec615e1a0_0 .net *"_ivl_94", 23 0, L_0x7f9ec617b7a0;  1 drivers
L_0x7f9ec4f737e8 .functor BUFT 1, C4<00000000>, C4<0>, C4<0>, C4<0>;
v0x7f9ec615e250_0 .net *"_ivl_96", 7 0, L_0x7f9ec4f737e8;  1 drivers
v0x7f9ec615e300_0 .net *"_ivl_98", 31 0, L_0x7f9ec617b9c0;  1 drivers
v0x7f9ec615e3b0_0 .net "clock", 0 0, L_0x7f9ec6179670;  1 drivers
v0x7f9ec615e450_0 .net "iA", 15 0, L_0x7f9ec61797f0;  1 drivers
v0x7f9ec615e500_0 .net "iB", 15 0, L_0x7f9ec61798c0;  1 drivers
v0x7f9ec615e5b0_0 .net "iC", 15 0, L_0x7f9ec6179760;  1 drivers
v0x7f9ec615e660_0 .net "iD", 15 0, L_0x7f9ec6179970;  1 drivers
v0x7f9ec615e710_0 .net "iF", 15 0, L_0x7f9ec617a8b0;  1 drivers
v0x7f9ec615e7c0_0 .net "iG", 15 0, L_0x7f9ec617ade0;  1 drivers
v0x7f9ec615e870_0 .net "iH", 31 0, L_0x7f9ec617c090;  1 drivers
v0x7f9ec615e920_0 .net "iJ", 15 0, L_0x7f9ec617ac40;  1 drivers
v0x7f9ec615e9d0_0 .net "iJ_e", 23 0, L_0x7f9ec6004090;  1 drivers
v0x7f9ec615ea80_0 .net "iK", 15 0, L_0x7f9ec617ad30;  1 drivers
v0x7f9ec615eb30_0 .net "iK_e", 23 0, L_0x7f9ec617aee0;  1 drivers
v0x7f9ec615ebe0_0 .net "iL", 31 0, L_0x7f9ec617be50;  1 drivers
v0x7f9ec615ec90_0 .net "iP", 15 0, L_0x7f9ec617d100;  1 drivers
v0x7f9ec615ed40_0 .net "iQ", 15 0, v0x7f9ec615fb00_0;  1 drivers
v0x7f9ec615edf0_0 .net "iR", 15 0, L_0x7f9ec4c06840;  1 drivers
v0x7f9ec615eea0_0 .net "iS", 15 0, v0x7f9ec615fbb0_0;  1 drivers
v0x7f9ec615ef50_0 .net "iW", 15 0, L_0x7f9ec617bd60;  1 drivers
v0x7f9ec615f000_0 .net "iX", 15 0, L_0x7f9ec617c160;  1 drivers
v0x7f9ec615f0b0_0 .net "iY", 15 0, L_0x7f9ec617cb50;  1 drivers
v0x7f9ec615f160_0 .net "iZ", 15 0, L_0x7f9ec617d420;  1 drivers
v0x7f9ec615f210_0 .net "p_Ah_Bh", 15 0, L_0x7f9ec617a3a0;  1 drivers
v0x7f9ec615f2c0_0 .net "p_Ah_Bl", 15 0, L_0x7f9ec617aa00;  1 drivers
v0x7f9ec615f370_0 .net "p_Al_Bh", 15 0, L_0x7f9ec617a730;  1 drivers
v0x7f9ec615f420_0 .net "p_Al_Bl", 15 0, L_0x7f9ec617ab60;  1 drivers
v0x7f9ec615f4d0_0 .var "rA", 15 0;
v0x7f9ec615f580_0 .var "rB", 15 0;
v0x7f9ec615f630_0 .var "rC", 15 0;
v0x7f9ec615f6e0_0 .var "rD", 15 0;
v0x7f9ec615f790_0 .var "rF", 15 0;
v0x7f9ec615f840_0 .var "rG", 15 0;
v0x7f9ec615f8f0_0 .var "rH", 31 0;
v0x7f9ec615f9a0_0 .var "rJ", 15 0;
v0x7f9ec615fa50_0 .var "rK", 15 0;
v0x7f9ec615fb00_0 .var "rQ", 15 0;
v0x7f9ec615fbb0_0 .var "rS", 15 0;
E_0x7f9ec6159650 .event posedge, v0x7f9ec615b4d0_0, v0x7f9ec615e3b0_0;
E_0x7f9ec6159f30 .event posedge, v0x7f9ec615b570_0, v0x7f9ec615e3b0_0;
E_0x7f9ec6159f80 .event posedge, v0x7f9ec615af20_0, v0x7f9ec615e3b0_0;
E_0x7f9ec6159fe0 .event posedge, v0x7f9ec615afc0_0, v0x7f9ec615e3b0_0;
L_0x7f9ec6179b50 .part L_0x7f9ec61797f0, 8, 8;
L_0x7f9ec6179c10 .concat [ 8 8 0 0], L_0x7f9ec6179b50, L_0x7f9ec4f73488;
L_0x7f9ec6179d30 .part L_0x7f9ec61797f0, 0, 8;
L_0x7f9ec6179dd0 .concat [ 8 8 0 0], L_0x7f9ec6179d30, L_0x7f9ec4f734d0;
L_0x7f9ec6179f30 .part L_0x7f9ec61798c0, 8, 8;
L_0x7f9ec617a040 .concat [ 8 8 0 0], L_0x7f9ec6179f30, L_0x7f9ec4f73518;
L_0x7f9ec617a160 .part L_0x7f9ec61798c0, 0, 8;
L_0x7f9ec617a240 .concat [ 8 8 0 0], L_0x7f9ec617a160, L_0x7f9ec4f73560;
L_0x7f9ec617a3a0 .arith/mult 16, L_0x7f9ec6179c10, L_0x7f9ec617a040;
L_0x7f9ec617a510 .part L_0x7f9ec6179dd0, 0, 8;
L_0x7f9ec617a5b0 .concat [ 8 8 0 0], L_0x7f9ec617a510, L_0x7f9ec4f735a8;
L_0x7f9ec617a730 .arith/mult 16, L_0x7f9ec617a5b0, L_0x7f9ec617a040;
L_0x7f9ec617a7d0 .part L_0x7f9ec617a240, 0, 8;
L_0x7f9ec617a920 .concat [ 8 8 0 0], L_0x7f9ec617a7d0, L_0x7f9ec4f735f0;
L_0x7f9ec617aa00 .arith/mult 16, L_0x7f9ec6179c10, L_0x7f9ec617a920;
L_0x7f9ec617ab60 .arith/mult 16, L_0x7f9ec6179dd0, L_0x7f9ec617a240;
L_0x7f9ec617aee0 .concat [ 16 8 0 0], L_0x7f9ec617ad30, L_0x7f9ec4f73638;
L_0x7f9ec6004090 .concat [ 16 8 0 0], L_0x7f9ec617ac40, L_0x7f9ec4f73680;
L_0x7f9ec617b050 .concat [ 16 16 0 0], L_0x7f9ec617ade0, L_0x7f9ec4f736c8;
L_0x7f9ec617b230 .concat [ 24 8 0 0], L_0x7f9ec617aee0, L_0x7f9ec4f73710;
L_0x7f9ec617b310 .part L_0x7f9ec617b230, 0, 24;
L_0x7f9ec617b150 .concat [ 8 24 0 0], L_0x7f9ec4f73758, L_0x7f9ec617b310;
L_0x7f9ec617b540 .arith/sum 32, L_0x7f9ec617b050, L_0x7f9ec617b150;
L_0x7f9ec617b680 .concat [ 24 8 0 0], L_0x7f9ec6004090, L_0x7f9ec4f737a0;
L_0x7f9ec617b7a0 .part L_0x7f9ec617b680, 0, 24;
L_0x7f9ec617b880 .concat [ 8 24 0 0], L_0x7f9ec4f737e8, L_0x7f9ec617b7a0;
L_0x7f9ec617b9c0 .arith/sum 32, L_0x7f9ec617b540, L_0x7f9ec617b880;
L_0x7f9ec617bbe0 .concat [ 16 16 0 0], L_0x7f9ec617a8b0, L_0x7f9ec4f73830;
L_0x7f9ec617bc80 .part L_0x7f9ec617bbe0, 0, 16;
L_0x7f9ec617bb00 .concat [ 16 16 0 0], L_0x7f9ec4f73878, L_0x7f9ec617bc80;
L_0x7f9ec617be50 .arith/sum 32, L_0x7f9ec617b9c0, L_0x7f9ec617bb00;
L_0x7f9ec617c250 .part L_0x7f9ec617ce30, 16, 1;
L_0x7f9ec617c2f0 .part L_0x7f9ec617ce30, 0, 16;
L_0x7f9ec617bf90 .concat [ 16 1 0 0], L_0x7f9ec617c160, L_0x7f9ec4f738c0;
L_0x7f9ec617c4e0 .concat [ 16 1 0 0], L_0x7f9ec617bd60, L_0x7f9ec4f73908;
LS_0x7f9ec617c3d0_0_0 .concat [ 1 1 1 1], o0x7f9ec4f4b278, o0x7f9ec4f4b278, o0x7f9ec4f4b278, o0x7f9ec4f4b278;
LS_0x7f9ec617c3d0_0_4 .concat [ 1 1 1 1], o0x7f9ec4f4b278, o0x7f9ec4f4b278, o0x7f9ec4f4b278, o0x7f9ec4f4b278;
LS_0x7f9ec617c3d0_0_8 .concat [ 1 1 1 1], o0x7f9ec4f4b278, o0x7f9ec4f4b278, o0x7f9ec4f4b278, o0x7f9ec4f4b278;
LS_0x7f9ec617c3d0_0_12 .concat [ 1 1 1 1], o0x7f9ec4f4b278, o0x7f9ec4f4b278, o0x7f9ec4f4b278, o0x7f9ec4f4b278;
L_0x7f9ec617c3d0 .concat [ 4 4 4 4], LS_0x7f9ec617c3d0_0_0, LS_0x7f9ec617c3d0_0_4, LS_0x7f9ec617c3d0_0_8, LS_0x7f9ec617c3d0_0_12;
L_0x7f9ec617c960 .concat [ 16 1 0 0], L_0x7f9ec617c3d0, L_0x7f9ec4f73950;
L_0x7f9ec617cd90 .arith/sum 17, L_0x7f9ec617bf90, L_0x7f9ec6179ad0;
L_0x7f9ec617ce30 .arith/sum 17, L_0x7f9ec617cd90, L_0x7f9ec4f73bd8;
LS_0x7f9ec617ccd0_0_0 .concat [ 1 1 1 1], o0x7f9ec4f4b278, o0x7f9ec4f4b278, o0x7f9ec4f4b278, o0x7f9ec4f4b278;
LS_0x7f9ec617ccd0_0_4 .concat [ 1 1 1 1], o0x7f9ec4f4b278, o0x7f9ec4f4b278, o0x7f9ec4f4b278, o0x7f9ec4f4b278;
LS_0x7f9ec617ccd0_0_8 .concat [ 1 1 1 1], o0x7f9ec4f4b278, o0x7f9ec4f4b278, o0x7f9ec4f4b278, o0x7f9ec4f4b278;
LS_0x7f9ec617ccd0_0_12 .concat [ 1 1 1 1], o0x7f9ec4f4b278, o0x7f9ec4f4b278, o0x7f9ec4f4b278, o0x7f9ec4f4b278;
L_0x7f9ec617ccd0 .concat [ 4 4 4 4], LS_0x7f9ec617ccd0_0_0, LS_0x7f9ec617ccd0_0_4, LS_0x7f9ec617ccd0_0_8, LS_0x7f9ec617ccd0_0_12;
L_0x7f9ec617d100 .functor MUXZ 16, L_0x7f9ec617ca60, L_0x7f9ec6179760, o0x7f9ec4f4b728, C4<>;
L_0x7f9ec617d380 .part L_0x7f9ec617c160, 15, 1;
L_0x7f9ec4c068e0 .part L_0x7f9ec4c07380, 16, 1;
L_0x7f9ec4c06980 .part L_0x7f9ec4c07380, 0, 16;
L_0x7f9ec4c06a20 .concat [ 16 1 0 0], L_0x7f9ec617d420, L_0x7f9ec4f739e0;
L_0x7f9ec4c06b20 .concat [ 16 1 0 0], L_0x7f9ec617cb50, L_0x7f9ec4f73a28;
LS_0x7f9ec4c06c80_0_0 .concat [ 1 1 1 1], o0x7f9ec4f4b248, o0x7f9ec4f4b248, o0x7f9ec4f4b248, o0x7f9ec4f4b248;
LS_0x7f9ec4c06c80_0_4 .concat [ 1 1 1 1], o0x7f9ec4f4b248, o0x7f9ec4f4b248, o0x7f9ec4f4b248, o0x7f9ec4f4b248;
LS_0x7f9ec4c06c80_0_8 .concat [ 1 1 1 1], o0x7f9ec4f4b248, o0x7f9ec4f4b248, o0x7f9ec4f4b248, o0x7f9ec4f4b248;
LS_0x7f9ec4c06c80_0_12 .concat [ 1 1 1 1], o0x7f9ec4f4b248, o0x7f9ec4f4b248, o0x7f9ec4f4b248, o0x7f9ec4f4b248;
L_0x7f9ec4c06c80 .concat [ 4 4 4 4], LS_0x7f9ec4c06c80_0_0, LS_0x7f9ec4c06c80_0_4, LS_0x7f9ec4c06c80_0_8, LS_0x7f9ec4c06c80_0_12;
L_0x7f9ec4c06e90 .concat [ 16 1 0 0], L_0x7f9ec4c06c80, L_0x7f9ec4f73a70;
L_0x7f9ec4c07240 .arith/sum 17, L_0x7f9ec4c06a20, L_0x7f9ec4c07190;
L_0x7f9ec4c07380 .arith/sum 17, L_0x7f9ec4c07240, L_0x7f9ec4f73c20;
LS_0x7f9ec4c074c0_0_0 .concat [ 1 1 1 1], o0x7f9ec4f4b248, o0x7f9ec4f4b248, o0x7f9ec4f4b248, o0x7f9ec4f4b248;
LS_0x7f9ec4c074c0_0_4 .concat [ 1 1 1 1], o0x7f9ec4f4b248, o0x7f9ec4f4b248, o0x7f9ec4f4b248, o0x7f9ec4f4b248;
LS_0x7f9ec4c074c0_0_8 .concat [ 1 1 1 1], o0x7f9ec4f4b248, o0x7f9ec4f4b248, o0x7f9ec4f4b248, o0x7f9ec4f4b248;
LS_0x7f9ec4c074c0_0_12 .concat [ 1 1 1 1], o0x7f9ec4f4b248, o0x7f9ec4f4b248, o0x7f9ec4f4b248, o0x7f9ec4f4b248;
L_0x7f9ec4c074c0 .concat [ 4 4 4 4], LS_0x7f9ec4c074c0_0_0, LS_0x7f9ec4c074c0_0_4, LS_0x7f9ec4c074c0_0_8, LS_0x7f9ec4c074c0_0_12;
L_0x7f9ec4c06840 .functor MUXZ 16, L_0x7f9ec4c06f90, L_0x7f9ec6179970, o0x7f9ec4f4b6f8, C4<>;
L_0x7f9ec4c07810 .concat [ 16 16 0 0], L_0x7f9ec4c076a0, L_0x7f9ec617cf80;
S_0x7f9ec6116820 .scope module, "SB_PLL40_2F_CORE" "SB_PLL40_2F_CORE" 2 2521;
 .timescale -12 -12;
    .port_info 0 /INPUT 1 "REFERENCECLK";
    .port_info 1 /OUTPUT 1 "PLLOUTCOREA";
    .port_info 2 /OUTPUT 1 "PLLOUTGLOBALA";
    .port_info 3 /OUTPUT 1 "PLLOUTCOREB";
    .port_info 4 /OUTPUT 1 "PLLOUTGLOBALB";
    .port_info 5 /INPUT 1 "EXTFEEDBACK";
    .port_info 6 /INPUT 8 "DYNAMICDELAY";
    .port_info 7 /OUTPUT 1 "LOCK";
    .port_info 8 /INPUT 1 "BYPASS";
    .port_info 9 /INPUT 1 "RESETB";
    .port_info 10 /INPUT 1 "LATCHINPUTVALUE";
    .port_info 11 /OUTPUT 1 "SDO";
    .port_info 12 /INPUT 1 "SDI";
    .port_info 13 /INPUT 1 "SCLK";
P_0x7f9ec583c600 .param/str "DELAY_ADJUSTMENT_MODE_FEEDBACK" 0 2 2538, "FIXED";
P_0x7f9ec583c640 .param/str "DELAY_ADJUSTMENT_MODE_RELATIVE" 0 2 2539, "FIXED";
P_0x7f9ec583c680 .param/l "DIVF" 0 2 2546, C4<0000000>;
P_0x7f9ec583c6c0 .param/l "DIVQ" 0 2 2547, C4<000>;
P_0x7f9ec583c700 .param/l "DIVR" 0 2 2545, C4<0000>;
P_0x7f9ec583c740 .param/l "ENABLE_ICEGATE_PORTA" 0 2 2549, C4<0>;
P_0x7f9ec583c780 .param/l "ENABLE_ICEGATE_PORTB" 0 2 2550, C4<0>;
P_0x7f9ec583c7c0 .param/l "EXTERNAL_DIVIDE_FACTOR" 0 2 2552, +C4<00000000000000000000000000000001>;
P_0x7f9ec583c800 .param/l "FDA_FEEDBACK" 0 2 2541, C4<0000>;
P_0x7f9ec583c840 .param/l "FDA_RELATIVE" 0 2 2542, C4<0000>;
P_0x7f9ec583c880 .param/str "FEEDBACK_PATH" 0 2 2537, "SIMPLE";
P_0x7f9ec583c8c0 .param/l "FILTER_RANGE" 0 2 2548, C4<000>;
P_0x7f9ec583c900 .param/str "PLLOUT_SELECT_PORTA" 0 2 2543, "GENCLK";
P_0x7f9ec583c940 .param/str "PLLOUT_SELECT_PORTB" 0 2 2544, "GENCLK";
P_0x7f9ec583c980 .param/l "SHIFTREG_DIV_MODE" 0 2 2540, C4<0>;
P_0x7f9ec583c9c0 .param/l "TEST_MODE" 0 2 2551, C4<0>;
o0x7f9ec4f4d048 .functor BUFZ 1, C4<z>; HiZ drive
v0x7f9ec615fef0_0 .net "BYPASS", 0 0, o0x7f9ec4f4d048;  0 drivers
o0x7f9ec4f4d078 .functor BUFZ 8, C4<zzzzzzzz>; HiZ drive
v0x7f9ec615ff80_0 .net "DYNAMICDELAY", 7 0, o0x7f9ec4f4d078;  0 drivers
o0x7f9ec4f4d0a8 .functor BUFZ 1, C4<z>; HiZ drive
v0x7f9ec4d2be90_0 .net "EXTFEEDBACK", 0 0, o0x7f9ec4f4d0a8;  0 drivers
o0x7f9ec4f4d0d8 .functor BUFZ 1, C4<z>; HiZ drive
v0x7f9ec6160010_0 .net "LATCHINPUTVALUE", 0 0, o0x7f9ec4f4d0d8;  0 drivers
o0x7f9ec4f4d108 .functor BUFZ 1, C4<z>; HiZ drive
v0x7f9ec61600a0_0 .net "LOCK", 0 0, o0x7f9ec4f4d108;  0 drivers
o0x7f9ec4f4d138 .functor BUFZ 1, C4<z>; HiZ drive
v0x7f9ec6160130_0 .net "PLLOUTCOREA", 0 0, o0x7f9ec4f4d138;  0 drivers
o0x7f9ec4f4d168 .functor BUFZ 1, C4<z>; HiZ drive
v0x7f9ec61601c0_0 .net "PLLOUTCOREB", 0 0, o0x7f9ec4f4d168;  0 drivers
o0x7f9ec4f4d198 .functor BUFZ 1, C4<z>; HiZ drive
v0x7f9ec6160260_0 .net "PLLOUTGLOBALA", 0 0, o0x7f9ec4f4d198;  0 drivers
o0x7f9ec4f4d1c8 .functor BUFZ 1, C4<z>; HiZ drive
v0x7f9ec6160300_0 .net "PLLOUTGLOBALB", 0 0, o0x7f9ec4f4d1c8;  0 drivers
o0x7f9ec4f4d1f8 .functor BUFZ 1, C4<z>; HiZ drive
v0x7f9ec6160410_0 .net "REFERENCECLK", 0 0, o0x7f9ec4f4d1f8;  0 drivers
o0x7f9ec4f4d228 .functor BUFZ 1, C4<z>; HiZ drive
v0x7f9ec61604a0_0 .net "RESETB", 0 0, o0x7f9ec4f4d228;  0 drivers
o0x7f9ec4f4d258 .functor BUFZ 1, C4<z>; HiZ drive
v0x7f9ec6160540_0 .net "SCLK", 0 0, o0x7f9ec4f4d258;  0 drivers
o0x7f9ec4f4d288 .functor BUFZ 1, C4<z>; HiZ drive
v0x7f9ec61605e0_0 .net "SDI", 0 0, o0x7f9ec4f4d288;  0 drivers
o0x7f9ec4f4d2b8 .functor BUFZ 1, C4<z>; HiZ drive
v0x7f9ec6160680_0 .net "SDO", 0 0, o0x7f9ec4f4d2b8;  0 drivers
S_0x7f9ec6105330 .scope module, "SB_PLL40_2F_PAD" "SB_PLL40_2F_PAD" 2 2556;
 .timescale -12 -12;
    .port_info 0 /INPUT 1 "PACKAGEPIN";
    .port_info 1 /OUTPUT 1 "PLLOUTCOREA";
    .port_info 2 /OUTPUT 1 "PLLOUTGLOBALA";
    .port_info 3 /OUTPUT 1 "PLLOUTCOREB";
    .port_info 4 /OUTPUT 1 "PLLOUTGLOBALB";
    .port_info 5 /INPUT 1 "EXTFEEDBACK";
    .port_info 6 /INPUT 8 "DYNAMICDELAY";
    .port_info 7 /OUTPUT 1 "LOCK";
    .port_info 8 /INPUT 1 "BYPASS";
    .port_info 9 /INPUT 1 "RESETB";
    .port_info 10 /INPUT 1 "LATCHINPUTVALUE";
    .port_info 11 /OUTPUT 1 "SDO";
    .port_info 12 /INPUT 1 "SDI";
    .port_info 13 /INPUT 1 "SCLK";
P_0x7f9ec583e000 .param/str "DELAY_ADJUSTMENT_MODE_FEEDBACK" 0 2 2573, "FIXED";
P_0x7f9ec583e040 .param/str "DELAY_ADJUSTMENT_MODE_RELATIVE" 0 2 2574, "FIXED";
P_0x7f9ec583e080 .param/l "DIVF" 0 2 2581, C4<0000000>;
P_0x7f9ec583e0c0 .param/l "DIVQ" 0 2 2582, C4<000>;
P_0x7f9ec583e100 .param/l "DIVR" 0 2 2580, C4<0000>;
P_0x7f9ec583e140 .param/l "ENABLE_ICEGATE_PORTA" 0 2 2584, C4<0>;
P_0x7f9ec583e180 .param/l "ENABLE_ICEGATE_PORTB" 0 2 2585, C4<0>;
P_0x7f9ec583e1c0 .param/l "EXTERNAL_DIVIDE_FACTOR" 0 2 2587, +C4<00000000000000000000000000000001>;
P_0x7f9ec583e200 .param/l "FDA_FEEDBACK" 0 2 2576, C4<0000>;
P_0x7f9ec583e240 .param/l "FDA_RELATIVE" 0 2 2577, C4<0000>;
P_0x7f9ec583e280 .param/str "FEEDBACK_PATH" 0 2 2572, "SIMPLE";
P_0x7f9ec583e2c0 .param/l "FILTER_RANGE" 0 2 2583, C4<000>;
P_0x7f9ec583e300 .param/str "PLLOUT_SELECT_PORTA" 0 2 2578, "GENCLK";
P_0x7f9ec583e340 .param/str "PLLOUT_SELECT_PORTB" 0 2 2579, "GENCLK";
P_0x7f9ec583e380 .param/l "SHIFTREG_DIV_MODE" 0 2 2575, C4<00>;
P_0x7f9ec583e3c0 .param/l "TEST_MODE" 0 2 2586, C4<0>;
o0x7f9ec4f4d588 .functor BUFZ 1, C4<z>; HiZ drive
v0x7f9ec6160870_0 .net "BYPASS", 0 0, o0x7f9ec4f4d588;  0 drivers
o0x7f9ec4f4d5b8 .functor BUFZ 8, C4<zzzzzzzz>; HiZ drive
v0x7f9ec6160900_0 .net "DYNAMICDELAY", 7 0, o0x7f9ec4f4d5b8;  0 drivers
o0x7f9ec4f4d5e8 .functor BUFZ 1, C4<z>; HiZ drive
v0x7f9ec6160990_0 .net "EXTFEEDBACK", 0 0, o0x7f9ec4f4d5e8;  0 drivers
o0x7f9ec4f4d618 .functor BUFZ 1, C4<z>; HiZ drive
v0x7f9ec6160a20_0 .net "LATCHINPUTVALUE", 0 0, o0x7f9ec4f4d618;  0 drivers
o0x7f9ec4f4d648 .functor BUFZ 1, C4<z>; HiZ drive
v0x7f9ec6160ab0_0 .net "LOCK", 0 0, o0x7f9ec4f4d648;  0 drivers
o0x7f9ec4f4d678 .functor BUFZ 1, C4<z>; HiZ drive
v0x7f9ec6160b50_0 .net "PACKAGEPIN", 0 0, o0x7f9ec4f4d678;  0 drivers
o0x7f9ec4f4d6a8 .functor BUFZ 1, C4<z>; HiZ drive
v0x7f9ec6160bf0_0 .net "PLLOUTCOREA", 0 0, o0x7f9ec4f4d6a8;  0 drivers
o0x7f9ec4f4d6d8 .functor BUFZ 1, C4<z>; HiZ drive
v0x7f9ec6160c90_0 .net "PLLOUTCOREB", 0 0, o0x7f9ec4f4d6d8;  0 drivers
o0x7f9ec4f4d708 .functor BUFZ 1, C4<z>; HiZ drive
v0x7f9ec6160d30_0 .net "PLLOUTGLOBALA", 0 0, o0x7f9ec4f4d708;  0 drivers
o0x7f9ec4f4d738 .functor BUFZ 1, C4<z>; HiZ drive
v0x7f9ec6160e40_0 .net "PLLOUTGLOBALB", 0 0, o0x7f9ec4f4d738;  0 drivers
o0x7f9ec4f4d768 .functor BUFZ 1, C4<z>; HiZ drive
v0x7f9ec6160ed0_0 .net "RESETB", 0 0, o0x7f9ec4f4d768;  0 drivers
o0x7f9ec4f4d798 .functor BUFZ 1, C4<z>; HiZ drive
v0x7f9ec6160f70_0 .net "SCLK", 0 0, o0x7f9ec4f4d798;  0 drivers
o0x7f9ec4f4d7c8 .functor BUFZ 1, C4<z>; HiZ drive
v0x7f9ec6161010_0 .net "SDI", 0 0, o0x7f9ec4f4d7c8;  0 drivers
o0x7f9ec4f4d7f8 .functor BUFZ 1, C4<z>; HiZ drive
v0x7f9ec61610b0_0 .net "SDO", 0 0, o0x7f9ec4f4d7f8;  0 drivers
S_0x7f9ec4debe10 .scope module, "SB_PLL40_2_PAD" "SB_PLL40_2_PAD" 2 2487;
 .timescale -12 -12;
    .port_info 0 /INPUT 1 "PACKAGEPIN";
    .port_info 1 /OUTPUT 1 "PLLOUTCOREA";
    .port_info 2 /OUTPUT 1 "PLLOUTGLOBALA";
    .port_info 3 /OUTPUT 1 "PLLOUTCOREB";
    .port_info 4 /OUTPUT 1 "PLLOUTGLOBALB";
    .port_info 5 /INPUT 1 "EXTFEEDBACK";
    .port_info 6 /INPUT 8 "DYNAMICDELAY";
    .port_info 7 /OUTPUT 1 "LOCK";
    .port_info 8 /INPUT 1 "BYPASS";
    .port_info 9 /INPUT 1 "RESETB";
    .port_info 10 /INPUT 1 "LATCHINPUTVALUE";
    .port_info 11 /OUTPUT 1 "SDO";
    .port_info 12 /INPUT 1 "SDI";
    .port_info 13 /INPUT 1 "SCLK";
P_0x7f9ec4d197a0 .param/str "DELAY_ADJUSTMENT_MODE_FEEDBACK" 0 2 2504, "FIXED";
P_0x7f9ec4d197e0 .param/str "DELAY_ADJUSTMENT_MODE_RELATIVE" 0 2 2505, "FIXED";
P_0x7f9ec4d19820 .param/l "DIVF" 0 2 2511, C4<0000000>;
P_0x7f9ec4d19860 .param/l "DIVQ" 0 2 2512, C4<000>;
P_0x7f9ec4d198a0 .param/l "DIVR" 0 2 2510, C4<0000>;
P_0x7f9ec4d198e0 .param/l "ENABLE_ICEGATE_PORTA" 0 2 2514, C4<0>;
P_0x7f9ec4d19920 .param/l "ENABLE_ICEGATE_PORTB" 0 2 2515, C4<0>;
P_0x7f9ec4d19960 .param/l "EXTERNAL_DIVIDE_FACTOR" 0 2 2517, +C4<00000000000000000000000000000001>;
P_0x7f9ec4d199a0 .param/l "FDA_FEEDBACK" 0 2 2507, C4<0000>;
P_0x7f9ec4d199e0 .param/l "FDA_RELATIVE" 0 2 2508, C4<0000>;
P_0x7f9ec4d19a20 .param/str "FEEDBACK_PATH" 0 2 2503, "SIMPLE";
P_0x7f9ec4d19a60 .param/l "FILTER_RANGE" 0 2 2513, C4<000>;
P_0x7f9ec4d19aa0 .param/str "PLLOUT_SELECT_PORTB" 0 2 2509, "GENCLK";
P_0x7f9ec4d19ae0 .param/l "SHIFTREG_DIV_MODE" 0 2 2506, C4<0>;
P_0x7f9ec4d19b20 .param/l "TEST_MODE" 0 2 2516, C4<0>;
o0x7f9ec4f4dac8 .functor BUFZ 1, C4<z>; HiZ drive
v0x7f9ec61612a0_0 .net "BYPASS", 0 0, o0x7f9ec4f4dac8;  0 drivers
o0x7f9ec4f4daf8 .functor BUFZ 8, C4<zzzzzzzz>; HiZ drive
v0x7f9ec6161330_0 .net "DYNAMICDELAY", 7 0, o0x7f9ec4f4daf8;  0 drivers
o0x7f9ec4f4db28 .functor BUFZ 1, C4<z>; HiZ drive
v0x7f9ec61613c0_0 .net "EXTFEEDBACK", 0 0, o0x7f9ec4f4db28;  0 drivers
o0x7f9ec4f4db58 .functor BUFZ 1, C4<z>; HiZ drive
v0x7f9ec6161450_0 .net "LATCHINPUTVALUE", 0 0, o0x7f9ec4f4db58;  0 drivers
o0x7f9ec4f4db88 .functor BUFZ 1, C4<z>; HiZ drive
v0x7f9ec61614e0_0 .net "LOCK", 0 0, o0x7f9ec4f4db88;  0 drivers
o0x7f9ec4f4dbb8 .functor BUFZ 1, C4<z>; HiZ drive
v0x7f9ec6161580_0 .net "PACKAGEPIN", 0 0, o0x7f9ec4f4dbb8;  0 drivers
o0x7f9ec4f4dbe8 .functor BUFZ 1, C4<z>; HiZ drive
v0x7f9ec6161620_0 .net "PLLOUTCOREA", 0 0, o0x7f9ec4f4dbe8;  0 drivers
o0x7f9ec4f4dc18 .functor BUFZ 1, C4<z>; HiZ drive
v0x7f9ec61616c0_0 .net "PLLOUTCOREB", 0 0, o0x7f9ec4f4dc18;  0 drivers
o0x7f9ec4f4dc48 .functor BUFZ 1, C4<z>; HiZ drive
v0x7f9ec6161760_0 .net "PLLOUTGLOBALA", 0 0, o0x7f9ec4f4dc48;  0 drivers
o0x7f9ec4f4dc78 .functor BUFZ 1, C4<z>; HiZ drive
v0x7f9ec6161870_0 .net "PLLOUTGLOBALB", 0 0, o0x7f9ec4f4dc78;  0 drivers
o0x7f9ec4f4dca8 .functor BUFZ 1, C4<z>; HiZ drive
v0x7f9ec6161900_0 .net "RESETB", 0 0, o0x7f9ec4f4dca8;  0 drivers
o0x7f9ec4f4dcd8 .functor BUFZ 1, C4<z>; HiZ drive
v0x7f9ec61619a0_0 .net "SCLK", 0 0, o0x7f9ec4f4dcd8;  0 drivers
o0x7f9ec4f4dd08 .functor BUFZ 1, C4<z>; HiZ drive
v0x7f9ec6161a40_0 .net "SDI", 0 0, o0x7f9ec4f4dd08;  0 drivers
o0x7f9ec4f4dd38 .functor BUFZ 1, C4<z>; HiZ drive
v0x7f9ec6161ae0_0 .net "SDO", 0 0, o0x7f9ec4f4dd38;  0 drivers
S_0x7f9ec4debad0 .scope module, "SB_PLL40_CORE" "SB_PLL40_CORE" 2 2425;
 .timescale -12 -12;
    .port_info 0 /INPUT 1 "REFERENCECLK";
    .port_info 1 /OUTPUT 1 "PLLOUTCORE";
    .port_info 2 /OUTPUT 1 "PLLOUTGLOBAL";
    .port_info 3 /INPUT 1 "EXTFEEDBACK";
    .port_info 4 /INPUT 8 "DYNAMICDELAY";
    .port_info 5 /OUTPUT 1 "LOCK";
    .port_info 6 /INPUT 1 "BYPASS";
    .port_info 7 /INPUT 1 "RESETB";
    .port_info 8 /INPUT 1 "LATCHINPUTVALUE";
    .port_info 9 /OUTPUT 1 "SDO";
    .port_info 10 /INPUT 1 "SDI";
    .port_info 11 /INPUT 1 "SCLK";
P_0x7f9ec61330c0 .param/str "DELAY_ADJUSTMENT_MODE_FEEDBACK" 0 2 2440, "FIXED";
P_0x7f9ec6133100 .param/str "DELAY_ADJUSTMENT_MODE_RELATIVE" 0 2 2441, "FIXED";
P_0x7f9ec6133140 .param/l "DIVF" 0 2 2447, C4<0000000>;
P_0x7f9ec6133180 .param/l "DIVQ" 0 2 2448, C4<000>;
P_0x7f9ec61331c0 .param/l "DIVR" 0 2 2446, C4<0000>;
P_0x7f9ec6133200 .param/l "ENABLE_ICEGATE" 0 2 2450, C4<0>;
P_0x7f9ec6133240 .param/l "EXTERNAL_DIVIDE_FACTOR" 0 2 2452, +C4<00000000000000000000000000000001>;
P_0x7f9ec6133280 .param/l "FDA_FEEDBACK" 0 2 2443, C4<0000>;
P_0x7f9ec61332c0 .param/l "FDA_RELATIVE" 0 2 2444, C4<0000>;
P_0x7f9ec6133300 .param/str "FEEDBACK_PATH" 0 2 2439, "SIMPLE";
P_0x7f9ec6133340 .param/l "FILTER_RANGE" 0 2 2449, C4<000>;
P_0x7f9ec6133380 .param/str "PLLOUT_SELECT" 0 2 2445, "GENCLK";
P_0x7f9ec61333c0 .param/l "SHIFTREG_DIV_MODE" 0 2 2442, C4<0>;
P_0x7f9ec6133400 .param/l "TEST_MODE" 0 2 2451, C4<0>;
o0x7f9ec4f4e008 .functor BUFZ 1, C4<z>; HiZ drive
v0x7f9ec6161cd0_0 .net "BYPASS", 0 0, o0x7f9ec4f4e008;  0 drivers
o0x7f9ec4f4e038 .functor BUFZ 8, C4<zzzzzzzz>; HiZ drive
v0x7f9ec6161d60_0 .net "DYNAMICDELAY", 7 0, o0x7f9ec4f4e038;  0 drivers
o0x7f9ec4f4e068 .functor BUFZ 1, C4<z>; HiZ drive
v0x7f9ec6161df0_0 .net "EXTFEEDBACK", 0 0, o0x7f9ec4f4e068;  0 drivers
o0x7f9ec4f4e098 .functor BUFZ 1, C4<z>; HiZ drive
v0x7f9ec6161e80_0 .net "LATCHINPUTVALUE", 0 0, o0x7f9ec4f4e098;  0 drivers
o0x7f9ec4f4e0c8 .functor BUFZ 1, C4<z>; HiZ drive
v0x7f9ec6161f10_0 .net "LOCK", 0 0, o0x7f9ec4f4e0c8;  0 drivers
o0x7f9ec4f4e0f8 .functor BUFZ 1, C4<z>; HiZ drive
v0x7f9ec6161fb0_0 .net "PLLOUTCORE", 0 0, o0x7f9ec4f4e0f8;  0 drivers
o0x7f9ec4f4e128 .functor BUFZ 1, C4<z>; HiZ drive
v0x7f9ec6162050_0 .net "PLLOUTGLOBAL", 0 0, o0x7f9ec4f4e128;  0 drivers
o0x7f9ec4f4e158 .functor BUFZ 1, C4<z>; HiZ drive
v0x7f9ec61620f0_0 .net "REFERENCECLK", 0 0, o0x7f9ec4f4e158;  0 drivers
o0x7f9ec4f4e188 .functor BUFZ 1, C4<z>; HiZ drive
v0x7f9ec6162190_0 .net "RESETB", 0 0, o0x7f9ec4f4e188;  0 drivers
o0x7f9ec4f4e1b8 .functor BUFZ 1, C4<z>; HiZ drive
v0x7f9ec61622a0_0 .net "SCLK", 0 0, o0x7f9ec4f4e1b8;  0 drivers
o0x7f9ec4f4e1e8 .functor BUFZ 1, C4<z>; HiZ drive
v0x7f9ec6162330_0 .net "SDI", 0 0, o0x7f9ec4f4e1e8;  0 drivers
o0x7f9ec4f4e218 .functor BUFZ 1, C4<z>; HiZ drive
v0x7f9ec61623d0_0 .net "SDO", 0 0, o0x7f9ec4f4e218;  0 drivers
S_0x7f9ec4df7e30 .scope module, "SB_PLL40_PAD" "SB_PLL40_PAD" 2 2456;
 .timescale -12 -12;
    .port_info 0 /INPUT 1 "PACKAGEPIN";
    .port_info 1 /OUTPUT 1 "PLLOUTCORE";
    .port_info 2 /OUTPUT 1 "PLLOUTGLOBAL";
    .port_info 3 /INPUT 1 "EXTFEEDBACK";
    .port_info 4 /INPUT 8 "DYNAMICDELAY";
    .port_info 5 /OUTPUT 1 "LOCK";
    .port_info 6 /INPUT 1 "BYPASS";
    .port_info 7 /INPUT 1 "RESETB";
    .port_info 8 /INPUT 1 "LATCHINPUTVALUE";
    .port_info 9 /OUTPUT 1 "SDO";
    .port_info 10 /INPUT 1 "SDI";
    .port_info 11 /INPUT 1 "SCLK";
P_0x7f9ec6133440 .param/str "DELAY_ADJUSTMENT_MODE_FEEDBACK" 0 2 2471, "FIXED";
P_0x7f9ec6133480 .param/str "DELAY_ADJUSTMENT_MODE_RELATIVE" 0 2 2472, "FIXED";
P_0x7f9ec61334c0 .param/l "DIVF" 0 2 2478, C4<0000000>;
P_0x7f9ec6133500 .param/l "DIVQ" 0 2 2479, C4<000>;
P_0x7f9ec6133540 .param/l "DIVR" 0 2 2477, C4<0000>;
P_0x7f9ec6133580 .param/l "ENABLE_ICEGATE" 0 2 2481, C4<0>;
P_0x7f9ec61335c0 .param/l "EXTERNAL_DIVIDE_FACTOR" 0 2 2483, +C4<00000000000000000000000000000001>;
P_0x7f9ec6133600 .param/l "FDA_FEEDBACK" 0 2 2474, C4<0000>;
P_0x7f9ec6133640 .param/l "FDA_RELATIVE" 0 2 2475, C4<0000>;
P_0x7f9ec6133680 .param/str "FEEDBACK_PATH" 0 2 2470, "SIMPLE";
P_0x7f9ec61336c0 .param/l "FILTER_RANGE" 0 2 2480, C4<000>;
P_0x7f9ec6133700 .param/str "PLLOUT_SELECT" 0 2 2476, "GENCLK";
P_0x7f9ec6133740 .param/l "SHIFTREG_DIV_MODE" 0 2 2473, C4<0>;
P_0x7f9ec6133780 .param/l "TEST_MODE" 0 2 2482, C4<0>;
o0x7f9ec4f4e488 .functor BUFZ 1, C4<z>; HiZ drive
v0x7f9ec6162590_0 .net "BYPASS", 0 0, o0x7f9ec4f4e488;  0 drivers
o0x7f9ec4f4e4b8 .functor BUFZ 8, C4<zzzzzzzz>; HiZ drive
v0x7f9ec6162620_0 .net "DYNAMICDELAY", 7 0, o0x7f9ec4f4e4b8;  0 drivers
o0x7f9ec4f4e4e8 .functor BUFZ 1, C4<z>; HiZ drive
v0x7f9ec61626b0_0 .net "EXTFEEDBACK", 0 0, o0x7f9ec4f4e4e8;  0 drivers
o0x7f9ec4f4e518 .functor BUFZ 1, C4<z>; HiZ drive
v0x7f9ec6162740_0 .net "LATCHINPUTVALUE", 0 0, o0x7f9ec4f4e518;  0 drivers
o0x7f9ec4f4e548 .functor BUFZ 1, C4<z>; HiZ drive
v0x7f9ec61627d0_0 .net "LOCK", 0 0, o0x7f9ec4f4e548;  0 drivers
o0x7f9ec4f4e578 .functor BUFZ 1, C4<z>; HiZ drive
v0x7f9ec61628a0_0 .net "PACKAGEPIN", 0 0, o0x7f9ec4f4e578;  0 drivers
o0x7f9ec4f4e5a8 .functor BUFZ 1, C4<z>; HiZ drive
v0x7f9ec6162930_0 .net "PLLOUTCORE", 0 0, o0x7f9ec4f4e5a8;  0 drivers
o0x7f9ec4f4e5d8 .functor BUFZ 1, C4<z>; HiZ drive
v0x7f9ec61629c0_0 .net "PLLOUTGLOBAL", 0 0, o0x7f9ec4f4e5d8;  0 drivers
o0x7f9ec4f4e608 .functor BUFZ 1, C4<z>; HiZ drive
v0x7f9ec6162a60_0 .net "RESETB", 0 0, o0x7f9ec4f4e608;  0 drivers
o0x7f9ec4f4e638 .functor BUFZ 1, C4<z>; HiZ drive
v0x7f9ec6162b70_0 .net "SCLK", 0 0, o0x7f9ec4f4e638;  0 drivers
o0x7f9ec4f4e668 .functor BUFZ 1, C4<z>; HiZ drive
v0x7f9ec6162c00_0 .net "SDI", 0 0, o0x7f9ec4f4e668;  0 drivers
o0x7f9ec4f4e698 .functor BUFZ 1, C4<z>; HiZ drive
v0x7f9ec6162ca0_0 .net "SDO", 0 0, o0x7f9ec4f4e698;  0 drivers
S_0x7f9ec4dec150 .scope module, "SB_RAM40_4KNR" "SB_RAM40_4KNR" 2 1726;
 .timescale -12 -12;
    .port_info 0 /OUTPUT 16 "RDATA";
    .port_info 1 /INPUT 1 "RCLKN";
    .port_info 2 /INPUT 1 "RCLKE";
    .port_info 3 /INPUT 1 "RE";
    .port_info 4 /INPUT 11 "RADDR";
    .port_info 5 /INPUT 1 "WCLK";
    .port_info 6 /INPUT 1 "WCLKE";
    .port_info 7 /INPUT 1 "WE";
    .port_info 8 /INPUT 11 "WADDR";
    .port_info 9 /INPUT 16 "MASK";
    .port_info 10 /INPUT 16 "WDATA";
P_0x7f9ec583e400 .param/l "INIT_0" 0 2 1742, C4<0000000000000000000000000000000000000000000000000000000000000000000000000000000000000000000000000000000000000000000000000000000000000000000000000000000000000000000000000000000000000000000000000000000000000000000000000000000000000000000000000000000000000000>;
P_0x7f9ec583e440 .param/l "INIT_1" 0 2 1743, C4<0000000000000000000000000000000000000000000000000000000000000000000000000000000000000000000000000000000000000000000000000000000000000000000000000000000000000000000000000000000000000000000000000000000000000000000000000000000000000000000000000000000000000000>;
P_0x7f9ec583e480 .param/l "INIT_2" 0 2 1744, C4<0000000000000000000000000000000000000000000000000000000000000000000000000000000000000000000000000000000000000000000000000000000000000000000000000000000000000000000000000000000000000000000000000000000000000000000000000000000000000000000000000000000000000000>;
P_0x7f9ec583e4c0 .param/l "INIT_3" 0 2 1745, C4<0000000000000000000000000000000000000000000000000000000000000000000000000000000000000000000000000000000000000000000000000000000000000000000000000000000000000000000000000000000000000000000000000000000000000000000000000000000000000000000000000000000000000000>;
P_0x7f9ec583e500 .param/l "INIT_4" 0 2 1746, C4<0000000000000000000000000000000000000000000000000000000000000000000000000000000000000000000000000000000000000000000000000000000000000000000000000000000000000000000000000000000000000000000000000000000000000000000000000000000000000000000000000000000000000000>;
P_0x7f9ec583e540 .param/l "INIT_5" 0 2 1747, C4<0000000000000000000000000000000000000000000000000000000000000000000000000000000000000000000000000000000000000000000000000000000000000000000000000000000000000000000000000000000000000000000000000000000000000000000000000000000000000000000000000000000000000000>;
P_0x7f9ec583e580 .param/l "INIT_6" 0 2 1748, C4<0000000000000000000000000000000000000000000000000000000000000000000000000000000000000000000000000000000000000000000000000000000000000000000000000000000000000000000000000000000000000000000000000000000000000000000000000000000000000000000000000000000000000000>;
P_0x7f9ec583e5c0 .param/l "INIT_7" 0 2 1749, C4<0000000000000000000000000000000000000000000000000000000000000000000000000000000000000000000000000000000000000000000000000000000000000000000000000000000000000000000000000000000000000000000000000000000000000000000000000000000000000000000000000000000000000000>;
P_0x7f9ec583e600 .param/l "INIT_8" 0 2 1750, C4<0000000000000000000000000000000000000000000000000000000000000000000000000000000000000000000000000000000000000000000000000000000000000000000000000000000000000000000000000000000000000000000000000000000000000000000000000000000000000000000000000000000000000000>;
P_0x7f9ec583e640 .param/l "INIT_9" 0 2 1751, C4<0000000000000000000000000000000000000000000000000000000000000000000000000000000000000000000000000000000000000000000000000000000000000000000000000000000000000000000000000000000000000000000000000000000000000000000000000000000000000000000000000000000000000000>;
P_0x7f9ec583e680 .param/l "INIT_A" 0 2 1752, C4<0000000000000000000000000000000000000000000000000000000000000000000000000000000000000000000000000000000000000000000000000000000000000000000000000000000000000000000000000000000000000000000000000000000000000000000000000000000000000000000000000000000000000000>;
P_0x7f9ec583e6c0 .param/l "INIT_B" 0 2 1753, C4<0000000000000000000000000000000000000000000000000000000000000000000000000000000000000000000000000000000000000000000000000000000000000000000000000000000000000000000000000000000000000000000000000000000000000000000000000000000000000000000000000000000000000000>;
P_0x7f9ec583e700 .param/l "INIT_C" 0 2 1754, C4<0000000000000000000000000000000000000000000000000000000000000000000000000000000000000000000000000000000000000000000000000000000000000000000000000000000000000000000000000000000000000000000000000000000000000000000000000000000000000000000000000000000000000000>;
P_0x7f9ec583e740 .param/l "INIT_D" 0 2 1755, C4<0000000000000000000000000000000000000000000000000000000000000000000000000000000000000000000000000000000000000000000000000000000000000000000000000000000000000000000000000000000000000000000000000000000000000000000000000000000000000000000000000000000000000000>;
P_0x7f9ec583e780 .param/l "INIT_E" 0 2 1756, C4<0000000000000000000000000000000000000000000000000000000000000000000000000000000000000000000000000000000000000000000000000000000000000000000000000000000000000000000000000000000000000000000000000000000000000000000000000000000000000000000000000000000000000000>;
P_0x7f9ec583e7c0 .param/l "INIT_F" 0 2 1757, C4<0000000000000000000000000000000000000000000000000000000000000000000000000000000000000000000000000000000000000000000000000000000000000000000000000000000000000000000000000000000000000000000000000000000000000000000000000000000000000000000000000000000000000000>;
P_0x7f9ec583e800 .param/str "INIT_FILE" 0 2 1759, "\000";
P_0x7f9ec583e840 .param/l "READ_MODE" 0 2 1740, +C4<00000000000000000000000000000000>;
P_0x7f9ec583e880 .param/l "WRITE_MODE" 0 2 1739, +C4<00000000000000000000000000000000>;
o0x7f9ec4f4ee18 .functor BUFZ 1, C4<z>; HiZ drive
L_0x7f9ec4c07b40 .functor NOT 1, o0x7f9ec4f4ee18, C4<0>, C4<0>, C4<0>;
o0x7f9ec4f4e908 .functor BUFZ 16, C4<zzzzzzzzzzzzzzzz>; HiZ drive
v0x7f9ec6165c00_0 .net "MASK", 15 0, o0x7f9ec4f4e908;  0 drivers
o0x7f9ec4f4e938 .functor BUFZ 11, C4<zzzzzzzzzzz>; HiZ drive
v0x7f9ec6165c90_0 .net "RADDR", 10 0, o0x7f9ec4f4e938;  0 drivers
o0x7f9ec4f4e998 .functor BUFZ 1, C4<z>; HiZ drive
v0x7f9ec6165d20_0 .net "RCLKE", 0 0, o0x7f9ec4f4e998;  0 drivers
v0x7f9ec6165db0_0 .net "RCLKN", 0 0, o0x7f9ec4f4ee18;  0 drivers
v0x7f9ec6165e40_0 .net "RDATA", 15 0, L_0x7f9ec4c07a50;  1 drivers
o0x7f9ec4f4ea28 .functor BUFZ 1, C4<z>; HiZ drive
v0x7f9ec6165ed0_0 .net "RE", 0 0, o0x7f9ec4f4ea28;  0 drivers
o0x7f9ec4f4ea88 .functor BUFZ 11, C4<zzzzzzzzzzz>; HiZ drive
v0x7f9ec6165f80_0 .net "WADDR", 10 0, o0x7f9ec4f4ea88;  0 drivers
o0x7f9ec4f4eab8 .functor BUFZ 1, C4<z>; HiZ drive
v0x7f9ec6166030_0 .net "WCLK", 0 0, o0x7f9ec4f4eab8;  0 drivers
o0x7f9ec4f4eae8 .functor BUFZ 1, C4<z>; HiZ drive
v0x7f9ec61660e0_0 .net "WCLKE", 0 0, o0x7f9ec4f4eae8;  0 drivers
o0x7f9ec4f4eb18 .functor BUFZ 16, C4<zzzzzzzzzzzzzzzz>; HiZ drive
v0x7f9ec6166210_0 .net "WDATA", 15 0, o0x7f9ec4f4eb18;  0 drivers
o0x7f9ec4f4eb78 .functor BUFZ 1, C4<z>; HiZ drive
v0x7f9ec61662a0_0 .net "WE", 0 0, o0x7f9ec4f4eb78;  0 drivers
S_0x7f9ec6162e60 .scope module, "RAM" "SB_RAM40_4K" 2 1781, 2 1487 0, S_0x7f9ec4dec150;
 .timescale -12 -12;
    .port_info 0 /OUTPUT 16 "RDATA";
    .port_info 1 /INPUT 1 "RCLK";
    .port_info 2 /INPUT 1 "RCLKE";
    .port_info 3 /INPUT 1 "RE";
    .port_info 4 /INPUT 11 "RADDR";
    .port_info 5 /INPUT 1 "WCLK";
    .port_info 6 /INPUT 1 "WCLKE";
    .port_info 7 /INPUT 1 "WE";
    .port_info 8 /INPUT 11 "WADDR";
    .port_info 9 /INPUT 16 "MASK";
    .port_info 10 /INPUT 16 "WDATA";
P_0x7f9ec5841600 .param/l "INIT_0" 0 2 1507, C4<0000000000000000000000000000000000000000000000000000000000000000000000000000000000000000000000000000000000000000000000000000000000000000000000000000000000000000000000000000000000000000000000000000000000000000000000000000000000000000000000000000000000000000>;
P_0x7f9ec5841640 .param/l "INIT_1" 0 2 1508, C4<0000000000000000000000000000000000000000000000000000000000000000000000000000000000000000000000000000000000000000000000000000000000000000000000000000000000000000000000000000000000000000000000000000000000000000000000000000000000000000000000000000000000000000>;
P_0x7f9ec5841680 .param/l "INIT_2" 0 2 1509, C4<0000000000000000000000000000000000000000000000000000000000000000000000000000000000000000000000000000000000000000000000000000000000000000000000000000000000000000000000000000000000000000000000000000000000000000000000000000000000000000000000000000000000000000>;
P_0x7f9ec58416c0 .param/l "INIT_3" 0 2 1510, C4<0000000000000000000000000000000000000000000000000000000000000000000000000000000000000000000000000000000000000000000000000000000000000000000000000000000000000000000000000000000000000000000000000000000000000000000000000000000000000000000000000000000000000000>;
P_0x7f9ec5841700 .param/l "INIT_4" 0 2 1511, C4<0000000000000000000000000000000000000000000000000000000000000000000000000000000000000000000000000000000000000000000000000000000000000000000000000000000000000000000000000000000000000000000000000000000000000000000000000000000000000000000000000000000000000000>;
P_0x7f9ec5841740 .param/l "INIT_5" 0 2 1512, C4<0000000000000000000000000000000000000000000000000000000000000000000000000000000000000000000000000000000000000000000000000000000000000000000000000000000000000000000000000000000000000000000000000000000000000000000000000000000000000000000000000000000000000000>;
P_0x7f9ec5841780 .param/l "INIT_6" 0 2 1513, C4<0000000000000000000000000000000000000000000000000000000000000000000000000000000000000000000000000000000000000000000000000000000000000000000000000000000000000000000000000000000000000000000000000000000000000000000000000000000000000000000000000000000000000000>;
P_0x7f9ec58417c0 .param/l "INIT_7" 0 2 1514, C4<0000000000000000000000000000000000000000000000000000000000000000000000000000000000000000000000000000000000000000000000000000000000000000000000000000000000000000000000000000000000000000000000000000000000000000000000000000000000000000000000000000000000000000>;
P_0x7f9ec5841800 .param/l "INIT_8" 0 2 1515, C4<0000000000000000000000000000000000000000000000000000000000000000000000000000000000000000000000000000000000000000000000000000000000000000000000000000000000000000000000000000000000000000000000000000000000000000000000000000000000000000000000000000000000000000>;
P_0x7f9ec5841840 .param/l "INIT_9" 0 2 1516, C4<0000000000000000000000000000000000000000000000000000000000000000000000000000000000000000000000000000000000000000000000000000000000000000000000000000000000000000000000000000000000000000000000000000000000000000000000000000000000000000000000000000000000000000>;
P_0x7f9ec5841880 .param/l "INIT_A" 0 2 1517, C4<0000000000000000000000000000000000000000000000000000000000000000000000000000000000000000000000000000000000000000000000000000000000000000000000000000000000000000000000000000000000000000000000000000000000000000000000000000000000000000000000000000000000000000>;
P_0x7f9ec58418c0 .param/l "INIT_B" 0 2 1518, C4<0000000000000000000000000000000000000000000000000000000000000000000000000000000000000000000000000000000000000000000000000000000000000000000000000000000000000000000000000000000000000000000000000000000000000000000000000000000000000000000000000000000000000000>;
P_0x7f9ec5841900 .param/l "INIT_C" 0 2 1519, C4<0000000000000000000000000000000000000000000000000000000000000000000000000000000000000000000000000000000000000000000000000000000000000000000000000000000000000000000000000000000000000000000000000000000000000000000000000000000000000000000000000000000000000000>;
P_0x7f9ec5841940 .param/l "INIT_D" 0 2 1520, C4<0000000000000000000000000000000000000000000000000000000000000000000000000000000000000000000000000000000000000000000000000000000000000000000000000000000000000000000000000000000000000000000000000000000000000000000000000000000000000000000000000000000000000000>;
P_0x7f9ec5841980 .param/l "INIT_E" 0 2 1521, C4<0000000000000000000000000000000000000000000000000000000000000000000000000000000000000000000000000000000000000000000000000000000000000000000000000000000000000000000000000000000000000000000000000000000000000000000000000000000000000000000000000000000000000000>;
P_0x7f9ec58419c0 .param/l "INIT_F" 0 2 1522, C4<0000000000000000000000000000000000000000000000000000000000000000000000000000000000000000000000000000000000000000000000000000000000000000000000000000000000000000000000000000000000000000000000000000000000000000000000000000000000000000000000000000000000000000>;
P_0x7f9ec5841a00 .param/str "INIT_FILE" 0 2 1524, "\000";
P_0x7f9ec5841a40 .param/l "READ_MODE" 0 2 1505, +C4<00000000000000000000000000000000>;
P_0x7f9ec5841a80 .param/l "WRITE_MODE" 0 2 1504, +C4<00000000000000000000000000000000>;
v0x7f9ec6164e60_0 .net "MASK", 15 0, o0x7f9ec4f4e908;  alias, 0 drivers
v0x7f9ec6164ef0_0 .net "RADDR", 10 0, o0x7f9ec4f4e938;  alias, 0 drivers
v0x7f9ec6164fa0_0 .net "RCLK", 0 0, L_0x7f9ec4c07b40;  1 drivers
v0x7f9ec6165050_0 .net "RCLKE", 0 0, o0x7f9ec4f4e998;  alias, 0 drivers
v0x7f9ec61650f0_0 .net "RDATA", 15 0, L_0x7f9ec4c07a50;  alias, 1 drivers
v0x7f9ec61651e0_0 .var "RDATA_I", 15 0;
v0x7f9ec6165290_0 .net "RE", 0 0, o0x7f9ec4f4ea28;  alias, 0 drivers
L_0x7f9ec4f73b00 .functor BUFT 1, C4<0000000000000000>, C4<0>, C4<0>, C4<0>;
v0x7f9ec6165330_0 .net "RMASK_I", 15 0, L_0x7f9ec4f73b00;  1 drivers
v0x7f9ec61653e0_0 .net "WADDR", 10 0, o0x7f9ec4f4ea88;  alias, 0 drivers
v0x7f9ec61654f0_0 .net "WCLK", 0 0, o0x7f9ec4f4eab8;  alias, 0 drivers
v0x7f9ec6165590_0 .net "WCLKE", 0 0, o0x7f9ec4f4eae8;  alias, 0 drivers
v0x7f9ec6165630_0 .net "WDATA", 15 0, o0x7f9ec4f4eb18;  alias, 0 drivers
v0x7f9ec61656e0_0 .net "WDATA_I", 15 0, L_0x7f9ec4c07960;  1 drivers
v0x7f9ec6165790_0 .net "WE", 0 0, o0x7f9ec4f4eb78;  alias, 0 drivers
v0x7f9ec6165830_0 .net "WMASK_I", 15 0, L_0x7f9ec4c07080;  1 drivers
v0x7f9ec61658e0_0 .var/i "i", 31 0;
v0x7f9ec6165990 .array "memory", 255 0, 15 0;
E_0x7f9ec61646e0 .event posedge, v0x7f9ec6164fa0_0;
E_0x7f9ec6164740 .event posedge, v0x7f9ec61654f0_0;
S_0x7f9ec6164790 .scope generate, "genblk1" "genblk1" 2 1534, 2 1534 0, S_0x7f9ec6162e60;
 .timescale -12 -12;
L_0x7f9ec4c07080 .functor BUFZ 16, o0x7f9ec4f4e908, C4<0000000000000000>, C4<0000000000000000>, C4<0000000000000000>;
S_0x7f9ec6164960 .scope generate, "genblk2" "genblk2" 2 1555, 2 1555 0, S_0x7f9ec6162e60;
 .timescale -12 -12;
S_0x7f9ec6164b30 .scope generate, "genblk3" "genblk3" 2 1576, 2 1576 0, S_0x7f9ec6162e60;
 .timescale -12 -12;
L_0x7f9ec4c07960 .functor BUFZ 16, o0x7f9ec4f4eb18, C4<0000000000000000>, C4<0000000000000000>, C4<0000000000000000>;
S_0x7f9ec6164ca0 .scope generate, "genblk4" "genblk4" 2 1595, 2 1595 0, S_0x7f9ec6162e60;
 .timescale -12 -12;
L_0x7f9ec4c07a50 .functor BUFZ 16, v0x7f9ec61651e0_0, C4<0000000000000000>, C4<0000000000000000>, C4<0000000000000000>;
S_0x7f9ec4de0aa0 .scope module, "SB_RAM40_4KNRNW" "SB_RAM40_4KNRNW" 2 1998;
 .timescale -12 -12;
    .port_info 0 /OUTPUT 16 "RDATA";
    .port_info 1 /INPUT 1 "RCLKN";
    .port_info 2 /INPUT 1 "RCLKE";
    .port_info 3 /INPUT 1 "RE";
    .port_info 4 /INPUT 11 "RADDR";
    .port_info 5 /INPUT 1 "WCLKN";
    .port_info 6 /INPUT 1 "WCLKE";
    .port_info 7 /INPUT 1 "WE";
    .port_info 8 /INPUT 11 "WADDR";
    .port_info 9 /INPUT 16 "MASK";
    .port_info 10 /INPUT 16 "WDATA";
P_0x7f9ec583ee00 .param/l "INIT_0" 0 2 2014, C4<0000000000000000000000000000000000000000000000000000000000000000000000000000000000000000000000000000000000000000000000000000000000000000000000000000000000000000000000000000000000000000000000000000000000000000000000000000000000000000000000000000000000000000>;
P_0x7f9ec583ee40 .param/l "INIT_1" 0 2 2015, C4<0000000000000000000000000000000000000000000000000000000000000000000000000000000000000000000000000000000000000000000000000000000000000000000000000000000000000000000000000000000000000000000000000000000000000000000000000000000000000000000000000000000000000000>;
P_0x7f9ec583ee80 .param/l "INIT_2" 0 2 2016, C4<0000000000000000000000000000000000000000000000000000000000000000000000000000000000000000000000000000000000000000000000000000000000000000000000000000000000000000000000000000000000000000000000000000000000000000000000000000000000000000000000000000000000000000>;
P_0x7f9ec583eec0 .param/l "INIT_3" 0 2 2017, C4<0000000000000000000000000000000000000000000000000000000000000000000000000000000000000000000000000000000000000000000000000000000000000000000000000000000000000000000000000000000000000000000000000000000000000000000000000000000000000000000000000000000000000000>;
P_0x7f9ec583ef00 .param/l "INIT_4" 0 2 2018, C4<0000000000000000000000000000000000000000000000000000000000000000000000000000000000000000000000000000000000000000000000000000000000000000000000000000000000000000000000000000000000000000000000000000000000000000000000000000000000000000000000000000000000000000>;
P_0x7f9ec583ef40 .param/l "INIT_5" 0 2 2019, C4<0000000000000000000000000000000000000000000000000000000000000000000000000000000000000000000000000000000000000000000000000000000000000000000000000000000000000000000000000000000000000000000000000000000000000000000000000000000000000000000000000000000000000000>;
P_0x7f9ec583ef80 .param/l "INIT_6" 0 2 2020, C4<0000000000000000000000000000000000000000000000000000000000000000000000000000000000000000000000000000000000000000000000000000000000000000000000000000000000000000000000000000000000000000000000000000000000000000000000000000000000000000000000000000000000000000>;
P_0x7f9ec583efc0 .param/l "INIT_7" 0 2 2021, C4<0000000000000000000000000000000000000000000000000000000000000000000000000000000000000000000000000000000000000000000000000000000000000000000000000000000000000000000000000000000000000000000000000000000000000000000000000000000000000000000000000000000000000000>;
P_0x7f9ec583f000 .param/l "INIT_8" 0 2 2022, C4<0000000000000000000000000000000000000000000000000000000000000000000000000000000000000000000000000000000000000000000000000000000000000000000000000000000000000000000000000000000000000000000000000000000000000000000000000000000000000000000000000000000000000000>;
P_0x7f9ec583f040 .param/l "INIT_9" 0 2 2023, C4<0000000000000000000000000000000000000000000000000000000000000000000000000000000000000000000000000000000000000000000000000000000000000000000000000000000000000000000000000000000000000000000000000000000000000000000000000000000000000000000000000000000000000000>;
P_0x7f9ec583f080 .param/l "INIT_A" 0 2 2024, C4<0000000000000000000000000000000000000000000000000000000000000000000000000000000000000000000000000000000000000000000000000000000000000000000000000000000000000000000000000000000000000000000000000000000000000000000000000000000000000000000000000000000000000000>;
P_0x7f9ec583f0c0 .param/l "INIT_B" 0 2 2025, C4<0000000000000000000000000000000000000000000000000000000000000000000000000000000000000000000000000000000000000000000000000000000000000000000000000000000000000000000000000000000000000000000000000000000000000000000000000000000000000000000000000000000000000000>;
P_0x7f9ec583f100 .param/l "INIT_C" 0 2 2026, C4<0000000000000000000000000000000000000000000000000000000000000000000000000000000000000000000000000000000000000000000000000000000000000000000000000000000000000000000000000000000000000000000000000000000000000000000000000000000000000000000000000000000000000000>;
P_0x7f9ec583f140 .param/l "INIT_D" 0 2 2027, C4<0000000000000000000000000000000000000000000000000000000000000000000000000000000000000000000000000000000000000000000000000000000000000000000000000000000000000000000000000000000000000000000000000000000000000000000000000000000000000000000000000000000000000000>;
P_0x7f9ec583f180 .param/l "INIT_E" 0 2 2028, C4<0000000000000000000000000000000000000000000000000000000000000000000000000000000000000000000000000000000000000000000000000000000000000000000000000000000000000000000000000000000000000000000000000000000000000000000000000000000000000000000000000000000000000000>;
P_0x7f9ec583f1c0 .param/l "INIT_F" 0 2 2029, C4<0000000000000000000000000000000000000000000000000000000000000000000000000000000000000000000000000000000000000000000000000000000000000000000000000000000000000000000000000000000000000000000000000000000000000000000000000000000000000000000000000000000000000000>;
P_0x7f9ec583f200 .param/str "INIT_FILE" 0 2 2031, "\000";
P_0x7f9ec583f240 .param/l "READ_MODE" 0 2 2012, +C4<00000000000000000000000000000000>;
P_0x7f9ec583f280 .param/l "WRITE_MODE" 0 2 2011, +C4<00000000000000000000000000000000>;
o0x7f9ec4f4f568 .functor BUFZ 1, C4<z>; HiZ drive
L_0x7f9ec4c07f00 .functor NOT 1, o0x7f9ec4f4f568, C4<0>, C4<0>, C4<0>;
o0x7f9ec4f4f598 .functor BUFZ 1, C4<z>; HiZ drive
L_0x7f9ec4c07fd0 .functor NOT 1, o0x7f9ec4f4f598, C4<0>, C4<0>, C4<0>;
o0x7f9ec4f4f058 .functor BUFZ 16, C4<zzzzzzzzzzzzzzzz>; HiZ drive
v0x7f9ec61691c0_0 .net "MASK", 15 0, o0x7f9ec4f4f058;  0 drivers
o0x7f9ec4f4f088 .functor BUFZ 11, C4<zzzzzzzzzzz>; HiZ drive
v0x7f9ec6169250_0 .net "RADDR", 10 0, o0x7f9ec4f4f088;  0 drivers
o0x7f9ec4f4f0e8 .functor BUFZ 1, C4<z>; HiZ drive
v0x7f9ec61692e0_0 .net "RCLKE", 0 0, o0x7f9ec4f4f0e8;  0 drivers
v0x7f9ec6169370_0 .net "RCLKN", 0 0, o0x7f9ec4f4f568;  0 drivers
v0x7f9ec6169400_0 .net "RDATA", 15 0, L_0x7f9ec4c07e10;  1 drivers
o0x7f9ec4f4f178 .functor BUFZ 1, C4<z>; HiZ drive
v0x7f9ec6169490_0 .net "RE", 0 0, o0x7f9ec4f4f178;  0 drivers
o0x7f9ec4f4f1d8 .functor BUFZ 11, C4<zzzzzzzzzzz>; HiZ drive
v0x7f9ec6169540_0 .net "WADDR", 10 0, o0x7f9ec4f4f1d8;  0 drivers
o0x7f9ec4f4f238 .functor BUFZ 1, C4<z>; HiZ drive
v0x7f9ec61695f0_0 .net "WCLKE", 0 0, o0x7f9ec4f4f238;  0 drivers
v0x7f9ec61696a0_0 .net "WCLKN", 0 0, o0x7f9ec4f4f598;  0 drivers
o0x7f9ec4f4f268 .functor BUFZ 16, C4<zzzzzzzzzzzzzzzz>; HiZ drive
v0x7f9ec61697b0_0 .net "WDATA", 15 0, o0x7f9ec4f4f268;  0 drivers
o0x7f9ec4f4f2c8 .functor BUFZ 1, C4<z>; HiZ drive
v0x7f9ec6169860_0 .net "WE", 0 0, o0x7f9ec4f4f2c8;  0 drivers
S_0x7f9ec61663e0 .scope module, "RAM" "SB_RAM40_4K" 2 2053, 2 1487 0, S_0x7f9ec4de0aa0;
 .timescale -12 -12;
    .port_info 0 /OUTPUT 16 "RDATA";
    .port_info 1 /INPUT 1 "RCLK";
    .port_info 2 /INPUT 1 "RCLKE";
    .port_info 3 /INPUT 1 "RE";
    .port_info 4 /INPUT 11 "RADDR";
    .port_info 5 /INPUT 1 "WCLK";
    .port_info 6 /INPUT 1 "WCLKE";
    .port_info 7 /INPUT 1 "WE";
    .port_info 8 /INPUT 11 "WADDR";
    .port_info 9 /INPUT 16 "MASK";
    .port_info 10 /INPUT 16 "WDATA";
P_0x7f9ec5841c00 .param/l "INIT_0" 0 2 1507, C4<0000000000000000000000000000000000000000000000000000000000000000000000000000000000000000000000000000000000000000000000000000000000000000000000000000000000000000000000000000000000000000000000000000000000000000000000000000000000000000000000000000000000000000>;
P_0x7f9ec5841c40 .param/l "INIT_1" 0 2 1508, C4<0000000000000000000000000000000000000000000000000000000000000000000000000000000000000000000000000000000000000000000000000000000000000000000000000000000000000000000000000000000000000000000000000000000000000000000000000000000000000000000000000000000000000000>;
P_0x7f9ec5841c80 .param/l "INIT_2" 0 2 1509, C4<0000000000000000000000000000000000000000000000000000000000000000000000000000000000000000000000000000000000000000000000000000000000000000000000000000000000000000000000000000000000000000000000000000000000000000000000000000000000000000000000000000000000000000>;
P_0x7f9ec5841cc0 .param/l "INIT_3" 0 2 1510, C4<0000000000000000000000000000000000000000000000000000000000000000000000000000000000000000000000000000000000000000000000000000000000000000000000000000000000000000000000000000000000000000000000000000000000000000000000000000000000000000000000000000000000000000>;
P_0x7f9ec5841d00 .param/l "INIT_4" 0 2 1511, C4<0000000000000000000000000000000000000000000000000000000000000000000000000000000000000000000000000000000000000000000000000000000000000000000000000000000000000000000000000000000000000000000000000000000000000000000000000000000000000000000000000000000000000000>;
P_0x7f9ec5841d40 .param/l "INIT_5" 0 2 1512, C4<0000000000000000000000000000000000000000000000000000000000000000000000000000000000000000000000000000000000000000000000000000000000000000000000000000000000000000000000000000000000000000000000000000000000000000000000000000000000000000000000000000000000000000>;
P_0x7f9ec5841d80 .param/l "INIT_6" 0 2 1513, C4<0000000000000000000000000000000000000000000000000000000000000000000000000000000000000000000000000000000000000000000000000000000000000000000000000000000000000000000000000000000000000000000000000000000000000000000000000000000000000000000000000000000000000000>;
P_0x7f9ec5841dc0 .param/l "INIT_7" 0 2 1514, C4<0000000000000000000000000000000000000000000000000000000000000000000000000000000000000000000000000000000000000000000000000000000000000000000000000000000000000000000000000000000000000000000000000000000000000000000000000000000000000000000000000000000000000000>;
P_0x7f9ec5841e00 .param/l "INIT_8" 0 2 1515, C4<0000000000000000000000000000000000000000000000000000000000000000000000000000000000000000000000000000000000000000000000000000000000000000000000000000000000000000000000000000000000000000000000000000000000000000000000000000000000000000000000000000000000000000>;
P_0x7f9ec5841e40 .param/l "INIT_9" 0 2 1516, C4<0000000000000000000000000000000000000000000000000000000000000000000000000000000000000000000000000000000000000000000000000000000000000000000000000000000000000000000000000000000000000000000000000000000000000000000000000000000000000000000000000000000000000000>;
P_0x7f9ec5841e80 .param/l "INIT_A" 0 2 1517, C4<0000000000000000000000000000000000000000000000000000000000000000000000000000000000000000000000000000000000000000000000000000000000000000000000000000000000000000000000000000000000000000000000000000000000000000000000000000000000000000000000000000000000000000>;
P_0x7f9ec5841ec0 .param/l "INIT_B" 0 2 1518, C4<0000000000000000000000000000000000000000000000000000000000000000000000000000000000000000000000000000000000000000000000000000000000000000000000000000000000000000000000000000000000000000000000000000000000000000000000000000000000000000000000000000000000000000>;
P_0x7f9ec5841f00 .param/l "INIT_C" 0 2 1519, C4<0000000000000000000000000000000000000000000000000000000000000000000000000000000000000000000000000000000000000000000000000000000000000000000000000000000000000000000000000000000000000000000000000000000000000000000000000000000000000000000000000000000000000000>;
P_0x7f9ec5841f40 .param/l "INIT_D" 0 2 1520, C4<0000000000000000000000000000000000000000000000000000000000000000000000000000000000000000000000000000000000000000000000000000000000000000000000000000000000000000000000000000000000000000000000000000000000000000000000000000000000000000000000000000000000000000>;
P_0x7f9ec5841f80 .param/l "INIT_E" 0 2 1521, C4<0000000000000000000000000000000000000000000000000000000000000000000000000000000000000000000000000000000000000000000000000000000000000000000000000000000000000000000000000000000000000000000000000000000000000000000000000000000000000000000000000000000000000000>;
P_0x7f9ec5841fc0 .param/l "INIT_F" 0 2 1522, C4<0000000000000000000000000000000000000000000000000000000000000000000000000000000000000000000000000000000000000000000000000000000000000000000000000000000000000000000000000000000000000000000000000000000000000000000000000000000000000000000000000000000000000000>;
P_0x7f9ec5842000 .param/str "INIT_FILE" 0 2 1524, "\000";
P_0x7f9ec5842040 .param/l "READ_MODE" 0 2 1505, +C4<00000000000000000000000000000000>;
P_0x7f9ec5842080 .param/l "WRITE_MODE" 0 2 1504, +C4<00000000000000000000000000000000>;
v0x7f9ec6168420_0 .net "MASK", 15 0, o0x7f9ec4f4f058;  alias, 0 drivers
v0x7f9ec61684b0_0 .net "RADDR", 10 0, o0x7f9ec4f4f088;  alias, 0 drivers
v0x7f9ec6168560_0 .net "RCLK", 0 0, L_0x7f9ec4c07f00;  1 drivers
v0x7f9ec6168610_0 .net "RCLKE", 0 0, o0x7f9ec4f4f0e8;  alias, 0 drivers
v0x7f9ec61686b0_0 .net "RDATA", 15 0, L_0x7f9ec4c07e10;  alias, 1 drivers
v0x7f9ec61687a0_0 .var "RDATA_I", 15 0;
v0x7f9ec6168850_0 .net "RE", 0 0, o0x7f9ec4f4f178;  alias, 0 drivers
L_0x7f9ec4f73b48 .functor BUFT 1, C4<0000000000000000>, C4<0>, C4<0>, C4<0>;
v0x7f9ec61688f0_0 .net "RMASK_I", 15 0, L_0x7f9ec4f73b48;  1 drivers
v0x7f9ec61689a0_0 .net "WADDR", 10 0, o0x7f9ec4f4f1d8;  alias, 0 drivers
v0x7f9ec6168ab0_0 .net "WCLK", 0 0, L_0x7f9ec4c07fd0;  1 drivers
v0x7f9ec6168b50_0 .net "WCLKE", 0 0, o0x7f9ec4f4f238;  alias, 0 drivers
v0x7f9ec6168bf0_0 .net "WDATA", 15 0, o0x7f9ec4f4f268;  alias, 0 drivers
v0x7f9ec6168ca0_0 .net "WDATA_I", 15 0, L_0x7f9ec4c07d20;  1 drivers
v0x7f9ec6168d50_0 .net "WE", 0 0, o0x7f9ec4f4f2c8;  alias, 0 drivers
v0x7f9ec6168df0_0 .net "WMASK_I", 15 0, L_0x7f9ec4c07c10;  1 drivers
v0x7f9ec6168ea0_0 .var/i "i", 31 0;
v0x7f9ec6168f50 .array "memory", 255 0, 15 0;
E_0x7f9ec6167ca0 .event posedge, v0x7f9ec6168560_0;
E_0x7f9ec6167d00 .event posedge, v0x7f9ec6168ab0_0;
S_0x7f9ec6167d50 .scope generate, "genblk1" "genblk1" 2 1534, 2 1534 0, S_0x7f9ec61663e0;
 .timescale -12 -12;
L_0x7f9ec4c07c10 .functor BUFZ 16, o0x7f9ec4f4f058, C4<0000000000000000>, C4<0000000000000000>, C4<0000000000000000>;
S_0x7f9ec6167f20 .scope generate, "genblk2" "genblk2" 2 1555, 2 1555 0, S_0x7f9ec61663e0;
 .timescale -12 -12;
S_0x7f9ec61680f0 .scope generate, "genblk3" "genblk3" 2 1576, 2 1576 0, S_0x7f9ec61663e0;
 .timescale -12 -12;
L_0x7f9ec4c07d20 .functor BUFZ 16, o0x7f9ec4f4f268, C4<0000000000000000>, C4<0000000000000000>, C4<0000000000000000>;
S_0x7f9ec6168260 .scope generate, "genblk4" "genblk4" 2 1595, 2 1595 0, S_0x7f9ec61663e0;
 .timescale -12 -12;
L_0x7f9ec4c07e10 .functor BUFZ 16, v0x7f9ec61687a0_0, C4<0000000000000000>, C4<0000000000000000>, C4<0000000000000000>;
S_0x7f9ec6133d20 .scope module, "SB_RAM40_4KNW" "SB_RAM40_4KNW" 2 1862;
 .timescale -12 -12;
    .port_info 0 /OUTPUT 16 "RDATA";
    .port_info 1 /INPUT 1 "RCLK";
    .port_info 2 /INPUT 1 "RCLKE";
    .port_info 3 /INPUT 1 "RE";
    .port_info 4 /INPUT 11 "RADDR";
    .port_info 5 /INPUT 1 "WCLKN";
    .port_info 6 /INPUT 1 "WCLKE";
    .port_info 7 /INPUT 1 "WE";
    .port_info 8 /INPUT 11 "WADDR";
    .port_info 9 /INPUT 16 "MASK";
    .port_info 10 /INPUT 16 "WDATA";
P_0x7f9ec583f400 .param/l "INIT_0" 0 2 1878, C4<0000000000000000000000000000000000000000000000000000000000000000000000000000000000000000000000000000000000000000000000000000000000000000000000000000000000000000000000000000000000000000000000000000000000000000000000000000000000000000000000000000000000000000>;
P_0x7f9ec583f440 .param/l "INIT_1" 0 2 1879, C4<0000000000000000000000000000000000000000000000000000000000000000000000000000000000000000000000000000000000000000000000000000000000000000000000000000000000000000000000000000000000000000000000000000000000000000000000000000000000000000000000000000000000000000>;
P_0x7f9ec583f480 .param/l "INIT_2" 0 2 1880, C4<0000000000000000000000000000000000000000000000000000000000000000000000000000000000000000000000000000000000000000000000000000000000000000000000000000000000000000000000000000000000000000000000000000000000000000000000000000000000000000000000000000000000000000>;
P_0x7f9ec583f4c0 .param/l "INIT_3" 0 2 1881, C4<0000000000000000000000000000000000000000000000000000000000000000000000000000000000000000000000000000000000000000000000000000000000000000000000000000000000000000000000000000000000000000000000000000000000000000000000000000000000000000000000000000000000000000>;
P_0x7f9ec583f500 .param/l "INIT_4" 0 2 1882, C4<0000000000000000000000000000000000000000000000000000000000000000000000000000000000000000000000000000000000000000000000000000000000000000000000000000000000000000000000000000000000000000000000000000000000000000000000000000000000000000000000000000000000000000>;
P_0x7f9ec583f540 .param/l "INIT_5" 0 2 1883, C4<0000000000000000000000000000000000000000000000000000000000000000000000000000000000000000000000000000000000000000000000000000000000000000000000000000000000000000000000000000000000000000000000000000000000000000000000000000000000000000000000000000000000000000>;
P_0x7f9ec583f580 .param/l "INIT_6" 0 2 1884, C4<0000000000000000000000000000000000000000000000000000000000000000000000000000000000000000000000000000000000000000000000000000000000000000000000000000000000000000000000000000000000000000000000000000000000000000000000000000000000000000000000000000000000000000>;
P_0x7f9ec583f5c0 .param/l "INIT_7" 0 2 1885, C4<0000000000000000000000000000000000000000000000000000000000000000000000000000000000000000000000000000000000000000000000000000000000000000000000000000000000000000000000000000000000000000000000000000000000000000000000000000000000000000000000000000000000000000>;
P_0x7f9ec583f600 .param/l "INIT_8" 0 2 1886, C4<0000000000000000000000000000000000000000000000000000000000000000000000000000000000000000000000000000000000000000000000000000000000000000000000000000000000000000000000000000000000000000000000000000000000000000000000000000000000000000000000000000000000000000>;
P_0x7f9ec583f640 .param/l "INIT_9" 0 2 1887, C4<0000000000000000000000000000000000000000000000000000000000000000000000000000000000000000000000000000000000000000000000000000000000000000000000000000000000000000000000000000000000000000000000000000000000000000000000000000000000000000000000000000000000000000>;
P_0x7f9ec583f680 .param/l "INIT_A" 0 2 1888, C4<0000000000000000000000000000000000000000000000000000000000000000000000000000000000000000000000000000000000000000000000000000000000000000000000000000000000000000000000000000000000000000000000000000000000000000000000000000000000000000000000000000000000000000>;
P_0x7f9ec583f6c0 .param/l "INIT_B" 0 2 1889, C4<0000000000000000000000000000000000000000000000000000000000000000000000000000000000000000000000000000000000000000000000000000000000000000000000000000000000000000000000000000000000000000000000000000000000000000000000000000000000000000000000000000000000000000>;
P_0x7f9ec583f700 .param/l "INIT_C" 0 2 1890, C4<0000000000000000000000000000000000000000000000000000000000000000000000000000000000000000000000000000000000000000000000000000000000000000000000000000000000000000000000000000000000000000000000000000000000000000000000000000000000000000000000000000000000000000>;
P_0x7f9ec583f740 .param/l "INIT_D" 0 2 1891, C4<0000000000000000000000000000000000000000000000000000000000000000000000000000000000000000000000000000000000000000000000000000000000000000000000000000000000000000000000000000000000000000000000000000000000000000000000000000000000000000000000000000000000000000>;
P_0x7f9ec583f780 .param/l "INIT_E" 0 2 1892, C4<0000000000000000000000000000000000000000000000000000000000000000000000000000000000000000000000000000000000000000000000000000000000000000000000000000000000000000000000000000000000000000000000000000000000000000000000000000000000000000000000000000000000000000>;
P_0x7f9ec583f7c0 .param/l "INIT_F" 0 2 1893, C4<0000000000000000000000000000000000000000000000000000000000000000000000000000000000000000000000000000000000000000000000000000000000000000000000000000000000000000000000000000000000000000000000000000000000000000000000000000000000000000000000000000000000000000>;
P_0x7f9ec583f800 .param/str "INIT_FILE" 0 2 1895, "\000";
P_0x7f9ec583f840 .param/l "READ_MODE" 0 2 1876, +C4<00000000000000000000000000000000>;
P_0x7f9ec583f880 .param/l "WRITE_MODE" 0 2 1875, +C4<00000000000000000000000000000000>;
o0x7f9ec4f4fce8 .functor BUFZ 1, C4<z>; HiZ drive
L_0x7f9ec4c08380 .functor NOT 1, o0x7f9ec4f4fce8, C4<0>, C4<0>, C4<0>;
o0x7f9ec4f4f7d8 .functor BUFZ 16, C4<zzzzzzzzzzzzzzzz>; HiZ drive
v0x7f9ec616c780_0 .net "MASK", 15 0, o0x7f9ec4f4f7d8;  0 drivers
o0x7f9ec4f4f808 .functor BUFZ 11, C4<zzzzzzzzzzz>; HiZ drive
v0x7f9ec616c810_0 .net "RADDR", 10 0, o0x7f9ec4f4f808;  0 drivers
o0x7f9ec4f4f838 .functor BUFZ 1, C4<z>; HiZ drive
v0x7f9ec616c8a0_0 .net "RCLK", 0 0, o0x7f9ec4f4f838;  0 drivers
o0x7f9ec4f4f868 .functor BUFZ 1, C4<z>; HiZ drive
v0x7f9ec616c930_0 .net "RCLKE", 0 0, o0x7f9ec4f4f868;  0 drivers
v0x7f9ec616c9c0_0 .net "RDATA", 15 0, L_0x7f9ec4c08290;  1 drivers
o0x7f9ec4f4f8f8 .functor BUFZ 1, C4<z>; HiZ drive
v0x7f9ec616ca90_0 .net "RE", 0 0, o0x7f9ec4f4f8f8;  0 drivers
o0x7f9ec4f4f958 .functor BUFZ 11, C4<zzzzzzzzzzz>; HiZ drive
v0x7f9ec616cb20_0 .net "WADDR", 10 0, o0x7f9ec4f4f958;  0 drivers
o0x7f9ec4f4f9b8 .functor BUFZ 1, C4<z>; HiZ drive
v0x7f9ec616cbb0_0 .net "WCLKE", 0 0, o0x7f9ec4f4f9b8;  0 drivers
v0x7f9ec616cc60_0 .net "WCLKN", 0 0, o0x7f9ec4f4fce8;  0 drivers
o0x7f9ec4f4f9e8 .functor BUFZ 16, C4<zzzzzzzzzzzzzzzz>; HiZ drive
v0x7f9ec616cd70_0 .net "WDATA", 15 0, o0x7f9ec4f4f9e8;  0 drivers
o0x7f9ec4f4fa48 .functor BUFZ 1, C4<z>; HiZ drive
v0x7f9ec616ce20_0 .net "WE", 0 0, o0x7f9ec4f4fa48;  0 drivers
S_0x7f9ec61699a0 .scope module, "RAM" "SB_RAM40_4K" 2 1917, 2 1487 0, S_0x7f9ec6133d20;
 .timescale -12 -12;
    .port_info 0 /OUTPUT 16 "RDATA";
    .port_info 1 /INPUT 1 "RCLK";
    .port_info 2 /INPUT 1 "RCLKE";
    .port_info 3 /INPUT 1 "RE";
    .port_info 4 /INPUT 11 "RADDR";
    .port_info 5 /INPUT 1 "WCLK";
    .port_info 6 /INPUT 1 "WCLKE";
    .port_info 7 /INPUT 1 "WE";
    .port_info 8 /INPUT 11 "WADDR";
    .port_info 9 /INPUT 16 "MASK";
    .port_info 10 /INPUT 16 "WDATA";
P_0x7f9ec5842200 .param/l "INIT_0" 0 2 1507, C4<0000000000000000000000000000000000000000000000000000000000000000000000000000000000000000000000000000000000000000000000000000000000000000000000000000000000000000000000000000000000000000000000000000000000000000000000000000000000000000000000000000000000000000>;
P_0x7f9ec5842240 .param/l "INIT_1" 0 2 1508, C4<0000000000000000000000000000000000000000000000000000000000000000000000000000000000000000000000000000000000000000000000000000000000000000000000000000000000000000000000000000000000000000000000000000000000000000000000000000000000000000000000000000000000000000>;
P_0x7f9ec5842280 .param/l "INIT_2" 0 2 1509, C4<0000000000000000000000000000000000000000000000000000000000000000000000000000000000000000000000000000000000000000000000000000000000000000000000000000000000000000000000000000000000000000000000000000000000000000000000000000000000000000000000000000000000000000>;
P_0x7f9ec58422c0 .param/l "INIT_3" 0 2 1510, C4<0000000000000000000000000000000000000000000000000000000000000000000000000000000000000000000000000000000000000000000000000000000000000000000000000000000000000000000000000000000000000000000000000000000000000000000000000000000000000000000000000000000000000000>;
P_0x7f9ec5842300 .param/l "INIT_4" 0 2 1511, C4<0000000000000000000000000000000000000000000000000000000000000000000000000000000000000000000000000000000000000000000000000000000000000000000000000000000000000000000000000000000000000000000000000000000000000000000000000000000000000000000000000000000000000000>;
P_0x7f9ec5842340 .param/l "INIT_5" 0 2 1512, C4<0000000000000000000000000000000000000000000000000000000000000000000000000000000000000000000000000000000000000000000000000000000000000000000000000000000000000000000000000000000000000000000000000000000000000000000000000000000000000000000000000000000000000000>;
P_0x7f9ec5842380 .param/l "INIT_6" 0 2 1513, C4<0000000000000000000000000000000000000000000000000000000000000000000000000000000000000000000000000000000000000000000000000000000000000000000000000000000000000000000000000000000000000000000000000000000000000000000000000000000000000000000000000000000000000000>;
P_0x7f9ec58423c0 .param/l "INIT_7" 0 2 1514, C4<0000000000000000000000000000000000000000000000000000000000000000000000000000000000000000000000000000000000000000000000000000000000000000000000000000000000000000000000000000000000000000000000000000000000000000000000000000000000000000000000000000000000000000>;
P_0x7f9ec5842400 .param/l "INIT_8" 0 2 1515, C4<0000000000000000000000000000000000000000000000000000000000000000000000000000000000000000000000000000000000000000000000000000000000000000000000000000000000000000000000000000000000000000000000000000000000000000000000000000000000000000000000000000000000000000>;
P_0x7f9ec5842440 .param/l "INIT_9" 0 2 1516, C4<0000000000000000000000000000000000000000000000000000000000000000000000000000000000000000000000000000000000000000000000000000000000000000000000000000000000000000000000000000000000000000000000000000000000000000000000000000000000000000000000000000000000000000>;
P_0x7f9ec5842480 .param/l "INIT_A" 0 2 1517, C4<0000000000000000000000000000000000000000000000000000000000000000000000000000000000000000000000000000000000000000000000000000000000000000000000000000000000000000000000000000000000000000000000000000000000000000000000000000000000000000000000000000000000000000>;
P_0x7f9ec58424c0 .param/l "INIT_B" 0 2 1518, C4<0000000000000000000000000000000000000000000000000000000000000000000000000000000000000000000000000000000000000000000000000000000000000000000000000000000000000000000000000000000000000000000000000000000000000000000000000000000000000000000000000000000000000000>;
P_0x7f9ec5842500 .param/l "INIT_C" 0 2 1519, C4<0000000000000000000000000000000000000000000000000000000000000000000000000000000000000000000000000000000000000000000000000000000000000000000000000000000000000000000000000000000000000000000000000000000000000000000000000000000000000000000000000000000000000000>;
P_0x7f9ec5842540 .param/l "INIT_D" 0 2 1520, C4<0000000000000000000000000000000000000000000000000000000000000000000000000000000000000000000000000000000000000000000000000000000000000000000000000000000000000000000000000000000000000000000000000000000000000000000000000000000000000000000000000000000000000000>;
P_0x7f9ec5842580 .param/l "INIT_E" 0 2 1521, C4<0000000000000000000000000000000000000000000000000000000000000000000000000000000000000000000000000000000000000000000000000000000000000000000000000000000000000000000000000000000000000000000000000000000000000000000000000000000000000000000000000000000000000000>;
P_0x7f9ec58425c0 .param/l "INIT_F" 0 2 1522, C4<0000000000000000000000000000000000000000000000000000000000000000000000000000000000000000000000000000000000000000000000000000000000000000000000000000000000000000000000000000000000000000000000000000000000000000000000000000000000000000000000000000000000000000>;
P_0x7f9ec5842600 .param/str "INIT_FILE" 0 2 1524, "\000";
P_0x7f9ec5842640 .param/l "READ_MODE" 0 2 1505, +C4<00000000000000000000000000000000>;
P_0x7f9ec5842680 .param/l "WRITE_MODE" 0 2 1504, +C4<00000000000000000000000000000000>;
v0x7f9ec616b9e0_0 .net "MASK", 15 0, o0x7f9ec4f4f7d8;  alias, 0 drivers
v0x7f9ec616ba70_0 .net "RADDR", 10 0, o0x7f9ec4f4f808;  alias, 0 drivers
v0x7f9ec616bb20_0 .net "RCLK", 0 0, o0x7f9ec4f4f838;  alias, 0 drivers
v0x7f9ec616bbd0_0 .net "RCLKE", 0 0, o0x7f9ec4f4f868;  alias, 0 drivers
v0x7f9ec616bc70_0 .net "RDATA", 15 0, L_0x7f9ec4c08290;  alias, 1 drivers
v0x7f9ec616bd60_0 .var "RDATA_I", 15 0;
v0x7f9ec616be10_0 .net "RE", 0 0, o0x7f9ec4f4f8f8;  alias, 0 drivers
L_0x7f9ec4f73b90 .functor BUFT 1, C4<0000000000000000>, C4<0>, C4<0>, C4<0>;
v0x7f9ec616beb0_0 .net "RMASK_I", 15 0, L_0x7f9ec4f73b90;  1 drivers
v0x7f9ec616bf60_0 .net "WADDR", 10 0, o0x7f9ec4f4f958;  alias, 0 drivers
v0x7f9ec616c070_0 .net "WCLK", 0 0, L_0x7f9ec4c08380;  1 drivers
v0x7f9ec616c110_0 .net "WCLKE", 0 0, o0x7f9ec4f4f9b8;  alias, 0 drivers
v0x7f9ec616c1b0_0 .net "WDATA", 15 0, o0x7f9ec4f4f9e8;  alias, 0 drivers
v0x7f9ec616c260_0 .net "WDATA_I", 15 0, L_0x7f9ec4c081a0;  1 drivers
v0x7f9ec616c310_0 .net "WE", 0 0, o0x7f9ec4f4fa48;  alias, 0 drivers
v0x7f9ec616c3b0_0 .net "WMASK_I", 15 0, L_0x7f9ec4c08090;  1 drivers
v0x7f9ec616c460_0 .var/i "i", 31 0;
v0x7f9ec616c510 .array "memory", 255 0, 15 0;
E_0x7f9ec616b260 .event posedge, v0x7f9ec616bb20_0;
E_0x7f9ec616b2c0 .event posedge, v0x7f9ec616c070_0;
S_0x7f9ec616b310 .scope generate, "genblk1" "genblk1" 2 1534, 2 1534 0, S_0x7f9ec61699a0;
 .timescale -12 -12;
L_0x7f9ec4c08090 .functor BUFZ 16, o0x7f9ec4f4f7d8, C4<0000000000000000>, C4<0000000000000000>, C4<0000000000000000>;
S_0x7f9ec616b4e0 .scope generate, "genblk2" "genblk2" 2 1555, 2 1555 0, S_0x7f9ec61699a0;
 .timescale -12 -12;
S_0x7f9ec616b6b0 .scope generate, "genblk3" "genblk3" 2 1576, 2 1576 0, S_0x7f9ec61699a0;
 .timescale -12 -12;
L_0x7f9ec4c081a0 .functor BUFZ 16, o0x7f9ec4f4f9e8, C4<0000000000000000>, C4<0000000000000000>, C4<0000000000000000>;
S_0x7f9ec616b820 .scope generate, "genblk4" "genblk4" 2 1595, 2 1595 0, S_0x7f9ec61699a0;
 .timescale -12 -12;
L_0x7f9ec4c08290 .functor BUFZ 16, v0x7f9ec616bd60_0, C4<0000000000000000>, C4<0000000000000000>, C4<0000000000000000>;
S_0x7f9ec6134ff0 .scope module, "SB_RGBA_DRV" "SB_RGBA_DRV" 2 2692;
 .timescale -12 -12;
    .port_info 0 /INPUT 1 "CURREN";
    .port_info 1 /INPUT 1 "RGBLEDEN";
    .port_info 2 /INPUT 1 "RGB0PWM";
    .port_info 3 /INPUT 1 "RGB1PWM";
    .port_info 4 /INPUT 1 "RGB2PWM";
    .port_info 5 /OUTPUT 1 "RGB0";
    .port_info 6 /OUTPUT 1 "RGB1";
    .port_info 7 /OUTPUT 1 "RGB2";
P_0x7f9ec6135160 .param/str "CURRENT_MODE" 0 2 2702, "0b0";
P_0x7f9ec61351a0 .param/str "RGB0_CURRENT" 0 2 2703, "0b000000";
P_0x7f9ec61351e0 .param/str "RGB1_CURRENT" 0 2 2704, "0b000000";
P_0x7f9ec6135220 .param/str "RGB2_CURRENT" 0 2 2705, "0b000000";
o0x7f9ec4f4ff28 .functor BUFZ 1, C4<z>; HiZ drive
v0x7f9ec616cf60_0 .net "CURREN", 0 0, o0x7f9ec4f4ff28;  0 drivers
o0x7f9ec4f4ff58 .functor BUFZ 1, C4<z>; HiZ drive
v0x7f9ec616d010_0 .net "RGB0", 0 0, o0x7f9ec4f4ff58;  0 drivers
o0x7f9ec4f4ff88 .functor BUFZ 1, C4<z>; HiZ drive
v0x7f9ec616d0b0_0 .net "RGB0PWM", 0 0, o0x7f9ec4f4ff88;  0 drivers
o0x7f9ec4f4ffb8 .functor BUFZ 1, C4<z>; HiZ drive
v0x7f9ec616d140_0 .net "RGB1", 0 0, o0x7f9ec4f4ffb8;  0 drivers
o0x7f9ec4f4ffe8 .functor BUFZ 1, C4<z>; HiZ drive
v0x7f9ec616d1d0_0 .net "RGB1PWM", 0 0, o0x7f9ec4f4ffe8;  0 drivers
o0x7f9ec4f50018 .functor BUFZ 1, C4<z>; HiZ drive
v0x7f9ec616d2a0_0 .net "RGB2", 0 0, o0x7f9ec4f50018;  0 drivers
o0x7f9ec4f50048 .functor BUFZ 1, C4<z>; HiZ drive
v0x7f9ec616d330_0 .net "RGB2PWM", 0 0, o0x7f9ec4f50048;  0 drivers
o0x7f9ec4f50078 .functor BUFZ 1, C4<z>; HiZ drive
v0x7f9ec616d3c0_0 .net "RGBLEDEN", 0 0, o0x7f9ec4f50078;  0 drivers
S_0x7f9ec6135360 .scope module, "SB_RGB_DRV" "SB_RGB_DRV" 2 2716;
 .timescale -12 -12;
    .port_info 0 /INPUT 1 "RGBLEDEN";
    .port_info 1 /INPUT 1 "RGB0PWM";
    .port_info 2 /INPUT 1 "RGB1PWM";
    .port_info 3 /INPUT 1 "RGB2PWM";
    .port_info 4 /INPUT 1 "RGBPU";
    .port_info 5 /OUTPUT 1 "RGB0";
    .port_info 6 /OUTPUT 1 "RGB1";
    .port_info 7 /OUTPUT 1 "RGB2";
P_0x7f9ec61354d0 .param/str "CURRENT_MODE" 0 2 2726, "0b0";
P_0x7f9ec6135510 .param/str "RGB0_CURRENT" 0 2 2727, "0b000000";
P_0x7f9ec6135550 .param/str "RGB1_CURRENT" 0 2 2728, "0b000000";
P_0x7f9ec6135590 .param/str "RGB2_CURRENT" 0 2 2729, "0b000000";
o0x7f9ec4f50228 .functor BUFZ 1, C4<z>; HiZ drive
v0x7f9ec616d520_0 .net "RGB0", 0 0, o0x7f9ec4f50228;  0 drivers
o0x7f9ec4f50258 .functor BUFZ 1, C4<z>; HiZ drive
v0x7f9ec616d5b0_0 .net "RGB0PWM", 0 0, o0x7f9ec4f50258;  0 drivers
o0x7f9ec4f50288 .functor BUFZ 1, C4<z>; HiZ drive
v0x7f9ec616d650_0 .net "RGB1", 0 0, o0x7f9ec4f50288;  0 drivers
o0x7f9ec4f502b8 .functor BUFZ 1, C4<z>; HiZ drive
v0x7f9ec616d6e0_0 .net "RGB1PWM", 0 0, o0x7f9ec4f502b8;  0 drivers
o0x7f9ec4f502e8 .functor BUFZ 1, C4<z>; HiZ drive
v0x7f9ec616d770_0 .net "RGB2", 0 0, o0x7f9ec4f502e8;  0 drivers
o0x7f9ec4f50318 .functor BUFZ 1, C4<z>; HiZ drive
v0x7f9ec616d840_0 .net "RGB2PWM", 0 0, o0x7f9ec4f50318;  0 drivers
o0x7f9ec4f50348 .functor BUFZ 1, C4<z>; HiZ drive
v0x7f9ec616d8e0_0 .net "RGBLEDEN", 0 0, o0x7f9ec4f50348;  0 drivers
o0x7f9ec4f50378 .functor BUFZ 1, C4<z>; HiZ drive
v0x7f9ec616d980_0 .net "RGBPU", 0 0, o0x7f9ec4f50378;  0 drivers
S_0x7f9ec61356d0 .scope module, "SB_SPI" "SB_SPI" 2 2776;
 .timescale -12 -12;
    .port_info 0 /INPUT 1 "SBCLKI";
    .port_info 1 /INPUT 1 "SBRWI";
    .port_info 2 /INPUT 1 "SBSTBI";
    .port_info 3 /INPUT 1 "SBADRI7";
    .port_info 4 /INPUT 1 "SBADRI6";
    .port_info 5 /INPUT 1 "SBADRI5";
    .port_info 6 /INPUT 1 "SBADRI4";
    .port_info 7 /INPUT 1 "SBADRI3";
    .port_info 8 /INPUT 1 "SBADRI2";
    .port_info 9 /INPUT 1 "SBADRI1";
    .port_info 10 /INPUT 1 "SBADRI0";
    .port_info 11 /INPUT 1 "SBDATI7";
    .port_info 12 /INPUT 1 "SBDATI6";
    .port_info 13 /INPUT 1 "SBDATI5";
    .port_info 14 /INPUT 1 "SBDATI4";
    .port_info 15 /INPUT 1 "SBDATI3";
    .port_info 16 /INPUT 1 "SBDATI2";
    .port_info 17 /INPUT 1 "SBDATI1";
    .port_info 18 /INPUT 1 "SBDATI0";
    .port_info 19 /INPUT 1 "MI";
    .port_info 20 /INPUT 1 "SI";
    .port_info 21 /INPUT 1 "SCKI";
    .port_info 22 /INPUT 1 "SCSNI";
    .port_info 23 /OUTPUT 1 "SBDATO7";
    .port_info 24 /OUTPUT 1 "SBDATO6";
    .port_info 25 /OUTPUT 1 "SBDATO5";
    .port_info 26 /OUTPUT 1 "SBDATO4";
    .port_info 27 /OUTPUT 1 "SBDATO3";
    .port_info 28 /OUTPUT 1 "SBDATO2";
    .port_info 29 /OUTPUT 1 "SBDATO1";
    .port_info 30 /OUTPUT 1 "SBDATO0";
    .port_info 31 /OUTPUT 1 "SBACKO";
    .port_info 32 /OUTPUT 1 "SPIIRQ";
    .port_info 33 /OUTPUT 1 "SPIWKUP";
    .port_info 34 /OUTPUT 1 "SO";
    .port_info 35 /OUTPUT 1 "SOE";
    .port_info 36 /OUTPUT 1 "MO";
    .port_info 37 /OUTPUT 1 "MOE";
    .port_info 38 /OUTPUT 1 "SCKO";
    .port_info 39 /OUTPUT 1 "SCKOE";
    .port_info 40 /OUTPUT 1 "MCSNO3";
    .port_info 41 /OUTPUT 1 "MCSNO2";
    .port_info 42 /OUTPUT 1 "MCSNO1";
    .port_info 43 /OUTPUT 1 "MCSNO0";
    .port_info 44 /OUTPUT 1 "MCSNOE3";
    .port_info 45 /OUTPUT 1 "MCSNOE2";
    .port_info 46 /OUTPUT 1 "MCSNOE1";
    .port_info 47 /OUTPUT 1 "MCSNOE0";
P_0x7f9ec4d0bc80 .param/str "BUS_ADDR74" 0 2 2826, "0b0000";
o0x7f9ec4f50528 .functor BUFZ 1, C4<z>; HiZ drive
v0x7f9ec616dae0_0 .net "MCSNO0", 0 0, o0x7f9ec4f50528;  0 drivers
o0x7f9ec4f50558 .functor BUFZ 1, C4<z>; HiZ drive
v0x7f9ec616db70_0 .net "MCSNO1", 0 0, o0x7f9ec4f50558;  0 drivers
o0x7f9ec4f50588 .functor BUFZ 1, C4<z>; HiZ drive
v0x7f9ec616dc10_0 .net "MCSNO2", 0 0, o0x7f9ec4f50588;  0 drivers
o0x7f9ec4f505b8 .functor BUFZ 1, C4<z>; HiZ drive
v0x7f9ec616dca0_0 .net "MCSNO3", 0 0, o0x7f9ec4f505b8;  0 drivers
o0x7f9ec4f505e8 .functor BUFZ 1, C4<z>; HiZ drive
v0x7f9ec616dd30_0 .net "MCSNOE0", 0 0, o0x7f9ec4f505e8;  0 drivers
o0x7f9ec4f50618 .functor BUFZ 1, C4<z>; HiZ drive
v0x7f9ec616de00_0 .net "MCSNOE1", 0 0, o0x7f9ec4f50618;  0 drivers
o0x7f9ec4f50648 .functor BUFZ 1, C4<z>; HiZ drive
v0x7f9ec616dea0_0 .net "MCSNOE2", 0 0, o0x7f9ec4f50648;  0 drivers
o0x7f9ec4f50678 .functor BUFZ 1, C4<z>; HiZ drive
v0x7f9ec616df40_0 .net "MCSNOE3", 0 0, o0x7f9ec4f50678;  0 drivers
o0x7f9ec4f506a8 .functor BUFZ 1, C4<z>; HiZ drive
v0x7f9ec616dfe0_0 .net "MI", 0 0, o0x7f9ec4f506a8;  0 drivers
o0x7f9ec4f506d8 .functor BUFZ 1, C4<z>; HiZ drive
v0x7f9ec616e0f0_0 .net "MO", 0 0, o0x7f9ec4f506d8;  0 drivers
o0x7f9ec4f50708 .functor BUFZ 1, C4<z>; HiZ drive
v0x7f9ec616e180_0 .net "MOE", 0 0, o0x7f9ec4f50708;  0 drivers
o0x7f9ec4f50738 .functor BUFZ 1, C4<z>; HiZ drive
v0x7f9ec616e220_0 .net "SBACKO", 0 0, o0x7f9ec4f50738;  0 drivers
o0x7f9ec4f50768 .functor BUFZ 1, C4<z>; HiZ drive
v0x7f9ec616e2c0_0 .net "SBADRI0", 0 0, o0x7f9ec4f50768;  0 drivers
o0x7f9ec4f50798 .functor BUFZ 1, C4<z>; HiZ drive
v0x7f9ec616e360_0 .net "SBADRI1", 0 0, o0x7f9ec4f50798;  0 drivers
o0x7f9ec4f507c8 .functor BUFZ 1, C4<z>; HiZ drive
v0x7f9ec616e400_0 .net "SBADRI2", 0 0, o0x7f9ec4f507c8;  0 drivers
o0x7f9ec4f507f8 .functor BUFZ 1, C4<z>; HiZ drive
v0x7f9ec616e4a0_0 .net "SBADRI3", 0 0, o0x7f9ec4f507f8;  0 drivers
o0x7f9ec4f50828 .functor BUFZ 1, C4<z>; HiZ drive
v0x7f9ec616e540_0 .net "SBADRI4", 0 0, o0x7f9ec4f50828;  0 drivers
o0x7f9ec4f50858 .functor BUFZ 1, C4<z>; HiZ drive
v0x7f9ec616e6d0_0 .net "SBADRI5", 0 0, o0x7f9ec4f50858;  0 drivers
o0x7f9ec4f50888 .functor BUFZ 1, C4<z>; HiZ drive
v0x7f9ec616e760_0 .net "SBADRI6", 0 0, o0x7f9ec4f50888;  0 drivers
o0x7f9ec4f508b8 .functor BUFZ 1, C4<z>; HiZ drive
v0x7f9ec616e7f0_0 .net "SBADRI7", 0 0, o0x7f9ec4f508b8;  0 drivers
o0x7f9ec4f508e8 .functor BUFZ 1, C4<z>; HiZ drive
v0x7f9ec616e880_0 .net "SBCLKI", 0 0, o0x7f9ec4f508e8;  0 drivers
o0x7f9ec4f50918 .functor BUFZ 1, C4<z>; HiZ drive
v0x7f9ec616e920_0 .net "SBDATI0", 0 0, o0x7f9ec4f50918;  0 drivers
o0x7f9ec4f50948 .functor BUFZ 1, C4<z>; HiZ drive
v0x7f9ec616e9c0_0 .net "SBDATI1", 0 0, o0x7f9ec4f50948;  0 drivers
o0x7f9ec4f50978 .functor BUFZ 1, C4<z>; HiZ drive
v0x7f9ec616ea60_0 .net "SBDATI2", 0 0, o0x7f9ec4f50978;  0 drivers
o0x7f9ec4f509a8 .functor BUFZ 1, C4<z>; HiZ drive
v0x7f9ec616eb00_0 .net "SBDATI3", 0 0, o0x7f9ec4f509a8;  0 drivers
o0x7f9ec4f509d8 .functor BUFZ 1, C4<z>; HiZ drive
v0x7f9ec616eba0_0 .net "SBDATI4", 0 0, o0x7f9ec4f509d8;  0 drivers
o0x7f9ec4f50a08 .functor BUFZ 1, C4<z>; HiZ drive
v0x7f9ec616ec40_0 .net "SBDATI5", 0 0, o0x7f9ec4f50a08;  0 drivers
o0x7f9ec4f50a38 .functor BUFZ 1, C4<z>; HiZ drive
v0x7f9ec616ece0_0 .net "SBDATI6", 0 0, o0x7f9ec4f50a38;  0 drivers
o0x7f9ec4f50a68 .functor BUFZ 1, C4<z>; HiZ drive
v0x7f9ec616ed80_0 .net "SBDATI7", 0 0, o0x7f9ec4f50a68;  0 drivers
o0x7f9ec4f50a98 .functor BUFZ 1, C4<z>; HiZ drive
v0x7f9ec616ee20_0 .net "SBDATO0", 0 0, o0x7f9ec4f50a98;  0 drivers
o0x7f9ec4f50ac8 .functor BUFZ 1, C4<z>; HiZ drive
v0x7f9ec616eec0_0 .net "SBDATO1", 0 0, o0x7f9ec4f50ac8;  0 drivers
o0x7f9ec4f50af8 .functor BUFZ 1, C4<z>; HiZ drive
v0x7f9ec616ef60_0 .net "SBDATO2", 0 0, o0x7f9ec4f50af8;  0 drivers
o0x7f9ec4f50b28 .functor BUFZ 1, C4<z>; HiZ drive
v0x7f9ec616f000_0 .net "SBDATO3", 0 0, o0x7f9ec4f50b28;  0 drivers
o0x7f9ec4f50b58 .functor BUFZ 1, C4<z>; HiZ drive
v0x7f9ec616e5e0_0 .net "SBDATO4", 0 0, o0x7f9ec4f50b58;  0 drivers
o0x7f9ec4f50b88 .functor BUFZ 1, C4<z>; HiZ drive
v0x7f9ec616f290_0 .net "SBDATO5", 0 0, o0x7f9ec4f50b88;  0 drivers
o0x7f9ec4f50bb8 .functor BUFZ 1, C4<z>; HiZ drive
v0x7f9ec616f320_0 .net "SBDATO6", 0 0, o0x7f9ec4f50bb8;  0 drivers
o0x7f9ec4f50be8 .functor BUFZ 1, C4<z>; HiZ drive
v0x7f9ec616f3b0_0 .net "SBDATO7", 0 0, o0x7f9ec4f50be8;  0 drivers
o0x7f9ec4f50c18 .functor BUFZ 1, C4<z>; HiZ drive
v0x7f9ec616f440_0 .net "SBRWI", 0 0, o0x7f9ec4f50c18;  0 drivers
o0x7f9ec4f50c48 .functor BUFZ 1, C4<z>; HiZ drive
v0x7f9ec616f4d0_0 .net "SBSTBI", 0 0, o0x7f9ec4f50c48;  0 drivers
o0x7f9ec4f50c78 .functor BUFZ 1, C4<z>; HiZ drive
v0x7f9ec616f560_0 .net "SCKI", 0 0, o0x7f9ec4f50c78;  0 drivers
o0x7f9ec4f50ca8 .functor BUFZ 1, C4<z>; HiZ drive
v0x7f9ec616f600_0 .net "SCKO", 0 0, o0x7f9ec4f50ca8;  0 drivers
o0x7f9ec4f50cd8 .functor BUFZ 1, C4<z>; HiZ drive
v0x7f9ec616f6a0_0 .net "SCKOE", 0 0, o0x7f9ec4f50cd8;  0 drivers
o0x7f9ec4f50d08 .functor BUFZ 1, C4<z>; HiZ drive
v0x7f9ec616f740_0 .net "SCSNI", 0 0, o0x7f9ec4f50d08;  0 drivers
o0x7f9ec4f50d38 .functor BUFZ 1, C4<z>; HiZ drive
v0x7f9ec616f7e0_0 .net "SI", 0 0, o0x7f9ec4f50d38;  0 drivers
o0x7f9ec4f50d68 .functor BUFZ 1, C4<z>; HiZ drive
v0x7f9ec616f880_0 .net "SO", 0 0, o0x7f9ec4f50d68;  0 drivers
o0x7f9ec4f50d98 .functor BUFZ 1, C4<z>; HiZ drive
v0x7f9ec616f920_0 .net "SOE", 0 0, o0x7f9ec4f50d98;  0 drivers
o0x7f9ec4f50dc8 .functor BUFZ 1, C4<z>; HiZ drive
v0x7f9ec616f9c0_0 .net "SPIIRQ", 0 0, o0x7f9ec4f50dc8;  0 drivers
o0x7f9ec4f50df8 .functor BUFZ 1, C4<z>; HiZ drive
v0x7f9ec616fa60_0 .net "SPIWKUP", 0 0, o0x7f9ec4f50df8;  0 drivers
S_0x7f9ec61359c0 .scope module, "SB_SPRAM256KA" "SB_SPRAM256KA" 2 2600;
 .timescale -12 -12;
    .port_info 0 /INPUT 14 "ADDRESS";
    .port_info 1 /INPUT 16 "DATAIN";
    .port_info 2 /INPUT 4 "MASKWREN";
    .port_info 3 /INPUT 1 "WREN";
    .port_info 4 /INPUT 1 "CHIPSELECT";
    .port_info 5 /INPUT 1 "CLOCK";
    .port_info 6 /INPUT 1 "STANDBY";
    .port_info 7 /INPUT 1 "SLEEP";
    .port_info 8 /INPUT 1 "POWEROFF";
    .port_info 9 /OUTPUT 16 "DATAOUT";
o0x7f9ec4f51878 .functor BUFZ 1, C4<z>; HiZ drive
L_0x7f9ec4c08540 .functor OR 1, o0x7f9ec4f51878, L_0x7f9ec4c08450, C4<0>, C4<0>;
o0x7f9ec4f51728 .functor BUFZ 14, C4<zzzzzzzzzzzzzz>; HiZ drive
v0x7f9ec61358f0_0 .net "ADDRESS", 13 0, o0x7f9ec4f51728;  0 drivers
o0x7f9ec4f51758 .functor BUFZ 1, C4<z>; HiZ drive
v0x7f9ec616ff80_0 .net "CHIPSELECT", 0 0, o0x7f9ec4f51758;  0 drivers
o0x7f9ec4f51788 .functor BUFZ 1, C4<z>; HiZ drive
v0x7f9ec6170010_0 .net "CLOCK", 0 0, o0x7f9ec4f51788;  0 drivers
o0x7f9ec4f517b8 .functor BUFZ 16, C4<zzzzzzzzzzzzzzzz>; HiZ drive
v0x7f9ec61700a0_0 .net "DATAIN", 15 0, o0x7f9ec4f517b8;  0 drivers
v0x7f9ec6170130_0 .var "DATAOUT", 15 0;
o0x7f9ec4f51818 .functor BUFZ 4, C4<zzzz>; HiZ drive
v0x7f9ec61701e0_0 .net "MASKWREN", 3 0, o0x7f9ec4f51818;  0 drivers
o0x7f9ec4f51848 .functor BUFZ 1, C4<z>; HiZ drive
v0x7f9ec6170290_0 .net "POWEROFF", 0 0, o0x7f9ec4f51848;  0 drivers
v0x7f9ec6170330_0 .net "SLEEP", 0 0, o0x7f9ec4f51878;  0 drivers
o0x7f9ec4f518a8 .functor BUFZ 1, C4<z>; HiZ drive
v0x7f9ec61703d0_0 .net "STANDBY", 0 0, o0x7f9ec4f518a8;  0 drivers
o0x7f9ec4f518d8 .functor BUFZ 1, C4<z>; HiZ drive
v0x7f9ec61704e0_0 .net "WREN", 0 0, o0x7f9ec4f518d8;  0 drivers
v0x7f9ec6170570_0 .net *"_ivl_1", 0 0, L_0x7f9ec4c08450;  1 drivers
v0x7f9ec6170610_0 .var/i "i", 31 0;
v0x7f9ec61706c0 .array "mem", 16383 0, 15 0;
v0x7f9ec6170760_0 .net "off", 0 0, L_0x7f9ec4c08540;  1 drivers
E_0x7f9ec6135840 .event posedge, v0x7f9ec6170760_0, v0x7f9ec6170010_0;
E_0x7f9ec61358a0 .event negedge, v0x7f9ec6170290_0;
L_0x7f9ec4c08450 .reduce/nor o0x7f9ec4f51848;
S_0x7f9ec6135c70 .scope module, "SB_WARMBOOT" "SB_WARMBOOT" 2 2593;
 .timescale -12 -12;
    .port_info 0 /INPUT 1 "BOOT";
    .port_info 1 /INPUT 1 "S1";
    .port_info 2 /INPUT 1 "S0";
o0x7f9ec4f51b78 .functor BUFZ 1, C4<z>; HiZ drive
v0x7f9ec61708f0_0 .net "BOOT", 0 0, o0x7f9ec4f51b78;  0 drivers
o0x7f9ec4f51ba8 .functor BUFZ 1, C4<z>; HiZ drive
v0x7f9ec6170980_0 .net "S0", 0 0, o0x7f9ec4f51ba8;  0 drivers
o0x7f9ec4f51bd8 .functor BUFZ 1, C4<z>; HiZ drive
v0x7f9ec6170a10_0 .net "S1", 0 0, o0x7f9ec4f51bd8;  0 drivers
S_0x7f9ec6135de0 .scope module, "button_counter" "button_counter" 3 3;
 .timescale -12 -12;
    .port_info 0 /OUTPUT 4 "led";
    .port_info 1 /INPUT 2 "pmod";
v0x7f9ec6170b10_0 .net *"_ivl_1", 0 0, L_0x7f9ec4c08660;  1 drivers
v0x7f9ec6170bd0_0 .net *"_ivl_5", 0 0, L_0x7f9ec4c08830;  1 drivers
v0x7f9ec6170c70_0 .net "button_as_clock", 0 0, L_0x7f9ec4c08730;  1 drivers
v0x7f9ec6170d20_0 .var "led", 3 0;
o0x7f9ec4f51d58 .functor BUFZ 2, C4<zz>; HiZ drive
v0x7f9ec6170dc0_0 .net "pmod", 1 0, o0x7f9ec4f51d58;  0 drivers
v0x7f9ec6170eb0_0 .net "reset", 0 0, L_0x7f9ec4c08910;  1 drivers
o0x7f9ec4f51db8 .functor BUFZ 1, C4<z>; HiZ drive
v0x7f9ec6170f50_0 .net "reset_button", 0 0, o0x7f9ec4f51db8;  0 drivers
E_0x7f9ec6170ab0 .event posedge, v0x7f9ec6170f50_0, v0x7f9ec6170c70_0;
L_0x7f9ec4c08660 .part o0x7f9ec4f51d58, 0, 1;
L_0x7f9ec4c08730 .reduce/nor L_0x7f9ec4c08660;
L_0x7f9ec4c08830 .part o0x7f9ec4f51d58, 1, 1;
L_0x7f9ec4c08910 .reduce/nor L_0x7f9ec4c08830;
    .scope S_0x7f9ec4df3010;
T_2 ;
    %pushi/vec4 0, 0, 1;
    %store/vec4 v0x7f9ec61431c0_0, 0, 1;
    %pushi/vec4 0, 0, 1;
    %store/vec4 v0x7f9ec6143260_0, 0, 1;
    %end;
    .thread T_2;
    .scope S_0x7f9ec4df3010;
T_3 ;
    %wait E_0x7f9ec4d06f80;
    %load/vec4 v0x7f9ec6140ff0_0;
    %flag_set/vec4 8;
    %jmp/0xz  T_3.0, 8;
    %load/vec4 v0x7f9ec61419e0_0;
    %flag_set/vec4 8;
    %jmp/0 T_3.2, 8;
    %pushi/vec4 0, 0, 1;
    %jmp/1 T_3.3, 8;
T_3.2 ; End of true expr.
    %load/vec4 v0x7f9ec6142e70_0;
    %jmp/0 T_3.3, 8;
 ; End of false expr.
    %blend;
T_3.3;
    %assign/vec4 v0x7f9ec61431c0_0, 0;
T_3.0 ;
    %jmp T_3;
    .thread T_3;
    .scope S_0x7f9ec4df3010;
T_4 ;
    %wait E_0x7f9ec4d06e60;
    %load/vec4 v0x7f9ec61419e0_0;
    %flag_set/vec4 8;
    %jmp/0xz  T_4.0, 8;
    %pushi/vec4 0, 0, 1;
    %assign/vec4 v0x7f9ec6143260_0, 0;
    %jmp T_4.1;
T_4.0 ;
    %load/vec4 v0x7f9ec6140ff0_0;
    %flag_set/vec4 8;
    %jmp/0xz  T_4.2, 8;
    %load/vec4 v0x7f9ec6142e70_0;
    %assign/vec4 v0x7f9ec6143260_0, 0;
T_4.2 ;
T_4.1 ;
    %jmp T_4;
    .thread T_4;
    .scope S_0x7f9ec61434b0;
T_5 ;
    %pushi/vec4 0, 0, 32;
    %store/vec4 v0x7f9ec6145ef0_0, 0, 32;
T_5.0 ; Top of for-loop 
    %load/vec4 v0x7f9ec6145ef0_0;
    %cmpi/s 16, 0, 32;
    %jmp/0xz T_5.1, 5;
    %pushi/vec4 0, 0, 256;
    %load/vec4 v0x7f9ec6145ef0_0;
    %muli 16, 0, 32;
    %part/s 16;
    %pushi/vec4 0, 0, 32;
    %load/vec4 v0x7f9ec6145ef0_0;
    %add;
    %ix/vec4/s 4;
    %store/vec4a v0x7f9ec6145fa0, 4, 0;
    %pushi/vec4 0, 0, 256;
    %load/vec4 v0x7f9ec6145ef0_0;
    %muli 16, 0, 32;
    %part/s 16;
    %pushi/vec4 16, 0, 32;
    %load/vec4 v0x7f9ec6145ef0_0;
    %add;
    %ix/vec4/s 4;
    %store/vec4a v0x7f9ec6145fa0, 4, 0;
    %pushi/vec4 0, 0, 256;
    %load/vec4 v0x7f9ec6145ef0_0;
    %muli 16, 0, 32;
    %part/s 16;
    %pushi/vec4 32, 0, 32;
    %load/vec4 v0x7f9ec6145ef0_0;
    %add;
    %ix/vec4/s 4;
    %store/vec4a v0x7f9ec6145fa0, 4, 0;
    %pushi/vec4 0, 0, 256;
    %load/vec4 v0x7f9ec6145ef0_0;
    %muli 16, 0, 32;
    %part/s 16;
    %pushi/vec4 48, 0, 32;
    %load/vec4 v0x7f9ec6145ef0_0;
    %add;
    %ix/vec4/s 4;
    %store/vec4a v0x7f9ec6145fa0, 4, 0;
    %pushi/vec4 0, 0, 256;
    %load/vec4 v0x7f9ec6145ef0_0;
    %muli 16, 0, 32;
    %part/s 16;
    %pushi/vec4 64, 0, 32;
    %load/vec4 v0x7f9ec6145ef0_0;
    %add;
    %ix/vec4/s 4;
    %store/vec4a v0x7f9ec6145fa0, 4, 0;
    %pushi/vec4 0, 0, 256;
    %load/vec4 v0x7f9ec6145ef0_0;
    %muli 16, 0, 32;
    %part/s 16;
    %pushi/vec4 80, 0, 32;
    %load/vec4 v0x7f9ec6145ef0_0;
    %add;
    %ix/vec4/s 4;
    %store/vec4a v0x7f9ec6145fa0, 4, 0;
    %pushi/vec4 0, 0, 256;
    %load/vec4 v0x7f9ec6145ef0_0;
    %muli 16, 0, 32;
    %part/s 16;
    %pushi/vec4 96, 0, 32;
    %load/vec4 v0x7f9ec6145ef0_0;
    %add;
    %ix/vec4/s 4;
    %store/vec4a v0x7f9ec6145fa0, 4, 0;
    %pushi/vec4 0, 0, 256;
    %load/vec4 v0x7f9ec6145ef0_0;
    %muli 16, 0, 32;
    %part/s 16;
    %pushi/vec4 112, 0, 32;
    %load/vec4 v0x7f9ec6145ef0_0;
    %add;
    %ix/vec4/s 4;
    %store/vec4a v0x7f9ec6145fa0, 4, 0;
    %pushi/vec4 0, 0, 256;
    %load/vec4 v0x7f9ec6145ef0_0;
    %muli 16, 0, 32;
    %part/s 16;
    %pushi/vec4 128, 0, 32;
    %load/vec4 v0x7f9ec6145ef0_0;
    %add;
    %ix/vec4/s 4;
    %store/vec4a v0x7f9ec6145fa0, 4, 0;
    %pushi/vec4 0, 0, 256;
    %load/vec4 v0x7f9ec6145ef0_0;
    %muli 16, 0, 32;
    %part/s 16;
    %pushi/vec4 144, 0, 32;
    %load/vec4 v0x7f9ec6145ef0_0;
    %add;
    %ix/vec4/s 4;
    %store/vec4a v0x7f9ec6145fa0, 4, 0;
    %pushi/vec4 0, 0, 256;
    %load/vec4 v0x7f9ec6145ef0_0;
    %muli 16, 0, 32;
    %part/s 16;
    %pushi/vec4 160, 0, 32;
    %load/vec4 v0x7f9ec6145ef0_0;
    %add;
    %ix/vec4/s 4;
    %store/vec4a v0x7f9ec6145fa0, 4, 0;
    %pushi/vec4 0, 0, 256;
    %load/vec4 v0x7f9ec6145ef0_0;
    %muli 16, 0, 32;
    %part/s 16;
    %pushi/vec4 176, 0, 32;
    %load/vec4 v0x7f9ec6145ef0_0;
    %add;
    %ix/vec4/s 4;
    %store/vec4a v0x7f9ec6145fa0, 4, 0;
    %pushi/vec4 0, 0, 256;
    %load/vec4 v0x7f9ec6145ef0_0;
    %muli 16, 0, 32;
    %part/s 16;
    %pushi/vec4 192, 0, 32;
    %load/vec4 v0x7f9ec6145ef0_0;
    %add;
    %ix/vec4/s 4;
    %store/vec4a v0x7f9ec6145fa0, 4, 0;
    %pushi/vec4 0, 0, 256;
    %load/vec4 v0x7f9ec6145ef0_0;
    %muli 16, 0, 32;
    %part/s 16;
    %pushi/vec4 208, 0, 32;
    %load/vec4 v0x7f9ec6145ef0_0;
    %add;
    %ix/vec4/s 4;
    %store/vec4a v0x7f9ec6145fa0, 4, 0;
    %pushi/vec4 0, 0, 256;
    %load/vec4 v0x7f9ec6145ef0_0;
    %muli 16, 0, 32;
    %part/s 16;
    %pushi/vec4 224, 0, 32;
    %load/vec4 v0x7f9ec6145ef0_0;
    %add;
    %ix/vec4/s 4;
    %store/vec4a v0x7f9ec6145fa0, 4, 0;
    %pushi/vec4 0, 0, 256;
    %load/vec4 v0x7f9ec6145ef0_0;
    %muli 16, 0, 32;
    %part/s 16;
    %pushi/vec4 240, 0, 32;
    %load/vec4 v0x7f9ec6145ef0_0;
    %add;
    %ix/vec4/s 4;
    %store/vec4a v0x7f9ec6145fa0, 4, 0;
T_5.2 ; for-loop step statement
    %load/vec4 v0x7f9ec6145ef0_0;
    %addi 1, 0, 32;
    %store/vec4 v0x7f9ec6145ef0_0, 0, 32;
    %jmp T_5.0;
T_5.1 ; for-loop exit label
    %end;
    .thread T_5;
    .scope S_0x7f9ec61434b0;
T_6 ;
    %wait E_0x7f9ec6144d50;
    %load/vec4 v0x7f9ec6145da0_0;
    %flag_set/vec4 9;
    %flag_get/vec4 9;
    %jmp/0 T_6.2, 9;
    %load/vec4 v0x7f9ec6145ba0_0;
    %and;
T_6.2;
    %flag_set/vec4 8;
    %jmp/0xz  T_6.0, 8;
    %load/vec4 v0x7f9ec6145e40_0;
    %parti/s 1, 0, 2;
    %nor/r;
    %flag_set/vec4 8;
    %jmp/0xz  T_6.3, 8;
    %load/vec4 v0x7f9ec6145cf0_0;
    %parti/s 1, 0, 2;
    %load/vec4 v0x7f9ec61459f0_0;
    %parti/s 8, 0, 2;
    %pad/u 10;
    %ix/vec4 3;
    %ix/load 4, 0, 0; Constant delay
    %assign/vec4/a/d v0x7f9ec6145fa0, 0, 4;
T_6.3 ;
    %load/vec4 v0x7f9ec6145e40_0;
    %parti/s 1, 1, 2;
    %nor/r;
    %flag_set/vec4 8;
    %jmp/0xz  T_6.5, 8;
    %load/vec4 v0x7f9ec6145cf0_0;
    %parti/s 1, 1, 2;
    %load/vec4 v0x7f9ec61459f0_0;
    %parti/s 8, 0, 2;
    %pad/u 10;
    %ix/vec4 3;
    %ix/load 4, 1, 0; part off
    %ix/load 5, 0, 0; Constant delay
    %assign/vec4/a/d v0x7f9ec6145fa0, 4, 5;
T_6.5 ;
    %load/vec4 v0x7f9ec6145e40_0;
    %parti/s 1, 2, 3;
    %nor/r;
    %flag_set/vec4 8;
    %jmp/0xz  T_6.7, 8;
    %load/vec4 v0x7f9ec6145cf0_0;
    %parti/s 1, 2, 3;
    %load/vec4 v0x7f9ec61459f0_0;
    %parti/s 8, 0, 2;
    %pad/u 10;
    %ix/vec4 3;
    %ix/load 4, 2, 0; part off
    %ix/load 5, 0, 0; Constant delay
    %assign/vec4/a/d v0x7f9ec6145fa0, 4, 5;
T_6.7 ;
    %load/vec4 v0x7f9ec6145e40_0;
    %parti/s 1, 3, 3;
    %nor/r;
    %flag_set/vec4 8;
    %jmp/0xz  T_6.9, 8;
    %load/vec4 v0x7f9ec6145cf0_0;
    %parti/s 1, 3, 3;
    %load/vec4 v0x7f9ec61459f0_0;
    %parti/s 8, 0, 2;
    %pad/u 10;
    %ix/vec4 3;
    %ix/load 4, 3, 0; part off
    %ix/load 5, 0, 0; Constant delay
    %assign/vec4/a/d v0x7f9ec6145fa0, 4, 5;
T_6.9 ;
    %load/vec4 v0x7f9ec6145e40_0;
    %parti/s 1, 4, 4;
    %nor/r;
    %flag_set/vec4 8;
    %jmp/0xz  T_6.11, 8;
    %load/vec4 v0x7f9ec6145cf0_0;
    %parti/s 1, 4, 4;
    %load/vec4 v0x7f9ec61459f0_0;
    %parti/s 8, 0, 2;
    %pad/u 10;
    %ix/vec4 3;
    %ix/load 4, 4, 0; part off
    %ix/load 5, 0, 0; Constant delay
    %assign/vec4/a/d v0x7f9ec6145fa0, 4, 5;
T_6.11 ;
    %load/vec4 v0x7f9ec6145e40_0;
    %parti/s 1, 5, 4;
    %nor/r;
    %flag_set/vec4 8;
    %jmp/0xz  T_6.13, 8;
    %load/vec4 v0x7f9ec6145cf0_0;
    %parti/s 1, 5, 4;
    %load/vec4 v0x7f9ec61459f0_0;
    %parti/s 8, 0, 2;
    %pad/u 10;
    %ix/vec4 3;
    %ix/load 4, 5, 0; part off
    %ix/load 5, 0, 0; Constant delay
    %assign/vec4/a/d v0x7f9ec6145fa0, 4, 5;
T_6.13 ;
    %load/vec4 v0x7f9ec6145e40_0;
    %parti/s 1, 6, 4;
    %nor/r;
    %flag_set/vec4 8;
    %jmp/0xz  T_6.15, 8;
    %load/vec4 v0x7f9ec6145cf0_0;
    %parti/s 1, 6, 4;
    %load/vec4 v0x7f9ec61459f0_0;
    %parti/s 8, 0, 2;
    %pad/u 10;
    %ix/vec4 3;
    %ix/load 4, 6, 0; part off
    %ix/load 5, 0, 0; Constant delay
    %assign/vec4/a/d v0x7f9ec6145fa0, 4, 5;
T_6.15 ;
    %load/vec4 v0x7f9ec6145e40_0;
    %parti/s 1, 7, 4;
    %nor/r;
    %flag_set/vec4 8;
    %jmp/0xz  T_6.17, 8;
    %load/vec4 v0x7f9ec6145cf0_0;
    %parti/s 1, 7, 4;
    %load/vec4 v0x7f9ec61459f0_0;
    %parti/s 8, 0, 2;
    %pad/u 10;
    %ix/vec4 3;
    %ix/load 4, 7, 0; part off
    %ix/load 5, 0, 0; Constant delay
    %assign/vec4/a/d v0x7f9ec6145fa0, 4, 5;
T_6.17 ;
    %load/vec4 v0x7f9ec6145e40_0;
    %parti/s 1, 8, 5;
    %nor/r;
    %flag_set/vec4 8;
    %jmp/0xz  T_6.19, 8;
    %load/vec4 v0x7f9ec6145cf0_0;
    %parti/s 1, 8, 5;
    %load/vec4 v0x7f9ec61459f0_0;
    %parti/s 8, 0, 2;
    %pad/u 10;
    %ix/vec4 3;
    %ix/load 4, 8, 0; part off
    %ix/load 5, 0, 0; Constant delay
    %assign/vec4/a/d v0x7f9ec6145fa0, 4, 5;
T_6.19 ;
    %load/vec4 v0x7f9ec6145e40_0;
    %parti/s 1, 9, 5;
    %nor/r;
    %flag_set/vec4 8;
    %jmp/0xz  T_6.21, 8;
    %load/vec4 v0x7f9ec6145cf0_0;
    %parti/s 1, 9, 5;
    %load/vec4 v0x7f9ec61459f0_0;
    %parti/s 8, 0, 2;
    %pad/u 10;
    %ix/vec4 3;
    %ix/load 4, 9, 0; part off
    %ix/load 5, 0, 0; Constant delay
    %assign/vec4/a/d v0x7f9ec6145fa0, 4, 5;
T_6.21 ;
    %load/vec4 v0x7f9ec6145e40_0;
    %parti/s 1, 10, 5;
    %nor/r;
    %flag_set/vec4 8;
    %jmp/0xz  T_6.23, 8;
    %load/vec4 v0x7f9ec6145cf0_0;
    %parti/s 1, 10, 5;
    %load/vec4 v0x7f9ec61459f0_0;
    %parti/s 8, 0, 2;
    %pad/u 10;
    %ix/vec4 3;
    %ix/load 4, 10, 0; part off
    %ix/load 5, 0, 0; Constant delay
    %assign/vec4/a/d v0x7f9ec6145fa0, 4, 5;
T_6.23 ;
    %load/vec4 v0x7f9ec6145e40_0;
    %parti/s 1, 11, 5;
    %nor/r;
    %flag_set/vec4 8;
    %jmp/0xz  T_6.25, 8;
    %load/vec4 v0x7f9ec6145cf0_0;
    %parti/s 1, 11, 5;
    %load/vec4 v0x7f9ec61459f0_0;
    %parti/s 8, 0, 2;
    %pad/u 10;
    %ix/vec4 3;
    %ix/load 4, 11, 0; part off
    %ix/load 5, 0, 0; Constant delay
    %assign/vec4/a/d v0x7f9ec6145fa0, 4, 5;
T_6.25 ;
    %load/vec4 v0x7f9ec6145e40_0;
    %parti/s 1, 12, 5;
    %nor/r;
    %flag_set/vec4 8;
    %jmp/0xz  T_6.27, 8;
    %load/vec4 v0x7f9ec6145cf0_0;
    %parti/s 1, 12, 5;
    %load/vec4 v0x7f9ec61459f0_0;
    %parti/s 8, 0, 2;
    %pad/u 10;
    %ix/vec4 3;
    %ix/load 4, 12, 0; part off
    %ix/load 5, 0, 0; Constant delay
    %assign/vec4/a/d v0x7f9ec6145fa0, 4, 5;
T_6.27 ;
    %load/vec4 v0x7f9ec6145e40_0;
    %parti/s 1, 13, 5;
    %nor/r;
    %flag_set/vec4 8;
    %jmp/0xz  T_6.29, 8;
    %load/vec4 v0x7f9ec6145cf0_0;
    %parti/s 1, 13, 5;
    %load/vec4 v0x7f9ec61459f0_0;
    %parti/s 8, 0, 2;
    %pad/u 10;
    %ix/vec4 3;
    %ix/load 4, 13, 0; part off
    %ix/load 5, 0, 0; Constant delay
    %assign/vec4/a/d v0x7f9ec6145fa0, 4, 5;
T_6.29 ;
    %load/vec4 v0x7f9ec6145e40_0;
    %parti/s 1, 14, 5;
    %nor/r;
    %flag_set/vec4 8;
    %jmp/0xz  T_6.31, 8;
    %load/vec4 v0x7f9ec6145cf0_0;
    %parti/s 1, 14, 5;
    %load/vec4 v0x7f9ec61459f0_0;
    %parti/s 8, 0, 2;
    %pad/u 10;
    %ix/vec4 3;
    %ix/load 4, 14, 0; part off
    %ix/load 5, 0, 0; Constant delay
    %assign/vec4/a/d v0x7f9ec6145fa0, 4, 5;
T_6.31 ;
    %load/vec4 v0x7f9ec6145e40_0;
    %parti/s 1, 15, 5;
    %nor/r;
    %flag_set/vec4 8;
    %jmp/0xz  T_6.33, 8;
    %load/vec4 v0x7f9ec6145cf0_0;
    %parti/s 1, 15, 5;
    %load/vec4 v0x7f9ec61459f0_0;
    %parti/s 8, 0, 2;
    %pad/u 10;
    %ix/vec4 3;
    %ix/load 4, 15, 0; part off
    %ix/load 5, 0, 0; Constant delay
    %assign/vec4/a/d v0x7f9ec6145fa0, 4, 5;
T_6.33 ;
T_6.0 ;
    %jmp T_6;
    .thread T_6;
    .scope S_0x7f9ec61434b0;
T_7 ;
    %wait E_0x7f9ec6144d00;
    %load/vec4 v0x7f9ec61458a0_0;
    %flag_set/vec4 9;
    %flag_get/vec4 9;
    %jmp/0 T_7.2, 9;
    %load/vec4 v0x7f9ec6145660_0;
    %and;
T_7.2;
    %flag_set/vec4 8;
    %jmp/0xz  T_7.0, 8;
    %load/vec4 v0x7f9ec6145500_0;
    %parti/s 8, 0, 2;
    %pad/u 10;
    %ix/vec4 4;
    %load/vec4a v0x7f9ec6145fa0, 4;
    %load/vec4 v0x7f9ec6145940_0;
    %inv;
    %and;
    %assign/vec4 v0x7f9ec61457f0_0, 0;
T_7.0 ;
    %jmp T_7;
    .thread T_7;
    .scope S_0x7f9ec4ded800;
T_8 ;
    %pushi/vec4 0, 0, 1;
    %store/vec4 v0x7f9ec614ca30_0, 0, 1;
    %end;
    .thread T_8;
    .scope S_0x7f9ec4ded800;
T_9 ;
    %wait E_0x7f9ec614c8a0;
    %load/vec4 v0x7f9ec614c990_0;
    %assign/vec4 v0x7f9ec614ca30_0, 0;
    %jmp T_9;
    .thread T_9;
    .scope S_0x7f9ec4deb320;
T_10 ;
    %pushi/vec4 0, 0, 1;
    %store/vec4 v0x7f9ec614cd50_0, 0, 1;
    %end;
    .thread T_10;
    .scope S_0x7f9ec4deb320;
T_11 ;
    %wait E_0x7f9ec614cb10;
    %load/vec4 v0x7f9ec614ccc0_0;
    %flag_set/vec4 8;
    %jmp/0xz  T_11.0, 8;
    %load/vec4 v0x7f9ec614cc20_0;
    %assign/vec4 v0x7f9ec614cd50_0, 0;
T_11.0 ;
    %jmp T_11;
    .thread T_11;
    .scope S_0x7f9ec4decc50;
T_12 ;
    %pushi/vec4 0, 0, 1;
    %store/vec4 v0x7f9ec614d090_0, 0, 1;
    %end;
    .thread T_12;
    .scope S_0x7f9ec4decc50;
T_13 ;
    %wait E_0x7f9ec614ce50;
    %load/vec4 v0x7f9ec614d130_0;
    %flag_set/vec4 8;
    %jmp/0xz  T_13.0, 8;
    %pushi/vec4 0, 0, 1;
    %assign/vec4 v0x7f9ec614d090_0, 0;
    %jmp T_13.1;
T_13.0 ;
    %load/vec4 v0x7f9ec614d000_0;
    %flag_set/vec4 8;
    %jmp/0xz  T_13.2, 8;
    %load/vec4 v0x7f9ec614cf60_0;
    %assign/vec4 v0x7f9ec614d090_0, 0;
T_13.2 ;
T_13.1 ;
    %jmp T_13;
    .thread T_13;
    .scope S_0x7f9ec4dfbbb0;
T_14 ;
    %pushi/vec4 0, 0, 1;
    %store/vec4 v0x7f9ec614d4b0_0, 0, 1;
    %end;
    .thread T_14;
    .scope S_0x7f9ec4dfbbb0;
T_15 ;
    %wait E_0x7f9ec614d290;
    %load/vec4 v0x7f9ec614d540_0;
    %flag_set/vec4 8;
    %jmp/0xz  T_15.0, 8;
    %pushi/vec4 1, 0, 1;
    %assign/vec4 v0x7f9ec614d4b0_0, 0;
    %jmp T_15.1;
T_15.0 ;
    %load/vec4 v0x7f9ec614d420_0;
    %flag_set/vec4 8;
    %jmp/0xz  T_15.2, 8;
    %load/vec4 v0x7f9ec614d380_0;
    %assign/vec4 v0x7f9ec614d4b0_0, 0;
T_15.2 ;
T_15.1 ;
    %jmp T_15;
    .thread T_15;
    .scope S_0x7f9ec4df72a0;
T_16 ;
    %pushi/vec4 0, 0, 1;
    %store/vec4 v0x7f9ec614d8c0_0, 0, 1;
    %end;
    .thread T_16;
    .scope S_0x7f9ec4df72a0;
T_17 ;
    %wait E_0x7f9ec614d6a0;
    %load/vec4 v0x7f9ec614d830_0;
    %flag_set/vec4 8;
    %jmp/0xz  T_17.0, 8;
    %load/vec4 v0x7f9ec614d950_0;
    %flag_set/vec4 8;
    %jmp/0xz  T_17.2, 8;
    %pushi/vec4 0, 0, 1;
    %assign/vec4 v0x7f9ec614d8c0_0, 0;
    %jmp T_17.3;
T_17.2 ;
    %load/vec4 v0x7f9ec614d790_0;
    %assign/vec4 v0x7f9ec614d8c0_0, 0;
T_17.3 ;
T_17.0 ;
    %jmp T_17;
    .thread T_17;
    .scope S_0x7f9ec4de8950;
T_18 ;
    %pushi/vec4 0, 0, 1;
    %store/vec4 v0x7f9ec614dcd0_0, 0, 1;
    %end;
    .thread T_18;
    .scope S_0x7f9ec4de8950;
T_19 ;
    %wait E_0x7f9ec614dab0;
    %load/vec4 v0x7f9ec614dc40_0;
    %flag_set/vec4 8;
    %jmp/0xz  T_19.0, 8;
    %load/vec4 v0x7f9ec614dd60_0;
    %flag_set/vec4 8;
    %jmp/0xz  T_19.2, 8;
    %pushi/vec4 1, 0, 1;
    %assign/vec4 v0x7f9ec614dcd0_0, 0;
    %jmp T_19.3;
T_19.2 ;
    %load/vec4 v0x7f9ec614dba0_0;
    %assign/vec4 v0x7f9ec614dcd0_0, 0;
T_19.3 ;
T_19.0 ;
    %jmp T_19;
    .thread T_19;
    .scope S_0x7f9ec4deac30;
T_20 ;
    %pushi/vec4 0, 0, 1;
    %store/vec4 v0x7f9ec614e050_0, 0, 1;
    %end;
    .thread T_20;
    .scope S_0x7f9ec4deac30;
T_21 ;
    %wait E_0x7f9ec614dec0;
    %load/vec4 v0x7f9ec614dfb0_0;
    %assign/vec4 v0x7f9ec614e050_0, 0;
    %jmp T_21;
    .thread T_21;
    .scope S_0x7f9ec4de9f90;
T_22 ;
    %pushi/vec4 0, 0, 1;
    %store/vec4 v0x7f9ec614e360_0, 0, 1;
    %end;
    .thread T_22;
    .scope S_0x7f9ec4de9f90;
T_23 ;
    %wait E_0x7f9ec614e120;
    %load/vec4 v0x7f9ec614e2d0_0;
    %flag_set/vec4 8;
    %jmp/0xz  T_23.0, 8;
    %load/vec4 v0x7f9ec614e230_0;
    %assign/vec4 v0x7f9ec614e360_0, 0;
T_23.0 ;
    %jmp T_23;
    .thread T_23;
    .scope S_0x7f9ec4de9470;
T_24 ;
    %pushi/vec4 0, 0, 1;
    %store/vec4 v0x7f9ec614e6a0_0, 0, 1;
    %end;
    .thread T_24;
    .scope S_0x7f9ec4de9470;
T_25 ;
    %wait E_0x7f9ec614e460;
    %load/vec4 v0x7f9ec614e740_0;
    %flag_set/vec4 8;
    %jmp/0xz  T_25.0, 8;
    %pushi/vec4 0, 0, 1;
    %assign/vec4 v0x7f9ec614e6a0_0, 0;
    %jmp T_25.1;
T_25.0 ;
    %load/vec4 v0x7f9ec614e610_0;
    %flag_set/vec4 8;
    %jmp/0xz  T_25.2, 8;
    %load/vec4 v0x7f9ec614e570_0;
    %assign/vec4 v0x7f9ec614e6a0_0, 0;
T_25.2 ;
T_25.1 ;
    %jmp T_25;
    .thread T_25;
    .scope S_0x7f9ec4dcea80;
T_26 ;
    %pushi/vec4 0, 0, 1;
    %store/vec4 v0x7f9ec614eac0_0, 0, 1;
    %end;
    .thread T_26;
    .scope S_0x7f9ec4dcea80;
T_27 ;
    %wait E_0x7f9ec614e8a0;
    %load/vec4 v0x7f9ec614eb50_0;
    %flag_set/vec4 8;
    %jmp/0xz  T_27.0, 8;
    %pushi/vec4 1, 0, 1;
    %assign/vec4 v0x7f9ec614eac0_0, 0;
    %jmp T_27.1;
T_27.0 ;
    %load/vec4 v0x7f9ec614ea30_0;
    %flag_set/vec4 8;
    %jmp/0xz  T_27.2, 8;
    %load/vec4 v0x7f9ec614e990_0;
    %assign/vec4 v0x7f9ec614eac0_0, 0;
T_27.2 ;
T_27.1 ;
    %jmp T_27;
    .thread T_27;
    .scope S_0x7f9ec4dc8570;
T_28 ;
    %pushi/vec4 0, 0, 1;
    %store/vec4 v0x7f9ec614eed0_0, 0, 1;
    %end;
    .thread T_28;
    .scope S_0x7f9ec4dc8570;
T_29 ;
    %wait E_0x7f9ec614ecb0;
    %load/vec4 v0x7f9ec614ee40_0;
    %flag_set/vec4 8;
    %jmp/0xz  T_29.0, 8;
    %load/vec4 v0x7f9ec614ef60_0;
    %flag_set/vec4 8;
    %jmp/0xz  T_29.2, 8;
    %pushi/vec4 0, 0, 1;
    %assign/vec4 v0x7f9ec614eed0_0, 0;
    %jmp T_29.3;
T_29.2 ;
    %load/vec4 v0x7f9ec614eda0_0;
    %assign/vec4 v0x7f9ec614eed0_0, 0;
T_29.3 ;
T_29.0 ;
    %jmp T_29;
    .thread T_29;
    .scope S_0x7f9ec4dcb2f0;
T_30 ;
    %pushi/vec4 0, 0, 1;
    %store/vec4 v0x7f9ec614f2e0_0, 0, 1;
    %end;
    .thread T_30;
    .scope S_0x7f9ec4dcb2f0;
T_31 ;
    %wait E_0x7f9ec614f0c0;
    %load/vec4 v0x7f9ec614f250_0;
    %flag_set/vec4 8;
    %jmp/0xz  T_31.0, 8;
    %load/vec4 v0x7f9ec614f370_0;
    %flag_set/vec4 8;
    %jmp/0xz  T_31.2, 8;
    %pushi/vec4 1, 0, 1;
    %assign/vec4 v0x7f9ec614f2e0_0, 0;
    %jmp T_31.3;
T_31.2 ;
    %load/vec4 v0x7f9ec614f1b0_0;
    %assign/vec4 v0x7f9ec614f2e0_0, 0;
T_31.3 ;
T_31.0 ;
    %jmp T_31;
    .thread T_31;
    .scope S_0x7f9ec4dc7e30;
T_32 ;
    %pushi/vec4 0, 0, 1;
    %store/vec4 v0x7f9ec614f660_0, 0, 1;
    %end;
    .thread T_32;
    .scope S_0x7f9ec4dc7e30;
T_33 ;
    %wait E_0x7f9ec614f4d0;
    %load/vec4 v0x7f9ec614f6f0_0;
    %flag_set/vec4 8;
    %jmp/0xz  T_33.0, 8;
    %pushi/vec4 0, 0, 1;
    %assign/vec4 v0x7f9ec614f660_0, 0;
    %jmp T_33.1;
T_33.0 ;
    %load/vec4 v0x7f9ec614f5c0_0;
    %assign/vec4 v0x7f9ec614f660_0, 0;
T_33.1 ;
    %jmp T_33;
    .thread T_33;
    .scope S_0x7f9ec4dd5ed0;
T_34 ;
    %pushi/vec4 0, 0, 1;
    %store/vec4 v0x7f9ec614f990_0, 0, 1;
    %end;
    .thread T_34;
    .scope S_0x7f9ec4dd5ed0;
T_35 ;
    %wait E_0x7f9ec614f7e0;
    %load/vec4 v0x7f9ec614fa20_0;
    %flag_set/vec4 8;
    %jmp/0xz  T_35.0, 8;
    %pushi/vec4 1, 0, 1;
    %assign/vec4 v0x7f9ec614f990_0, 0;
    %jmp T_35.1;
T_35.0 ;
    %load/vec4 v0x7f9ec614f8f0_0;
    %assign/vec4 v0x7f9ec614f990_0, 0;
T_35.1 ;
    %jmp T_35;
    .thread T_35;
    .scope S_0x7f9ec4dd2630;
T_36 ;
    %pushi/vec4 0, 0, 1;
    %store/vec4 v0x7f9ec614fcd0_0, 0, 1;
    %end;
    .thread T_36;
    .scope S_0x7f9ec4dd2630;
T_37 ;
    %wait E_0x7f9ec614fb20;
    %load/vec4 v0x7f9ec614fd60_0;
    %flag_set/vec4 8;
    %jmp/0xz  T_37.0, 8;
    %pushi/vec4 0, 0, 1;
    %assign/vec4 v0x7f9ec614fcd0_0, 0;
    %jmp T_37.1;
T_37.0 ;
    %load/vec4 v0x7f9ec614fc30_0;
    %assign/vec4 v0x7f9ec614fcd0_0, 0;
T_37.1 ;
    %jmp T_37;
    .thread T_37;
    .scope S_0x7f9ec6104bb0;
T_38 ;
    %pushi/vec4 0, 0, 1;
    %store/vec4 v0x7f9ec6150010_0, 0, 1;
    %end;
    .thread T_38;
    .scope S_0x7f9ec6104bb0;
T_39 ;
    %wait E_0x7f9ec614fe60;
    %load/vec4 v0x7f9ec61500a0_0;
    %flag_set/vec4 8;
    %jmp/0xz  T_39.0, 8;
    %pushi/vec4 1, 0, 1;
    %assign/vec4 v0x7f9ec6150010_0, 0;
    %jmp T_39.1;
T_39.0 ;
    %load/vec4 v0x7f9ec614ff70_0;
    %assign/vec4 v0x7f9ec6150010_0, 0;
T_39.1 ;
    %jmp T_39;
    .thread T_39;
    .scope S_0x7f9ec4df1d50;
T_40 ;
    %pushi/vec4 0, 0, 1;
    %store/vec4 v0x7f9ec6150350_0, 0, 1;
    %end;
    .thread T_40;
    .scope S_0x7f9ec4df1d50;
T_41 ;
    %wait E_0x7f9ec61501a0;
    %load/vec4 v0x7f9ec61503e0_0;
    %flag_set/vec4 8;
    %jmp/0xz  T_41.0, 8;
    %pushi/vec4 0, 0, 1;
    %assign/vec4 v0x7f9ec6150350_0, 0;
    %jmp T_41.1;
T_41.0 ;
    %load/vec4 v0x7f9ec61502b0_0;
    %assign/vec4 v0x7f9ec6150350_0, 0;
T_41.1 ;
    %jmp T_41;
    .thread T_41;
    .scope S_0x7f9ec4df1710;
T_42 ;
    %pushi/vec4 0, 0, 1;
    %store/vec4 v0x7f9ec6150690_0, 0, 1;
    %end;
    .thread T_42;
    .scope S_0x7f9ec4df1710;
T_43 ;
    %wait E_0x7f9ec61504e0;
    %load/vec4 v0x7f9ec6150720_0;
    %flag_set/vec4 8;
    %jmp/0xz  T_43.0, 8;
    %pushi/vec4 1, 0, 1;
    %assign/vec4 v0x7f9ec6150690_0, 0;
    %jmp T_43.1;
T_43.0 ;
    %load/vec4 v0x7f9ec61505f0_0;
    %assign/vec4 v0x7f9ec6150690_0, 0;
T_43.1 ;
    %jmp T_43;
    .thread T_43;
    .scope S_0x7f9ec4df13e0;
T_44 ;
    %pushi/vec4 0, 0, 1;
    %store/vec4 v0x7f9ec61509d0_0, 0, 1;
    %end;
    .thread T_44;
    .scope S_0x7f9ec4df13e0;
T_45 ;
    %wait E_0x7f9ec6150820;
    %load/vec4 v0x7f9ec6150a60_0;
    %flag_set/vec4 8;
    %jmp/0xz  T_45.0, 8;
    %pushi/vec4 0, 0, 1;
    %assign/vec4 v0x7f9ec61509d0_0, 0;
    %jmp T_45.1;
T_45.0 ;
    %load/vec4 v0x7f9ec6150930_0;
    %assign/vec4 v0x7f9ec61509d0_0, 0;
T_45.1 ;
    %jmp T_45;
    .thread T_45;
    .scope S_0x7f9ec4def490;
T_46 ;
    %pushi/vec4 0, 0, 1;
    %store/vec4 v0x7f9ec6150d10_0, 0, 1;
    %end;
    .thread T_46;
    .scope S_0x7f9ec4def490;
T_47 ;
    %wait E_0x7f9ec6150b60;
    %load/vec4 v0x7f9ec6150da0_0;
    %flag_set/vec4 8;
    %jmp/0xz  T_47.0, 8;
    %pushi/vec4 1, 0, 1;
    %assign/vec4 v0x7f9ec6150d10_0, 0;
    %jmp T_47.1;
T_47.0 ;
    %load/vec4 v0x7f9ec6150c70_0;
    %assign/vec4 v0x7f9ec6150d10_0, 0;
T_47.1 ;
    %jmp T_47;
    .thread T_47;
    .scope S_0x7f9ec6151870;
T_48 ;
    %wait E_0x7f9ec6151b50;
    %load/vec4 v0x7f9ec61523f0_0;
    %assign/vec4 v0x7f9ec6152490_0, 0;
    %jmp T_48;
    .thread T_48;
    .scope S_0x7f9ec6151870;
T_49 ;
    %wait E_0x7f9ec6151b50;
    %load/vec4 v0x7f9ec61523f0_0;
    %flag_set/vec4 8;
    %jmp/0xz  T_49.0, 8;
    %load/vec4 v0x7f9ec6152210_0;
    %assign/vec4 v0x7f9ec6152800_0, 0;
T_49.0 ;
    %jmp T_49;
    .thread T_49;
    .scope S_0x7f9ec6151870;
T_50 ;
    %wait E_0x7f9ec6151af0;
    %load/vec4 v0x7f9ec6152490_0;
    %flag_set/vec4 8;
    %jmp/0xz  T_50.0, 8;
    %load/vec4 v0x7f9ec6152210_0;
    %assign/vec4 v0x7f9ec6152890_0, 0;
T_50.0 ;
    %jmp T_50;
    .thread T_50;
    .scope S_0x7f9ec6151870;
T_51 ;
    %wait E_0x7f9ec6151a40;
    %load/vec4 v0x7f9ec61523f0_0;
    %assign/vec4 v0x7f9ec6152530_0, 0;
    %jmp T_51;
    .thread T_51;
    .scope S_0x7f9ec6151870;
T_52 ;
    %wait E_0x7f9ec6151a40;
    %load/vec4 v0x7f9ec61523f0_0;
    %flag_set/vec4 8;
    %jmp/0xz  T_52.0, 8;
    %load/vec4 v0x7f9ec6151da0_0;
    %assign/vec4 v0x7f9ec61529b0_0, 0;
T_52.0 ;
    %jmp T_52;
    .thread T_52;
    .scope S_0x7f9ec6151870;
T_53 ;
    %wait E_0x7f9ec6151aa0;
    %load/vec4 v0x7f9ec6152530_0;
    %flag_set/vec4 8;
    %jmp/0xz  T_53.0, 8;
    %load/vec4 v0x7f9ec6151e40_0;
    %assign/vec4 v0x7f9ec6152a50_0, 0;
T_53.0 ;
    %jmp T_53;
    .thread T_53;
    .scope S_0x7f9ec6151870;
T_54 ;
    %wait E_0x7f9ec6151a40;
    %load/vec4 v0x7f9ec61523f0_0;
    %flag_set/vec4 8;
    %jmp/0xz  T_54.0, 8;
    %load/vec4 v0x7f9ec6152100_0;
    %assign/vec4 v0x7f9ec6152c30_0, 0;
T_54.0 ;
    %jmp T_54;
    .thread T_54;
    .scope S_0x7f9ec6151170;
T_55 ;
    %wait E_0x7f9ec6151820;
    %load/vec4 v0x7f9ec6152800_0;
    %store/vec4 v0x7f9ec61525d0_0, 0, 1;
    %load/vec4 v0x7f9ec6152890_0;
    %store/vec4 v0x7f9ec6152670_0, 0, 1;
    %jmp T_55;
    .thread T_55, $push;
    .scope S_0x7f9ec6151170;
T_56 ;
    %wait E_0x7f9ec61517c0;
    %load/vec4 v0x7f9ec6152060_0;
    %assign/vec4 v0x7f9ec6152af0_0, 0;
    %jmp T_56;
    .thread T_56, $push;
    .scope S_0x7f9ec6151170;
T_57 ;
    %wait E_0x7f9ec6151770;
    %load/vec4 v0x7f9ec6152af0_0;
    %assign/vec4 v0x7f9ec6152b90_0, 0;
    %jmp T_57;
    .thread T_57, $push;
    .scope S_0x7f9ec6151170;
T_58 ;
    %wait E_0x7f9ec6151730;
    %load/vec4 v0x7f9ec6152b90_0;
    %pushi/vec4 0, 0, 1;
    %xor;
    %flag_set/vec4 8;
    %jmp/1 T_58.2, 8;
    %pushi/vec4 0, 0, 1;
    %flag_set/vec4 9;
    %flag_or 8, 9;
T_58.2;
    %jmp/0 T_58.0, 8;
    %load/vec4 v0x7f9ec61529b0_0;
    %jmp/1 T_58.1, 8;
T_58.0 ; End of true expr.
    %load/vec4 v0x7f9ec6152a50_0;
    %jmp/0 T_58.1, 8;
 ; End of false expr.
    %blend;
T_58.1;
    %store/vec4 v0x7f9ec6152920_0, 0, 1;
    %jmp T_58;
    .thread T_58, $push;
    .scope S_0x7f9ec6155ad0;
T_59 ;
    %wait E_0x7f9ec6155d80;
    %load/vec4 v0x7f9ec6155dd0_0;
    %flag_set/vec4 8;
    %jmp/0xz  T_59.0, 8;
    %load/vec4 v0x7f9ec6156440_0;
    %assign/vec4 v0x7f9ec6156750_0, 0;
T_59.0 ;
    %jmp T_59;
    .thread T_59;
    .scope S_0x7f9ec6155ad0;
T_60 ;
    %wait E_0x7f9ec6155d20;
    %load/vec4 v0x7f9ec6155dd0_0;
    %flag_set/vec4 8;
    %jmp/0xz  T_60.0, 8;
    %load/vec4 v0x7f9ec6156440_0;
    %assign/vec4 v0x7f9ec61567f0_0, 0;
T_60.0 ;
    %jmp T_60;
    .thread T_60;
    .scope S_0x7f9ec6155ad0;
T_61 ;
    %wait E_0x7f9ec6155c90;
    %load/vec4 v0x7f9ec6155dd0_0;
    %flag_set/vec4 8;
    %jmp/0xz  T_61.0, 8;
    %load/vec4 v0x7f9ec6155fd0_0;
    %assign/vec4 v0x7f9ec6156a20_0, 0;
T_61.0 ;
    %jmp T_61;
    .thread T_61;
    .scope S_0x7f9ec6155ad0;
T_62 ;
    %wait E_0x7f9ec6155cd0;
    %load/vec4 v0x7f9ec6155dd0_0;
    %flag_set/vec4 8;
    %jmp/0xz  T_62.0, 8;
    %load/vec4 v0x7f9ec6156070_0;
    %assign/vec4 v0x7f9ec6156ab0_0, 0;
T_62.0 ;
    %jmp T_62;
    .thread T_62;
    .scope S_0x7f9ec6155ad0;
T_63 ;
    %wait E_0x7f9ec6155c90;
    %load/vec4 v0x7f9ec6155dd0_0;
    %flag_set/vec4 8;
    %jmp/0xz  T_63.0, 8;
    %load/vec4 v0x7f9ec6156330_0;
    %assign/vec4 v0x7f9ec6156c70_0, 0;
T_63.0 ;
    %jmp T_63;
    .thread T_63;
    .scope S_0x7f9ec4dcbcc0;
T_64 ;
    %wait E_0x7f9ec6154460;
    %load/vec4 v0x7f9ec6156750_0;
    %store/vec4 v0x7f9ec6156610_0, 0, 1;
    %load/vec4 v0x7f9ec61567f0_0;
    %store/vec4 v0x7f9ec61566b0_0, 0, 1;
    %jmp T_64;
    .thread T_64, $push;
    .scope S_0x7f9ec4dcbcc0;
T_65 ;
    %wait E_0x7f9ec6116220;
    %load/vec4 v0x7f9ec6156290_0;
    %assign/vec4 v0x7f9ec6156b40_0, 0;
    %jmp T_65;
    .thread T_65, $push;
    .scope S_0x7f9ec4dcbcc0;
T_66 ;
    %wait E_0x7f9ec61161d0;
    %load/vec4 v0x7f9ec6156b40_0;
    %assign/vec4 v0x7f9ec6156bd0_0, 0;
    %jmp T_66;
    .thread T_66, $push;
    .scope S_0x7f9ec4dcbcc0;
T_67 ;
    %wait E_0x7f9ec6116160;
    %load/vec4 v0x7f9ec6156bd0_0;
    %pushi/vec4 0, 0, 1;
    %xor;
    %flag_set/vec4 8;
    %jmp/1 T_67.2, 8;
    %pushi/vec4 0, 0, 1;
    %flag_set/vec4 9;
    %flag_or 8, 9;
T_67.2;
    %jmp/0 T_67.0, 8;
    %load/vec4 v0x7f9ec6156a20_0;
    %jmp/1 T_67.1, 8;
T_67.0 ; End of true expr.
    %load/vec4 v0x7f9ec6156ab0_0;
    %jmp/0 T_67.1, 8;
 ; End of false expr.
    %blend;
T_67.1;
    %store/vec4 v0x7f9ec6156890_0, 0, 1;
    %jmp T_67;
    .thread T_67, $push;
    .scope S_0x7f9ec6156ed0;
T_68 ;
    %wait E_0x7f9ec61571a0;
    %load/vec4 v0x7f9ec61571f0_0;
    %flag_set/vec4 8;
    %jmp/0xz  T_68.0, 8;
    %load/vec4 v0x7f9ec6157860_0;
    %assign/vec4 v0x7f9ec6157a30_0, 0;
T_68.0 ;
    %jmp T_68;
    .thread T_68;
    .scope S_0x7f9ec6156ed0;
T_69 ;
    %wait E_0x7f9ec6157140;
    %load/vec4 v0x7f9ec61571f0_0;
    %flag_set/vec4 8;
    %jmp/0xz  T_69.0, 8;
    %load/vec4 v0x7f9ec6157860_0;
    %assign/vec4 v0x7f9ec6157ad0_0, 0;
T_69.0 ;
    %jmp T_69;
    .thread T_69;
    .scope S_0x7f9ec6156ed0;
T_70 ;
    %wait E_0x7f9ec6157090;
    %load/vec4 v0x7f9ec61571f0_0;
    %flag_set/vec4 8;
    %jmp/0xz  T_70.0, 8;
    %load/vec4 v0x7f9ec61573f0_0;
    %assign/vec4 v0x7f9ec6157c10_0, 0;
T_70.0 ;
    %jmp T_70;
    .thread T_70;
    .scope S_0x7f9ec6156ed0;
T_71 ;
    %wait E_0x7f9ec61570f0;
    %load/vec4 v0x7f9ec61571f0_0;
    %flag_set/vec4 8;
    %jmp/0xz  T_71.0, 8;
    %load/vec4 v0x7f9ec6157490_0;
    %assign/vec4 v0x7f9ec6157cb0_0, 0;
T_71.0 ;
    %jmp T_71;
    .thread T_71;
    .scope S_0x7f9ec6156ed0;
T_72 ;
    %wait E_0x7f9ec6157090;
    %load/vec4 v0x7f9ec61571f0_0;
    %flag_set/vec4 8;
    %jmp/0xz  T_72.0, 8;
    %load/vec4 v0x7f9ec6157750_0;
    %assign/vec4 v0x7f9ec6157f60_0, 0;
T_72.0 ;
    %jmp T_72;
    .thread T_72;
    .scope S_0x7f9ec6132780;
T_73 ;
    %wait E_0x7f9ec4d15650;
    %load/vec4 v0x7f9ec6157a30_0;
    %store/vec4 v0x7f9ec61578f0_0, 0, 1;
    %load/vec4 v0x7f9ec6157ad0_0;
    %store/vec4 v0x7f9ec6157990_0, 0, 1;
    %jmp T_73;
    .thread T_73, $push;
    .scope S_0x7f9ec6132780;
T_74 ;
    %wait E_0x7f9ec6156e70;
    %load/vec4 v0x7f9ec61576b0_0;
    %assign/vec4 v0x7f9ec6157e40_0, 0;
    %jmp T_74;
    .thread T_74, $push;
    .scope S_0x7f9ec6132780;
T_75 ;
    %wait E_0x7f9ec6156e30;
    %load/vec4 v0x7f9ec6157e40_0;
    %assign/vec4 v0x7f9ec6157ed0_0, 0;
    %jmp T_75;
    .thread T_75, $push;
    .scope S_0x7f9ec6132780;
T_76 ;
    %wait E_0x7f9ec61563c0;
    %load/vec4 v0x7f9ec6157ed0_0;
    %pushi/vec4 0, 0, 1;
    %xor;
    %flag_set/vec4 8;
    %jmp/1 T_76.2, 8;
    %pushi/vec4 0, 0, 1;
    %flag_set/vec4 9;
    %flag_or 8, 9;
T_76.2;
    %jmp/0 T_76.0, 8;
    %load/vec4 v0x7f9ec6157c10_0;
    %jmp/1 T_76.1, 8;
T_76.0 ; End of true expr.
    %load/vec4 v0x7f9ec6157cb0_0;
    %jmp/0 T_76.1, 8;
 ; End of false expr.
    %blend;
T_76.1;
    %store/vec4 v0x7f9ec6157b70_0, 0, 1;
    %jmp T_76;
    .thread T_76, $push;
    .scope S_0x7f9ec6116bc0;
T_77 ;
    %wait E_0x7f9ec6159fe0;
    %load/vec4 v0x7f9ec615afc0_0;
    %flag_set/vec4 8;
    %jmp/0xz  T_77.0, 8;
    %pushi/vec4 0, 0, 16;
    %assign/vec4 v0x7f9ec615f630_0, 0;
    %pushi/vec4 0, 0, 16;
    %assign/vec4 v0x7f9ec615f4d0_0, 0;
    %jmp T_77.1;
T_77.0 ;
    %load/vec4 v0x7f9ec615a950_0;
    %flag_set/vec4 8;
    %jmp/0xz  T_77.2, 8;
    %load/vec4 v0x7f9ec615a9f0_0;
    %nor/r;
    %flag_set/vec4 8;
    %jmp/0xz  T_77.4, 8;
    %load/vec4 v0x7f9ec615a8a0_0;
    %assign/vec4 v0x7f9ec615f630_0, 0;
T_77.4 ;
    %load/vec4 v0x7f9ec615a390_0;
    %nor/r;
    %flag_set/vec4 8;
    %jmp/0xz  T_77.6, 8;
    %load/vec4 v0x7f9ec615a020_0;
    %assign/vec4 v0x7f9ec615f4d0_0, 0;
T_77.6 ;
T_77.2 ;
T_77.1 ;
    %jmp T_77;
    .thread T_77;
    .scope S_0x7f9ec6116bc0;
T_78 ;
    %wait E_0x7f9ec6159f80;
    %load/vec4 v0x7f9ec615af20_0;
    %flag_set/vec4 8;
    %jmp/0xz  T_78.0, 8;
    %pushi/vec4 0, 0, 16;
    %assign/vec4 v0x7f9ec615f580_0, 0;
    %pushi/vec4 0, 0, 16;
    %assign/vec4 v0x7f9ec615f6e0_0, 0;
    %jmp T_78.1;
T_78.0 ;
    %load/vec4 v0x7f9ec615a950_0;
    %flag_set/vec4 8;
    %jmp/0xz  T_78.2, 8;
    %load/vec4 v0x7f9ec615a6a0_0;
    %nor/r;
    %flag_set/vec4 8;
    %jmp/0xz  T_78.4, 8;
    %load/vec4 v0x7f9ec615a590_0;
    %assign/vec4 v0x7f9ec615f580_0, 0;
T_78.4 ;
    %load/vec4 v0x7f9ec615ade0_0;
    %nor/r;
    %flag_set/vec4 8;
    %jmp/0xz  T_78.6, 8;
    %load/vec4 v0x7f9ec615ad50_0;
    %assign/vec4 v0x7f9ec615f6e0_0, 0;
T_78.6 ;
T_78.2 ;
T_78.1 ;
    %jmp T_78;
    .thread T_78;
    .scope S_0x7f9ec6116bc0;
T_79 ;
    %wait E_0x7f9ec6159fe0;
    %load/vec4 v0x7f9ec615afc0_0;
    %flag_set/vec4 8;
    %jmp/0xz  T_79.0, 8;
    %pushi/vec4 0, 0, 16;
    %assign/vec4 v0x7f9ec615f790_0, 0;
    %pushi/vec4 0, 0, 16;
    %assign/vec4 v0x7f9ec615f9a0_0, 0;
    %jmp T_79.1;
T_79.0 ;
    %load/vec4 v0x7f9ec615a950_0;
    %flag_set/vec4 8;
    %jmp/0xz  T_79.2, 8;
    %load/vec4 v0x7f9ec615f210_0;
    %assign/vec4 v0x7f9ec615f790_0, 0;
    %load/vec4 v0x7f9ec615f370_0;
    %assign/vec4 v0x7f9ec615f9a0_0, 0;
T_79.2 ;
T_79.1 ;
    %jmp T_79;
    .thread T_79;
    .scope S_0x7f9ec6116bc0;
T_80 ;
    %wait E_0x7f9ec6159f80;
    %load/vec4 v0x7f9ec615af20_0;
    %flag_set/vec4 8;
    %jmp/0xz  T_80.0, 8;
    %pushi/vec4 0, 0, 16;
    %assign/vec4 v0x7f9ec615fa50_0, 0;
    %pushi/vec4 0, 0, 16;
    %assign/vec4 v0x7f9ec615f840_0, 0;
    %jmp T_80.1;
T_80.0 ;
    %load/vec4 v0x7f9ec615a950_0;
    %flag_set/vec4 8;
    %jmp/0xz  T_80.2, 8;
    %load/vec4 v0x7f9ec615f2c0_0;
    %assign/vec4 v0x7f9ec615fa50_0, 0;
    %load/vec4 v0x7f9ec615f420_0;
    %assign/vec4 v0x7f9ec615f840_0, 0;
T_80.2 ;
T_80.1 ;
    %jmp T_80;
    .thread T_80;
    .scope S_0x7f9ec6116bc0;
T_81 ;
    %wait E_0x7f9ec6159f80;
    %load/vec4 v0x7f9ec615af20_0;
    %flag_set/vec4 8;
    %jmp/0xz  T_81.0, 8;
    %pushi/vec4 0, 0, 32;
    %assign/vec4 v0x7f9ec615f8f0_0, 0;
    %jmp T_81.1;
T_81.0 ;
    %load/vec4 v0x7f9ec615a950_0;
    %flag_set/vec4 8;
    %jmp/0xz  T_81.2, 8;
    %load/vec4 v0x7f9ec615ebe0_0;
    %assign/vec4 v0x7f9ec615f8f0_0, 0;
T_81.2 ;
T_81.1 ;
    %jmp T_81;
    .thread T_81;
    .scope S_0x7f9ec6116bc0;
T_82 ;
    %wait E_0x7f9ec6159f30;
    %load/vec4 v0x7f9ec615b570_0;
    %flag_set/vec4 8;
    %jmp/0xz  T_82.0, 8;
    %pushi/vec4 0, 0, 16;
    %assign/vec4 v0x7f9ec615fb00_0, 0;
    %jmp T_82.1;
T_82.0 ;
    %load/vec4 v0x7f9ec615a950_0;
    %flag_set/vec4 8;
    %jmp/0xz  T_82.2, 8;
    %load/vec4 v0x7f9ec615b2f0_0;
    %nor/r;
    %flag_set/vec4 8;
    %jmp/0xz  T_82.4, 8;
    %load/vec4 v0x7f9ec615ec90_0;
    %assign/vec4 v0x7f9ec615fb00_0, 0;
T_82.4 ;
T_82.2 ;
T_82.1 ;
    %jmp T_82;
    .thread T_82;
    .scope S_0x7f9ec6116bc0;
T_83 ;
    %wait E_0x7f9ec6159650;
    %load/vec4 v0x7f9ec615b4d0_0;
    %flag_set/vec4 8;
    %jmp/0xz  T_83.0, 8;
    %pushi/vec4 0, 0, 16;
    %assign/vec4 v0x7f9ec615fbb0_0, 0;
    %jmp T_83.1;
T_83.0 ;
    %load/vec4 v0x7f9ec615a950_0;
    %flag_set/vec4 8;
    %jmp/0xz  T_83.2, 8;
    %load/vec4 v0x7f9ec615b250_0;
    %nor/r;
    %flag_set/vec4 8;
    %jmp/0xz  T_83.4, 8;
    %load/vec4 v0x7f9ec615edf0_0;
    %assign/vec4 v0x7f9ec615fbb0_0, 0;
T_83.4 ;
T_83.2 ;
T_83.1 ;
    %jmp T_83;
    .thread T_83;
    .scope S_0x7f9ec6162e60;
T_84 ;
    %pushi/vec4 0, 0, 32;
    %store/vec4 v0x7f9ec61658e0_0, 0, 32;
T_84.0 ; Top of for-loop 
    %load/vec4 v0x7f9ec61658e0_0;
    %cmpi/s 16, 0, 32;
    %jmp/0xz T_84.1, 5;
    %pushi/vec4 0, 0, 256;
    %load/vec4 v0x7f9ec61658e0_0;
    %muli 16, 0, 32;
    %part/s 16;
    %pushi/vec4 0, 0, 32;
    %load/vec4 v0x7f9ec61658e0_0;
    %add;
    %ix/vec4/s 4;
    %store/vec4a v0x7f9ec6165990, 4, 0;
    %pushi/vec4 0, 0, 256;
    %load/vec4 v0x7f9ec61658e0_0;
    %muli 16, 0, 32;
    %part/s 16;
    %pushi/vec4 16, 0, 32;
    %load/vec4 v0x7f9ec61658e0_0;
    %add;
    %ix/vec4/s 4;
    %store/vec4a v0x7f9ec6165990, 4, 0;
    %pushi/vec4 0, 0, 256;
    %load/vec4 v0x7f9ec61658e0_0;
    %muli 16, 0, 32;
    %part/s 16;
    %pushi/vec4 32, 0, 32;
    %load/vec4 v0x7f9ec61658e0_0;
    %add;
    %ix/vec4/s 4;
    %store/vec4a v0x7f9ec6165990, 4, 0;
    %pushi/vec4 0, 0, 256;
    %load/vec4 v0x7f9ec61658e0_0;
    %muli 16, 0, 32;
    %part/s 16;
    %pushi/vec4 48, 0, 32;
    %load/vec4 v0x7f9ec61658e0_0;
    %add;
    %ix/vec4/s 4;
    %store/vec4a v0x7f9ec6165990, 4, 0;
    %pushi/vec4 0, 0, 256;
    %load/vec4 v0x7f9ec61658e0_0;
    %muli 16, 0, 32;
    %part/s 16;
    %pushi/vec4 64, 0, 32;
    %load/vec4 v0x7f9ec61658e0_0;
    %add;
    %ix/vec4/s 4;
    %store/vec4a v0x7f9ec6165990, 4, 0;
    %pushi/vec4 0, 0, 256;
    %load/vec4 v0x7f9ec61658e0_0;
    %muli 16, 0, 32;
    %part/s 16;
    %pushi/vec4 80, 0, 32;
    %load/vec4 v0x7f9ec61658e0_0;
    %add;
    %ix/vec4/s 4;
    %store/vec4a v0x7f9ec6165990, 4, 0;
    %pushi/vec4 0, 0, 256;
    %load/vec4 v0x7f9ec61658e0_0;
    %muli 16, 0, 32;
    %part/s 16;
    %pushi/vec4 96, 0, 32;
    %load/vec4 v0x7f9ec61658e0_0;
    %add;
    %ix/vec4/s 4;
    %store/vec4a v0x7f9ec6165990, 4, 0;
    %pushi/vec4 0, 0, 256;
    %load/vec4 v0x7f9ec61658e0_0;
    %muli 16, 0, 32;
    %part/s 16;
    %pushi/vec4 112, 0, 32;
    %load/vec4 v0x7f9ec61658e0_0;
    %add;
    %ix/vec4/s 4;
    %store/vec4a v0x7f9ec6165990, 4, 0;
    %pushi/vec4 0, 0, 256;
    %load/vec4 v0x7f9ec61658e0_0;
    %muli 16, 0, 32;
    %part/s 16;
    %pushi/vec4 128, 0, 32;
    %load/vec4 v0x7f9ec61658e0_0;
    %add;
    %ix/vec4/s 4;
    %store/vec4a v0x7f9ec6165990, 4, 0;
    %pushi/vec4 0, 0, 256;
    %load/vec4 v0x7f9ec61658e0_0;
    %muli 16, 0, 32;
    %part/s 16;
    %pushi/vec4 144, 0, 32;
    %load/vec4 v0x7f9ec61658e0_0;
    %add;
    %ix/vec4/s 4;
    %store/vec4a v0x7f9ec6165990, 4, 0;
    %pushi/vec4 0, 0, 256;
    %load/vec4 v0x7f9ec61658e0_0;
    %muli 16, 0, 32;
    %part/s 16;
    %pushi/vec4 160, 0, 32;
    %load/vec4 v0x7f9ec61658e0_0;
    %add;
    %ix/vec4/s 4;
    %store/vec4a v0x7f9ec6165990, 4, 0;
    %pushi/vec4 0, 0, 256;
    %load/vec4 v0x7f9ec61658e0_0;
    %muli 16, 0, 32;
    %part/s 16;
    %pushi/vec4 176, 0, 32;
    %load/vec4 v0x7f9ec61658e0_0;
    %add;
    %ix/vec4/s 4;
    %store/vec4a v0x7f9ec6165990, 4, 0;
    %pushi/vec4 0, 0, 256;
    %load/vec4 v0x7f9ec61658e0_0;
    %muli 16, 0, 32;
    %part/s 16;
    %pushi/vec4 192, 0, 32;
    %load/vec4 v0x7f9ec61658e0_0;
    %add;
    %ix/vec4/s 4;
    %store/vec4a v0x7f9ec6165990, 4, 0;
    %pushi/vec4 0, 0, 256;
    %load/vec4 v0x7f9ec61658e0_0;
    %muli 16, 0, 32;
    %part/s 16;
    %pushi/vec4 208, 0, 32;
    %load/vec4 v0x7f9ec61658e0_0;
    %add;
    %ix/vec4/s 4;
    %store/vec4a v0x7f9ec6165990, 4, 0;
    %pushi/vec4 0, 0, 256;
    %load/vec4 v0x7f9ec61658e0_0;
    %muli 16, 0, 32;
    %part/s 16;
    %pushi/vec4 224, 0, 32;
    %load/vec4 v0x7f9ec61658e0_0;
    %add;
    %ix/vec4/s 4;
    %store/vec4a v0x7f9ec6165990, 4, 0;
    %pushi/vec4 0, 0, 256;
    %load/vec4 v0x7f9ec61658e0_0;
    %muli 16, 0, 32;
    %part/s 16;
    %pushi/vec4 240, 0, 32;
    %load/vec4 v0x7f9ec61658e0_0;
    %add;
    %ix/vec4/s 4;
    %store/vec4a v0x7f9ec6165990, 4, 0;
T_84.2 ; for-loop step statement
    %load/vec4 v0x7f9ec61658e0_0;
    %addi 1, 0, 32;
    %store/vec4 v0x7f9ec61658e0_0, 0, 32;
    %jmp T_84.0;
T_84.1 ; for-loop exit label
    %end;
    .thread T_84;
    .scope S_0x7f9ec6162e60;
T_85 ;
    %wait E_0x7f9ec6164740;
    %load/vec4 v0x7f9ec6165790_0;
    %flag_set/vec4 9;
    %flag_get/vec4 9;
    %jmp/0 T_85.2, 9;
    %load/vec4 v0x7f9ec6165590_0;
    %and;
T_85.2;
    %flag_set/vec4 8;
    %jmp/0xz  T_85.0, 8;
    %load/vec4 v0x7f9ec6165830_0;
    %parti/s 1, 0, 2;
    %nor/r;
    %flag_set/vec4 8;
    %jmp/0xz  T_85.3, 8;
    %load/vec4 v0x7f9ec61656e0_0;
    %parti/s 1, 0, 2;
    %load/vec4 v0x7f9ec61653e0_0;
    %parti/s 8, 0, 2;
    %pad/u 10;
    %ix/vec4 3;
    %ix/load 4, 0, 0; Constant delay
    %assign/vec4/a/d v0x7f9ec6165990, 0, 4;
T_85.3 ;
    %load/vec4 v0x7f9ec6165830_0;
    %parti/s 1, 1, 2;
    %nor/r;
    %flag_set/vec4 8;
    %jmp/0xz  T_85.5, 8;
    %load/vec4 v0x7f9ec61656e0_0;
    %parti/s 1, 1, 2;
    %load/vec4 v0x7f9ec61653e0_0;
    %parti/s 8, 0, 2;
    %pad/u 10;
    %ix/vec4 3;
    %ix/load 4, 1, 0; part off
    %ix/load 5, 0, 0; Constant delay
    %assign/vec4/a/d v0x7f9ec6165990, 4, 5;
T_85.5 ;
    %load/vec4 v0x7f9ec6165830_0;
    %parti/s 1, 2, 3;
    %nor/r;
    %flag_set/vec4 8;
    %jmp/0xz  T_85.7, 8;
    %load/vec4 v0x7f9ec61656e0_0;
    %parti/s 1, 2, 3;
    %load/vec4 v0x7f9ec61653e0_0;
    %parti/s 8, 0, 2;
    %pad/u 10;
    %ix/vec4 3;
    %ix/load 4, 2, 0; part off
    %ix/load 5, 0, 0; Constant delay
    %assign/vec4/a/d v0x7f9ec6165990, 4, 5;
T_85.7 ;
    %load/vec4 v0x7f9ec6165830_0;
    %parti/s 1, 3, 3;
    %nor/r;
    %flag_set/vec4 8;
    %jmp/0xz  T_85.9, 8;
    %load/vec4 v0x7f9ec61656e0_0;
    %parti/s 1, 3, 3;
    %load/vec4 v0x7f9ec61653e0_0;
    %parti/s 8, 0, 2;
    %pad/u 10;
    %ix/vec4 3;
    %ix/load 4, 3, 0; part off
    %ix/load 5, 0, 0; Constant delay
    %assign/vec4/a/d v0x7f9ec6165990, 4, 5;
T_85.9 ;
    %load/vec4 v0x7f9ec6165830_0;
    %parti/s 1, 4, 4;
    %nor/r;
    %flag_set/vec4 8;
    %jmp/0xz  T_85.11, 8;
    %load/vec4 v0x7f9ec61656e0_0;
    %parti/s 1, 4, 4;
    %load/vec4 v0x7f9ec61653e0_0;
    %parti/s 8, 0, 2;
    %pad/u 10;
    %ix/vec4 3;
    %ix/load 4, 4, 0; part off
    %ix/load 5, 0, 0; Constant delay
    %assign/vec4/a/d v0x7f9ec6165990, 4, 5;
T_85.11 ;
    %load/vec4 v0x7f9ec6165830_0;
    %parti/s 1, 5, 4;
    %nor/r;
    %flag_set/vec4 8;
    %jmp/0xz  T_85.13, 8;
    %load/vec4 v0x7f9ec61656e0_0;
    %parti/s 1, 5, 4;
    %load/vec4 v0x7f9ec61653e0_0;
    %parti/s 8, 0, 2;
    %pad/u 10;
    %ix/vec4 3;
    %ix/load 4, 5, 0; part off
    %ix/load 5, 0, 0; Constant delay
    %assign/vec4/a/d v0x7f9ec6165990, 4, 5;
T_85.13 ;
    %load/vec4 v0x7f9ec6165830_0;
    %parti/s 1, 6, 4;
    %nor/r;
    %flag_set/vec4 8;
    %jmp/0xz  T_85.15, 8;
    %load/vec4 v0x7f9ec61656e0_0;
    %parti/s 1, 6, 4;
    %load/vec4 v0x7f9ec61653e0_0;
    %parti/s 8, 0, 2;
    %pad/u 10;
    %ix/vec4 3;
    %ix/load 4, 6, 0; part off
    %ix/load 5, 0, 0; Constant delay
    %assign/vec4/a/d v0x7f9ec6165990, 4, 5;
T_85.15 ;
    %load/vec4 v0x7f9ec6165830_0;
    %parti/s 1, 7, 4;
    %nor/r;
    %flag_set/vec4 8;
    %jmp/0xz  T_85.17, 8;
    %load/vec4 v0x7f9ec61656e0_0;
    %parti/s 1, 7, 4;
    %load/vec4 v0x7f9ec61653e0_0;
    %parti/s 8, 0, 2;
    %pad/u 10;
    %ix/vec4 3;
    %ix/load 4, 7, 0; part off
    %ix/load 5, 0, 0; Constant delay
    %assign/vec4/a/d v0x7f9ec6165990, 4, 5;
T_85.17 ;
    %load/vec4 v0x7f9ec6165830_0;
    %parti/s 1, 8, 5;
    %nor/r;
    %flag_set/vec4 8;
    %jmp/0xz  T_85.19, 8;
    %load/vec4 v0x7f9ec61656e0_0;
    %parti/s 1, 8, 5;
    %load/vec4 v0x7f9ec61653e0_0;
    %parti/s 8, 0, 2;
    %pad/u 10;
    %ix/vec4 3;
    %ix/load 4, 8, 0; part off
    %ix/load 5, 0, 0; Constant delay
    %assign/vec4/a/d v0x7f9ec6165990, 4, 5;
T_85.19 ;
    %load/vec4 v0x7f9ec6165830_0;
    %parti/s 1, 9, 5;
    %nor/r;
    %flag_set/vec4 8;
    %jmp/0xz  T_85.21, 8;
    %load/vec4 v0x7f9ec61656e0_0;
    %parti/s 1, 9, 5;
    %load/vec4 v0x7f9ec61653e0_0;
    %parti/s 8, 0, 2;
    %pad/u 10;
    %ix/vec4 3;
    %ix/load 4, 9, 0; part off
    %ix/load 5, 0, 0; Constant delay
    %assign/vec4/a/d v0x7f9ec6165990, 4, 5;
T_85.21 ;
    %load/vec4 v0x7f9ec6165830_0;
    %parti/s 1, 10, 5;
    %nor/r;
    %flag_set/vec4 8;
    %jmp/0xz  T_85.23, 8;
    %load/vec4 v0x7f9ec61656e0_0;
    %parti/s 1, 10, 5;
    %load/vec4 v0x7f9ec61653e0_0;
    %parti/s 8, 0, 2;
    %pad/u 10;
    %ix/vec4 3;
    %ix/load 4, 10, 0; part off
    %ix/load 5, 0, 0; Constant delay
    %assign/vec4/a/d v0x7f9ec6165990, 4, 5;
T_85.23 ;
    %load/vec4 v0x7f9ec6165830_0;
    %parti/s 1, 11, 5;
    %nor/r;
    %flag_set/vec4 8;
    %jmp/0xz  T_85.25, 8;
    %load/vec4 v0x7f9ec61656e0_0;
    %parti/s 1, 11, 5;
    %load/vec4 v0x7f9ec61653e0_0;
    %parti/s 8, 0, 2;
    %pad/u 10;
    %ix/vec4 3;
    %ix/load 4, 11, 0; part off
    %ix/load 5, 0, 0; Constant delay
    %assign/vec4/a/d v0x7f9ec6165990, 4, 5;
T_85.25 ;
    %load/vec4 v0x7f9ec6165830_0;
    %parti/s 1, 12, 5;
    %nor/r;
    %flag_set/vec4 8;
    %jmp/0xz  T_85.27, 8;
    %load/vec4 v0x7f9ec61656e0_0;
    %parti/s 1, 12, 5;
    %load/vec4 v0x7f9ec61653e0_0;
    %parti/s 8, 0, 2;
    %pad/u 10;
    %ix/vec4 3;
    %ix/load 4, 12, 0; part off
    %ix/load 5, 0, 0; Constant delay
    %assign/vec4/a/d v0x7f9ec6165990, 4, 5;
T_85.27 ;
    %load/vec4 v0x7f9ec6165830_0;
    %parti/s 1, 13, 5;
    %nor/r;
    %flag_set/vec4 8;
    %jmp/0xz  T_85.29, 8;
    %load/vec4 v0x7f9ec61656e0_0;
    %parti/s 1, 13, 5;
    %load/vec4 v0x7f9ec61653e0_0;
    %parti/s 8, 0, 2;
    %pad/u 10;
    %ix/vec4 3;
    %ix/load 4, 13, 0; part off
    %ix/load 5, 0, 0; Constant delay
    %assign/vec4/a/d v0x7f9ec6165990, 4, 5;
T_85.29 ;
    %load/vec4 v0x7f9ec6165830_0;
    %parti/s 1, 14, 5;
    %nor/r;
    %flag_set/vec4 8;
    %jmp/0xz  T_85.31, 8;
    %load/vec4 v0x7f9ec61656e0_0;
    %parti/s 1, 14, 5;
    %load/vec4 v0x7f9ec61653e0_0;
    %parti/s 8, 0, 2;
    %pad/u 10;
    %ix/vec4 3;
    %ix/load 4, 14, 0; part off
    %ix/load 5, 0, 0; Constant delay
    %assign/vec4/a/d v0x7f9ec6165990, 4, 5;
T_85.31 ;
    %load/vec4 v0x7f9ec6165830_0;
    %parti/s 1, 15, 5;
    %nor/r;
    %flag_set/vec4 8;
    %jmp/0xz  T_85.33, 8;
    %load/vec4 v0x7f9ec61656e0_0;
    %parti/s 1, 15, 5;
    %load/vec4 v0x7f9ec61653e0_0;
    %parti/s 8, 0, 2;
    %pad/u 10;
    %ix/vec4 3;
    %ix/load 4, 15, 0; part off
    %ix/load 5, 0, 0; Constant delay
    %assign/vec4/a/d v0x7f9ec6165990, 4, 5;
T_85.33 ;
T_85.0 ;
    %jmp T_85;
    .thread T_85;
    .scope S_0x7f9ec6162e60;
T_86 ;
    %wait E_0x7f9ec61646e0;
    %load/vec4 v0x7f9ec6165290_0;
    %flag_set/vec4 9;
    %flag_get/vec4 9;
    %jmp/0 T_86.2, 9;
    %load/vec4 v0x7f9ec6165050_0;
    %and;
T_86.2;
    %flag_set/vec4 8;
    %jmp/0xz  T_86.0, 8;
    %load/vec4 v0x7f9ec6164ef0_0;
    %parti/s 8, 0, 2;
    %pad/u 10;
    %ix/vec4 4;
    %load/vec4a v0x7f9ec6165990, 4;
    %load/vec4 v0x7f9ec6165330_0;
    %inv;
    %and;
    %assign/vec4 v0x7f9ec61651e0_0, 0;
T_86.0 ;
    %jmp T_86;
    .thread T_86;
    .scope S_0x7f9ec61663e0;
T_87 ;
    %pushi/vec4 0, 0, 32;
    %store/vec4 v0x7f9ec6168ea0_0, 0, 32;
T_87.0 ; Top of for-loop 
    %load/vec4 v0x7f9ec6168ea0_0;
    %cmpi/s 16, 0, 32;
    %jmp/0xz T_87.1, 5;
    %pushi/vec4 0, 0, 256;
    %load/vec4 v0x7f9ec6168ea0_0;
    %muli 16, 0, 32;
    %part/s 16;
    %pushi/vec4 0, 0, 32;
    %load/vec4 v0x7f9ec6168ea0_0;
    %add;
    %ix/vec4/s 4;
    %store/vec4a v0x7f9ec6168f50, 4, 0;
    %pushi/vec4 0, 0, 256;
    %load/vec4 v0x7f9ec6168ea0_0;
    %muli 16, 0, 32;
    %part/s 16;
    %pushi/vec4 16, 0, 32;
    %load/vec4 v0x7f9ec6168ea0_0;
    %add;
    %ix/vec4/s 4;
    %store/vec4a v0x7f9ec6168f50, 4, 0;
    %pushi/vec4 0, 0, 256;
    %load/vec4 v0x7f9ec6168ea0_0;
    %muli 16, 0, 32;
    %part/s 16;
    %pushi/vec4 32, 0, 32;
    %load/vec4 v0x7f9ec6168ea0_0;
    %add;
    %ix/vec4/s 4;
    %store/vec4a v0x7f9ec6168f50, 4, 0;
    %pushi/vec4 0, 0, 256;
    %load/vec4 v0x7f9ec6168ea0_0;
    %muli 16, 0, 32;
    %part/s 16;
    %pushi/vec4 48, 0, 32;
    %load/vec4 v0x7f9ec6168ea0_0;
    %add;
    %ix/vec4/s 4;
    %store/vec4a v0x7f9ec6168f50, 4, 0;
    %pushi/vec4 0, 0, 256;
    %load/vec4 v0x7f9ec6168ea0_0;
    %muli 16, 0, 32;
    %part/s 16;
    %pushi/vec4 64, 0, 32;
    %load/vec4 v0x7f9ec6168ea0_0;
    %add;
    %ix/vec4/s 4;
    %store/vec4a v0x7f9ec6168f50, 4, 0;
    %pushi/vec4 0, 0, 256;
    %load/vec4 v0x7f9ec6168ea0_0;
    %muli 16, 0, 32;
    %part/s 16;
    %pushi/vec4 80, 0, 32;
    %load/vec4 v0x7f9ec6168ea0_0;
    %add;
    %ix/vec4/s 4;
    %store/vec4a v0x7f9ec6168f50, 4, 0;
    %pushi/vec4 0, 0, 256;
    %load/vec4 v0x7f9ec6168ea0_0;
    %muli 16, 0, 32;
    %part/s 16;
    %pushi/vec4 96, 0, 32;
    %load/vec4 v0x7f9ec6168ea0_0;
    %add;
    %ix/vec4/s 4;
    %store/vec4a v0x7f9ec6168f50, 4, 0;
    %pushi/vec4 0, 0, 256;
    %load/vec4 v0x7f9ec6168ea0_0;
    %muli 16, 0, 32;
    %part/s 16;
    %pushi/vec4 112, 0, 32;
    %load/vec4 v0x7f9ec6168ea0_0;
    %add;
    %ix/vec4/s 4;
    %store/vec4a v0x7f9ec6168f50, 4, 0;
    %pushi/vec4 0, 0, 256;
    %load/vec4 v0x7f9ec6168ea0_0;
    %muli 16, 0, 32;
    %part/s 16;
    %pushi/vec4 128, 0, 32;
    %load/vec4 v0x7f9ec6168ea0_0;
    %add;
    %ix/vec4/s 4;
    %store/vec4a v0x7f9ec6168f50, 4, 0;
    %pushi/vec4 0, 0, 256;
    %load/vec4 v0x7f9ec6168ea0_0;
    %muli 16, 0, 32;
    %part/s 16;
    %pushi/vec4 144, 0, 32;
    %load/vec4 v0x7f9ec6168ea0_0;
    %add;
    %ix/vec4/s 4;
    %store/vec4a v0x7f9ec6168f50, 4, 0;
    %pushi/vec4 0, 0, 256;
    %load/vec4 v0x7f9ec6168ea0_0;
    %muli 16, 0, 32;
    %part/s 16;
    %pushi/vec4 160, 0, 32;
    %load/vec4 v0x7f9ec6168ea0_0;
    %add;
    %ix/vec4/s 4;
    %store/vec4a v0x7f9ec6168f50, 4, 0;
    %pushi/vec4 0, 0, 256;
    %load/vec4 v0x7f9ec6168ea0_0;
    %muli 16, 0, 32;
    %part/s 16;
    %pushi/vec4 176, 0, 32;
    %load/vec4 v0x7f9ec6168ea0_0;
    %add;
    %ix/vec4/s 4;
    %store/vec4a v0x7f9ec6168f50, 4, 0;
    %pushi/vec4 0, 0, 256;
    %load/vec4 v0x7f9ec6168ea0_0;
    %muli 16, 0, 32;
    %part/s 16;
    %pushi/vec4 192, 0, 32;
    %load/vec4 v0x7f9ec6168ea0_0;
    %add;
    %ix/vec4/s 4;
    %store/vec4a v0x7f9ec6168f50, 4, 0;
    %pushi/vec4 0, 0, 256;
    %load/vec4 v0x7f9ec6168ea0_0;
    %muli 16, 0, 32;
    %part/s 16;
    %pushi/vec4 208, 0, 32;
    %load/vec4 v0x7f9ec6168ea0_0;
    %add;
    %ix/vec4/s 4;
    %store/vec4a v0x7f9ec6168f50, 4, 0;
    %pushi/vec4 0, 0, 256;
    %load/vec4 v0x7f9ec6168ea0_0;
    %muli 16, 0, 32;
    %part/s 16;
    %pushi/vec4 224, 0, 32;
    %load/vec4 v0x7f9ec6168ea0_0;
    %add;
    %ix/vec4/s 4;
    %store/vec4a v0x7f9ec6168f50, 4, 0;
    %pushi/vec4 0, 0, 256;
    %load/vec4 v0x7f9ec6168ea0_0;
    %muli 16, 0, 32;
    %part/s 16;
    %pushi/vec4 240, 0, 32;
    %load/vec4 v0x7f9ec6168ea0_0;
    %add;
    %ix/vec4/s 4;
    %store/vec4a v0x7f9ec6168f50, 4, 0;
T_87.2 ; for-loop step statement
    %load/vec4 v0x7f9ec6168ea0_0;
    %addi 1, 0, 32;
    %store/vec4 v0x7f9ec6168ea0_0, 0, 32;
    %jmp T_87.0;
T_87.1 ; for-loop exit label
    %end;
    .thread T_87;
    .scope S_0x7f9ec61663e0;
T_88 ;
    %wait E_0x7f9ec6167d00;
    %load/vec4 v0x7f9ec6168d50_0;
    %flag_set/vec4 9;
    %flag_get/vec4 9;
    %jmp/0 T_88.2, 9;
    %load/vec4 v0x7f9ec6168b50_0;
    %and;
T_88.2;
    %flag_set/vec4 8;
    %jmp/0xz  T_88.0, 8;
    %load/vec4 v0x7f9ec6168df0_0;
    %parti/s 1, 0, 2;
    %nor/r;
    %flag_set/vec4 8;
    %jmp/0xz  T_88.3, 8;
    %load/vec4 v0x7f9ec6168ca0_0;
    %parti/s 1, 0, 2;
    %load/vec4 v0x7f9ec61689a0_0;
    %parti/s 8, 0, 2;
    %pad/u 10;
    %ix/vec4 3;
    %ix/load 4, 0, 0; Constant delay
    %assign/vec4/a/d v0x7f9ec6168f50, 0, 4;
T_88.3 ;
    %load/vec4 v0x7f9ec6168df0_0;
    %parti/s 1, 1, 2;
    %nor/r;
    %flag_set/vec4 8;
    %jmp/0xz  T_88.5, 8;
    %load/vec4 v0x7f9ec6168ca0_0;
    %parti/s 1, 1, 2;
    %load/vec4 v0x7f9ec61689a0_0;
    %parti/s 8, 0, 2;
    %pad/u 10;
    %ix/vec4 3;
    %ix/load 4, 1, 0; part off
    %ix/load 5, 0, 0; Constant delay
    %assign/vec4/a/d v0x7f9ec6168f50, 4, 5;
T_88.5 ;
    %load/vec4 v0x7f9ec6168df0_0;
    %parti/s 1, 2, 3;
    %nor/r;
    %flag_set/vec4 8;
    %jmp/0xz  T_88.7, 8;
    %load/vec4 v0x7f9ec6168ca0_0;
    %parti/s 1, 2, 3;
    %load/vec4 v0x7f9ec61689a0_0;
    %parti/s 8, 0, 2;
    %pad/u 10;
    %ix/vec4 3;
    %ix/load 4, 2, 0; part off
    %ix/load 5, 0, 0; Constant delay
    %assign/vec4/a/d v0x7f9ec6168f50, 4, 5;
T_88.7 ;
    %load/vec4 v0x7f9ec6168df0_0;
    %parti/s 1, 3, 3;
    %nor/r;
    %flag_set/vec4 8;
    %jmp/0xz  T_88.9, 8;
    %load/vec4 v0x7f9ec6168ca0_0;
    %parti/s 1, 3, 3;
    %load/vec4 v0x7f9ec61689a0_0;
    %parti/s 8, 0, 2;
    %pad/u 10;
    %ix/vec4 3;
    %ix/load 4, 3, 0; part off
    %ix/load 5, 0, 0; Constant delay
    %assign/vec4/a/d v0x7f9ec6168f50, 4, 5;
T_88.9 ;
    %load/vec4 v0x7f9ec6168df0_0;
    %parti/s 1, 4, 4;
    %nor/r;
    %flag_set/vec4 8;
    %jmp/0xz  T_88.11, 8;
    %load/vec4 v0x7f9ec6168ca0_0;
    %parti/s 1, 4, 4;
    %load/vec4 v0x7f9ec61689a0_0;
    %parti/s 8, 0, 2;
    %pad/u 10;
    %ix/vec4 3;
    %ix/load 4, 4, 0; part off
    %ix/load 5, 0, 0; Constant delay
    %assign/vec4/a/d v0x7f9ec6168f50, 4, 5;
T_88.11 ;
    %load/vec4 v0x7f9ec6168df0_0;
    %parti/s 1, 5, 4;
    %nor/r;
    %flag_set/vec4 8;
    %jmp/0xz  T_88.13, 8;
    %load/vec4 v0x7f9ec6168ca0_0;
    %parti/s 1, 5, 4;
    %load/vec4 v0x7f9ec61689a0_0;
    %parti/s 8, 0, 2;
    %pad/u 10;
    %ix/vec4 3;
    %ix/load 4, 5, 0; part off
    %ix/load 5, 0, 0; Constant delay
    %assign/vec4/a/d v0x7f9ec6168f50, 4, 5;
T_88.13 ;
    %load/vec4 v0x7f9ec6168df0_0;
    %parti/s 1, 6, 4;
    %nor/r;
    %flag_set/vec4 8;
    %jmp/0xz  T_88.15, 8;
    %load/vec4 v0x7f9ec6168ca0_0;
    %parti/s 1, 6, 4;
    %load/vec4 v0x7f9ec61689a0_0;
    %parti/s 8, 0, 2;
    %pad/u 10;
    %ix/vec4 3;
    %ix/load 4, 6, 0; part off
    %ix/load 5, 0, 0; Constant delay
    %assign/vec4/a/d v0x7f9ec6168f50, 4, 5;
T_88.15 ;
    %load/vec4 v0x7f9ec6168df0_0;
    %parti/s 1, 7, 4;
    %nor/r;
    %flag_set/vec4 8;
    %jmp/0xz  T_88.17, 8;
    %load/vec4 v0x7f9ec6168ca0_0;
    %parti/s 1, 7, 4;
    %load/vec4 v0x7f9ec61689a0_0;
    %parti/s 8, 0, 2;
    %pad/u 10;
    %ix/vec4 3;
    %ix/load 4, 7, 0; part off
    %ix/load 5, 0, 0; Constant delay
    %assign/vec4/a/d v0x7f9ec6168f50, 4, 5;
T_88.17 ;
    %load/vec4 v0x7f9ec6168df0_0;
    %parti/s 1, 8, 5;
    %nor/r;
    %flag_set/vec4 8;
    %jmp/0xz  T_88.19, 8;
    %load/vec4 v0x7f9ec6168ca0_0;
    %parti/s 1, 8, 5;
    %load/vec4 v0x7f9ec61689a0_0;
    %parti/s 8, 0, 2;
    %pad/u 10;
    %ix/vec4 3;
    %ix/load 4, 8, 0; part off
    %ix/load 5, 0, 0; Constant delay
    %assign/vec4/a/d v0x7f9ec6168f50, 4, 5;
T_88.19 ;
    %load/vec4 v0x7f9ec6168df0_0;
    %parti/s 1, 9, 5;
    %nor/r;
    %flag_set/vec4 8;
    %jmp/0xz  T_88.21, 8;
    %load/vec4 v0x7f9ec6168ca0_0;
    %parti/s 1, 9, 5;
    %load/vec4 v0x7f9ec61689a0_0;
    %parti/s 8, 0, 2;
    %pad/u 10;
    %ix/vec4 3;
    %ix/load 4, 9, 0; part off
    %ix/load 5, 0, 0; Constant delay
    %assign/vec4/a/d v0x7f9ec6168f50, 4, 5;
T_88.21 ;
    %load/vec4 v0x7f9ec6168df0_0;
    %parti/s 1, 10, 5;
    %nor/r;
    %flag_set/vec4 8;
    %jmp/0xz  T_88.23, 8;
    %load/vec4 v0x7f9ec6168ca0_0;
    %parti/s 1, 10, 5;
    %load/vec4 v0x7f9ec61689a0_0;
    %parti/s 8, 0, 2;
    %pad/u 10;
    %ix/vec4 3;
    %ix/load 4, 10, 0; part off
    %ix/load 5, 0, 0; Constant delay
    %assign/vec4/a/d v0x7f9ec6168f50, 4, 5;
T_88.23 ;
    %load/vec4 v0x7f9ec6168df0_0;
    %parti/s 1, 11, 5;
    %nor/r;
    %flag_set/vec4 8;
    %jmp/0xz  T_88.25, 8;
    %load/vec4 v0x7f9ec6168ca0_0;
    %parti/s 1, 11, 5;
    %load/vec4 v0x7f9ec61689a0_0;
    %parti/s 8, 0, 2;
    %pad/u 10;
    %ix/vec4 3;
    %ix/load 4, 11, 0; part off
    %ix/load 5, 0, 0; Constant delay
    %assign/vec4/a/d v0x7f9ec6168f50, 4, 5;
T_88.25 ;
    %load/vec4 v0x7f9ec6168df0_0;
    %parti/s 1, 12, 5;
    %nor/r;
    %flag_set/vec4 8;
    %jmp/0xz  T_88.27, 8;
    %load/vec4 v0x7f9ec6168ca0_0;
    %parti/s 1, 12, 5;
    %load/vec4 v0x7f9ec61689a0_0;
    %parti/s 8, 0, 2;
    %pad/u 10;
    %ix/vec4 3;
    %ix/load 4, 12, 0; part off
    %ix/load 5, 0, 0; Constant delay
    %assign/vec4/a/d v0x7f9ec6168f50, 4, 5;
T_88.27 ;
    %load/vec4 v0x7f9ec6168df0_0;
    %parti/s 1, 13, 5;
    %nor/r;
    %flag_set/vec4 8;
    %jmp/0xz  T_88.29, 8;
    %load/vec4 v0x7f9ec6168ca0_0;
    %parti/s 1, 13, 5;
    %load/vec4 v0x7f9ec61689a0_0;
    %parti/s 8, 0, 2;
    %pad/u 10;
    %ix/vec4 3;
    %ix/load 4, 13, 0; part off
    %ix/load 5, 0, 0; Constant delay
    %assign/vec4/a/d v0x7f9ec6168f50, 4, 5;
T_88.29 ;
    %load/vec4 v0x7f9ec6168df0_0;
    %parti/s 1, 14, 5;
    %nor/r;
    %flag_set/vec4 8;
    %jmp/0xz  T_88.31, 8;
    %load/vec4 v0x7f9ec6168ca0_0;
    %parti/s 1, 14, 5;
    %load/vec4 v0x7f9ec61689a0_0;
    %parti/s 8, 0, 2;
    %pad/u 10;
    %ix/vec4 3;
    %ix/load 4, 14, 0; part off
    %ix/load 5, 0, 0; Constant delay
    %assign/vec4/a/d v0x7f9ec6168f50, 4, 5;
T_88.31 ;
    %load/vec4 v0x7f9ec6168df0_0;
    %parti/s 1, 15, 5;
    %nor/r;
    %flag_set/vec4 8;
    %jmp/0xz  T_88.33, 8;
    %load/vec4 v0x7f9ec6168ca0_0;
    %parti/s 1, 15, 5;
    %load/vec4 v0x7f9ec61689a0_0;
    %parti/s 8, 0, 2;
    %pad/u 10;
    %ix/vec4 3;
    %ix/load 4, 15, 0; part off
    %ix/load 5, 0, 0; Constant delay
    %assign/vec4/a/d v0x7f9ec6168f50, 4, 5;
T_88.33 ;
T_88.0 ;
    %jmp T_88;
    .thread T_88;
    .scope S_0x7f9ec61663e0;
T_89 ;
    %wait E_0x7f9ec6167ca0;
    %load/vec4 v0x7f9ec6168850_0;
    %flag_set/vec4 9;
    %flag_get/vec4 9;
    %jmp/0 T_89.2, 9;
    %load/vec4 v0x7f9ec6168610_0;
    %and;
T_89.2;
    %flag_set/vec4 8;
    %jmp/0xz  T_89.0, 8;
    %load/vec4 v0x7f9ec61684b0_0;
    %parti/s 8, 0, 2;
    %pad/u 10;
    %ix/vec4 4;
    %load/vec4a v0x7f9ec6168f50, 4;
    %load/vec4 v0x7f9ec61688f0_0;
    %inv;
    %and;
    %assign/vec4 v0x7f9ec61687a0_0, 0;
T_89.0 ;
    %jmp T_89;
    .thread T_89;
    .scope S_0x7f9ec61699a0;
T_90 ;
    %pushi/vec4 0, 0, 32;
    %store/vec4 v0x7f9ec616c460_0, 0, 32;
T_90.0 ; Top of for-loop 
    %load/vec4 v0x7f9ec616c460_0;
    %cmpi/s 16, 0, 32;
    %jmp/0xz T_90.1, 5;
    %pushi/vec4 0, 0, 256;
    %load/vec4 v0x7f9ec616c460_0;
    %muli 16, 0, 32;
    %part/s 16;
    %pushi/vec4 0, 0, 32;
    %load/vec4 v0x7f9ec616c460_0;
    %add;
    %ix/vec4/s 4;
    %store/vec4a v0x7f9ec616c510, 4, 0;
    %pushi/vec4 0, 0, 256;
    %load/vec4 v0x7f9ec616c460_0;
    %muli 16, 0, 32;
    %part/s 16;
    %pushi/vec4 16, 0, 32;
    %load/vec4 v0x7f9ec616c460_0;
    %add;
    %ix/vec4/s 4;
    %store/vec4a v0x7f9ec616c510, 4, 0;
    %pushi/vec4 0, 0, 256;
    %load/vec4 v0x7f9ec616c460_0;
    %muli 16, 0, 32;
    %part/s 16;
    %pushi/vec4 32, 0, 32;
    %load/vec4 v0x7f9ec616c460_0;
    %add;
    %ix/vec4/s 4;
    %store/vec4a v0x7f9ec616c510, 4, 0;
    %pushi/vec4 0, 0, 256;
    %load/vec4 v0x7f9ec616c460_0;
    %muli 16, 0, 32;
    %part/s 16;
    %pushi/vec4 48, 0, 32;
    %load/vec4 v0x7f9ec616c460_0;
    %add;
    %ix/vec4/s 4;
    %store/vec4a v0x7f9ec616c510, 4, 0;
    %pushi/vec4 0, 0, 256;
    %load/vec4 v0x7f9ec616c460_0;
    %muli 16, 0, 32;
    %part/s 16;
    %pushi/vec4 64, 0, 32;
    %load/vec4 v0x7f9ec616c460_0;
    %add;
    %ix/vec4/s 4;
    %store/vec4a v0x7f9ec616c510, 4, 0;
    %pushi/vec4 0, 0, 256;
    %load/vec4 v0x7f9ec616c460_0;
    %muli 16, 0, 32;
    %part/s 16;
    %pushi/vec4 80, 0, 32;
    %load/vec4 v0x7f9ec616c460_0;
    %add;
    %ix/vec4/s 4;
    %store/vec4a v0x7f9ec616c510, 4, 0;
    %pushi/vec4 0, 0, 256;
    %load/vec4 v0x7f9ec616c460_0;
    %muli 16, 0, 32;
    %part/s 16;
    %pushi/vec4 96, 0, 32;
    %load/vec4 v0x7f9ec616c460_0;
    %add;
    %ix/vec4/s 4;
    %store/vec4a v0x7f9ec616c510, 4, 0;
    %pushi/vec4 0, 0, 256;
    %load/vec4 v0x7f9ec616c460_0;
    %muli 16, 0, 32;
    %part/s 16;
    %pushi/vec4 112, 0, 32;
    %load/vec4 v0x7f9ec616c460_0;
    %add;
    %ix/vec4/s 4;
    %store/vec4a v0x7f9ec616c510, 4, 0;
    %pushi/vec4 0, 0, 256;
    %load/vec4 v0x7f9ec616c460_0;
    %muli 16, 0, 32;
    %part/s 16;
    %pushi/vec4 128, 0, 32;
    %load/vec4 v0x7f9ec616c460_0;
    %add;
    %ix/vec4/s 4;
    %store/vec4a v0x7f9ec616c510, 4, 0;
    %pushi/vec4 0, 0, 256;
    %load/vec4 v0x7f9ec616c460_0;
    %muli 16, 0, 32;
    %part/s 16;
    %pushi/vec4 144, 0, 32;
    %load/vec4 v0x7f9ec616c460_0;
    %add;
    %ix/vec4/s 4;
    %store/vec4a v0x7f9ec616c510, 4, 0;
    %pushi/vec4 0, 0, 256;
    %load/vec4 v0x7f9ec616c460_0;
    %muli 16, 0, 32;
    %part/s 16;
    %pushi/vec4 160, 0, 32;
    %load/vec4 v0x7f9ec616c460_0;
    %add;
    %ix/vec4/s 4;
    %store/vec4a v0x7f9ec616c510, 4, 0;
    %pushi/vec4 0, 0, 256;
    %load/vec4 v0x7f9ec616c460_0;
    %muli 16, 0, 32;
    %part/s 16;
    %pushi/vec4 176, 0, 32;
    %load/vec4 v0x7f9ec616c460_0;
    %add;
    %ix/vec4/s 4;
    %store/vec4a v0x7f9ec616c510, 4, 0;
    %pushi/vec4 0, 0, 256;
    %load/vec4 v0x7f9ec616c460_0;
    %muli 16, 0, 32;
    %part/s 16;
    %pushi/vec4 192, 0, 32;
    %load/vec4 v0x7f9ec616c460_0;
    %add;
    %ix/vec4/s 4;
    %store/vec4a v0x7f9ec616c510, 4, 0;
    %pushi/vec4 0, 0, 256;
    %load/vec4 v0x7f9ec616c460_0;
    %muli 16, 0, 32;
    %part/s 16;
    %pushi/vec4 208, 0, 32;
    %load/vec4 v0x7f9ec616c460_0;
    %add;
    %ix/vec4/s 4;
    %store/vec4a v0x7f9ec616c510, 4, 0;
    %pushi/vec4 0, 0, 256;
    %load/vec4 v0x7f9ec616c460_0;
    %muli 16, 0, 32;
    %part/s 16;
    %pushi/vec4 224, 0, 32;
    %load/vec4 v0x7f9ec616c460_0;
    %add;
    %ix/vec4/s 4;
    %store/vec4a v0x7f9ec616c510, 4, 0;
    %pushi/vec4 0, 0, 256;
    %load/vec4 v0x7f9ec616c460_0;
    %muli 16, 0, 32;
    %part/s 16;
    %pushi/vec4 240, 0, 32;
    %load/vec4 v0x7f9ec616c460_0;
    %add;
    %ix/vec4/s 4;
    %store/vec4a v0x7f9ec616c510, 4, 0;
T_90.2 ; for-loop step statement
    %load/vec4 v0x7f9ec616c460_0;
    %addi 1, 0, 32;
    %store/vec4 v0x7f9ec616c460_0, 0, 32;
    %jmp T_90.0;
T_90.1 ; for-loop exit label
    %end;
    .thread T_90;
    .scope S_0x7f9ec61699a0;
T_91 ;
    %wait E_0x7f9ec616b2c0;
    %load/vec4 v0x7f9ec616c310_0;
    %flag_set/vec4 9;
    %flag_get/vec4 9;
    %jmp/0 T_91.2, 9;
    %load/vec4 v0x7f9ec616c110_0;
    %and;
T_91.2;
    %flag_set/vec4 8;
    %jmp/0xz  T_91.0, 8;
    %load/vec4 v0x7f9ec616c3b0_0;
    %parti/s 1, 0, 2;
    %nor/r;
    %flag_set/vec4 8;
    %jmp/0xz  T_91.3, 8;
    %load/vec4 v0x7f9ec616c260_0;
    %parti/s 1, 0, 2;
    %load/vec4 v0x7f9ec616bf60_0;
    %parti/s 8, 0, 2;
    %pad/u 10;
    %ix/vec4 3;
    %ix/load 4, 0, 0; Constant delay
    %assign/vec4/a/d v0x7f9ec616c510, 0, 4;
T_91.3 ;
    %load/vec4 v0x7f9ec616c3b0_0;
    %parti/s 1, 1, 2;
    %nor/r;
    %flag_set/vec4 8;
    %jmp/0xz  T_91.5, 8;
    %load/vec4 v0x7f9ec616c260_0;
    %parti/s 1, 1, 2;
    %load/vec4 v0x7f9ec616bf60_0;
    %parti/s 8, 0, 2;
    %pad/u 10;
    %ix/vec4 3;
    %ix/load 4, 1, 0; part off
    %ix/load 5, 0, 0; Constant delay
    %assign/vec4/a/d v0x7f9ec616c510, 4, 5;
T_91.5 ;
    %load/vec4 v0x7f9ec616c3b0_0;
    %parti/s 1, 2, 3;
    %nor/r;
    %flag_set/vec4 8;
    %jmp/0xz  T_91.7, 8;
    %load/vec4 v0x7f9ec616c260_0;
    %parti/s 1, 2, 3;
    %load/vec4 v0x7f9ec616bf60_0;
    %parti/s 8, 0, 2;
    %pad/u 10;
    %ix/vec4 3;
    %ix/load 4, 2, 0; part off
    %ix/load 5, 0, 0; Constant delay
    %assign/vec4/a/d v0x7f9ec616c510, 4, 5;
T_91.7 ;
    %load/vec4 v0x7f9ec616c3b0_0;
    %parti/s 1, 3, 3;
    %nor/r;
    %flag_set/vec4 8;
    %jmp/0xz  T_91.9, 8;
    %load/vec4 v0x7f9ec616c260_0;
    %parti/s 1, 3, 3;
    %load/vec4 v0x7f9ec616bf60_0;
    %parti/s 8, 0, 2;
    %pad/u 10;
    %ix/vec4 3;
    %ix/load 4, 3, 0; part off
    %ix/load 5, 0, 0; Constant delay
    %assign/vec4/a/d v0x7f9ec616c510, 4, 5;
T_91.9 ;
    %load/vec4 v0x7f9ec616c3b0_0;
    %parti/s 1, 4, 4;
    %nor/r;
    %flag_set/vec4 8;
    %jmp/0xz  T_91.11, 8;
    %load/vec4 v0x7f9ec616c260_0;
    %parti/s 1, 4, 4;
    %load/vec4 v0x7f9ec616bf60_0;
    %parti/s 8, 0, 2;
    %pad/u 10;
    %ix/vec4 3;
    %ix/load 4, 4, 0; part off
    %ix/load 5, 0, 0; Constant delay
    %assign/vec4/a/d v0x7f9ec616c510, 4, 5;
T_91.11 ;
    %load/vec4 v0x7f9ec616c3b0_0;
    %parti/s 1, 5, 4;
    %nor/r;
    %flag_set/vec4 8;
    %jmp/0xz  T_91.13, 8;
    %load/vec4 v0x7f9ec616c260_0;
    %parti/s 1, 5, 4;
    %load/vec4 v0x7f9ec616bf60_0;
    %parti/s 8, 0, 2;
    %pad/u 10;
    %ix/vec4 3;
    %ix/load 4, 5, 0; part off
    %ix/load 5, 0, 0; Constant delay
    %assign/vec4/a/d v0x7f9ec616c510, 4, 5;
T_91.13 ;
    %load/vec4 v0x7f9ec616c3b0_0;
    %parti/s 1, 6, 4;
    %nor/r;
    %flag_set/vec4 8;
    %jmp/0xz  T_91.15, 8;
    %load/vec4 v0x7f9ec616c260_0;
    %parti/s 1, 6, 4;
    %load/vec4 v0x7f9ec616bf60_0;
    %parti/s 8, 0, 2;
    %pad/u 10;
    %ix/vec4 3;
    %ix/load 4, 6, 0; part off
    %ix/load 5, 0, 0; Constant delay
    %assign/vec4/a/d v0x7f9ec616c510, 4, 5;
T_91.15 ;
    %load/vec4 v0x7f9ec616c3b0_0;
    %parti/s 1, 7, 4;
    %nor/r;
    %flag_set/vec4 8;
    %jmp/0xz  T_91.17, 8;
    %load/vec4 v0x7f9ec616c260_0;
    %parti/s 1, 7, 4;
    %load/vec4 v0x7f9ec616bf60_0;
    %parti/s 8, 0, 2;
    %pad/u 10;
    %ix/vec4 3;
    %ix/load 4, 7, 0; part off
    %ix/load 5, 0, 0; Constant delay
    %assign/vec4/a/d v0x7f9ec616c510, 4, 5;
T_91.17 ;
    %load/vec4 v0x7f9ec616c3b0_0;
    %parti/s 1, 8, 5;
    %nor/r;
    %flag_set/vec4 8;
    %jmp/0xz  T_91.19, 8;
    %load/vec4 v0x7f9ec616c260_0;
    %parti/s 1, 8, 5;
    %load/vec4 v0x7f9ec616bf60_0;
    %parti/s 8, 0, 2;
    %pad/u 10;
    %ix/vec4 3;
    %ix/load 4, 8, 0; part off
    %ix/load 5, 0, 0; Constant delay
    %assign/vec4/a/d v0x7f9ec616c510, 4, 5;
T_91.19 ;
    %load/vec4 v0x7f9ec616c3b0_0;
    %parti/s 1, 9, 5;
    %nor/r;
    %flag_set/vec4 8;
    %jmp/0xz  T_91.21, 8;
    %load/vec4 v0x7f9ec616c260_0;
    %parti/s 1, 9, 5;
    %load/vec4 v0x7f9ec616bf60_0;
    %parti/s 8, 0, 2;
    %pad/u 10;
    %ix/vec4 3;
    %ix/load 4, 9, 0; part off
    %ix/load 5, 0, 0; Constant delay
    %assign/vec4/a/d v0x7f9ec616c510, 4, 5;
T_91.21 ;
    %load/vec4 v0x7f9ec616c3b0_0;
    %parti/s 1, 10, 5;
    %nor/r;
    %flag_set/vec4 8;
    %jmp/0xz  T_91.23, 8;
    %load/vec4 v0x7f9ec616c260_0;
    %parti/s 1, 10, 5;
    %load/vec4 v0x7f9ec616bf60_0;
    %parti/s 8, 0, 2;
    %pad/u 10;
    %ix/vec4 3;
    %ix/load 4, 10, 0; part off
    %ix/load 5, 0, 0; Constant delay
    %assign/vec4/a/d v0x7f9ec616c510, 4, 5;
T_91.23 ;
    %load/vec4 v0x7f9ec616c3b0_0;
    %parti/s 1, 11, 5;
    %nor/r;
    %flag_set/vec4 8;
    %jmp/0xz  T_91.25, 8;
    %load/vec4 v0x7f9ec616c260_0;
    %parti/s 1, 11, 5;
    %load/vec4 v0x7f9ec616bf60_0;
    %parti/s 8, 0, 2;
    %pad/u 10;
    %ix/vec4 3;
    %ix/load 4, 11, 0; part off
    %ix/load 5, 0, 0; Constant delay
    %assign/vec4/a/d v0x7f9ec616c510, 4, 5;
T_91.25 ;
    %load/vec4 v0x7f9ec616c3b0_0;
    %parti/s 1, 12, 5;
    %nor/r;
    %flag_set/vec4 8;
    %jmp/0xz  T_91.27, 8;
    %load/vec4 v0x7f9ec616c260_0;
    %parti/s 1, 12, 5;
    %load/vec4 v0x7f9ec616bf60_0;
    %parti/s 8, 0, 2;
    %pad/u 10;
    %ix/vec4 3;
    %ix/load 4, 12, 0; part off
    %ix/load 5, 0, 0; Constant delay
    %assign/vec4/a/d v0x7f9ec616c510, 4, 5;
T_91.27 ;
    %load/vec4 v0x7f9ec616c3b0_0;
    %parti/s 1, 13, 5;
    %nor/r;
    %flag_set/vec4 8;
    %jmp/0xz  T_91.29, 8;
    %load/vec4 v0x7f9ec616c260_0;
    %parti/s 1, 13, 5;
    %load/vec4 v0x7f9ec616bf60_0;
    %parti/s 8, 0, 2;
    %pad/u 10;
    %ix/vec4 3;
    %ix/load 4, 13, 0; part off
    %ix/load 5, 0, 0; Constant delay
    %assign/vec4/a/d v0x7f9ec616c510, 4, 5;
T_91.29 ;
    %load/vec4 v0x7f9ec616c3b0_0;
    %parti/s 1, 14, 5;
    %nor/r;
    %flag_set/vec4 8;
    %jmp/0xz  T_91.31, 8;
    %load/vec4 v0x7f9ec616c260_0;
    %parti/s 1, 14, 5;
    %load/vec4 v0x7f9ec616bf60_0;
    %parti/s 8, 0, 2;
    %pad/u 10;
    %ix/vec4 3;
    %ix/load 4, 14, 0; part off
    %ix/load 5, 0, 0; Constant delay
    %assign/vec4/a/d v0x7f9ec616c510, 4, 5;
T_91.31 ;
    %load/vec4 v0x7f9ec616c3b0_0;
    %parti/s 1, 15, 5;
    %nor/r;
    %flag_set/vec4 8;
    %jmp/0xz  T_91.33, 8;
    %load/vec4 v0x7f9ec616c260_0;
    %parti/s 1, 15, 5;
    %load/vec4 v0x7f9ec616bf60_0;
    %parti/s 8, 0, 2;
    %pad/u 10;
    %ix/vec4 3;
    %ix/load 4, 15, 0; part off
    %ix/load 5, 0, 0; Constant delay
    %assign/vec4/a/d v0x7f9ec616c510, 4, 5;
T_91.33 ;
T_91.0 ;
    %jmp T_91;
    .thread T_91;
    .scope S_0x7f9ec61699a0;
T_92 ;
    %wait E_0x7f9ec616b260;
    %load/vec4 v0x7f9ec616be10_0;
    %flag_set/vec4 9;
    %flag_get/vec4 9;
    %jmp/0 T_92.2, 9;
    %load/vec4 v0x7f9ec616bbd0_0;
    %and;
T_92.2;
    %flag_set/vec4 8;
    %jmp/0xz  T_92.0, 8;
    %load/vec4 v0x7f9ec616ba70_0;
    %parti/s 8, 0, 2;
    %pad/u 10;
    %ix/vec4 4;
    %load/vec4a v0x7f9ec616c510, 4;
    %load/vec4 v0x7f9ec616beb0_0;
    %inv;
    %and;
    %assign/vec4 v0x7f9ec616bd60_0, 0;
T_92.0 ;
    %jmp T_92;
    .thread T_92;
    .scope S_0x7f9ec61359c0;
T_93 ;
    %wait E_0x7f9ec61358a0;
    %pushi/vec4 0, 0, 32;
    %store/vec4 v0x7f9ec6170610_0, 0, 32;
T_93.0 ; Top of for-loop 
    %load/vec4 v0x7f9ec6170610_0;
    %cmpi/s 16383, 0, 32;
    %flag_or 5, 4;
    %jmp/0xz T_93.1, 5;
    %pushi/vec4 65535, 65535, 16;
    %ix/getv/s 4, v0x7f9ec6170610_0;
    %store/vec4a v0x7f9ec61706c0, 4, 0;
T_93.2 ; for-loop step statement
    %load/vec4 v0x7f9ec6170610_0;
    %addi 1, 0, 32;
    %store/vec4 v0x7f9ec6170610_0, 0, 32;
    %jmp T_93.0;
T_93.1 ; for-loop exit label
    %jmp T_93;
    .thread T_93;
    .scope S_0x7f9ec61359c0;
T_94 ;
    %wait E_0x7f9ec6135840;
    %load/vec4 v0x7f9ec6170760_0;
    %flag_set/vec4 8;
    %jmp/0xz  T_94.0, 8;
    %pushi/vec4 0, 0, 16;
    %assign/vec4 v0x7f9ec6170130_0, 0;
    %jmp T_94.1;
T_94.0 ;
    %load/vec4 v0x7f9ec61703d0_0;
    %flag_set/vec4 8;
    %jmp/0xz  T_94.2, 8;
    %pushi/vec4 65535, 65535, 16;
    %assign/vec4 v0x7f9ec6170130_0, 0;
    %jmp T_94.3;
T_94.2 ;
    %load/vec4 v0x7f9ec616ff80_0;
    %flag_set/vec4 8;
    %jmp/0xz  T_94.4, 8;
    %load/vec4 v0x7f9ec61704e0_0;
    %nor/r;
    %flag_set/vec4 8;
    %jmp/0xz  T_94.6, 8;
    %load/vec4 v0x7f9ec61358f0_0;
    %pad/u 16;
    %ix/vec4 4;
    %load/vec4a v0x7f9ec61706c0, 4;
    %assign/vec4 v0x7f9ec6170130_0, 0;
    %jmp T_94.7;
T_94.6 ;
    %load/vec4 v0x7f9ec61701e0_0;
    %parti/s 1, 0, 2;
    %flag_set/vec4 8;
    %jmp/0xz  T_94.8, 8;
    %load/vec4 v0x7f9ec61700a0_0;
    %parti/s 4, 0, 2;
    %load/vec4 v0x7f9ec61358f0_0;
    %pad/u 16;
    %ix/vec4 3;
    %ix/load 4, 0, 0; Constant delay
    %assign/vec4/a/d v0x7f9ec61706c0, 0, 4;
T_94.8 ;
    %load/vec4 v0x7f9ec61701e0_0;
    %parti/s 1, 1, 2;
    %flag_set/vec4 8;
    %jmp/0xz  T_94.10, 8;
    %load/vec4 v0x7f9ec61700a0_0;
    %parti/s 4, 4, 4;
    %load/vec4 v0x7f9ec61358f0_0;
    %pad/u 16;
    %ix/vec4 3;
    %ix/load 4, 4, 0; part off
    %ix/load 5, 0, 0; Constant delay
    %assign/vec4/a/d v0x7f9ec61706c0, 4, 5;
T_94.10 ;
    %load/vec4 v0x7f9ec61701e0_0;
    %parti/s 1, 2, 3;
    %flag_set/vec4 8;
    %jmp/0xz  T_94.12, 8;
    %load/vec4 v0x7f9ec61700a0_0;
    %parti/s 4, 8, 5;
    %load/vec4 v0x7f9ec61358f0_0;
    %pad/u 16;
    %ix/vec4 3;
    %ix/load 4, 8, 0; part off
    %ix/load 5, 0, 0; Constant delay
    %assign/vec4/a/d v0x7f9ec61706c0, 4, 5;
T_94.12 ;
    %load/vec4 v0x7f9ec61701e0_0;
    %parti/s 1, 3, 3;
    %flag_set/vec4 8;
    %jmp/0xz  T_94.14, 8;
    %load/vec4 v0x7f9ec61700a0_0;
    %parti/s 4, 12, 5;
    %load/vec4 v0x7f9ec61358f0_0;
    %pad/u 16;
    %ix/vec4 3;
    %ix/load 4, 12, 0; part off
    %ix/load 5, 0, 0; Constant delay
    %assign/vec4/a/d v0x7f9ec61706c0, 4, 5;
T_94.14 ;
    %pushi/vec4 65535, 65535, 16;
    %assign/vec4 v0x7f9ec6170130_0, 0;
T_94.7 ;
T_94.4 ;
T_94.3 ;
T_94.1 ;
    %jmp T_94;
    .thread T_94;
    .scope S_0x7f9ec6135de0;
T_95 ;
    %wait E_0x7f9ec6170ab0;
    %load/vec4 v0x7f9ec6170f50_0;
    %cmpi/e 1, 0, 1;
    %jmp/0xz  T_95.0, 4;
    %pushi/vec4 0, 0, 4;
    %assign/vec4 v0x7f9ec6170d20_0, 0;
    %jmp T_95.1;
T_95.0 ;
    %load/vec4 v0x7f9ec6170d20_0;
    %addi 1, 0, 4;
    %assign/vec4 v0x7f9ec6170d20_0, 0;
T_95.1 ;
    %jmp T_95;
    .thread T_95;
# The file index is used to find the file name in the following table.
:file_names 4;
    "N/A";
    "<interactive>";
    "/Users/chimdileeze/.apio/packages/tools-oss-cad-suite/share/yosys/ice40/cells_sim.v";
    "button_counter.v";
